,LN_AI,LNPGDP_constant2015,FIN_credit_private,OPEN_trade,INF_internet,LN_HC_index
LN_AI,1.0,0.7137094752290049,0.12875044349377596,0.1626636374639385,0.48311019916498743,0.4948999246579425
LNPGDP_constant2015,0.7137094752290049,1.0,0.23092986784599542,0.22167306208280552,0.5090033640379874,0.5097290664956824
FIN_credit_private,0.12875044349377596,0.23092986784599542,1.0,0.2813248019369552,0.35685655873830036,0.44340847425686164
OPEN_trade,0.1626636374639385,0.22167306208280552,0.2813248019369552,1.0,0.11862174280372358,0.11835647205846497
INF_internet,0.48311019916498743,0.5090033640379874,0.35685655873830036,0.11862174280372358,1.0,0.7067791883640904
LN_HC_index,0.4948999246579425,0.5097290664956824,0.44340847425686164,0.11835647205846497,0.7067791883640904,1.0
