,LN_AI_Patents,LNPGDP_constant2015,FIN_credit_private,OPEN_trade,INF_internet,LN_HC_index
LN_AI_Patents,1.0,0.43309859520502936,0.007289575555108393,-0.08471956986907685,0.2970036141321253,0.22082445948840632
LNPGDP_constant2015,0.43309859520502936,1.0,0.2930746366812555,0.32224041498065703,0.5387197877711659,0.5423207145944882
FIN_credit_private,0.007289575555108393,0.2930746366812555,1.0,0.3343197498607599,0.442055760723988,0.2899496894964993
OPEN_trade,-0.08471956986907685,0.32224041498065703,0.3343197498607599,1.0,0.34770807113762764,0.3554049847802242
INF_internet,0.2970036141321253,0.5387197877711659,0.442055760723988,0.34770807113762764,1.0,0.7233491330175347
LN_HC_index,0.22082445948840632,0.5423207145944882,0.2899496894964993,0.3554049847802242,0.7233491330175347,1.0
