iso3,country,year,rank,n_ranked,rank_pct,score_raw,score_100,score_scale,panel_a,panel_b,latam_panel,country_source,source_file,source_sheet
AFG,Afghanistan,2019,174,194,0.8963730569948186,0.6840999999999999,6.840999999999999,0-10,0,0,0,Afghanistan,SHARED_-2019-Index-data-for-report.xlsx,Rankings
AFG,Afghanistan,2020,164,172,0.9532163742690059,24.775,24.775,0-100,0,0,0,Afghanistan,2020-Government-AI-Readiness-Index-public-dataset.xlsx,Global ranking
AFG,Afghanistan,2021,154,160,0.9622641509433962,24.37809891,24.37809891,0-100,0,0,0,Afghanistan,2021-Government-AI-Readiness-Index-public-dataset.xlsx,Global ranking
AFG,Afghanistan,2022,181,181,1.0,13.45795858,13.45795858,0-100,0,0,0,Afghanistan,2022-Government-AI-Readiness-Index-public-data.xlsx,Global rankings
AFG,Afghanistan,2023,186,193,0.9635416666666666,21.26871333,21.26871333,0-100,0,0,0,Afghanistan,2023-Government-AI-Readiness-Index-Public-Indicator-Data.xlsx,Global rankings
AFG,Afghanistan,2024,187,188,0.9946524064171123,16.92451775,16.92451775,0-100,0,0,0,Afghanistan,2024-GAIRI-data.xlsx,Ranking
AFG,Afghanistan,2025,188,195,0.9639175257731959,15.72,15.72,0-100,0,0,0,Afghanistan,2025-Government-AI-Readiness-Index-data-1.xlsx,Global Rankings
AGO,Angola,2019,129,194,0.6632124352331606,2.6662600381428576,26.662600381428575,0-10,0,0,0,Angola,SHARED_-2019-Index-data-for-report.xlsx,Rankings
AGO,Angola,2020,169,172,0.9824561403508771,23.789,23.789,0-100,0,0,0,Angola,2020-Government-AI-Readiness-Index-public-dataset.xlsx,Global ranking
AGO,Angola,2021,158,160,0.9874213836477987,22.86557857,22.86557857,0-100,0,0,0,Angola,2021-Government-AI-Readiness-Index-public-dataset.xlsx,Global ranking
AGO,Angola,2022,163,181,0.9,24.76924364,24.76924364,0-100,0,0,0,Angola,2022-Government-AI-Readiness-Index-public-data.xlsx,Global rankings
AGO,Angola,2023,160,193,0.828125,29.14025605,29.14025605,0-100,0,0,0,Angola,2023-Government-AI-Readiness-Index-Public-Indicator-Data.xlsx,Global rankings
AGO,Angola,2024,169,188,0.8983957219251337,26.90798042,26.90798042,0-100,0,0,0,Angola,2024-GAIRI-data.xlsx,Ranking
AGO,Angola,2025,141,195,0.7216494845360825,27.09,27.09,0-100,0,0,0,Angola,2025-Government-AI-Readiness-Index-data-1.xlsx,Global Rankings
ALB,Albania,2019,83,194,0.42487046632124353,4.614446607,46.14446606999999,0-10,0,0,0,Albania,SHARED_-2019-Index-data-for-report.xlsx,Rankings
ALB,Albania,2020,85,172,0.49122807017543857,39.991,39.991,0-100,0,0,0,Albania,2020-Government-AI-Readiness-Index-public-dataset.xlsx,Global ranking
ALB,Albania,2021,83,160,0.5157232704402516,42.89921225,42.89921225,0-100,0,0,0,Albania,2021-Government-AI-Readiness-Index-public-dataset.xlsx,Global ranking
ALB,Albania,2022,82,181,0.45,42.0977979,42.0977979,0-100,0,0,0,Albania,2022-Government-AI-Readiness-Index-public-data.xlsx,Global rankings
ALB,Albania,2023,89,193,0.4583333333333333,43.26239362,43.26239362,0-100,0,0,0,Albania,2023-Government-AI-Readiness-Index-Public-Indicator-Data.xlsx,Global rankings
ALB,Albania,2024,84,188,0.44385026737967914,45.46622776,45.46622776,0-100,0,0,0,Albania,2024-GAIRI-data.xlsx,Ranking
ALB,Albania,2025,85,195,0.4329896907216495,43.44,43.44,0-100,0,0,0,Albania,2025-Government-AI-Readiness-Index-data-1.xlsx,Global Rankings
AND,Andorra,2019,139,194,0.7150259067357513,2.2899,22.898999999999997,0-10,0,0,0,Andorra,SHARED_-2019-Index-data-for-report.xlsx,Rankings
AND,Andorra,2022,77,181,0.4222222222222222,45.15885579,45.15885579,0-100,0,0,0,Andorra,2022-Government-AI-Readiness-Index-public-data.xlsx,Global rankings
AND,Andorra,2023,80,193,0.4114583333333333,46.25424863,46.25424863,0-100,0,0,0,Andorra,2023-Government-AI-Readiness-Index-Public-Indicator-Data.xlsx,Global rankings
AND,Andorra,2024,67,188,0.35294117647058826,54.4360374,54.4360374,0-100,0,0,0,Andorra,2024-GAIRI-data.xlsx,Ranking
AND,Andorra,2025,92,195,0.4690721649484536,41.51,41.51,0-100,0,0,0,Andorra,2025-Government-AI-Readiness-Index-data-1.xlsx,Global Rankings
ARE,United Arab Emirates,2019,19,194,0.09326424870466321,7.445101754129278,74.45101754129279,0-10,0,0,0,United Arab Emirates,SHARED_-2019-Index-data-for-report.xlsx,Rankings
ARE,United Arab Emirates,2020,16,172,0.08771929824561403,72.395,72.395,0-100,0,0,0,United Arab Emirates,2020-Government-AI-Readiness-Index-public-dataset.xlsx,Global ranking
ARE,United Arab Emirates,2021,19,160,0.11320754716981132,71.59684283,71.59684283,0-100,0,0,0,United Arab Emirates,2021-Government-AI-Readiness-Index-public-dataset.xlsx,Global ranking
ARE,United Arab Emirates,2022,22,181,0.11666666666666667,68.54401914,68.54401914,0-100,0,0,0,United Arab Emirates,2022-Government-AI-Readiness-Index-public-data.xlsx,Global rankings
ARE,United Arab Emirates,2023,18,193,0.08854166666666667,70.42303308,70.42303308,0-100,0,0,0,United Arab Emirates,2023-Government-AI-Readiness-Index-Public-Indicator-Data.xlsx,Global rankings
ARE,United Arab Emirates,2024,13,188,0.06417112299465241,75.65804571,75.65804571,0-100,0,0,0,United Arab Emirates,2024-GAIRI-data.xlsx,Ranking
ARE,United Arab Emirates,2025,19,195,0.09278350515463918,69.86,69.86,0-100,0,0,0,United Arab Emirates,2025-Government-AI-Readiness-Index-data-1.xlsx,Global Rankings
ARG,Argentina,2019,51,194,0.25906735751295334,5.684488358324345,56.84488358324345,0-10,1,1,1,Argentina,SHARED_-2019-Index-data-for-report.xlsx,Rankings
ARG,Argentina,2020,53,172,0.30409356725146197,50.754,50.754,0-100,1,1,1,Argentina,2020-Government-AI-Readiness-Index-public-dataset.xlsx,Global ranking
ARG,Argentina,2021,54,160,0.3333333333333333,54.35665427,54.35665427,0-100,1,1,1,Argentina,2021-Government-AI-Readiness-Index-public-dataset.xlsx,Global ranking
ARG,Argentina,2022,53,181,0.28888888888888886,57.38681671,57.38681671,0-100,1,1,1,Argentina,2022-Government-AI-Readiness-Index-public-data.xlsx,Global rankings
ARG,Argentina,2023,54,193,0.2760416666666667,57.72417372,57.72417372,0-100,1,1,1,Argentina,2023-Government-AI-Readiness-Index-Public-Indicator-Data.xlsx,Global rankings
ARG,Argentina,2024,62,188,0.32620320855614976,56.40407736,56.40407736,0-100,1,1,1,Argentina,2024-GAIRI-data.xlsx,Ranking
ARG,Argentina,2025,56,195,0.28350515463917525,58.25,58.25,0-100,1,1,1,Argentina,2025-Government-AI-Readiness-Index-data-1.xlsx,Global Rankings
ARM,Armenia,2019,81,194,0.41450777202072536,4.716286758407791,47.16286758407791,0-10,0,0,0,Armenia,SHARED_-2019-Index-data-for-report.xlsx,Rankings
ARM,Armenia,2020,77,172,0.4444444444444444,42.717,42.717,0-100,0,0,0,Armenia,2020-Government-AI-Readiness-Index-public-dataset.xlsx,Global ranking
ARM,Armenia,2021,76,160,0.4716981132075472,45.92539398,45.92539398,0-100,0,0,0,Armenia,2021-Government-AI-Readiness-Index-public-dataset.xlsx,Global ranking
ARM,Armenia,2022,84,181,0.46111111111111114,41.91047934,41.91047934,0-100,0,0,0,Armenia,2022-Government-AI-Readiness-Index-public-data.xlsx,Global rankings
ARM,Armenia,2023,85,193,0.4375,45.21531546,45.21531546,0-100,0,0,0,Armenia,2023-Government-AI-Readiness-Index-Public-Indicator-Data.xlsx,Global rankings
ARM,Armenia,2024,88,188,0.46524064171123,44.51279855,44.51279855,0-100,0,0,0,Armenia,2024-GAIRI-data.xlsx,Ranking
ARM,Armenia,2025,103,195,0.5257731958762887,38.95,38.95,0-100,0,0,0,Armenia,2025-Government-AI-Readiness-Index-data-1.xlsx,Global Rankings
ATG,Antigua and Barbuda,2019,144,194,0.7409326424870466,2.0989,20.989,0-10,0,0,0,Antigua and Barbuda,SHARED_-2019-Index-data-for-report.xlsx,Rankings
ATG,Antigua and Barbuda,2020,88,172,0.5087719298245614,39.119,39.119,0-100,0,0,0,Antigua and Barbuda,2020-Government-AI-Readiness-Index-public-dataset.xlsx,Global ranking
ATG,Antigua and Barbuda,2022,100,181,0.55,37.91159431,37.91159431,0-100,0,0,0,Antigua and Barbuda,2022-Government-AI-Readiness-Index-public-data.xlsx,Global rankings
ATG,Antigua and Barbuda,2023,105,193,0.5416666666666666,39.41080516,39.41080516,0-100,0,0,0,Antigua and Barbuda,2023-Government-AI-Readiness-Index-Public-Indicator-Data.xlsx,Global rankings
ATG,Antigua and Barbuda,2024,103,188,0.5454545454545454,41.61237893,41.61237893,0-100,0,0,0,Antigua and Barbuda,2024-GAIRI-data.xlsx,Ranking
ATG,Antigua and Barbuda,2025,147,195,0.7525773195876289,25.04,25.04,0-100,0,0,0,Antigua and Barbuda,2025-Government-AI-Readiness-Index-data-1.xlsx,Global Rankings
AUS,Australia,2019,11,194,0.05181347150259067,8.126228456656282,81.26228456656281,0-10,0,0,0,Australia,SHARED_-2019-Index-data-for-report.xlsx,Rankings
AUS,Australia,2020,12,172,0.06432748538011696,73.577,73.577,0-100,0,0,0,Australia,2020-Government-AI-Readiness-Index-public-dataset.xlsx,Global ranking
AUS,Australia,2021,14,160,0.08176100628930817,75.40980096,75.40980096,0-100,0,0,0,Australia,2021-Government-AI-Readiness-Index-public-dataset.xlsx,Global ranking
AUS,Australia,2022,8,181,0.03888888888888889,75.29178001,75.29178001,0-100,0,0,0,Australia,2022-Government-AI-Readiness-Index-public-data.xlsx,Global rankings
AUS,Australia,2023,12,193,0.057291666666666664,73.8886426,73.8886426,0-100,0,0,0,Australia,2023-Government-AI-Readiness-Index-Public-Indicator-Data.xlsx,Global rankings
AUS,Australia,2024,10,188,0.0481283422459893,76.44726827,76.44726827,0-100,0,0,0,Australia,2024-GAIRI-data.xlsx,Ranking
AUS,Australia,2025,9,195,0.041237113402061855,75.73,75.73,0-100,0,0,0,Australia,2025-Government-AI-Readiness-Index-data-1.xlsx,Global Rankings
AUT,Austria,2019,16,194,0.07772020725388601,7.52715336234976,75.2715336234976,0-10,0,0,0,Austria,SHARED_-2019-Index-data-for-report.xlsx,Rankings
AUT,Austria,2020,22,172,0.12280701754385964,68.23,68.23,0-100,0,0,0,Austria,2020-Government-AI-Readiness-Index-public-dataset.xlsx,Global ranking
AUT,Austria,2021,24,160,0.14465408805031446,68.07358716,68.07358716,0-100,0,0,0,Austria,2021-Government-AI-Readiness-Index-public-dataset.xlsx,Global ranking
AUT,Austria,2022,16,181,0.08333333333333333,71.49081059,71.49081059,0-100,0,0,0,Austria,2022-Government-AI-Readiness-Index-public-data.xlsx,Global rankings
AUT,Austria,2023,15,193,0.07291666666666667,72.36579509,72.36579509,0-100,0,0,0,Austria,2023-Government-AI-Readiness-Index-Public-Indicator-Data.xlsx,Global rankings
AUT,Austria,2024,19,188,0.0962566844919786,72.83567415,72.83567415,0-100,0,0,0,Austria,2024-GAIRI-data.xlsx,Ranking
AUT,Austria,2025,20,195,0.0979381443298969,69.72,69.72,0-100,0,0,0,Austria,2025-Government-AI-Readiness-Index-data-1.xlsx,Global Rankings
AZE,Azerbaijan,2019,64,194,0.32642487046632124,5.243887937285714,52.43887937285714,0-10,0,0,0,Azerbaijan,SHARED_-2019-Index-data-for-report.xlsx,Rankings
AZE,Azerbaijan,2020,65,172,0.3742690058479532,46.437,46.437,0-100,0,0,0,Azerbaijan,2020-Government-AI-Readiness-Index-public-dataset.xlsx,Global ranking
AZE,Azerbaijan,2021,67,160,0.41509433962264153,48.26467933,48.26467933,0-100,0,0,0,Azerbaijan,2021-Government-AI-Readiness-Index-public-dataset.xlsx,Global ranking
AZE,Azerbaijan,2022,74,181,0.40555555555555556,45.55120353,45.55120353,0-100,0,0,0,Azerbaijan,2022-Government-AI-Readiness-Index-public-data.xlsx,Global rankings
AZE,Azerbaijan,2023,73,193,0.375,48.15205153,48.15205153,0-100,0,0,0,Azerbaijan,2023-Government-AI-Readiness-Index-Public-Indicator-Data.xlsx,Global rankings
AZE,Azerbaijan,2024,111,188,0.5882352941176471,39.92386783,39.92386783,0-100,0,0,0,Azerbaijan,2024-GAIRI-data.xlsx,Ranking
AZE,Azerbaijan,2025,69,195,0.35051546391752575,51.91,51.91,0-100,0,0,0,Azerbaijan,2025-Government-AI-Readiness-Index-data-1.xlsx,Global Rankings
BDI,Burundi,2019,148,194,0.7616580310880829,2.054278916285714,20.54278916285714,0-10,0,0,0,Burundi,SHARED_-2019-Index-data-for-report.xlsx,Rankings
BDI,Burundi,2020,167,172,0.9707602339181286,24.648,24.648,0-100,0,0,0,Burundi,2020-Government-AI-Readiness-Index-public-dataset.xlsx,Global ranking
BDI,Burundi,2021,156,160,0.9748427672955975,23.7171165,23.7171165,0-100,0,0,0,Burundi,2021-Government-AI-Readiness-Index-public-dataset.xlsx,Global ranking
BDI,Burundi,2022,173,181,0.9555555555555556,20.52919336,20.52919336,0-100,0,0,0,Burundi,2022-Government-AI-Readiness-Index-public-data.xlsx,Global rankings
BDI,Burundi,2023,187,193,0.96875,20.87315154,20.87315154,0-100,0,0,0,Burundi,2023-Government-AI-Readiness-Index-Public-Indicator-Data.xlsx,Global rankings
BDI,Burundi,2024,182,188,0.9679144385026738,21.13442437,21.13442437,0-100,0,0,0,Burundi,2024-GAIRI-data.xlsx,Ranking
BDI,Burundi,2025,185,195,0.9484536082474226,17.22,17.22,0-100,0,0,0,Burundi,2025-Government-AI-Readiness-Index-data-1.xlsx,Global Rankings
BEL,Belgium,2019,24,194,0.11917098445595854,6.858571514206904,68.58571514206903,0-10,0,0,0,Belgium,SHARED_-2019-Index-data-for-report.xlsx,Rankings
BEL,Belgium,2020,29,172,0.16374269005847952,63.137,63.137,0-100,0,0,0,Belgium,2020-Government-AI-Readiness-Index-public-dataset.xlsx,Global ranking
BEL,Belgium,2021,28,160,0.16981132075471697,66.16481528,66.16481528,0-100,0,0,0,Belgium,2021-Government-AI-Readiness-Index-public-dataset.xlsx,Global ranking
BEL,Belgium,2022,21,181,0.1111111111111111,69.94696786,69.94696786,0-100,0,0,0,Belgium,2022-Government-AI-Readiness-Index-public-data.xlsx,Global rankings
BEL,Belgium,2023,28,193,0.140625,67.28440384,67.28440384,0-100,0,0,0,Belgium,2023-Government-AI-Readiness-Index-Public-Indicator-Data.xlsx,Global rankings
BEL,Belgium,2024,20,188,0.10160427807486631,72.68793041,72.68793041,0-100,0,0,0,Belgium,2024-GAIRI-data.xlsx,Ranking
BEL,Belgium,2025,30,195,0.14948453608247422,65.17,65.17,0-100,0,0,0,Belgium,2025-Government-AI-Readiness-Index-data-1.xlsx,Global Rankings
BEN,Benin,2019,106,194,0.5440414507772021,3.7303027367142856,37.30302736714285,0-10,0,0,0,Benin,SHARED_-2019-Index-data-for-report.xlsx,Rankings
BEN,Benin,2020,130,172,0.7543859649122807,31.668,31.668,0-100,0,0,0,Benin,2020-Government-AI-Readiness-Index-public-dataset.xlsx,Global ranking
BEN,Benin,2021,145,160,0.9056603773584906,28.7305943,28.7305943,0-100,0,0,0,Benin,2021-Government-AI-Readiness-Index-public-dataset.xlsx,Global ranking
BEN,Benin,2022,108,181,0.5944444444444444,35.83543571,35.83543571,0-100,0,0,0,Benin,2022-Government-AI-Readiness-Index-public-data.xlsx,Global rankings
BEN,Benin,2023,97,193,0.5,41.37191592,41.37191592,0-100,0,0,0,Benin,2023-Government-AI-Readiness-Index-Public-Indicator-Data.xlsx,Global rankings
BEN,Benin,2024,96,188,0.5080213903743316,42.96796567,42.96796567,0-100,0,0,0,Benin,2024-GAIRI-data.xlsx,Ranking
BEN,Benin,2025,90,195,0.4587628865979381,41.71,41.71,0-100,0,0,0,Benin,2025-Government-AI-Readiness-Index-data-1.xlsx,Global Rankings
BFA,Burkina Faso,2019,124,194,0.6373056994818653,2.8588428571428572,28.588428571428572,0-10,0,0,0,Burkina Faso,SHARED_-2019-Index-data-for-report.xlsx,Rankings
BFA,Burkina Faso,2020,136,172,0.7894736842105263,30.956,30.956,0-100,0,0,0,Burkina Faso,2020-Government-AI-Readiness-Index-public-dataset.xlsx,Global ranking
BFA,Burkina Faso,2021,126,160,0.7861635220125787,32.24337189,32.24337189,0-100,0,0,0,Burkina Faso,2021-Government-AI-Readiness-Index-public-dataset.xlsx,Global ranking
BFA,Burkina Faso,2022,159,181,0.8777777777777778,26.20130301,26.20130301,0-100,0,0,0,Burkina Faso,2022-Government-AI-Readiness-Index-public-data.xlsx,Global rankings
BFA,Burkina Faso,2023,164,193,0.8489583333333334,27.49699619,27.49699619,0-100,0,0,0,Burkina Faso,2023-Government-AI-Readiness-Index-Public-Indicator-Data.xlsx,Global rankings
BFA,Burkina Faso,2024,162,188,0.8609625668449198,29.27660868,29.27660868,0-100,0,0,0,Burkina Faso,2024-GAIRI-data.xlsx,Ranking
BFA,Burkina Faso,2025,127,195,0.6494845360824743,29.45,29.45,0-100,0,0,0,Burkina Faso,2025-Government-AI-Readiness-Index-data-1.xlsx,Global Rankings
BGD,Bangladesh,2019,103,194,0.5284974093264249,3.807837592627716,38.07837592627716,0-10,0,0,0,Bangladesh,SHARED_-2019-Index-data-for-report.xlsx,Rankings
BGD,Bangladesh,2020,123,172,0.7134502923976608,33.003,33.003,0-100,0,0,0,Bangladesh,2020-Government-AI-Readiness-Index-public-dataset.xlsx,Global ranking
BGD,Bangladesh,2021,110,160,0.6855345911949685,36.09945532,36.09945532,0-100,0,0,0,Bangladesh,2021-Government-AI-Readiness-Index-public-dataset.xlsx,Global ranking
BGD,Bangladesh,2022,80,181,0.4388888888888889,43.62840762,43.62840762,0-100,0,0,0,Bangladesh,2022-Government-AI-Readiness-Index-public-data.xlsx,Global rankings
BGD,Bangladesh,2023,82,193,0.421875,46.04283084,46.04283084,0-100,0,0,0,Bangladesh,2023-Government-AI-Readiness-Index-Public-Indicator-Data.xlsx,Global rankings
BGD,Bangladesh,2024,80,188,0.42245989304812837,47.11916395,47.11916395,0-100,0,0,0,Bangladesh,2024-GAIRI-data.xlsx,Ranking
BGD,Bangladesh,2025,75,195,0.38144329896907214,48.37,48.37,0-100,0,0,0,Bangladesh,2025-Government-AI-Readiness-Index-data-1.xlsx,Global Rankings
BGR,Bulgaria,2019,47,194,0.23834196891191708,5.806067715933184,58.060677159331846,0-10,0,0,0,Bulgaria,SHARED_-2019-Index-data-for-report.xlsx,Rankings
BGR,Bulgaria,2020,50,172,0.28654970760233917,51.424,51.424,0-100,0,0,0,Bulgaria,2020-Government-AI-Readiness-Index-public-dataset.xlsx,Global ranking
BGR,Bulgaria,2021,42,160,0.2578616352201258,60.06809672,60.06809672,0-100,0,0,0,Bulgaria,2021-Government-AI-Readiness-Index-public-dataset.xlsx,Global ranking
BGR,Bulgaria,2022,44,181,0.2388888888888889,60.33310733,60.33310733,0-100,0,0,0,Bulgaria,2022-Government-AI-Readiness-Index-public-data.xlsx,Global rankings
BGR,Bulgaria,2023,51,193,0.2604166666666667,58.64499758,58.64499758,0-100,0,0,0,Bulgaria,2023-Government-AI-Readiness-Index-Public-Indicator-Data.xlsx,Global rankings
BGR,Bulgaria,2024,52,188,0.2727272727272727,60.63955798,60.63955798,0-100,0,0,0,Bulgaria,2024-GAIRI-data.xlsx,Ranking
BGR,Bulgaria,2025,59,195,0.29896907216494845,56.6,56.6,0-100,0,0,0,Bulgaria,2025-Government-AI-Readiness-Index-data-1.xlsx,Global Rankings
BHR,Bahrain,2019,100,194,0.5129533678756477,3.9621364274077915,39.62136427407791,0-10,0,0,0,Bahrain,SHARED_-2019-Index-data-for-report.xlsx,Rankings
BHR,Bahrain,2020,43,172,0.24561403508771928,54.749,54.749,0-100,0,0,0,Bahrain,2020-Government-AI-Readiness-Index-public-dataset.xlsx,Global ranking
BHR,Bahrain,2021,55,160,0.33962264150943394,53.53874411,53.53874411,0-100,0,0,0,Bahrain,2021-Government-AI-Readiness-Index-public-dataset.xlsx,Global ranking
BHR,Bahrain,2022,56,181,0.3055555555555556,53.59440928,53.59440928,0-100,0,0,0,Bahrain,2022-Government-AI-Readiness-Index-public-data.xlsx,Global rankings
BHR,Bahrain,2023,56,193,0.2864583333333333,56.13114214,56.13114214,0-100,0,0,0,Bahrain,2023-Government-AI-Readiness-Index-Public-Indicator-Data.xlsx,Global rankings
BHR,Bahrain,2024,68,188,0.3582887700534759,54.32835116,54.32835116,0-100,0,0,0,Bahrain,2024-GAIRI-data.xlsx,Ranking
BHR,Bahrain,2025,48,195,0.2422680412371134,59.57,59.57,0-100,0,0,0,Bahrain,2025-Government-AI-Readiness-Index-data-1.xlsx,Global Rankings
BHS,Bahamas,2019,133,194,0.6839378238341969,2.5266,25.266000000000002,0-10,0,0,0,Bahamas,SHARED_-2019-Index-data-for-report.xlsx,Rankings
BHS,Bahamas,2022,89,181,0.4888888888888889,40.74236429,40.74236429,0-100,0,0,0,Bahamas,2022-Government-AI-Readiness-Index-public-data.xlsx,Global rankings
BHS,Bahamas,2023,93,193,0.4791666666666667,42.14236214,42.14236214,0-100,0,0,0,Bahamas,2023-Government-AI-Readiness-Index-Public-Indicator-Data.xlsx,Global rankings
BHS,Bahamas,2024,99,188,0.5240641711229946,42.03231259,42.03231259,0-100,0,0,0,Bahamas,2024-GAIRI-data.xlsx,Ranking
BHS,Bahamas,2025,123,195,0.6288659793814433,31.18,31.18,0-100,0,0,0,Bahamas,2025-Government-AI-Readiness-Index-data-1.xlsx,Global Rankings
BIH,Bosnia and Herzegovina,2019,95,194,0.48704663212435234,4.183172277126153,41.83172277126153,0-10,0,0,0,Bosnia and Herzegovina,SHARED_-2019-Index-data-for-report.xlsx,Rankings
BIH,Bosnia and Herzegovina,2020,100,172,0.5789473684210527,36.25,36.25,0-100,0,0,0,Bosnia and Herzegovina,2020-Government-AI-Readiness-Index-public-dataset.xlsx,Global ranking
BIH,Bosnia and Herzegovina,2021,96,160,0.5974842767295597,38.67179055,38.67179055,0-100,0,0,0,Bosnia and Herzegovina,2021-Government-AI-Readiness-Index-public-dataset.xlsx,Global ranking
BIH,Bosnia and Herzegovina,2022,112,181,0.6166666666666667,35.16653037,35.16653037,0-100,0,0,0,Bosnia and Herzegovina,2022-Government-AI-Readiness-Index-public-data.xlsx,Global rankings
BIH,Bosnia and Herzegovina,2023,117,193,0.6041666666666666,36.48814846,36.48814846,0-100,0,0,0,Bosnia and Herzegovina,2023-Government-AI-Readiness-Index-Public-Indicator-Data.xlsx,Global rankings
BIH,Bosnia and Herzegovina,2024,128,188,0.679144385026738,37.01680441,37.01680441,0-100,0,0,0,Bosnia and Herzegovina,2024-GAIRI-data.xlsx,Ranking
BIH,Bosnia and Herzegovina,2025,114,195,0.5824742268041238,35.67,35.67,0-100,0,0,0,Bosnia and Herzegovina,2025-Government-AI-Readiness-Index-data-1.xlsx,Global Rankings
BLR,Belarus,2019,122,194,0.6269430051813472,3.0947112566277157,30.947112566277156,0-10,0,0,0,Belarus,SHARED_-2019-Index-data-for-report.xlsx,Rankings
BLR,Belarus,2020,66,172,0.38011695906432746,46.103,46.103,0-100,0,0,0,Belarus,2020-Government-AI-Readiness-Index-public-dataset.xlsx,Global ranking
BLR,Belarus,2021,73,160,0.4528301886792453,46.19630163,46.19630163,0-100,0,0,0,Belarus,2021-Government-AI-Readiness-Index-public-dataset.xlsx,Global ranking
BLR,Belarus,2022,91,181,0.5,40.27136657,40.27136657,0-100,0,0,0,Belarus,2022-Government-AI-Readiness-Index-public-data.xlsx,Global rankings
BLR,Belarus,2023,107,193,0.5520833333333334,39.20286213,39.20286213,0-100,0,0,0,Belarus,2023-Government-AI-Readiness-Index-Public-Indicator-Data.xlsx,Global rankings
BLR,Belarus,2024,113,188,0.5989304812834224,39.23880845,39.23880845,0-100,0,0,0,Belarus,2024-GAIRI-data.xlsx,Ranking
BLR,Belarus,2025,121,195,0.6185567010309279,32.47,32.47,0-100,0,0,0,Belarus,2025-Government-AI-Readiness-Index-data-1.xlsx,Global Rankings
BLZ,Belize,2019,171,194,0.8808290155440415,0.7447999999999999,7.447999999999999,0-10,0,0,0,Belize,SHARED_-2019-Index-data-for-report.xlsx,Rankings
BLZ,Belize,2020,133,172,0.7719298245614035,31.015,31.015,0-100,0,0,0,Belize,2020-Government-AI-Readiness-Index-public-dataset.xlsx,Global ranking
BLZ,Belize,2021,124,160,0.7735849056603774,32.27647959,32.27647959,0-100,0,0,0,Belize,2021-Government-AI-Readiness-Index-public-dataset.xlsx,Global ranking
BLZ,Belize,2022,143,181,0.7888888888888889,29.98340518,29.98340518,0-100,0,0,0,Belize,2022-Government-AI-Readiness-Index-public-data.xlsx,Global rankings
BLZ,Belize,2023,129,193,0.6666666666666666,34.2435614,34.2435614,0-100,0,0,0,Belize,2023-Government-AI-Readiness-Index-Public-Indicator-Data.xlsx,Global rankings
BLZ,Belize,2024,124,188,0.6577540106951871,37.58701156,37.58701156,0-100,0,0,0,Belize,2024-GAIRI-data.xlsx,Ranking
BLZ,Belize,2025,158,195,0.8092783505154639,22.68,22.68,0-100,0,0,0,Belize,2025-Government-AI-Readiness-Index-data-1.xlsx,Global Rankings
BOL,Bolivia,2019,89,194,0.45595854922279794,4.399116026142857,43.99116026142857,0-10,0,1,1,Bolivia,SHARED_-2019-Index-data-for-report.xlsx,Rankings
BOL,Bolivia,2020,122,172,0.7076023391812866,33.03,33.03,0-100,0,1,1,Bolivia,2020-Government-AI-Readiness-Index-public-dataset.xlsx,Global ranking
BOL,Bolivia,2021,130,160,0.8113207547169812,31.62091026,31.62091026,0-100,0,1,1,Bolivia,2021-Government-AI-Readiness-Index-public-dataset.xlsx,Global ranking
BOL,Bolivia,2022,124,181,0.6833333333333333,32.55578829,32.55578829,0-100,0,1,1,Bolivia,2022-Government-AI-Readiness-Index-public-data.xlsx,Global rankings
BOL,Bolivia,2023,126,193,0.6510416666666666,35.25033938,35.25033938,0-100,0,1,1,Bolivia (Plurinational State of),2023-Government-AI-Readiness-Index-Public-Indicator-Data.xlsx,Global rankings
BOL,Bolivia,2024,151,188,0.8021390374331551,33.07863133,33.07863133,0-100,0,1,1,Bolivia (Plurinational State of),2024-GAIRI-data.xlsx,Ranking
BOL,Bolivia,2025,139,195,0.711340206185567,27.48,27.48,0-100,0,1,1,Bolivia (Plurinational State of),2025-Government-AI-Readiness-Index-data-1.xlsx,Global Rankings
BRA,Brazil,2019,40,194,0.20207253886010362,6.1572483487037575,61.57248348703757,0-10,1,1,1,Brazil,SHARED_-2019-Index-data-for-report.xlsx,Rankings
BRA,Brazil,2020,63,172,0.36257309941520466,47.464,47.464,0-100,1,1,1,Brazil,2020-Government-AI-Readiness-Index-public-dataset.xlsx,Global ranking
BRA,Brazil,2021,40,160,0.24528301886792453,60.63532,60.63532,0-100,1,1,1,Brazil,2021-Government-AI-Readiness-Index-public-dataset.xlsx,Global ranking
BRA,Brazil,2022,37,181,0.2,62.36663855,62.36663855,0-100,1,1,1,Brazil,2022-Government-AI-Readiness-Index-public-data.xlsx,Global rankings
BRA,Brazil,2023,32,193,0.16145833333333334,63.69915943,63.69915943,0-100,1,1,1,Brazil,2023-Government-AI-Readiness-Index-Public-Indicator-Data.xlsx,Global rankings
BRA,Brazil,2024,36,188,0.18716577540106952,65.88947723,65.88947723,0-100,1,1,1,Brazil,2024-GAIRI-data.xlsx,Ranking
BRA,Brazil,2025,22,195,0.10824742268041238,69.55,69.55,0-100,1,1,1,Brazil,2025-Government-AI-Readiness-Index-data-1.xlsx,Global Rankings
BRB,Barbados,2019,135,194,0.694300518134715,2.4296,24.296000000000003,0-10,0,0,0,Barbados,SHARED_-2019-Index-data-for-report.xlsx,Rankings
BRB,Barbados,2020,82,172,0.47368421052631576,40.802,40.802,0-100,0,0,0,Barbados,2020-Government-AI-Readiness-Index-public-dataset.xlsx,Global ranking
BRB,Barbados,2021,85,160,0.5283018867924528,42.19622123,42.19622123,0-100,0,0,0,Barbados,2021-Government-AI-Readiness-Index-public-dataset.xlsx,Global ranking
BRB,Barbados,2022,96,181,0.5277777777777778,39.53011484,39.53011484,0-100,0,0,0,Barbados,2022-Government-AI-Readiness-Index-public-data.xlsx,Global rankings
BRB,Barbados,2023,102,193,0.5260416666666666,40.13321614,40.13321614,0-100,0,0,0,Barbados,2023-Government-AI-Readiness-Index-Public-Indicator-Data.xlsx,Global rankings
BRB,Barbados,2024,106,188,0.5614973262032086,41.10918269,41.10918269,0-100,0,0,0,Barbados,2024-GAIRI-data.xlsx,Ranking
BRB,Barbados,2025,155,195,0.7938144329896907,23.33,23.33,0-100,0,0,0,Barbados,2025-Government-AI-Readiness-Index-data-1.xlsx,Global Rankings
BRN,Brunei Darussalam,2019,121,194,0.6217616580310881,3.1426285714285713,31.42628571428571,0-10,0,0,0,Brunei Darussalam,SHARED_-2019-Index-data-for-report.xlsx,Rankings
BRN,Brunei Darussalam,2020,49,172,0.2807017543859649,51.47,51.47,0-100,0,0,0,Brunei Darussalam,2020-Government-AI-Readiness-Index-public-dataset.xlsx,Global ranking
BRN,Brunei Darussalam,2021,57,160,0.3522012578616352,52.92662721,52.92662721,0-100,0,0,0,Brunei Darussalam,2021-Government-AI-Readiness-Index-public-dataset.xlsx,Global ranking
BRN,Brunei Darussalam,2022,67,181,0.36666666666666664,48.05568313,48.05568313,0-100,0,0,0,Brunei Darussalam,2022-Government-AI-Readiness-Index-public-data.xlsx,Global rankings
BRN,Brunei Darussalam,2023,74,193,0.3802083333333333,48.09942959,48.09942959,0-100,0,0,0,Brunei Darussalam,2023-Government-AI-Readiness-Index-Public-Indicator-Data.xlsx,Global rankings
BRN,Brunei Darussalam,2024,66,188,0.34759358288770054,55.44955575,55.44955575,0-100,0,0,0,Brunei Darussalam,2024-GAIRI-data.xlsx,Ranking
BRN,Brunei Darussalam,2025,97,195,0.4948453608247423,40.51,40.51,0-100,0,0,0,Brunei Darussalam,2025-Government-AI-Readiness-Index-data-1.xlsx,Global Rankings
BTN,Bhutan,2019,116,194,0.5958549222797928,3.3045036340000005,33.04503634,0-10,0,0,0,Bhutan,SHARED_-2019-Index-data-for-report.xlsx,Rankings
BTN,Bhutan,2020,108,172,0.6257309941520468,35.377,35.377,0-100,0,0,0,Bhutan,2020-Government-AI-Readiness-Index-public-dataset.xlsx,Global ranking
BTN,Bhutan,2021,118,160,0.7358490566037735,34.02464587,34.02464587,0-100,0,0,0,Bhutan,2021-Government-AI-Readiness-Index-public-dataset.xlsx,Global ranking
BTN,Bhutan,2022,99,181,0.5444444444444444,37.91424365,37.91424365,0-100,0,0,0,Bhutan,2022-Government-AI-Readiness-Index-public-data.xlsx,Global rankings
BTN,Bhutan,2023,114,193,0.5885416666666666,36.87905685,36.87905685,0-100,0,0,0,Bhutan,2023-Government-AI-Readiness-Index-Public-Indicator-Data.xlsx,Global rankings
BTN,Bhutan,2024,117,188,0.6203208556149733,38.77536479,38.77536479,0-100,0,0,0,Bhutan,2024-GAIRI-data.xlsx,Ranking
BTN,Bhutan,2025,101,195,0.5154639175257731,39.38,39.38,0-100,0,0,0,Bhutan,2025-Government-AI-Readiness-Index-data-1.xlsx,Global Rankings
BWA,Botswana,2019,120,194,0.616580310880829,3.2096328429999996,32.09632843,0-10,0,0,0,Botswana,SHARED_-2019-Index-data-for-report.xlsx,Rankings
BWA,Botswana,2020,121,172,0.7017543859649122,33.273,33.273,0-100,0,0,0,Botswana,2020-Government-AI-Readiness-Index-public-dataset.xlsx,Global ranking
BWA,Botswana,2021,109,160,0.6792452830188679,36.32851619,36.32851619,0-100,0,0,0,Botswana,2021-Government-AI-Readiness-Index-public-dataset.xlsx,Global ranking
BWA,Botswana,2022,98,181,0.5388888888888889,38.36432707,38.36432707,0-100,0,0,0,Botswana,2022-Government-AI-Readiness-Index-public-data.xlsx,Global rankings
BWA,Botswana,2023,110,193,0.5677083333333334,38.83923461,38.83923461,0-100,0,0,0,Botswana,2023-Government-AI-Readiness-Index-Public-Indicator-Data.xlsx,Global rankings
BWA,Botswana,2024,120,188,0.6363636363636364,38.16381779,38.16381779,0-100,0,0,0,Botswana,2024-GAIRI-data.xlsx,Ranking
BWA,Botswana,2025,109,195,0.5567010309278351,37.1,37.1,0-100,0,0,0,Botswana,2025-Government-AI-Readiness-Index-data-1.xlsx,Global Rankings
CAF,Central African Republic,2019,188,194,0.9689119170984456,0.3667,3.6670000000000003,0-10,0,0,0,Central African Republic,SHARED_-2019-Index-data-for-report.xlsx,Rankings
CAF,Central African Republic,2021,159,160,0.9937106918238994,20.73444159,20.73444159,0-100,0,0,0,Central African Republic,2021-Government-AI-Readiness-Index-public-dataset.xlsx,Global ranking
CAF,Central African Republic,2022,176,181,0.9722222222222222,19.90049863,19.90049863,0-100,0,0,0,Central African Republic,2022-Government-AI-Readiness-Index-public-data.xlsx,Global rankings
CAF,Central African Republic,2023,189,193,0.9791666666666666,19.73651251,19.73651251,0-100,0,0,0,Central African Republic,2023-Government-AI-Readiness-Index-Public-Indicator-Data.xlsx,Global rankings
CAF,Central African Republic,2024,183,188,0.9732620320855615,20.26173459,20.26173459,0-100,0,0,0,Central African Republic,2024-GAIRI-data.xlsx,Ranking
CAF,Central African Republic,2025,192,195,0.9845360824742269,12.8,12.8,0-100,0,0,0,Central African Republic,2025-Government-AI-Readiness-Index-data-1.xlsx,Global Rankings
CAN,Canada,2019,6,194,0.025906735751295335,8.67395600399933,86.7395600399933,0-10,0,0,0,Canada,SHARED_-2019-Index-data-for-report.xlsx,Rankings
CAN,Canada,2020,14,172,0.07602339181286549,73.158,73.158,0-100,0,0,0,Canada,2020-Government-AI-Readiness-Index-public-dataset.xlsx,Global ranking
CAN,Canada,2021,7,160,0.03773584905660377,77.73085276,77.73085276,0-100,0,0,0,Canada,2021-Government-AI-Readiness-Index-public-dataset.xlsx,Global ranking
CAN,Canada,2022,5,181,0.022222222222222223,77.38916245,77.38916245,0-100,0,0,0,Canada,2022-Government-AI-Readiness-Index-public-data.xlsx,Global rankings
CAN,Canada,2023,5,193,0.020833333333333332,77.0688933,77.0688933,0-100,0,0,0,Canada,2023-Government-AI-Readiness-Index-Public-Indicator-Data.xlsx,Global rankings
CAN,Canada,2024,6,188,0.026737967914438502,78.17529665,78.17529665,0-100,0,0,0,Canada,2024-GAIRI-data.xlsx,Ranking
CAN,Canada,2025,12,195,0.05670103092783505,74.66,74.66,0-100,0,0,0,Canada,2025-Government-AI-Readiness-Index-data-1.xlsx,Global Rankings
CHE,Switzerland,2019,18,194,0.08808290155440414,7.4614488995999855,74.61448899599985,0-10,0,0,0,Switzerland,SHARED_-2019-Index-data-for-report.xlsx,Rankings
CHE,Switzerland,2020,18,172,0.09941520467836257,69.219,69.219,0-100,0,0,0,Switzerland,2020-Government-AI-Readiness-Index-public-dataset.xlsx,Global ranking
CHE,Switzerland,2021,22,160,0.1320754716981132,68.56419978,68.56419978,0-100,0,0,0,Switzerland,2021-Government-AI-Readiness-Index-public-dataset.xlsx,Global ranking
CHE,Switzerland,2022,23,181,0.12222222222222222,68.49444385,68.49444385,0-100,0,0,0,Switzerland,2022-Government-AI-Readiness-Index-public-data.xlsx,Global rankings
CHE,Switzerland,2023,24,193,0.11979166666666667,68.5683896,68.5683896,0-100,0,0,0,Switzerland,2023-Government-AI-Readiness-Index-Public-Indicator-Data.xlsx,Global rankings
CHE,Switzerland,2024,30,188,0.15508021390374332,69.41989807,69.41989807,0-100,0,0,0,Switzerland,2024-GAIRI-data.xlsx,Ranking
CHE,Switzerland,2025,26,195,0.12886597938144329,66.95,66.95,0-100,0,0,0,Switzerland,2025-Government-AI-Readiness-Index-data-1.xlsx,Global Rankings
CHL,Chile,2019,39,194,0.19689119170984457,6.189767124351756,61.897671243517564,0-10,1,1,1,Chile,SHARED_-2019-Index-data-for-report.xlsx,Rankings
CHL,Chile,2020,47,172,0.26900584795321636,53.089,53.089,0-100,1,1,1,Chile,2020-Government-AI-Readiness-Index-public-dataset.xlsx,Global ranking
CHL,Chile,2021,41,160,0.25157232704402516,60.41748563,60.41748563,0-100,1,1,1,Chile,2021-Government-AI-Readiness-Index-public-dataset.xlsx,Global ranking
CHL,Chile,2022,35,181,0.18888888888888888,62.51743318,62.51743318,0-100,1,1,1,Chile,2022-Government-AI-Readiness-Index-public-data.xlsx,Global rankings
CHL,Chile,2023,41,193,0.20833333333333334,61.94839002,61.94839002,0-100,1,1,1,Chile,2023-Government-AI-Readiness-Index-Public-Indicator-Data.xlsx,Global rankings
CHL,Chile,2024,44,188,0.22994652406417113,63.19327114,63.19327114,0-100,1,1,1,Chile,2024-GAIRI-data.xlsx,Ranking
CHL,Chile,2025,50,195,0.25257731958762886,59.3,59.3,0-100,1,1,1,Chile,2025-Government-AI-Readiness-Index-data-1.xlsx,Global Rankings
CHN,China,2019,20,194,0.09844559585492228,7.369727994434561,73.69727994434561,0-10,0,0,0,China,SHARED_-2019-Index-data-for-report.xlsx,Rankings
CHN,China,2020,19,172,0.10526315789473684,69.08,69.08,0-100,0,0,0,China,2020-Government-AI-Readiness-Index-public-dataset.xlsx,Global ranking
CHN,China,2021,15,160,0.0880503144654088,74.42075762,74.42075762,0-100,0,0,0,China,2021-Government-AI-Readiness-Index-public-dataset.xlsx,Global ranking
CHN,China,2022,17,181,0.08888888888888889,70.83634174,70.83634174,0-100,0,0,0,China,2022-Government-AI-Readiness-Index-public-data.xlsx,Global rankings
CHN,China,2023,16,193,0.078125,70.94344937,70.94344937,0-100,0,0,0,China,2023-Government-AI-Readiness-Index-Public-Indicator-Data.xlsx,Global rankings
CHN,China,2024,23,188,0.11764705882352941,72.0098981,72.0098981,0-100,0,0,0,China,2024-GAIRI-data.xlsx,Ranking
CHN,China,2025,8,195,0.03608247422680412,76.27,76.27,0-100,0,0,0,China,2025-Government-AI-Readiness-Index-data-1.xlsx,Global Rankings
CIV,Cote d'Ivoire,2019,104,194,0.533678756476684,3.8066600155714285,38.06660015571428,0-10,0,0,0,Côte d'Ivoire,SHARED_-2019-Index-data-for-report.xlsx,Rankings
CIV,Cote d'Ivoire,2020,114,172,0.6608187134502924,34.156,34.156,0-100,0,0,0,Côte D'Ivoire,2020-Government-AI-Readiness-Index-public-dataset.xlsx,Global ranking
CIV,Cote d'Ivoire,2021,105,160,0.6540880503144654,36.70624068,36.70624068,0-100,0,0,0,Côte D'Ivoire,2021-Government-AI-Readiness-Index-public-dataset.xlsx,Global ranking
CIV,Cote d'Ivoire,2022,136,181,0.75,30.95367673,30.95367673,0-100,0,0,0,Côte D'Ivoire,2022-Government-AI-Readiness-Index-public-data.xlsx,Global rankings
CIV,Cote d'Ivoire,2023,138,193,0.7135416666666666,32.78138909,32.78138909,0-100,0,0,0,Côte D'Ivoire,2023-Government-AI-Readiness-Index-Public-Indicator-Data.xlsx,Global rankings
CIV,Cote d'Ivoire,2024,140,188,0.7433155080213903,34.68702416,34.68702416,0-100,0,0,0,Côte d'Ivoire,2024-GAIRI-data.xlsx,Ranking
CIV,Cote d'Ivoire,2025,95,195,0.4845360824742268,40.74,40.74,0-100,0,0,0,Côte D'Ivoire,2025-Government-AI-Readiness-Index-data-1.xlsx,Global Rankings
CMR,Cameroon,2019,119,194,0.6113989637305699,3.232071883501563,32.320718835015626,0-10,0,0,0,Cameroon,SHARED_-2019-Index-data-for-report.xlsx,Rankings
CMR,Cameroon,2020,145,172,0.8421052631578947,29.849,29.849,0-100,0,0,0,Cameroon,2020-Government-AI-Readiness-Index-public-dataset.xlsx,Global ranking
CMR,Cameroon,2021,128,160,0.7987421383647799,31.88317068,31.88317068,0-100,0,0,0,Cameroon,2021-Government-AI-Readiness-Index-public-dataset.xlsx,Global ranking
CMR,Cameroon,2022,138,181,0.7611111111111111,30.76487031,30.76487031,0-100,0,0,0,Cameroon,2022-Government-AI-Readiness-Index-public-data.xlsx,Global rankings
CMR,Cameroon,2023,153,193,0.7916666666666666,30.27139432,30.27139432,0-100,0,0,0,Cameroon,2023-Government-AI-Readiness-Index-Public-Indicator-Data.xlsx,Global rankings
CMR,Cameroon,2024,147,188,0.7807486631016043,33.45955988,33.45955988,0-100,0,0,0,Cameroon,2024-GAIRI-data.xlsx,Ranking
CMR,Cameroon,2025,116,195,0.5927835051546392,34.91,34.91,0-100,0,0,0,Cameroon,2025-Government-AI-Readiness-Index-data-1.xlsx,Global Rankings
COD,Democratic Republic of the Congo,2019,184,194,0.9481865284974094,0.46950000000000003,4.695,0-10,0,0,0,Democratic Republic of the Congo,SHARED_-2019-Index-data-for-report.xlsx,Rankings
COD,Democratic Republic of the Congo,2020,168,172,0.9766081871345029,23.797,23.797,0-100,0,0,0,Democratic Republic of the Congo,2020-Government-AI-Readiness-Index-public-dataset.xlsx,Global ranking
COD,Democratic Republic of the Congo,2021,157,160,0.9811320754716981,23.32239331,23.32239331,0-100,0,0,0,Democratic Republic of the Congo,2021-Government-AI-Readiness-Index-public-dataset.xlsx,Global ranking
COD,Democratic Republic of the Congo,2022,174,181,0.9611111111111111,20.21793742,20.21793742,0-100,0,0,0,Democratic Republic of the Congo,2022-Government-AI-Readiness-Index-public-data.xlsx,Global rankings
COD,Democratic Republic of the Congo,2023,185,193,0.9583333333333334,21.46831729,21.46831729,0-100,0,0,0,Democratic Republic of the Congo,2023-Government-AI-Readiness-Index-Public-Indicator-Data.xlsx,Global rankings
COD,Democratic Republic of the Congo,2024,181,188,0.9625668449197861,22.09794558,22.09794558,0-100,0,0,0,Democratic Republic of the Congo,2024-GAIRI-data.xlsx,Ranking
COD,Democratic Republic of the Congo,2025,144,195,0.7371134020618557,25.62,25.62,0-100,0,0,0,Democratic Republic of the Congo,2025-Government-AI-Readiness-Index-data-1.xlsx,Global Rankings
COG,Congo,2019,163,194,0.8393782383419689,1.092957142857143,10.92957142857143,0-10,0,0,0,Congo,SHARED_-2019-Index-data-for-report.xlsx,Rankings
COG,Congo,2020,140,172,0.8128654970760234,30.651,30.651,0-100,0,0,0,Congo,2020-Government-AI-Readiness-Index-public-dataset.xlsx,Global ranking
COG,Congo,2021,136,160,0.8490566037735849,30.419714,30.419714,0-100,0,0,0,Congo,2021-Government-AI-Readiness-Index-public-dataset.xlsx,Global ranking
COG,Congo,2022,158,181,0.8722222222222222,26.20229526,26.20229526,0-100,0,0,0,Congo,2022-Government-AI-Readiness-Index-public-data.xlsx,Global rankings
COG,Congo,2023,178,193,0.921875,24.19288771,24.19288771,0-100,0,0,0,Congo,2023-Government-AI-Readiness-Index-Public-Indicator-Data.xlsx,Global rankings
COG,Congo,2024,175,188,0.93048128342246,25.11623832,25.11623832,0-100,0,0,0,Congo,2024-GAIRI-data.xlsx,Ranking
COG,Congo,2025,178,195,0.9123711340206185,18.6,18.6,0-100,0,0,0,Congo,2025-Government-AI-Readiness-Index-data-1.xlsx,Global Rankings
COL,Colombia,2019,44,194,0.22279792746113988,5.944830979484859,59.44830979484859,0-10,1,1,1,Colombia,SHARED_-2019-Index-data-for-report.xlsx,Rankings
COL,Colombia,2020,51,172,0.29239766081871343,51.262,51.262,0-100,1,1,1,Colombia,2020-Government-AI-Readiness-Index-public-dataset.xlsx,Global ranking
COL,Colombia,2021,45,160,0.27672955974842767,58.91032079,58.91032079,0-100,1,1,1,Colombia,2021-Government-AI-Readiness-Index-public-dataset.xlsx,Global ranking
COL,Colombia,2022,47,181,0.25555555555555554,59.37944898,59.37944898,0-100,1,1,1,Colombia,2022-Government-AI-Readiness-Index-public-data.xlsx,Global rankings
COL,Colombia,2023,53,193,0.2708333333333333,57.85276011,57.85276011,0-100,1,1,1,Colombia,2023-Government-AI-Readiness-Index-Public-Indicator-Data.xlsx,Global rankings
COL,Colombia,2024,55,188,0.2887700534759358,59.33330773,59.33330773,0-100,1,1,1,Colombia,2024-GAIRI-data.xlsx,Ranking
COL,Colombia,2025,64,195,0.3247422680412371,56.02,56.02,0-100,1,1,1,Colombia,2025-Government-AI-Readiness-Index-data-1.xlsx,Global Rankings
COM,Comoros,2019,189,194,0.9740932642487047,0.3308,3.308,0-10,0,0,0,Comoros,SHARED_-2019-Index-data-for-report.xlsx,Rankings
COM,Comoros,2020,153,172,0.8888888888888888,27.592,27.592,0-100,0,0,0,Comoros,2020-Government-AI-Readiness-Index-public-dataset.xlsx,Global ranking
COM,Comoros,2022,166,181,0.9166666666666666,23.81933921,23.81933921,0-100,0,0,0,Comoros,2022-Government-AI-Readiness-Index-public-data.xlsx,Global rankings
COM,Comoros,2023,181,193,0.9375,22.61922755,22.61922755,0-100,0,0,0,Comoros,2023-Government-AI-Readiness-Index-Public-Indicator-Data.xlsx,Global rankings
COM,Comoros,2024,170,188,0.9037433155080213,26.64694936,26.64694936,0-100,0,0,0,Comoros,2024-GAIRI-data.xlsx,Ranking
COM,Comoros,2025,171,195,0.8762886597938144,20.67,20.67,0-100,0,0,0,Comoros,2025-Government-AI-Readiness-Index-data-1.xlsx,Global Rankings
CPV,Cabo Verde,2019,101,194,0.5181347150259067,3.9426973185714282,39.42697318571428,0-10,0,0,0,Cape Verde,SHARED_-2019-Index-data-for-report.xlsx,Rankings
CPV,Cabo Verde,2020,105,172,0.6081871345029239,35.695,35.695,0-100,0,0,0,Cabo Verde,2020-Government-AI-Readiness-Index-public-dataset.xlsx,Global ranking
CPV,Cabo Verde,2021,111,160,0.6918238993710691,36.0725509,36.0725509,0-100,0,0,0,Cabo Verde,2021-Government-AI-Readiness-Index-public-dataset.xlsx,Global ranking
CPV,Cabo Verde,2022,118,181,0.65,34.27404409,34.27404409,0-100,0,0,0,Cabo Verde,2022-Government-AI-Readiness-Index-public-data.xlsx,Global rankings
CPV,Cabo Verde,2023,119,193,0.6145833333333334,36.29975864,36.29975864,0-100,0,0,0,Cabo Verde,2023-Government-AI-Readiness-Index-Public-Indicator-Data.xlsx,Global rankings
CPV,Cabo Verde,2024,108,188,0.5721925133689839,40.67090537,40.67090537,0-100,0,0,0,Cabo Verde,2024-GAIRI-data.xlsx,Ranking
CPV,Cabo Verde,2025,122,195,0.6237113402061856,32.16,32.16,0-100,0,0,0,Cabo Verde,2025-Government-AI-Readiness-Index-data-1.xlsx,Global Rankings
CRI,Costa Rica,2019,66,194,0.33678756476683935,5.201992439857143,52.01992439857143,0-10,1,1,1,Costa Rica,SHARED_-2019-Index-data-for-report.xlsx,Rankings
CRI,Costa Rica,2020,78,172,0.4502923976608187,42.552,42.552,0-100,1,1,1,Costa Rica,2020-Government-AI-Readiness-Index-public-dataset.xlsx,Global ranking
CRI,Costa Rica,2021,74,160,0.4591194968553459,46.18967035,46.18967035,0-100,1,1,1,Costa Rica,2021-Government-AI-Readiness-Index-public-dataset.xlsx,Global ranking
CRI,Costa Rica,2022,78,181,0.42777777777777776,44.96926052,44.96926052,0-100,1,1,1,Costa Rica,2022-Government-AI-Readiness-Index-public-data.xlsx,Global rankings
CRI,Costa Rica,2023,71,193,0.3645833333333333,49.12279778,49.12279778,0-100,1,1,1,Costa Rica,2023-Government-AI-Readiness-Index-Public-Indicator-Data.xlsx,Global rankings
CRI,Costa Rica,2024,61,188,0.32085561497326204,56.85007591,56.85007591,0-100,1,1,1,Costa Rica,2024-GAIRI-data.xlsx,Ranking
CRI,Costa Rica,2025,79,195,0.4020618556701031,45.92,45.92,0-100,1,1,1,Costa Rica,2025-Government-AI-Readiness-Index-data-1.xlsx,Global Rankings
CUB,Cuba,2019,172,194,0.8860103626943006,0.7087,7.087,0-10,0,0,0,Cuba,SHARED_-2019-Index-data-for-report.xlsx,Rankings
CUB,Cuba,2020,139,172,0.8070175438596491,30.654,30.654,0-100,0,0,0,Cuba,2020-Government-AI-Readiness-Index-public-dataset.xlsx,Global ranking
CUB,Cuba,2021,137,160,0.8553459119496856,30.37906954,30.37906954,0-100,0,0,0,Cuba,2021-Government-AI-Readiness-Index-public-dataset.xlsx,Global ranking
CUB,Cuba,2022,130,181,0.7166666666666667,31.5867537,31.5867537,0-100,0,0,0,Cuba,2022-Government-AI-Readiness-Index-public-data.xlsx,Global rankings
CUB,Cuba,2023,123,193,0.6354166666666666,35.52053817,35.52053817,0-100,0,0,0,Cuba,2023-Government-AI-Readiness-Index-Public-Indicator-Data.xlsx,Global rankings
CUB,Cuba,2024,97,188,0.5133689839572193,42.43439145,42.43439145,0-100,0,0,0,Cuba,2024-GAIRI-data.xlsx,Ranking
CUB,Cuba,2025,136,195,0.6958762886597938,27.92,27.92,0-100,0,0,0,Cuba,2025-Government-AI-Readiness-Index-data-1.xlsx,Global Rankings
CYP,Cyprus,2019,53,194,0.2694300518134715,5.668483113484858,56.68483113484858,0-10,0,0,0,Cyprus,SHARED_-2019-Index-data-for-report.xlsx,Rankings
CYP,Cyprus,2020,44,172,0.25146198830409355,54.082,54.082,0-100,0,0,0,Cyprus,2020-Government-AI-Readiness-Index-public-dataset.xlsx,Global ranking
CYP,Cyprus,2021,44,160,0.27044025157232704,59.71494208,59.71494208,0-100,0,0,0,Cyprus,2021-Government-AI-Readiness-Index-public-dataset.xlsx,Global ranking
CYP,Cyprus,2022,48,181,0.2611111111111111,59.14788556,59.14788556,0-100,0,0,0,Cyprus,2022-Government-AI-Readiness-Index-public-data.xlsx,Global rankings
CYP,Cyprus,2023,43,193,0.21875,60.84003033,60.84003033,0-100,0,0,0,Cyprus,2023-Government-AI-Readiness-Index-Public-Indicator-Data.xlsx,Global rankings
CYP,Cyprus,2024,50,188,0.2620320855614973,61.50126092,61.50126092,0-100,0,0,0,Cyprus,2024-GAIRI-data.xlsx,Ranking
CYP,Cyprus,2025,47,195,0.23711340206185566,59.71,59.71,0-100,0,0,0,Cyprus,2025-Government-AI-Readiness-Index-data-1.xlsx,Global Rankings
CZE,Czech Republic,2019,31,194,0.15544041450777202,6.673279263351756,66.73279263351756,0-10,0,0,0,Czech Republic,SHARED_-2019-Index-data-for-report.xlsx,Rankings
CZE,Czech Republic,2020,32,172,0.18128654970760233,61.522,61.522,0-100,0,0,0,Czech Republic,2020-Government-AI-Readiness-Index-public-dataset.xlsx,Global ranking
CZE,Czech Republic,2021,29,160,0.1761006289308176,65.95432334,65.95432334,0-100,0,0,0,Czech Republic,2021-Government-AI-Readiness-Index-public-dataset.xlsx,Global ranking
CZE,Czech Republic,2022,30,181,0.16111111111111112,67.05055789,67.05055789,0-100,0,0,0,Czech Republic,2022-Government-AI-Readiness-Index-public-data.xlsx,Global rankings
CZE,Czech Republic,2023,31,193,0.15625,65.17046981,65.17046981,0-100,0,0,0,Czechia,2023-Government-AI-Readiness-Index-Public-Indicator-Data.xlsx,Global rankings
CZE,Czech Republic,2024,28,188,0.1443850267379679,70.23281209,70.23281209,0-100,0,0,0,Czechia,2024-GAIRI-data.xlsx,Ranking
CZE,Czech Republic,2025,32,195,0.15979381443298968,64.56,64.56,0-100,0,0,0,Czechia,2025-Government-AI-Readiness-Index-data-1.xlsx,Global Rankings
DEU,Germany,2019,3,194,0.010362694300518135,8.810277159253422,88.10277159253422,0-10,0,0,0,Germany,SHARED_-2019-Index-data-for-report.xlsx,Rankings
DEU,Germany,2020,4,172,0.017543859649122806,78.974,78.974,0-100,0,0,0,Germany,2020-Government-AI-Readiness-Index-public-dataset.xlsx,Global ranking
DEU,Germany,2021,8,160,0.0440251572327044,77.26444673,77.26444673,0-100,0,0,0,Germany,2021-Government-AI-Readiness-Index-public-dataset.xlsx,Global ranking
DEU,Germany,2022,15,181,0.07777777777777778,72.64159902,72.64159902,0-100,0,0,0,Germany,2022-Government-AI-Readiness-Index-public-data.xlsx,Global rankings
DEU,Germany,2023,8,193,0.036458333333333336,75.26152044,75.26152044,0-100,0,0,0,Germany,2023-Government-AI-Readiness-Index-Public-Indicator-Data.xlsx,Global rankings
DEU,Germany,2024,8,188,0.0374331550802139,76.89826844,76.89826844,0-100,0,0,0,Germany,2024-GAIRI-data.xlsx,Ranking
DEU,Germany,2025,6,195,0.02577319587628866,76.78,76.78,0-100,0,0,0,Germany,2025-Government-AI-Readiness-Index-data-1.xlsx,Global Rankings
DJI,Djibouti,2019,180,194,0.927461139896373,0.5318,5.3180000000000005,0-10,0,0,0,Djibouti,SHARED_-2019-Index-data-for-report.xlsx,Rankings
DJI,Djibouti,2020,134,172,0.7777777777777778,31.007,31.007,0-100,0,0,0,Djibouti,2020-Government-AI-Readiness-Index-public-dataset.xlsx,Global ranking
DJI,Djibouti,2022,144,181,0.7944444444444444,29.84752363,29.84752363,0-100,0,0,0,Djibouti,2022-Government-AI-Readiness-Index-public-data.xlsx,Global rankings
DJI,Djibouti,2023,155,193,0.8020833333333334,29.94791011,29.94791011,0-100,0,0,0,Djibouti,2023-Government-AI-Readiness-Index-Public-Indicator-Data.xlsx,Global rankings
DJI,Djibouti,2024,138,188,0.732620320855615,35.1933629,35.1933629,0-100,0,0,0,Djibouti,2024-GAIRI-data.xlsx,Ranking
DJI,Djibouti,2025,148,195,0.7577319587628866,24.52,24.52,0-100,0,0,0,Djibouti,2025-Government-AI-Readiness-Index-data-1.xlsx,Global Rankings
DMA,Dominica,2019,143,194,0.7357512953367875,2.1905,21.905,0-10,0,0,0,Dominica,SHARED_-2019-Index-data-for-report.xlsx,Rankings
DMA,Dominica,2020,104,172,0.6023391812865497,35.714,35.714,0-100,0,0,0,Dominica,2020-Government-AI-Readiness-Index-public-dataset.xlsx,Global ranking
DMA,Dominica,2023,127,193,0.65625,34.81908485,34.81908485,0-100,0,0,0,Dominica,2023-Government-AI-Readiness-Index-Public-Indicator-Data.xlsx,Global rankings
DMA,Dominica,2025,174,195,0.8917525773195877,19.76,19.76,0-100,0,0,0,Dominica,2025-Government-AI-Readiness-Index-data-1.xlsx,Global Rankings
DNK,Denmark,2019,9,194,0.04145077720207254,8.6008693146795,86.008693146795,0-10,0,0,0,Denmark,SHARED_-2019-Index-data-for-report.xlsx,Rankings
DNK,Denmark,2020,8,172,0.04093567251461988,75.618,75.618,0-100,0,0,0,Denmark,2020-Government-AI-Readiness-Index-public-dataset.xlsx,Global ranking
DNK,Denmark,2021,9,160,0.050314465408805034,76.95991775,76.95991775,0-100,0,0,0,Denmark,2021-Government-AI-Readiness-Index-public-dataset.xlsx,Global ranking
DNK,Denmark,2022,11,181,0.05555555555555555,74.79016756,74.79016756,0-100,0,0,0,Denmark,2022-Government-AI-Readiness-Index-public-data.xlsx,Global rankings
DNK,Denmark,2023,11,193,0.052083333333333336,73.91202307,73.91202307,0-100,0,0,0,Denmark,2023-Government-AI-Readiness-Index-Public-Indicator-Data.xlsx,Global rankings
DNK,Denmark,2024,15,188,0.0748663101604278,74.71009478,74.71009478,0-100,0,0,0,Denmark,2024-GAIRI-data.xlsx,Ranking
DNK,Denmark,2025,11,195,0.05154639175257732,74.75,74.75,0-100,0,0,0,Denmark,2025-Government-AI-Readiness-Index-data-1.xlsx,Global Rankings
DOM,Dominican Republic,2019,77,194,0.39378238341968913,4.803552764264935,48.03552764264935,0-10,1,1,1,Dominican Republic,SHARED_-2019-Index-data-for-report.xlsx,Rankings
DOM,Dominican Republic,2020,94,172,0.543859649122807,37.469,37.469,0-100,1,1,1,Dominican Republic,2020-Government-AI-Readiness-Index-public-dataset.xlsx,Global ranking
DOM,Dominican Republic,2021,89,160,0.5534591194968553,40.88594812,40.88594812,0-100,1,1,1,Dominican Republic,2021-Government-AI-Readiness-Index-public-dataset.xlsx,Global ranking
DOM,Dominican Republic,2022,81,181,0.4444444444444444,42.15738701,42.15738701,0-100,1,1,1,Dominican Republic,2022-Government-AI-Readiness-Index-public-data.xlsx,Global rankings
DOM,Dominican Republic,2023,66,193,0.3385416666666667,50.71305278,50.71305278,0-100,1,1,1,Dominican Republic,2023-Government-AI-Readiness-Index-Public-Indicator-Data.xlsx,Global rankings
DOM,Dominican Republic,2024,73,188,0.3850267379679144,52.69157831,52.69157831,0-100,1,1,1,Dominican Republic,2024-GAIRI-data.xlsx,Ranking
DOM,Dominican Republic,2025,84,195,0.42783505154639173,43.73,43.73,0-100,1,1,1,Dominican Republic,2025-Government-AI-Readiness-Index-data-1.xlsx,Global Rankings
DZA,Algeria,2019,141,194,0.7253886010362695,2.246352203,22.46352203,0-10,0,0,0,Algeria,SHARED_-2019-Index-data-for-report.xlsx,Rankings
DZA,Algeria,2020,118,172,0.6842105263157895,33.466,33.466,0-100,0,0,0,Algeria,2020-Government-AI-Readiness-Index-public-dataset.xlsx,Global ranking
DZA,Algeria,2021,99,160,0.6163522012578616,37.92372769,37.92372769,0-100,0,0,0,Algeria,2021-Government-AI-Readiness-Index-public-dataset.xlsx,Global ranking
DZA,Algeria,2022,111,181,0.6111111111111112,35.32545863,35.32545863,0-100,0,0,0,Algeria,2022-Government-AI-Readiness-Index-public-data.xlsx,Global rankings
DZA,Algeria,2023,120,193,0.6197916666666666,35.98810889,35.98810889,0-100,0,0,0,Algeria,2023-Government-AI-Readiness-Index-Public-Indicator-Data.xlsx,Global rankings
DZA,Algeria,2024,115,188,0.6096256684491979,39.05673544,39.05673544,0-100,0,0,0,Algeria,2024-GAIRI-data.xlsx,Ranking
DZA,Algeria,2025,89,195,0.4536082474226804,42.05,42.05,0-100,0,0,0,Algeria,2025-Government-AI-Readiness-Index-data-1.xlsx,Global Rankings
ECU,Ecuador,2019,82,194,0.41968911917098445,4.646439365554724,46.46439365554724,0-10,0,1,1,Ecuador,SHARED_-2019-Index-data-for-report.xlsx,Rankings
ECU,Ecuador,2020,125,172,0.7251461988304093,32.411,32.411,0-100,0,1,1,Ecuador,2020-Government-AI-Readiness-Index-public-dataset.xlsx,Global ranking
ECU,Ecuador,2021,95,160,0.5911949685534591,39.19079497,39.19079497,0-100,0,1,1,Ecuador,2021-Government-AI-Readiness-Index-public-dataset.xlsx,Global ranking
ECU,Ecuador,2022,101,181,0.5555555555555556,37.3586778,37.3586778,0-100,0,1,1,Ecuador,2022-Government-AI-Readiness-Index-public-data.xlsx,Global rankings
ECU,Ecuador,2023,100,193,0.515625,40.83861731,40.83861731,0-100,0,1,1,Ecuador,2023-Government-AI-Readiness-Index-Public-Indicator-Data.xlsx,Global rankings
ECU,Ecuador,2024,104,188,0.5508021390374331,41.45594571,41.45594571,0-100,0,1,1,Ecuador,2024-GAIRI-data.xlsx,Ranking
ECU,Ecuador,2025,66,195,0.33505154639175255,53.04,53.04,0-100,0,1,1,Ecuador,2025-Government-AI-Readiness-Index-data-1.xlsx,Global Rankings
EGY,Egypt,2019,111,194,0.5699481865284974,3.492012562276769,34.92012562276769,0-10,0,0,0,Egypt,SHARED_-2019-Index-data-for-report.xlsx,Rankings
EGY,Egypt,2020,56,172,0.3216374269005848,49.191,49.191,0-100,0,0,0,Egypt,2020-Government-AI-Readiness-Index-public-dataset.xlsx,Global ranking
EGY,Egypt,2021,65,160,0.4025157232704403,49.75186942,49.75186942,0-100,0,0,0,Egypt,2021-Government-AI-Readiness-Index-public-dataset.xlsx,Global ranking
EGY,Egypt,2022,65,181,0.35555555555555557,49.41720556,49.41720556,0-100,0,0,0,Egypt,2022-Government-AI-Readiness-Index-public-data.xlsx,Global rankings
EGY,Egypt,2023,62,193,0.3177083333333333,52.6929229,52.6929229,0-100,0,0,0,Egypt,2023-Government-AI-Readiness-Index-Public-Indicator-Data.xlsx,Global rankings
EGY,Egypt,2024,65,188,0.3422459893048128,55.62588551,55.62588551,0-100,0,0,0,Egypt,2024-GAIRI-data.xlsx,Ranking
EGY,Egypt,2025,52,195,0.26288659793814434,59.1,59.1,0-100,0,0,0,Egypt,2025-Government-AI-Readiness-Index-data-1.xlsx,Global Rankings
ERI,Eritrea,2019,192,194,0.9896373056994818,0.21700000000000003,2.1700000000000004,0-10,0,0,0,Eritrea,SHARED_-2019-Index-data-for-report.xlsx,Rankings
ERI,Eritrea,2022,175,181,0.9666666666666667,20.16632518,20.16632518,0-100,0,0,0,Eritrea,2022-Government-AI-Readiness-Index-public-data.xlsx,Global rankings
ERI,Eritrea,2023,190,193,0.984375,19.6242147,19.6242147,0-100,0,0,0,Eritrea,2023-Government-AI-Readiness-Index-Public-Indicator-Data.xlsx,Global rankings
ERI,Eritrea,2024,180,188,0.9572192513368984,22.19695954,22.19695954,0-100,0,0,0,Eritrea,2024-GAIRI-data.xlsx,Ranking
ERI,Eritrea,2025,193,195,0.9896907216494846,12.7,12.7,0-100,0,0,0,Eritrea,2025-Government-AI-Readiness-Index-data-1.xlsx,Global Rankings
ESP,Spain,2019,36,194,0.18134715025906736,6.3321877508582896,63.321877508582894,0-10,0,0,0,Spain,SHARED_-2019-Index-data-for-report.xlsx,Rankings
ESP,Spain,2020,24,172,0.13450292397660818,68.041,68.041,0-100,0,0,0,Spain,2020-Government-AI-Readiness-Index-public-dataset.xlsx,Global ranking
ESP,Spain,2021,25,160,0.1509433962264151,67.67652903,67.67652903,0-100,0,0,0,Spain,2021-Government-AI-Readiness-Index-public-dataset.xlsx,Global ranking
ESP,Spain,2022,27,181,0.14444444444444443,67.82500746,67.82500746,0-100,0,0,0,Spain,2022-Government-AI-Readiness-Index-public-data.xlsx,Global rankings
ESP,Spain,2023,27,193,0.13541666666666666,67.47437476,67.47437476,0-100,0,0,0,Spain,2023-Government-AI-Readiness-Index-Public-Indicator-Data.xlsx,Global rankings
ESP,Spain,2024,31,188,0.16042780748663102,69.25248467,69.25248467,0-100,0,0,0,Spain,2024-GAIRI-data.xlsx,Ranking
ESP,Spain,2025,13,195,0.061855670103092786,74.22,74.22,0-100,0,0,0,Spain,2025-Government-AI-Readiness-Index-data-1.xlsx,Global Rankings
EST,Estonia,2019,23,194,0.11398963730569948,6.968428483603719,69.6842848360372,0-10,0,0,0,Estonia,SHARED_-2019-Index-data-for-report.xlsx,Rankings
EST,Estonia,2020,17,172,0.0935672514619883,69.922,69.922,0-100,0,0,0,Estonia,2020-Government-AI-Readiness-Index-public-dataset.xlsx,Global ranking
EST,Estonia,2021,21,160,0.12578616352201258,69.18310231,69.18310231,0-100,0,0,0,Estonia,2021-Government-AI-Readiness-Index-public-dataset.xlsx,Global ranking
EST,Estonia,2022,19,181,0.1,70.14246449,70.14246449,0-100,0,0,0,Estonia,2022-Government-AI-Readiness-Index-public-data.xlsx,Global rankings
EST,Estonia,2023,17,193,0.08333333333333333,70.86482958,70.86482958,0-100,0,0,0,Estonia,2023-Government-AI-Readiness-Index-Public-Indicator-Data.xlsx,Global rankings
EST,Estonia,2024,21,188,0.10695187165775401,72.61871555,72.61871555,0-100,0,0,0,Estonia,2024-GAIRI-data.xlsx,Ranking
EST,Estonia,2025,21,195,0.10309278350515463,69.56,69.56,0-100,0,0,0,Estonia,2025-Government-AI-Readiness-Index-data-1.xlsx,Global Rankings
ETH,Ethiopia,2019,126,194,0.6476683937823834,2.7772895518571428,27.772895518571428,0-10,0,0,0,Ethiopia,SHARED_-2019-Index-data-for-report.xlsx,Rankings
ETH,Ethiopia,2020,160,172,0.9298245614035088,26.169,26.169,0-100,0,0,0,Ethiopia,2020-Government-AI-Readiness-Index-public-dataset.xlsx,Global ranking
ETH,Ethiopia,2021,147,160,0.9182389937106918,27.9477856,27.9477856,0-100,0,0,0,Ethiopia,2021-Government-AI-Readiness-Index-public-dataset.xlsx,Global ranking
ETH,Ethiopia,2022,162,181,0.8944444444444445,25.30098938,25.30098938,0-100,0,0,0,Ethiopia,2022-Government-AI-Readiness-Index-public-data.xlsx,Global rankings
ETH,Ethiopia,2023,140,193,0.7239583333333334,32.58526198,32.58526198,0-100,0,0,0,Ethiopia,2023-Government-AI-Readiness-Index-Public-Indicator-Data.xlsx,Global rankings
ETH,Ethiopia,2024,119,188,0.6310160427807486,38.33624612,38.33624612,0-100,0,0,0,Ethiopia,2024-GAIRI-data.xlsx,Ranking
ETH,Ethiopia,2025,91,195,0.4639175257731959,41.58,41.58,0-100,0,0,0,Ethiopia,2025-Government-AI-Readiness-Index-data-1.xlsx,Global Rankings
FIN,Finland,2019,5,194,0.02072538860103627,8.771773580001518,87.71773580001519,0-10,0,0,0,Finland,SHARED_-2019-Index-data-for-report.xlsx,Rankings
FIN,Finland,2020,3,172,0.011695906432748537,79.238,79.238,0-100,0,0,0,Finland,2020-Government-AI-Readiness-Index-public-dataset.xlsx,Global ranking
FIN,Finland,2021,4,160,0.018867924528301886,79.23374229,79.23374229,0-100,0,0,0,Finland,2021-Government-AI-Readiness-Index-public-dataset.xlsx,Global ranking
FIN,Finland,2022,4,181,0.016666666666666666,77.59332703,77.59332703,0-100,0,0,0,Finland,2022-Government-AI-Readiness-Index-public-data.xlsx,Global rankings
FIN,Finland,2023,4,193,0.015625,77.36514132,77.36514132,0-100,0,0,0,Finland,2023-Government-AI-Readiness-Index-Public-Indicator-Data.xlsx,Global rankings
FIN,Finland,2024,9,188,0.0427807486631016,76.48471791,76.48471791,0-100,0,0,0,Finland,2024-GAIRI-data.xlsx,Ranking
FIN,Finland,2025,18,195,0.08762886597938144,70.3,70.3,0-100,0,0,0,Finland,2025-Government-AI-Readiness-Index-data-1.xlsx,Global Rankings
FJI,Fiji,2019,167,194,0.8601036269430051,0.9931000000000001,9.931000000000001,0-10,0,0,0,Fiji,SHARED_-2019-Index-data-for-report.xlsx,Rankings
FJI,Fiji,2020,89,172,0.5146198830409356,38.728,38.728,0-100,0,0,0,Fiji,2020-Government-AI-Readiness-Index-public-dataset.xlsx,Global ranking
FJI,Fiji,2021,69,160,0.4276729559748428,48.16911225,48.16911225,0-100,0,0,0,Fiji,2021-Government-AI-Readiness-Index-public-dataset.xlsx,Global ranking
FJI,Fiji,2022,85,181,0.4666666666666667,41.75570206,41.75570206,0-100,0,0,0,Fiji,2022-Government-AI-Readiness-Index-public-data.xlsx,Global rankings
FJI,Fiji,2023,96,193,0.4947916666666667,41.56883237,41.56883237,0-100,0,0,0,Fiji,2023-Government-AI-Readiness-Index-Public-Indicator-Data.xlsx,Global rankings
FJI,Fiji,2024,90,188,0.47593582887700536,44.21900038,44.21900038,0-100,0,0,0,Fiji,2024-GAIRI-data.xlsx,Ranking
FJI,Fiji,2025,108,195,0.5515463917525774,37.26,37.26,0-100,0,0,0,Fiji,2025-Government-AI-Readiness-Index-data-1.xlsx,Global Rankings
FRA,France,2019,8,194,0.03626943005181347,8.60758328690234,86.0758328690234,0-10,0,0,0,France,SHARED_-2019-Index-data-for-report.xlsx,Rankings
FRA,France,2020,11,172,0.05847953216374269,73.767,73.767,0-100,0,0,0,France,2020-Government-AI-Readiness-Index-public-dataset.xlsx,Global ranking
FRA,France,2021,11,160,0.06289308176100629,76.41358024,76.41358024,0-100,0,0,0,France,2021-Government-AI-Readiness-Index-public-dataset.xlsx,Global ranking
FRA,France,2022,7,181,0.03333333333333333,75.78358408,75.78358408,0-100,0,0,0,France,2022-Government-AI-Readiness-Index-public-data.xlsx,Global rankings
FRA,France,2023,6,193,0.026041666666666668,76.0747579,76.0747579,0-100,0,0,0,France,2023-Government-AI-Readiness-Index-Public-Indicator-Data.xlsx,Global rankings
FRA,France,2024,4,188,0.016042780748663103,79.35754271,79.35754271,0-100,0,0,0,France,2024-GAIRI-data.xlsx,Ranking
FRA,France,2025,2,195,0.005154639175257732,80.81,80.81,0-100,0,0,0,France,2025-Government-AI-Readiness-Index-data-1.xlsx,Global Rankings
FSM,Micronesia,2019,186,194,0.9585492227979274,0.46130000000000004,4.613,0-10,0,0,0,Micronesia,SHARED_-2019-Index-data-for-report.xlsx,Rankings
FSM,Micronesia,2025,172,195,0.8814432989690721,20.6,20.6,0-100,0,0,0,Micronesia (Federated States of),2025-Government-AI-Readiness-Index-data-1.xlsx,Global Rankings
GAB,Gabon,2019,132,194,0.6787564766839378,2.5491983085714285,25.491983085714285,0-10,0,0,0,Gabon,SHARED_-2019-Index-data-for-report.xlsx,Rankings
GAB,Gabon,2020,110,172,0.6374269005847953,35.064,35.064,0-100,0,0,0,Gabon,2020-Government-AI-Readiness-Index-public-dataset.xlsx,Global ranking
GAB,Gabon,2021,107,160,0.6666666666666666,36.50752942,36.50752942,0-100,0,0,0,Gabon,2021-Government-AI-Readiness-Index-public-dataset.xlsx,Global ranking
GAB,Gabon,2022,127,181,0.7,32.42445285,32.42445285,0-100,0,0,0,Gabon,2022-Government-AI-Readiness-Index-public-data.xlsx,Global rankings
GAB,Gabon,2023,135,193,0.6979166666666666,33.09015799,33.09015799,0-100,0,0,0,Gabon,2023-Government-AI-Readiness-Index-Public-Indicator-Data.xlsx,Global rankings
GAB,Gabon,2024,144,188,0.7647058823529411,34.14729966,34.14729966,0-100,0,0,0,Gabon,2024-GAIRI-data.xlsx,Ranking
GAB,Gabon,2025,133,195,0.6804123711340206,28.41,28.41,0-100,0,0,0,Gabon,2025-Government-AI-Readiness-Index-data-1.xlsx,Global Rankings
GBR,United Kingdom,2019,2,194,0.0051813471502590676,9.069447068700317,90.69447068700316,0-10,0,0,0,United Kingdom,SHARED_-2019-Index-data-for-report.xlsx,Rankings
GBR,United Kingdom,2020,2,172,0.005847953216374269,81.124,81.124,0-100,0,0,0,United Kingdom,2020-Government-AI-Readiness-Index-public-dataset.xlsx,Global ranking
GBR,United Kingdom,2021,3,160,0.012578616352201259,81.25074503,81.25074503,0-100,0,0,0,United Kingdom,2021-Government-AI-Readiness-Index-public-dataset.xlsx,Global ranking
GBR,United Kingdom,2022,3,181,0.011111111111111112,78.54010209,78.54010209,0-100,0,0,0,United Kingdom,2022-Government-AI-Readiness-Index-public-data.xlsx,Global rankings
GBR,United Kingdom,2023,3,193,0.010416666666666666,78.57223041,78.57223041,0-100,0,0,0,United Kingdom of Great Britain and Northern Ireland,2023-Government-AI-Readiness-Index-Public-Indicator-Data.xlsx,Global rankings
GBR,United Kingdom,2024,5,188,0.0213903743315508,78.88344052,78.88344052,0-100,0,0,0,United Kingdom of Great Britain and Northern Ireland,2024-GAIRI-data.xlsx,Ranking
GBR,United Kingdom,2025,3,195,0.010309278350515464,77.75,77.75,0-100,0,0,0,United Kingdom of Great Britain and Northern Ireland,2025-Government-AI-Readiness-Index-data-1.xlsx,Global Rankings
GEO,Georgia,2019,76,194,0.38860103626943004,4.86314648226901,48.6314648226901,0-10,0,0,0,Georgia,SHARED_-2019-Index-data-for-report.xlsx,Rankings
GEO,Georgia,2020,72,172,0.4152046783625731,43.387,43.387,0-100,0,0,0,Georgia,2020-Government-AI-Readiness-Index-public-dataset.xlsx,Global ranking
GEO,Georgia,2021,79,160,0.49056603773584906,45.41491686,45.41491686,0-100,0,0,0,Georgia,2021-Government-AI-Readiness-Index-public-dataset.xlsx,Global ranking
GEO,Georgia,2022,88,181,0.48333333333333334,40.79056687,40.79056687,0-100,0,0,0,Georgia,2022-Government-AI-Readiness-Index-public-data.xlsx,Global rankings
GEO,Georgia,2023,99,193,0.5104166666666666,41.26650193,41.26650193,0-100,0,0,0,Georgia,2023-Government-AI-Readiness-Index-Public-Indicator-Data.xlsx,Global rankings
GEO,Georgia,2024,81,188,0.42780748663101603,46.91902495,46.91902495,0-100,0,0,0,Georgia,2024-GAIRI-data.xlsx,Ranking
GEO,Georgia,2025,87,195,0.44329896907216493,42.75,42.75,0-100,0,0,0,Georgia,2025-Government-AI-Readiness-Index-data-1.xlsx,Global Rankings
GHA,Ghana,2019,75,194,0.38341968911917096,4.888198281680877,48.88198281680877,0-10,0,0,0,Ghana,SHARED_-2019-Index-data-for-report.xlsx,Rankings
GHA,Ghana,2020,91,172,0.5263157894736842,38.499,38.499,0-100,0,0,0,Ghana,2020-Government-AI-Readiness-Index-public-dataset.xlsx,Global ranking
GHA,Ghana,2021,92,160,0.5723270440251572,40.19417706,40.19417706,0-100,0,0,0,Ghana,2021-Government-AI-Readiness-Index-public-dataset.xlsx,Global ranking
GHA,Ghana,2022,104,181,0.5722222222222222,36.56305785,36.56305785,0-100,0,0,0,Ghana,2022-Government-AI-Readiness-Index-public-data.xlsx,Global rankings
GHA,Ghana,2023,141,193,0.7291666666666666,32.58404214,32.58404214,0-100,0,0,0,Ghana,2023-Government-AI-Readiness-Index-Public-Indicator-Data.xlsx,Global rankings
GHA,Ghana,2024,95,188,0.5026737967914439,43.30178073,43.30178073,0-100,0,0,0,Ghana,2024-GAIRI-data.xlsx,Ranking
GHA,Ghana,2025,78,195,0.39690721649484534,47.42,47.42,0-100,0,0,0,Ghana,2025-Government-AI-Readiness-Index-data-1.xlsx,Global Rankings
GIN,Guinea,2019,140,194,0.7202072538860104,2.250934224,22.50934224,0-10,0,0,0,Guinea,SHARED_-2019-Index-data-for-report.xlsx,Rankings
GIN,Guinea,2020,150,172,0.8713450292397661,29.003,29.003,0-100,0,0,0,Guinea,2020-Government-AI-Readiness-Index-public-dataset.xlsx,Global ranking
GIN,Guinea,2021,149,160,0.9308176100628931,27.54707074,27.54707074,0-100,0,0,0,Guinea,2021-Government-AI-Readiness-Index-public-dataset.xlsx,Global ranking
GIN,Guinea,2022,155,181,0.8555555555555555,27.81521975,27.81521975,0-100,0,0,0,Guinea,2022-Government-AI-Readiness-Index-public-data.xlsx,Global rankings
GIN,Guinea,2023,166,193,0.859375,27.44381327,27.44381327,0-100,0,0,0,Guinea,2023-Government-AI-Readiness-Index-Public-Indicator-Data.xlsx,Global rankings
GIN,Guinea,2024,158,188,0.839572192513369,30.21187153,30.21187153,0-100,0,0,0,Guinea,2024-GAIRI-data.xlsx,Ranking
GIN,Guinea,2025,183,195,0.9381443298969072,17.81,17.81,0-100,0,0,0,Guinea,2025-Government-AI-Readiness-Index-data-1.xlsx,Global Rankings
GMB,Gambia,2019,108,194,0.5544041450777202,3.602284275571428,36.02284275571428,0-10,0,0,0,Gambia,SHARED_-2019-Index-data-for-report.xlsx,Rankings
GMB,Gambia,2020,113,172,0.6549707602339181,34.511,34.511,0-100,0,0,0,Gambia,2020-Government-AI-Readiness-Index-public-dataset.xlsx,Global ranking
GMB,Gambia,2021,135,160,0.8427672955974843,30.45293732,30.45293732,0-100,0,0,0,Gambia,2021-Government-AI-Readiness-Index-public-dataset.xlsx,Global ranking
GMB,Gambia,2022,153,181,0.8444444444444444,27.96448778,27.96448778,0-100,0,0,0,Gambia,2022-Government-AI-Readiness-Index-public-data.xlsx,Global rankings
GMB,Gambia,2023,154,193,0.796875,30.25153776,30.25153776,0-100,0,0,0,Gambia (Republic of The),2023-Government-AI-Readiness-Index-Public-Indicator-Data.xlsx,Global rankings
GMB,Gambia,2024,168,188,0.893048128342246,26.94732127,26.94732127,0-100,0,0,0,Gambia (Republic of The),2024-GAIRI-data.xlsx,Ranking
GMB,Gambia,2025,153,195,0.7835051546391752,23.64,23.64,0-100,0,0,0,Gambia (Republic of The),2025-Government-AI-Readiness-Index-data-1.xlsx,Global Rankings
GNB,Guinea Bissau,2019,190,194,0.9792746113989638,0.2651,2.651,0-10,0,0,0,Guinea-Bissau,SHARED_-2019-Index-data-for-report.xlsx,Rankings
GNB,Guinea Bissau,2020,162,172,0.9415204678362573,25.123,25.123,0-100,0,0,0,Guinea Bissau,2020-Government-AI-Readiness-Index-public-dataset.xlsx,Global ranking
GNB,Guinea Bissau,2022,168,181,0.9277777777777778,22.82405378,22.82405378,0-100,0,0,0,Guinea Bissau,2022-Government-AI-Readiness-Index-public-data.xlsx,Global rankings
GNB,Guinea Bissau,2023,179,193,0.9270833333333334,24.11485899,24.11485899,0-100,0,0,0,Guinea Bissau,2023-Government-AI-Readiness-Index-Public-Indicator-Data.xlsx,Global rankings
GNB,Guinea Bissau,2024,172,188,0.9144385026737968,25.70947239,25.70947239,0-100,0,0,0,Guinea Bissau,2024-GAIRI-data.xlsx,Ranking
GNB,Guinea Bissau,2025,195,195,1.0,12.12,12.12,0-100,0,0,0,Guinea Bissau,2025-Government-AI-Readiness-Index-data-1.xlsx,Global Rankings
GNQ,Equatorial Guinea,2019,161,194,0.8290155440414507,1.2784,12.783999999999999,0-10,0,0,0,Equatorial Guinea,SHARED_-2019-Index-data-for-report.xlsx,Rankings
GNQ,Equatorial Guinea,2023,163,193,0.84375,28.04104529,28.04104529,0-100,0,0,0,Equatorial Guinea,2023-Government-AI-Readiness-Index-Public-Indicator-Data.xlsx,Global rankings
GNQ,Equatorial Guinea,2024,167,188,0.8877005347593583,27.09253188,27.09253188,0-100,0,0,0,Equatorial Guinea,2024-GAIRI-data.xlsx,Ranking
GNQ,Equatorial Guinea,2025,187,195,0.9587628865979382,16.18,16.18,0-100,0,0,0,Equatorial Guinea,2025-Government-AI-Readiness-Index-data-1.xlsx,Global Rankings
GRC,Greece,2019,49,194,0.24870466321243523,5.760081823451374,57.60081823451374,0-10,0,0,0,Greece,SHARED_-2019-Index-data-for-report.xlsx,Rankings
GRC,Greece,2020,61,172,0.3508771929824561,47.933,47.933,0-100,0,0,0,Greece,2020-Government-AI-Readiness-Index-public-dataset.xlsx,Global ranking
GRC,Greece,2021,50,160,0.3081761006289308,56.22319444,56.22319444,0-100,0,0,0,Greece,2021-Government-AI-Readiness-Index-public-dataset.xlsx,Global ranking
GRC,Greece,2022,50,181,0.2722222222222222,58.56101347,58.56101347,0-100,0,0,0,Greece,2022-Government-AI-Readiness-Index-public-data.xlsx,Global rankings
GRC,Greece,2023,52,193,0.265625,57.94965354,57.94965354,0-100,0,0,0,Greece,2023-Government-AI-Readiness-Index-Public-Indicator-Data.xlsx,Global rankings
GRC,Greece,2024,59,188,0.31016042780748665,57.69792651,57.69792651,0-100,0,0,0,Greece,2024-GAIRI-data.xlsx,Ranking
GRC,Greece,2025,42,195,0.211340206185567,60.51,60.51,0-100,0,0,0,Greece,2025-Government-AI-Readiness-Index-data-1.xlsx,Global Rankings
GRD,Grenada,2019,164,194,0.844559585492228,1.0861,10.861,0-10,0,0,0,Grenada,SHARED_-2019-Index-data-for-report.xlsx,Rankings
GRD,Grenada,2020,119,172,0.6900584795321637,33.45,33.45,0-100,0,0,0,Grenada,2020-Government-AI-Readiness-Index-public-dataset.xlsx,Global ranking
GRD,Grenada,2022,117,181,0.6444444444444445,34.39033175,34.39033175,0-100,0,0,0,Grenada,2022-Government-AI-Readiness-Index-public-data.xlsx,Global rankings
GRD,Grenada,2023,128,193,0.6614583333333334,34.63095618,34.63095618,0-100,0,0,0,Grenada,2023-Government-AI-Readiness-Index-Public-Indicator-Data.xlsx,Global rankings
GRD,Grenada,2024,121,188,0.6417112299465241,37.96322567,37.96322567,0-100,0,0,0,Grenada,2024-GAIRI-data.xlsx,Ranking
GRD,Grenada,2025,176,195,0.9020618556701031,19.36,19.36,0-100,0,0,0,Grenada,2025-Government-AI-Readiness-Index-data-1.xlsx,Global Rankings
GTM,Guatemala,2019,115,194,0.5906735751295337,3.3851302785714283,33.85130278571428,0-10,0,1,1,Guatemala,SHARED_-2019-Index-data-for-report.xlsx,Rankings
GTM,Guatemala,2020,132,172,0.7660818713450293,31.179,31.179,0-100,0,1,1,Guatemala,2020-Government-AI-Readiness-Index-public-dataset.xlsx,Global ranking
GTM,Guatemala,2021,125,160,0.779874213836478,32.25324754,32.25324754,0-100,0,1,1,Guatemala,2021-Government-AI-Readiness-Index-public-dataset.xlsx,Global ranking
GTM,Guatemala,2022,114,181,0.6277777777777778,34.92596868,34.92596868,0-100,0,1,1,Guatemala,2022-Government-AI-Readiness-Index-public-data.xlsx,Global rankings
GTM,Guatemala,2023,121,193,0.625,35.75753858,35.75753858,0-100,0,1,1,Guatemala,2023-Government-AI-Readiness-Index-Public-Indicator-Data.xlsx,Global rankings
GTM,Guatemala,2024,135,188,0.7165775401069518,36.4144385,36.4144385,0-100,0,1,1,Guatemala,2024-GAIRI-data.xlsx,Ranking
GTM,Guatemala,2025,129,195,0.6597938144329897,29.34,29.34,0-100,0,1,1,Guatemala,2025-Government-AI-Readiness-Index-data-1.xlsx,Global Rankings
GUY,Guyana,2019,145,194,0.7461139896373057,2.0937599330000003,20.937599330000005,0-10,0,0,0,Guyana,SHARED_-2019-Index-data-for-report.xlsx,Rankings
GUY,Guyana,2020,141,172,0.8187134502923976,30.55,30.55,0-100,0,0,0,Guyana,2020-Government-AI-Readiness-Index-public-dataset.xlsx,Global ranking
GUY,Guyana,2022,122,181,0.6722222222222223,33.51820323,33.51820323,0-100,0,0,0,Guyana,2022-Government-AI-Readiness-Index-public-data.xlsx,Global rankings
GUY,Guyana,2023,116,193,0.5989583333333334,36.7932748,36.7932748,0-100,0,0,0,Guyana,2023-Government-AI-Readiness-Index-Public-Indicator-Data.xlsx,Global rankings
GUY,Guyana,2024,126,188,0.6684491978609626,37.23458971,37.23458971,0-100,0,0,0,Guyana,2024-GAIRI-data.xlsx,Ranking
GUY,Guyana,2025,146,195,0.7474226804123711,25.47,25.47,0-100,0,0,0,Guyana,2025-Government-AI-Readiness-Index-data-1.xlsx,Global Rankings
HND,Honduras,2019,96,194,0.49222797927461137,4.135088938571428,41.35088938571428,0-10,0,1,1,Honduras,SHARED_-2019-Index-data-for-report.xlsx,Rankings
HND,Honduras,2020,135,172,0.783625730994152,30.966,30.966,0-100,0,1,1,Honduras,2020-Government-AI-Readiness-Index-public-dataset.xlsx,Global ranking
HND,Honduras,2021,115,160,0.7169811320754716,34.91378879,34.91378879,0-100,0,1,1,Honduras,2021-Government-AI-Readiness-Index-public-dataset.xlsx,Global ranking
HND,Honduras,2022,134,181,0.7388888888888889,31.04337178,31.04337178,0-100,0,1,1,Honduras,2022-Government-AI-Readiness-Index-public-data.xlsx,Global rankings
HND,Honduras,2023,139,193,0.71875,32.63199659,32.63199659,0-100,0,1,1,Honduras,2023-Government-AI-Readiness-Index-Public-Indicator-Data.xlsx,Global rankings
HND,Honduras,2024,159,188,0.8449197860962567,29.83450267,29.83450267,0-100,0,1,1,Honduras,2024-GAIRI-data.xlsx,Ranking
HND,Honduras,2025,157,195,0.8041237113402062,22.96,22.96,0-100,0,1,1,Honduras,2025-Government-AI-Readiness-Index-data-1.xlsx,Global Rankings
HRV,Croatia,2019,62,194,0.3160621761658031,5.272676846252306,52.72676846252306,0-10,0,0,0,Croatia,SHARED_-2019-Index-data-for-report.xlsx,Rankings
HRV,Croatia,2020,58,172,0.3333333333333333,48.615,48.615,0-100,0,0,0,Croatia,2020-Government-AI-Readiness-Index-public-dataset.xlsx,Global ranking
HRV,Croatia,2021,61,160,0.37735849056603776,52.29801885,52.29801885,0-100,0,0,0,Croatia,2021-Government-AI-Readiness-Index-public-dataset.xlsx,Global ranking
HRV,Croatia,2022,66,181,0.3611111111111111,48.58505521,48.58505521,0-100,0,0,0,Croatia,2022-Government-AI-Readiness-Index-public-data.xlsx,Global rankings
HRV,Croatia,2023,70,193,0.359375,49.34199305,49.34199305,0-100,0,0,0,Croatia,2023-Government-AI-Readiness-Index-Public-Indicator-Data.xlsx,Global rankings
HRV,Croatia,2024,74,188,0.39037433155080214,51.62288743,51.62288743,0-100,0,0,0,Croatia,2024-GAIRI-data.xlsx,Ranking
HRV,Croatia,2025,72,195,0.36597938144329895,49.79,49.79,0-100,0,0,0,Croatia,2025-Government-AI-Readiness-Index-data-1.xlsx,Global Rankings
HTI,Haiti,2019,150,194,0.772020725388601,2.0341603002857145,20.341603002857145,0-10,0,0,0,Haiti,SHARED_-2019-Index-data-for-report.xlsx,Rankings
HTI,Haiti,2020,170,172,0.9883040935672515,21.107,21.107,0-100,0,0,0,Haiti,2020-Government-AI-Readiness-Index-public-dataset.xlsx,Global ranking
HTI,Haiti,2021,152,160,0.949685534591195,25.13503439,25.13503439,0-100,0,0,0,Haiti,2021-Government-AI-Readiness-Index-public-dataset.xlsx,Global ranking
HTI,Haiti,2022,178,181,0.9833333333333333,18.60688175,18.60688175,0-100,0,0,0,Haiti,2022-Government-AI-Readiness-Index-public-data.xlsx,Global rankings
HTI,Haiti,2023,184,193,0.953125,21.97179066,21.97179066,0-100,0,0,0,Haiti,2023-Government-AI-Readiness-Index-Public-Indicator-Data.xlsx,Global rankings
HTI,Haiti,2024,184,188,0.9786096256684492,20.05762277,20.05762277,0-100,0,0,0,Haiti,2024-GAIRI-data.xlsx,Ranking
HTI,Haiti,2025,190,195,0.9742268041237113,14.94,14.94,0-100,0,0,0,Haiti,2025-Government-AI-Readiness-Index-data-1.xlsx,Global Rankings
HUN,Hungary,2019,48,194,0.24352331606217617,5.79401353835768,57.9401353835768,0-10,0,0,0,Hungary,SHARED_-2019-Index-data-for-report.xlsx,Rankings
HUN,Hungary,2020,41,172,0.23391812865497075,55.818,55.818,0-100,0,0,0,Hungary,2020-Government-AI-Readiness-Index-public-dataset.xlsx,Global ranking
HUN,Hungary,2021,43,160,0.2641509433962264,59.71500633,59.71500633,0-100,0,0,0,Hungary,2021-Government-AI-Readiness-Index-public-dataset.xlsx,Global ranking
HUN,Hungary,2022,42,181,0.22777777777777777,61.43939487,61.43939487,0-100,0,0,0,Hungary,2022-Government-AI-Readiness-Index-public-data.xlsx,Global rankings
HUN,Hungary,2023,45,193,0.22916666666666666,60.66027035,60.66027035,0-100,0,0,0,Hungary,2023-Government-AI-Readiness-Index-Public-Indicator-Data.xlsx,Global rankings
HUN,Hungary,2024,43,188,0.22459893048128343,63.63204457,63.63204457,0-100,0,0,0,Hungary,2024-GAIRI-data.xlsx,Ranking
HUN,Hungary,2025,35,195,0.17525773195876287,63.17,63.17,0-100,0,0,0,Hungary,2025-Government-AI-Readiness-Index-data-1.xlsx,Global Rankings
IDN,Indonesia,2019,57,194,0.29015544041450775,5.41957546373709,54.1957546373709,0-10,0,0,0,Indonesia,SHARED_-2019-Index-data-for-report.xlsx,Rankings
IDN,Indonesia,2020,62,172,0.3567251461988304,47.528,47.528,0-100,0,0,0,Indonesia,2020-Government-AI-Readiness-Index-public-dataset.xlsx,Global ranking
IDN,Indonesia,2021,47,160,0.2893081761006289,58.13597168,58.13597168,0-100,0,0,0,Indonesia,2021-Government-AI-Readiness-Index-public-dataset.xlsx,Global ranking
IDN,Indonesia,2022,43,181,0.23333333333333334,60.89255185,60.89255185,0-100,0,0,0,Indonesia,2022-Government-AI-Readiness-Index-public-data.xlsx,Global rankings
IDN,Indonesia,2023,42,193,0.21354166666666666,61.03492368,61.03492368,0-100,0,0,0,Indonesia,2023-Government-AI-Readiness-Index-Public-Indicator-Data.xlsx,Global rankings
IDN,Indonesia,2024,38,188,0.19786096256684493,65.85124932,65.85124932,0-100,0,0,0,Indonesia,2024-GAIRI-data.xlsx,Ranking
IDN,Indonesia,2025,46,195,0.23195876288659795,59.87,59.87,0-100,0,0,0,Indonesia,2025-Government-AI-Readiness-Index-data-1.xlsx,Global Rankings
IND,India,2019,17,194,0.08290155440414508,7.515334304362437,75.15334304362437,0-10,0,0,0,India,SHARED_-2019-Index-data-for-report.xlsx,Rankings
IND,India,2020,40,172,0.22807017543859648,55.983,55.983,0-100,0,0,0,India,2020-Government-AI-Readiness-Index-public-dataset.xlsx,Global ranking
IND,India,2021,51,160,0.31446540880503143,56.10603803,56.10603803,0-100,0,0,0,India,2021-Government-AI-Readiness-Index-public-dataset.xlsx,Global ranking
IND,India,2022,32,181,0.17222222222222222,63.66522524,63.66522524,0-100,0,0,0,India,2022-Government-AI-Readiness-Index-public-data.xlsx,Global rankings
IND,India,2023,40,193,0.203125,62.57800735,62.57800735,0-100,0,0,0,India,2023-Government-AI-Readiness-Index-Public-Indicator-Data.xlsx,Global rankings
IND,India,2024,46,188,0.24064171122994651,62.80654813,62.80654813,0-100,0,0,0,India,2024-GAIRI-data.xlsx,Ranking
IND,India,2025,27,195,0.13402061855670103,66.55,66.55,0-100,0,0,0,India,2025-Government-AI-Readiness-Index-data-1.xlsx,Global Rankings
IRL,Ireland,2019,34,194,0.17098445595854922,6.542413401744888,65.42413401744888,0-10,0,0,0,Ireland,SHARED_-2019-Index-data-for-report.xlsx,Rankings
IRL,Ireland,2020,21,172,0.11695906432748537,68.244,68.244,0-100,0,0,0,Ireland,2020-Government-AI-Readiness-Index-public-dataset.xlsx,Global ranking
IRL,Ireland,2021,17,160,0.10062893081761007,72.79927998,72.79927998,0-100,0,0,0,Ireland,2021-Government-AI-Readiness-Index-public-dataset.xlsx,Global ranking
IRL,Ireland,2022,18,181,0.09444444444444444,70.75787951,70.75787951,0-100,0,0,0,Ireland,2022-Government-AI-Readiness-Index-public-data.xlsx,Global rankings
IRL,Ireland,2023,20,193,0.09895833333333333,69.82192222,69.82192222,0-100,0,0,0,Ireland,2023-Government-AI-Readiness-Index-Public-Indicator-Data.xlsx,Global rankings
IRL,Ireland,2024,18,188,0.09090909090909091,73.18014934,73.18014934,0-100,0,0,0,Ireland,2024-GAIRI-data.xlsx,Ranking
IRL,Ireland,2025,17,195,0.08247422680412371,70.58,70.58,0-100,0,0,0,Ireland,2025-Government-AI-Readiness-Index-data-1.xlsx,Global Rankings
IRN,Iran,2019,72,194,0.36787564766839376,5.0494704436727265,50.49470443672726,0-10,0,0,0,Iran,SHARED_-2019-Index-data-for-report.xlsx,Rankings
IRN,Iran,2020,75,172,0.4327485380116959,42.894,42.894,0-100,0,0,0,Iran,2020-Government-AI-Readiness-Index-public-dataset.xlsx,Global ranking
IRN,Iran,2021,72,160,0.44654088050314467,46.2258541,46.2258541,0-100,0,0,0,Iran,2021-Government-AI-Readiness-Index-public-dataset.xlsx,Global ranking
IRN,Iran,2022,75,181,0.4111111111111111,45.29521769,45.29521769,0-100,0,0,0,Iran,2022-Government-AI-Readiness-Index-public-data.xlsx,Global rankings
IRN,Iran,2023,94,193,0.484375,42.07324885,42.07324885,0-100,0,0,0,Iran (Islamic Republic of),2023-Government-AI-Readiness-Index-Public-Indicator-Data.xlsx,Global rankings
IRN,Iran,2024,91,188,0.48128342245989303,43.88147313,43.88147313,0-100,0,0,0,Iran (Islamic Republic of),2024-GAIRI-data.xlsx,Ranking
IRN,Iran,2025,76,195,0.3865979381443299,48.34,48.34,0-100,0,0,0,Iran (Islamic Republic of),2025-Government-AI-Readiness-Index-data-1.xlsx,Global Rankings
IRQ,Iraq,2019,156,194,0.8031088082901554,1.657,16.57,0-10,0,0,0,Iraq,SHARED_-2019-Index-data-for-report.xlsx,Rankings
IRQ,Iraq,2020,116,172,0.672514619883041,33.876,33.876,0-100,0,0,0,Iraq,2020-Government-AI-Readiness-Index-public-dataset.xlsx,Global ranking
IRQ,Iraq,2021,104,160,0.6477987421383647,36.93068457,36.93068457,0-100,0,0,0,Iraq,2021-Government-AI-Readiness-Index-public-dataset.xlsx,Global ranking
IRQ,Iraq,2022,131,181,0.7222222222222222,31.52182498,31.52182498,0-100,0,0,0,Iraq,2022-Government-AI-Readiness-Index-public-data.xlsx,Global rankings
IRQ,Iraq,2023,133,193,0.6875,33.39561913,33.39561913,0-100,0,0,0,Iraq,2023-Government-AI-Readiness-Index-Public-Indicator-Data.xlsx,Global rankings
IRQ,Iraq,2024,107,188,0.5668449197860963,40.90613432,40.90613432,0-100,0,0,0,Iraq,2024-GAIRI-data.xlsx,Ranking
IRQ,Iraq,2025,128,195,0.654639175257732,29.37,29.37,0-100,0,0,0,Iraq,2025-Government-AI-Readiness-Index-data-1.xlsx,Global Rankings
ISL,Iceland,2019,28,194,0.13989637305699482,6.809257053368459,68.09257053368458,0-10,0,0,0,Iceland,SHARED_-2019-Index-data-for-report.xlsx,Rankings
ISL,Iceland,2020,35,172,0.19883040935672514,57.631,57.631,0-100,0,0,0,Iceland,2020-Government-AI-Readiness-Index-public-dataset.xlsx,Global ranking
ISL,Iceland,2021,46,160,0.2830188679245283,58.52549589,58.52549589,0-100,0,0,0,Iceland,2021-Government-AI-Readiness-Index-public-dataset.xlsx,Global ranking
ISL,Iceland,2022,45,181,0.24444444444444444,59.84295226,59.84295226,0-100,0,0,0,Iceland,2022-Government-AI-Readiness-Index-public-data.xlsx,Global rankings
ISL,Iceland,2023,21,193,0.10416666666666667,69.5940496,69.5940496,0-100,0,0,0,Iceland,2023-Government-AI-Readiness-Index-Public-Indicator-Data.xlsx,Global rankings
ISL,Iceland,2024,29,188,0.1497326203208556,69.82023722,69.82023722,0-100,0,0,0,Iceland,2024-GAIRI-data.xlsx,Ranking
ISL,Iceland,2025,44,195,0.22164948453608246,60.49,60.49,0-100,0,0,0,Iceland,2025-Government-AI-Readiness-Index-data-1.xlsx,Global Rankings
ISR,Israel,2019,21,194,0.10362694300518134,7.348204120546201,73.48204120546201,0-10,0,0,0,Israel,SHARED_-2019-Index-data-for-report.xlsx,Rankings
ISR,Israel,2020,20,172,0.1111111111111111,68.825,68.825,0-100,0,0,0,Israel,2020-Government-AI-Readiness-Index-public-dataset.xlsx,Global ranking
ISR,Israel,2021,20,160,0.11949685534591195,70.00840751,70.00840751,0-100,0,0,0,Israel,2021-Government-AI-Readiness-Index-public-dataset.xlsx,Global ranking
ISR,Israel,2022,20,181,0.10555555555555556,70.11641725,70.11641725,0-100,0,0,0,Israel,2022-Government-AI-Readiness-Index-public-data.xlsx,Global rankings
ISR,Israel,2023,30,193,0.15104166666666666,65.4642356,65.4642356,0-100,0,0,0,Israel,2023-Government-AI-Readiness-Index-Public-Indicator-Data.xlsx,Global rankings
ISR,Israel,2024,17,188,0.0855614973262032,74.52155598,74.52155598,0-100,0,0,0,Israel,2024-GAIRI-data.xlsx,Ranking
ISR,Israel,2025,16,195,0.07731958762886598,71.32,71.32,0-100,0,0,0,Israel,2025-Government-AI-Readiness-Index-data-1.xlsx,Global Rankings
ITA,Italy,2019,15,194,0.07253886010362694,7.532833241521149,75.32833241521149,0-10,0,0,0,Italy,SHARED_-2019-Index-data-for-report.xlsx,Rankings
ITA,Italy,2020,25,172,0.14035087719298245,65.391,65.391,0-100,0,0,0,Italy,2020-Government-AI-Readiness-Index-public-dataset.xlsx,Global ranking
ITA,Italy,2021,27,160,0.16352201257861634,67.07136413,67.07136413,0-100,0,0,0,Italy,2021-Government-AI-Readiness-Index-public-dataset.xlsx,Global ranking
ITA,Italy,2022,24,181,0.12777777777777777,68.40631647,68.40631647,0-100,0,0,0,Italy,2022-Government-AI-Readiness-Index-public-data.xlsx,Global rankings
ITA,Italy,2023,26,193,0.13020833333333334,67.62584509,67.62584509,0-100,0,0,0,Italy,2023-Government-AI-Readiness-Index-Public-Indicator-Data.xlsx,Global rankings
ITA,Italy,2024,25,188,0.12834224598930483,71.21652388,71.21652388,0-100,0,0,0,Italy,2024-GAIRI-data.xlsx,Ranking
ITA,Italy,2025,25,195,0.12371134020618557,68.81,68.81,0-100,0,0,0,Italy,2025-Government-AI-Readiness-Index-data-1.xlsx,Global Rankings
JAM,Jamaica,2019,87,194,0.44559585492227977,4.475860206285714,44.758602062857136,0-10,0,0,0,Jamaica,SHARED_-2019-Index-data-for-report.xlsx,Rankings
JAM,Jamaica,2020,92,172,0.5321637426900585,38.357,38.357,0-100,0,0,0,Jamaica,2020-Government-AI-Readiness-Index-public-dataset.xlsx,Global ranking
JAM,Jamaica,2021,87,160,0.5408805031446541,41.49969775,41.49969775,0-100,0,0,0,Jamaica,2021-Government-AI-Readiness-Index-public-dataset.xlsx,Global ranking
JAM,Jamaica,2022,103,181,0.5666666666666667,37.09045226,37.09045226,0-100,0,0,0,Jamaica,2022-Government-AI-Readiness-Index-public-data.xlsx,Global rankings
JAM,Jamaica,2023,98,193,0.5052083333333334,41.31633222,41.31633222,0-100,0,0,0,Jamaica,2023-Government-AI-Readiness-Index-Public-Indicator-Data.xlsx,Global rankings
JAM,Jamaica,2024,122,188,0.6470588235294118,37.79095056,37.79095056,0-100,0,0,0,Jamaica,2024-GAIRI-data.xlsx,Ranking
JAM,Jamaica,2025,99,195,0.5051546391752577,40.09,40.09,0-100,0,0,0,Jamaica,2025-Government-AI-Readiness-Index-data-1.xlsx,Global Rankings
JOR,Jordan,2019,74,194,0.37823834196891193,4.927361624538021,49.27361624538021,0-10,0,0,0,Jordan,SHARED_-2019-Index-data-for-report.xlsx,Rankings
JOR,Jordan,2020,79,172,0.45614035087719296,41.759,41.759,0-100,0,0,0,Jordan,2020-Government-AI-Readiness-Index-public-dataset.xlsx,Global ranking
JOR,Jordan,2021,80,160,0.4968553459119497,44.37804843,44.37804843,0-100,0,0,0,Jordan,2021-Government-AI-Readiness-Index-public-dataset.xlsx,Global ranking
JOR,Jordan,2022,63,181,0.34444444444444444,51.76399042,51.76399042,0-100,0,0,0,Jordan,2022-Government-AI-Readiness-Index-public-data.xlsx,Global rankings
JOR,Jordan,2023,55,193,0.28125,56.8468117,56.8468117,0-100,0,0,0,Jordan,2023-Government-AI-Readiness-Index-Public-Indicator-Data.xlsx,Global rankings
JOR,Jordan,2024,49,188,0.25668449197860965,61.56757258,61.56757258,0-100,0,0,0,Jordan,2024-GAIRI-data.xlsx,Ranking
JOR,Jordan,2025,63,195,0.31958762886597936,56.07,56.07,0-100,0,0,0,Jordan,2025-Government-AI-Readiness-Index-data-1.xlsx,Global Rankings
JPN,Japan,2019,10,194,0.046632124352331605,8.582054959328348,85.82054959328347,0-10,0,0,0,Japan,SHARED_-2019-Index-data-for-report.xlsx,Rankings
JPN,Japan,2020,13,172,0.07017543859649122,73.303,73.303,0-100,0,0,0,Japan,2020-Government-AI-Readiness-Index-public-dataset.xlsx,Global ranking
JPN,Japan,2021,12,160,0.06918238993710692,76.17752679,76.17752679,0-100,0,0,0,Japan,2021-Government-AI-Readiness-Index-public-dataset.xlsx,Global ranking
JPN,Japan,2022,9,181,0.044444444444444446,75.2536366,75.2536366,0-100,0,0,0,Japan,2022-Government-AI-Readiness-Index-public-data.xlsx,Global rankings
JPN,Japan,2023,9,193,0.041666666666666664,75.07579217,75.07579217,0-100,0,0,0,Japan,2023-Government-AI-Readiness-Index-Public-Indicator-Data.xlsx,Global rankings
JPN,Japan,2024,12,188,0.058823529411764705,75.74917653,75.74917653,0-100,0,0,0,Japan,2024-GAIRI-data.xlsx,Ranking
JPN,Japan,2025,14,195,0.06701030927835051,72.24,72.24,0-100,0,0,0,Japan,2025-Government-AI-Readiness-Index-data-1.xlsx,Global Rankings
KAZ,Kazakhstan,2019,65,194,0.3316062176165803,5.235666218840438,52.356662188404385,0-10,0,0,0,Kazakhstan,SHARED_-2019-Index-data-for-report.xlsx,Rankings
KAZ,Kazakhstan,2020,64,172,0.3684210526315789,46.554,46.554,0-100,0,0,0,Kazakhstan,2020-Government-AI-Readiness-Index-public-dataset.xlsx,Global ranking
KAZ,Kazakhstan,2021,66,160,0.4088050314465409,48.42782516,48.42782516,0-100,0,0,0,Kazakhstan,2021-Government-AI-Readiness-Index-public-dataset.xlsx,Global ranking
KAZ,Kazakhstan,2022,72,181,0.39444444444444443,45.78086433,45.78086433,0-100,0,0,0,Kazakhstan,2022-Government-AI-Readiness-Index-public-data.xlsx,Global rankings
KAZ,Kazakhstan,2023,72,193,0.3697916666666667,48.55608275,48.55608275,0-100,0,0,0,Kazakhstan,2023-Government-AI-Readiness-Index-Public-Indicator-Data.xlsx,Global rankings
KAZ,Kazakhstan,2024,76,188,0.40106951871657753,51.40653433,51.40653433,0-100,0,0,0,Kazakhstan,2024-GAIRI-data.xlsx,Ranking
KAZ,Kazakhstan,2025,58,195,0.29381443298969073,56.7,56.7,0-100,0,0,0,Kazakhstan,2025-Government-AI-Readiness-Index-data-1.xlsx,Global Rankings
KEN,Kenya,2019,52,194,0.26424870466321243,5.672401122939887,56.724011229398876,0-10,0,0,0,Kenya,SHARED_-2019-Index-data-for-report.xlsx,Rankings
KEN,Kenya,2020,71,172,0.4093567251461988,43.656,43.656,0-100,0,0,0,Kenya,2020-Government-AI-Readiness-Index-public-dataset.xlsx,Global ranking
KEN,Kenya,2021,78,160,0.48427672955974843,45.53691503,45.53691503,0-100,0,0,0,Kenya,2021-Government-AI-Readiness-Index-public-dataset.xlsx,Global ranking
KEN,Kenya,2022,90,181,0.49444444444444446,40.35660716,40.35660716,0-100,0,0,0,Kenya,2022-Government-AI-Readiness-Index-public-data.xlsx,Global rankings
KEN,Kenya,2023,101,193,0.5208333333333334,40.18580433,40.18580433,0-100,0,0,0,Kenya,2023-Government-AI-Readiness-Index-Public-Indicator-Data.xlsx,Global rankings
KEN,Kenya,2024,93,188,0.4919786096256685,43.55729827,43.55729827,0-100,0,0,0,Kenya,2024-GAIRI-data.xlsx,Ranking
KEN,Kenya,2025,68,195,0.34536082474226804,52.55,52.55,0-100,0,0,0,Kenya,2025-Government-AI-Readiness-Index-data-1.xlsx,Global Rankings
KGZ,Kyrgyzstan,2019,97,194,0.49740932642487046,4.124979746,41.24979746,0-10,0,0,0,Kyrgyzstan,SHARED_-2019-Index-data-for-report.xlsx,Rankings
KGZ,Kyrgyzstan,2020,102,172,0.5906432748538012,35.81,35.81,0-100,0,0,0,Kyrgyzstan,2020-Government-AI-Readiness-Index-public-dataset.xlsx,Global ranking
KGZ,Kyrgyzstan,2021,100,160,0.6226415094339622,37.60655564,37.60655564,0-100,0,0,0,Kyrgyzstan,2021-Government-AI-Readiness-Index-public-dataset.xlsx,Global ranking
KGZ,Kyrgyzstan,2022,119,181,0.6555555555555556,33.90924499,33.90924499,0-100,0,0,0,Kyrgyzstan,2022-Government-AI-Readiness-Index-public-data.xlsx,Global rankings
KGZ,Kyrgyzstan,2023,131,193,0.6770833333333334,34.09800116,34.09800116,0-100,0,0,0,Kyrgyzstan,2023-Government-AI-Readiness-Index-Public-Indicator-Data.xlsx,Global rankings
KGZ,Kyrgyzstan,2024,134,188,0.7112299465240641,36.55450391,36.55450391,0-100,0,0,0,Kyrgyzstan,2024-GAIRI-data.xlsx,Ranking
KGZ,Kyrgyzstan,2025,119,195,0.6082474226804123,33.28,33.28,0-100,0,0,0,Kyrgyzstan,2025-Government-AI-Readiness-Index-data-1.xlsx,Global Rankings
KHM,Cambodia,2019,125,194,0.6424870466321243,2.809950551,28.09950551,0-10,0,0,0,Cambodia,SHARED_-2019-Index-data-for-report.xlsx,Rankings
KHM,Cambodia,2020,128,172,0.7426900584795322,32.144,32.144,0-100,0,0,0,Cambodia,2020-Government-AI-Readiness-Index-public-dataset.xlsx,Global ranking
KHM,Cambodia,2021,119,160,0.7421383647798742,33.35277841,33.35277841,0-100,0,0,0,Cambodia,2021-Government-AI-Readiness-Index-public-dataset.xlsx,Global ranking
KHM,Cambodia,2022,132,181,0.7277777777777777,31.1652904,31.1652904,0-100,0,0,0,Cambodia,2022-Government-AI-Readiness-Index-public-data.xlsx,Global rankings
KHM,Cambodia,2023,145,193,0.75,31.87722576,31.87722576,0-100,0,0,0,Cambodia,2023-Government-AI-Readiness-Index-Public-Indicator-Data.xlsx,Global rankings
KHM,Cambodia,2024,133,188,0.7058823529411765,36.6318842,36.6318842,0-100,0,0,0,Cambodia,2024-GAIRI-data.xlsx,Ranking
KHM,Cambodia,2025,118,195,0.6030927835051546,33.91,33.91,0-100,0,0,0,Cambodia,2025-Government-AI-Readiness-Index-data-1.xlsx,Global Rankings
KIR,Kiribati,2019,176,194,0.9067357512953368,0.6436,6.436,0-10,0,0,0,Kiribati,SHARED_-2019-Index-data-for-report.xlsx,Rankings
KIR,Kiribati,2020,166,172,0.9649122807017544,24.677,24.677,0-100,0,0,0,Kiribati,2020-Government-AI-Readiness-Index-public-dataset.xlsx,Global ranking
KIR,Kiribati,2022,154,181,0.85,27.81847565,27.81847565,0-100,0,0,0,Kiribati,2022-Government-AI-Readiness-Index-public-data.xlsx,Global rankings
KIR,Kiribati,2023,167,193,0.8645833333333334,27.40464502,27.40464502,0-100,0,0,0,Kiribati,2023-Government-AI-Readiness-Index-Public-Indicator-Data.xlsx,Global rankings
KIR,Kiribati,2024,142,188,0.7540106951871658,34.45338779,34.45338779,0-100,0,0,0,Kiribati,2024-GAIRI-data.xlsx,Ranking
KIR,Kiribati,2025,150,195,0.7680412371134021,23.9,23.9,0-100,0,0,0,Kiribati,2025-Government-AI-Readiness-Index-data-1.xlsx,Global Rankings
KNA,Saint Kitts and Nevis,2019,142,194,0.7305699481865285,2.2301,22.301000000000002,0-10,0,0,0,Saint Kitts and Nevis,SHARED_-2019-Index-data-for-report.xlsx,Rankings
KNA,Saint Kitts and Nevis,2020,83,172,0.47953216374269003,40.388,40.388,0-100,0,0,0,Saint Kitts and Nevis,2020-Government-AI-Readiness-Index-public-dataset.xlsx,Global ranking
KNA,Saint Kitts and Nevis,2023,106,193,0.546875,39.23383354,39.23383354,0-100,0,0,0,Saint Kitts and Nevis,2023-Government-AI-Readiness-Index-Public-Indicator-Data.xlsx,Global rankings
KNA,Saint Kitts and Nevis,2024,102,188,0.5401069518716578,41.61719413,41.61719413,0-100,0,0,0,Saint Kitts and Nevis,2024-GAIRI-data.xlsx,Ranking
KNA,Saint Kitts and Nevis,2025,170,195,0.8711340206185567,20.85,20.85,0-100,0,0,0,Saint Kitts and Nevis,2025-Government-AI-Readiness-Index-data-1.xlsx,Global Rankings
KOR,Republic of Korea,2019,26,194,0.12953367875647667,6.839055268459172,68.39055268459173,0-10,0,0,0,South Korea,SHARED_-2019-Index-data-for-report.xlsx,Rankings
KOR,Republic of Korea,2020,7,172,0.03508771929824561,77.695,77.695,0-100,0,0,0,Republic of Korea,2020-Government-AI-Readiness-Index-public-dataset.xlsx,Global ranking
KOR,Republic of Korea,2021,10,160,0.05660377358490566,76.54734155,76.54734155,0-100,0,0,0,Republic of Korea,2021-Government-AI-Readiness-Index-public-dataset.xlsx,Global ranking
KOR,Republic of Korea,2022,6,181,0.027777777777777776,76.75699843,76.75699843,0-100,0,0,0,Republic of Korea,2022-Government-AI-Readiness-Index-public-data.xlsx,Global rankings
KOR,Republic of Korea,2023,7,193,0.03125,75.64511212,75.64511212,0-100,0,0,0,Republic of Korea,2023-Government-AI-Readiness-Index-Public-Indicator-Data.xlsx,Global rankings
KOR,Republic of Korea,2024,3,188,0.0106951871657754,79.97780202,79.97780202,0-100,0,0,0,Republic of Korea,2024-GAIRI-data.xlsx,Ranking
KOR,Republic of Korea,2025,5,195,0.020618556701030927,76.89,76.89,0-100,0,0,0,Republic of Korea,2025-Government-AI-Readiness-Index-data-1.xlsx,Global Rankings
KWT,Kuwait,2019,79,194,0.40414507772020725,4.724960832000001,47.24960832000001,0-10,0,0,0,Kuwait,SHARED_-2019-Index-data-for-report.xlsx,Rankings
KWT,Kuwait,2020,54,172,0.30994152046783624,50.607,50.607,0-100,0,0,0,Kuwait,2020-Government-AI-Readiness-Index-public-dataset.xlsx,Global ranking
KWT,Kuwait,2021,63,160,0.389937106918239,50.96595392,50.96595392,0-100,0,0,0,Kuwait,2021-Government-AI-Readiness-Index-public-dataset.xlsx,Global ranking
KWT,Kuwait,2022,69,181,0.37777777777777777,47.67990454,47.67990454,0-100,0,0,0,Kuwait,2022-Government-AI-Readiness-Index-public-data.xlsx,Global rankings
KWT,Kuwait,2023,69,193,0.3541666666666667,49.85706104,49.85706104,0-100,0,0,0,Kuwait,2023-Government-AI-Readiness-Index-Public-Indicator-Data.xlsx,Global rankings
KWT,Kuwait,2024,77,188,0.40641711229946526,51.25970098,51.25970098,0-100,0,0,0,Kuwait,2024-GAIRI-data.xlsx,Ranking
KWT,Kuwait,2025,83,195,0.422680412371134,43.79,43.79,0-100,0,0,0,Kuwait,2025-Government-AI-Readiness-Index-data-1.xlsx,Global Rankings
LAO,Lao People's Democratic Republic,2019,137,194,0.7046632124352331,2.3135387524285718,23.13538752428572,0-10,0,0,0,Laos,SHARED_-2019-Index-data-for-report.xlsx,Rankings
LAO,Lao People's Democratic Republic,2020,127,172,0.7368421052631579,32.197,32.197,0-100,0,0,0,Lao People's Democratic Republic,2020-Government-AI-Readiness-Index-public-dataset.xlsx,Global ranking
LAO,Lao People's Democratic Republic,2021,114,160,0.710691823899371,34.93069603,34.93069603,0-100,0,0,0,Lao People's Democratic Republic,2021-Government-AI-Readiness-Index-public-dataset.xlsx,Global ranking
LAO,Lao People's Democratic Republic,2022,129,181,0.7111111111111111,31.71862863,31.71862863,0-100,0,0,0,Lao People's Democratic Republic,2022-Government-AI-Readiness-Index-public-data.xlsx,Global rankings
LAO,Lao People's Democratic Republic,2023,136,193,0.703125,33.05352563,33.05352563,0-100,0,0,0,Lao People's Democratic Republic,2023-Government-AI-Readiness-Index-Public-Indicator-Data.xlsx,Global rankings
LAO,Lao People's Democratic Republic,2024,137,188,0.7272727272727273,36.08236849,36.08236849,0-100,0,0,0,Lao People's Democratic Republic,2024-GAIRI-data.xlsx,Ranking
LAO,Lao People's Democratic Republic,2025,125,195,0.6391752577319587,29.92,29.92,0-100,0,0,0,Lao People's Democratic Republic,2025-Government-AI-Readiness-Index-data-1.xlsx,Global Rankings
LBN,Lebanon,2019,112,194,0.5751295336787565,3.4874858931991444,34.87485893199144,0-10,0,0,0,Lebanon,SHARED_-2019-Index-data-for-report.xlsx,Rankings
LBN,Lebanon,2020,101,172,0.5847953216374269,35.906,35.906,0-100,0,0,0,Lebanon,2020-Government-AI-Readiness-Index-public-dataset.xlsx,Global ranking
LBN,Lebanon,2021,94,160,0.5849056603773585,39.66701083,39.66701083,0-100,0,0,0,Lebanon,2021-Government-AI-Readiness-Index-public-dataset.xlsx,Global ranking
LBN,Lebanon,2022,73,181,0.4,45.71549399,45.71549399,0-100,0,0,0,Lebanon,2022-Government-AI-Readiness-Index-public-data.xlsx,Global rankings
LBN,Lebanon,2023,76,193,0.390625,47.61870616,47.61870616,0-100,0,0,0,Lebanon,2023-Government-AI-Readiness-Index-Public-Indicator-Data.xlsx,Global rankings
LBN,Lebanon,2024,82,188,0.43315508021390375,46.66806935,46.66806935,0-100,0,0,0,Lebanon,2024-GAIRI-data.xlsx,Ranking
LBN,Lebanon,2025,117,195,0.5979381443298969,34.26,34.26,0-100,0,0,0,Lebanon,2025-Government-AI-Readiness-Index-data-1.xlsx,Global Rankings
LBR,Liberia,2019,138,194,0.7098445595854922,2.3041627254285713,23.041627254285714,0-10,0,0,0,Liberia,SHARED_-2019-Index-data-for-report.xlsx,Rankings
LBR,Liberia,2021,146,160,0.9119496855345912,28.13823481,28.13823481,0-100,0,0,0,Liberia,2021-Government-AI-Readiness-Index-public-dataset.xlsx,Global ranking
LBR,Liberia,2022,171,181,0.9444444444444444,22.09001172,22.09001172,0-100,0,0,0,Liberia,2022-Government-AI-Readiness-Index-public-data.xlsx,Global rankings
LBR,Liberia,2023,182,193,0.9427083333333334,22.24370998,22.24370998,0-100,0,0,0,Liberia,2023-Government-AI-Readiness-Index-Public-Indicator-Data.xlsx,Global rankings
LBR,Liberia,2024,178,188,0.946524064171123,23.12197991,23.12197991,0-100,0,0,0,Liberia,2024-GAIRI-data.xlsx,Ranking
LBR,Liberia,2025,189,195,0.9690721649484536,15.65,15.65,0-100,0,0,0,Liberia,2025-Government-AI-Readiness-Index-data-1.xlsx,Global Rankings
LBY,Libya,2019,183,194,0.9430051813471503,0.4805,4.805,0-10,0,0,0,Libya,SHARED_-2019-Index-data-for-report.xlsx,Rankings
LBY,Libya,2022,149,181,0.8222222222222222,28.8386696,28.8386696,0-100,0,0,0,Libya,2022-Government-AI-Readiness-Index-public-data.xlsx,Global rankings
LBY,Libya,2023,173,193,0.8958333333333334,25.31129372,25.31129372,0-100,0,0,0,Libya,2023-Government-AI-Readiness-Index-Public-Indicator-Data.xlsx,Global rankings
LBY,Libya,2024,149,188,0.7914438502673797,33.24991869,33.24991869,0-100,0,0,0,Libya,2024-GAIRI-data.xlsx,Ranking
LBY,Libya,2025,134,195,0.6855670103092784,28.38,28.38,0-100,0,0,0,Libya,2025-Government-AI-Readiness-Index-data-1.xlsx,Global Rankings
LCA,Saint Lucia,2019,153,194,0.7875647668393783,1.9006999999999998,19.006999999999998,0-10,0,0,0,Saint Lucia,SHARED_-2019-Index-data-for-report.xlsx,Rankings
LCA,Saint Lucia,2020,111,172,0.6432748538011696,35.039,35.039,0-100,0,0,0,Saint Lucia,2020-Government-AI-Readiness-Index-public-dataset.xlsx,Global ranking
LCA,Saint Lucia,2021,106,160,0.660377358490566,36.60854493,36.60854493,0-100,0,0,0,Saint Lucia,2021-Government-AI-Readiness-Index-public-dataset.xlsx,Global ranking
LCA,Saint Lucia,2022,107,181,0.5888888888888889,35.85863778,35.85863778,0-100,0,0,0,Saint Lucia,2022-Government-AI-Readiness-Index-public-data.xlsx,Global rankings
LCA,Saint Lucia,2023,118,193,0.609375,36.46491071,36.46491071,0-100,0,0,0,Saint Lucia,2023-Government-AI-Readiness-Index-Public-Indicator-Data.xlsx,Global rankings
LCA,Saint Lucia,2024,114,188,0.6042780748663101,39.10720613,39.10720613,0-100,0,0,0,Saint Lucia,2024-GAIRI-data.xlsx,Ranking
LCA,Saint Lucia,2025,142,195,0.7268041237113402,26.66,26.66,0-100,0,0,0,Saint Lucia,2025-Government-AI-Readiness-Index-data-1.xlsx,Global Rankings
LIE,Liechtenstein,2019,130,194,0.6683937823834197,2.6189999999999998,26.189999999999998,0-10,0,0,0,Liechtenstein,SHARED_-2019-Index-data-for-report.xlsx,Rankings
LIE,Liechtenstein,2023,63,193,0.3229166666666667,52.63448412,52.63448412,0-100,0,0,0,Liechtenstein,2023-Government-AI-Readiness-Index-Public-Indicator-Data.xlsx,Global rankings
LIE,Liechtenstein,2024,64,188,0.33689839572192515,55.90597714,55.90597714,0-100,0,0,0,Liechtenstein,2024-GAIRI-data.xlsx,Ranking
LIE,Liechtenstein,2025,98,195,0.5,40.19,40.19,0-100,0,0,0,Liechtenstein,2025-Government-AI-Readiness-Index-data-1.xlsx,Global Rankings
LKA,Sri Lanka,2019,105,194,0.538860103626943,3.795299841285714,37.95299841285714,0-10,0,0,0,Sri Lanka,SHARED_-2019-Index-data-for-report.xlsx,Rankings
LKA,Sri Lanka,2020,90,172,0.52046783625731,36.242,36.242,0-100,0,0,0,Sri Lanka,2020-Government-AI-Readiness-Index-public-dataset.xlsx,Global ranking
LKA,Sri Lanka,2021,88,160,0.5471698113207547,41.1170847,41.1170847,0-100,0,0,0,Sri Lanka,2021-Government-AI-Readiness-Index-public-dataset.xlsx,Global ranking
LKA,Sri Lanka,2022,105,181,0.5777777777777777,36.23061644,36.23061644,0-100,0,0,0,Sri Lanka,2022-Government-AI-Readiness-Index-public-data.xlsx,Global rankings
LKA,Sri Lanka,2023,95,193,0.4895833333333333,41.8893437,41.8893437,0-100,0,0,0,Sri Lanka,2023-Government-AI-Readiness-Index-Public-Indicator-Data.xlsx,Global rankings
LKA,Sri Lanka,2024,85,188,0.44919786096256686,45.29464691,45.29464691,0-100,0,0,0,Sri Lanka,2024-GAIRI-data.xlsx,Ranking
LKA,Sri Lanka,2025,80,195,0.4072164948453608,45.6,45.6,0-100,0,0,0,Sri Lanka,2025-Government-AI-Readiness-Index-data-1.xlsx,Global Rankings
LSO,Lesotho,2019,118,194,0.6062176165803109,3.2656236632857145,32.656236632857144,0-10,0,0,0,Lesotho,SHARED_-2019-Index-data-for-report.xlsx,Rankings
LSO,Lesotho,2020,106,172,0.6140350877192983,35.554,35.554,0-100,0,0,0,Lesotho,2020-Government-AI-Readiness-Index-public-dataset.xlsx,Global ranking
LSO,Lesotho,2021,139,160,0.8679245283018868,29.84210131,29.84210131,0-100,0,0,0,Lesotho,2021-Government-AI-Readiness-Index-public-dataset.xlsx,Global ranking
LSO,Lesotho,2022,160,181,0.8833333333333333,26.13355368,26.13355368,0-100,0,0,0,Lesotho,2022-Government-AI-Readiness-Index-public-data.xlsx,Global rankings
LSO,Lesotho,2023,171,193,0.8854166666666666,26.20904086,26.20904086,0-100,0,0,0,Lesotho,2023-Government-AI-Readiness-Index-Public-Indicator-Data.xlsx,Global rankings
LSO,Lesotho,2024,166,188,0.8823529411764706,28.21246421,28.21246421,0-100,0,0,0,Lesotho,2024-GAIRI-data.xlsx,Ranking
LSO,Lesotho,2025,131,195,0.6701030927835051,28.95,28.95,0-100,0,0,0,Lesotho,2025-Government-AI-Readiness-Index-data-1.xlsx,Global Rankings
LTU,Lithuania,2019,37,194,0.18652849740932642,6.287639526647469,62.87639526647469,0-10,0,0,0,Lithuania,SHARED_-2019-Index-data-for-report.xlsx,Rankings
LTU,Lithuania,2020,26,172,0.14619883040935672,65.024,65.024,0-100,0,0,0,Lithuania,2020-Government-AI-Readiness-Index-public-dataset.xlsx,Global ranking
LTU,Lithuania,2021,30,160,0.18238993710691823,65.19059203,65.19059203,0-100,0,0,0,Lithuania,2021-Government-AI-Readiness-Index-public-dataset.xlsx,Global ranking
LTU,Lithuania,2022,38,181,0.20555555555555555,62.20182711,62.20182711,0-100,0,0,0,Lithuania,2022-Government-AI-Readiness-Index-public-data.xlsx,Global rankings
LTU,Lithuania,2023,35,193,0.17708333333333334,63.33225365,63.33225365,0-100,0,0,0,Lithuania,2023-Government-AI-Readiness-Index-Public-Indicator-Data.xlsx,Global rankings
LTU,Lithuania,2024,33,188,0.1711229946524064,67.79802914,67.79802914,0-100,0,0,0,Lithuania,2024-GAIRI-data.xlsx,Ranking
LTU,Lithuania,2025,29,195,0.14432989690721648,65.31,65.31,0-100,0,0,0,Lithuania,2025-Government-AI-Readiness-Index-data-1.xlsx,Global Rankings
LUX,Luxembourg,2019,25,194,0.12435233160621761,6.856688815337926,68.56688815337927,0-10,0,0,0,Luxembourg,SHARED_-2019-Index-data-for-report.xlsx,Rankings
LUX,Luxembourg,2020,15,172,0.08187134502923976,72.616,72.616,0-100,0,0,0,Luxembourg,2020-Government-AI-Readiness-Index-public-dataset.xlsx,Global ranking
LUX,Luxembourg,2021,16,160,0.09433962264150944,73.37376397,73.37376397,0-100,0,0,0,Luxembourg,2021-Government-AI-Readiness-Index-public-dataset.xlsx,Global ranking
LUX,Luxembourg,2022,26,181,0.1388888888888889,67.90883906,67.90883906,0-100,0,0,0,Luxembourg,2022-Government-AI-Readiness-Index-public-data.xlsx,Global rankings
LUX,Luxembourg,2023,22,193,0.109375,69.40775632,69.40775632,0-100,0,0,0,Luxembourg,2023-Government-AI-Readiness-Index-Public-Indicator-Data.xlsx,Global rankings
LUX,Luxembourg,2024,27,188,0.13903743315508021,70.62575172,70.62575172,0-100,0,0,0,Luxembourg,2024-GAIRI-data.xlsx,Ranking
LUX,Luxembourg,2025,33,195,0.16494845360824742,64.28,64.28,0-100,0,0,0,Luxembourg,2025-Government-AI-Readiness-Index-data-1.xlsx,Global Rankings
LVA,Latvia,2019,33,194,0.16580310880829016,6.548083964082745,65.48083964082745,0-10,0,0,0,Latvia,SHARED_-2019-Index-data-for-report.xlsx,Rankings
LVA,Latvia,2020,36,172,0.2046783625730994,57.584,57.584,0-100,0,0,0,Latvia,2020-Government-AI-Readiness-Index-public-dataset.xlsx,Global ranking
LVA,Latvia,2021,37,160,0.22641509433962265,62.2662637,62.2662637,0-100,0,0,0,Latvia,2021-Government-AI-Readiness-Index-public-dataset.xlsx,Global ranking
LVA,Latvia,2022,46,181,0.25,59.84242562,59.84242562,0-100,0,0,0,Latvia,2022-Government-AI-Readiness-Index-public-data.xlsx,Global rankings
LVA,Latvia,2023,48,193,0.24479166666666666,60.30099482,60.30099482,0-100,0,0,0,Latvia,2023-Government-AI-Readiness-Index-Public-Indicator-Data.xlsx,Global rankings
LVA,Latvia,2024,48,188,0.25133689839572193,61.87089556,61.87089556,0-100,0,0,0,Latvia,2024-GAIRI-data.xlsx,Ranking
LVA,Latvia,2025,51,195,0.25773195876288657,59.14,59.14,0-100,0,0,0,Latvia,2025-Government-AI-Readiness-Index-data-1.xlsx,Global Rankings
MAR,Morocco,2019,80,194,0.40932642487046633,4.717105062787277,47.171050627872766,0-10,0,0,0,Morocco,SHARED_-2019-Index-data-for-report.xlsx,Rankings
MAR,Morocco,2020,99,172,0.5730994152046783,36.423,36.423,0-100,0,0,0,Morocco,2020-Government-AI-Readiness-Index-public-dataset.xlsx,Global ranking
MAR,Morocco,2021,84,160,0.5220125786163522,42.37957443,42.37957443,0-100,0,0,0,Morocco,2021-Government-AI-Readiness-Index-public-dataset.xlsx,Global ranking
MAR,Morocco,2022,87,181,0.4777777777777778,41.31130191,41.31130191,0-100,0,0,0,Morocco,2022-Government-AI-Readiness-Index-public-data.xlsx,Global rankings
MAR,Morocco,2023,88,193,0.453125,43.33900818,43.33900818,0-100,0,0,0,Morocco,2023-Government-AI-Readiness-Index-Public-Indicator-Data.xlsx,Global rankings
MAR,Morocco,2024,101,188,0.5347593582887701,41.77772556,41.77772556,0-100,0,0,0,Morocco,2024-GAIRI-data.xlsx,Ranking
MAR,Morocco,2025,86,195,0.4381443298969072,43.06,43.06,0-100,0,0,0,Morocco,2025-Government-AI-Readiness-Index-data-1.xlsx,Global Rankings
MCO,Monaco,2019,135,194,0.694300518134715,2.43,24.3,0-10,0,0,0,Monaco,SHARED_-2019-Index-data-for-report.xlsx,Rankings
MCO,Monaco,2023,67,193,0.34375,50.50433586,50.50433586,0-100,0,0,0,Monaco,2023-Government-AI-Readiness-Index-Public-Indicator-Data.xlsx,Global rankings
MCO,Monaco,2025,105,195,0.5360824742268041,38.62,38.62,0-100,0,0,0,Monaco,2025-Government-AI-Readiness-Index-data-1.xlsx,Global Rankings
MDA,Moldova,2019,86,194,0.44041450777202074,4.533948660285715,45.33948660285715,0-10,0,0,0,Moldova,SHARED_-2019-Index-data-for-report.xlsx,Rankings
MDA,Moldova,2020,80,172,0.4619883040935672,41.739,41.739,0-100,0,0,0,Republic of Moldova,2020-Government-AI-Readiness-Index-public-dataset.xlsx,Global ranking
MDA,Moldova,2021,86,160,0.5345911949685535,41.70704681,41.70704681,0-100,0,0,0,Republic of Moldova,2021-Government-AI-Readiness-Index-public-dataset.xlsx,Global ranking
MDA,Moldova,2022,83,181,0.45555555555555555,42.03558654,42.03558654,0-100,0,0,0,Republic of Moldova,2022-Government-AI-Readiness-Index-public-data.xlsx,Global rankings
MDA,Moldova,2023,90,193,0.4635416666666667,42.97129514,42.97129514,0-100,0,0,0,Republic of Moldova,2023-Government-AI-Readiness-Index-Public-Indicator-Data.xlsx,Global rankings
MDA,Moldova,2024,63,188,0.3315508021390374,56.03414931,56.03414931,0-100,0,0,0,Republic of Moldova,2024-GAIRI-data.xlsx,Ranking
MDA,Moldova,2025,71,195,0.36082474226804123,50.59,50.59,0-100,0,0,0,Republic of Moldova,2025-Government-AI-Readiness-Index-data-1.xlsx,Global Rankings
MDG,Madagascar,2019,131,194,0.6735751295336787,2.570105289571429,25.70105289571429,0-10,0,0,0,Madagascar,SHARED_-2019-Index-data-for-report.xlsx,Rankings
MDG,Madagascar,2020,155,172,0.9005847953216374,26.76,26.76,0-100,0,0,0,Madagascar,2020-Government-AI-Readiness-Index-public-dataset.xlsx,Global ranking
MDG,Madagascar,2021,142,160,0.8867924528301887,29.5299684,29.5299684,0-100,0,0,0,Madagascar,2021-Government-AI-Readiness-Index-public-dataset.xlsx,Global ranking
MDG,Madagascar,2022,152,181,0.8388888888888889,28.2580958,28.2580958,0-100,0,0,0,Madagascar,2022-Government-AI-Readiness-Index-public-data.xlsx,Global rankings
MDG,Madagascar,2023,162,193,0.8385416666666666,28.47313128,28.47313128,0-100,0,0,0,Madagascar,2023-Government-AI-Readiness-Index-Public-Indicator-Data.xlsx,Global rankings
MDG,Madagascar,2024,164,188,0.8716577540106952,28.80438299,28.80438299,0-100,0,0,0,Madagascar,2024-GAIRI-data.xlsx,Ranking
MDG,Madagascar,2025,168,195,0.8608247422680413,20.93,20.93,0-100,0,0,0,Madagascar,2025-Government-AI-Readiness-Index-data-1.xlsx,Global Rankings
MDV,Maldives,2019,165,194,0.8497409326424871,1.0546,10.546,0-10,0,0,0,Maldives,SHARED_-2019-Index-data-for-report.xlsx,Rankings
MDV,Maldives,2020,84,172,0.4853801169590643,40.324,40.324,0-100,0,0,0,Maldives,2020-Government-AI-Readiness-Index-public-dataset.xlsx,Global ranking
MDV,Maldives,2021,101,160,0.6289308176100629,37.46980713,37.46980713,0-100,0,0,0,Maldives,2021-Government-AI-Readiness-Index-public-dataset.xlsx,Global ranking
MDV,Maldives,2022,121,181,0.6666666666666666,33.53552338,33.53552338,0-100,0,0,0,Maldives,2022-Government-AI-Readiness-Index-public-data.xlsx,Global rankings
MDV,Maldives,2023,146,193,0.7552083333333334,31.71139837,31.71139837,0-100,0,0,0,Maldives,2023-Government-AI-Readiness-Index-Public-Indicator-Data.xlsx,Global rankings
MDV,Maldives,2024,156,188,0.8288770053475936,31.43166425,31.43166425,0-100,0,0,0,Maldives,2024-GAIRI-data.xlsx,Ranking
MDV,Maldives,2025,143,195,0.7319587628865979,26.39,26.39,0-100,0,0,0,Maldives,2025-Government-AI-Readiness-Index-data-1.xlsx,Global Rankings
MEX,Mexico,2019,32,194,0.16062176165803108,6.66430575454002,66.64305754540021,0-10,1,1,1,Mexico,SHARED_-2019-Index-data-for-report.xlsx,Rankings
MEX,Mexico,2020,55,172,0.3157894736842105,49.358,49.358,0-100,1,1,1,Mexico,2020-Government-AI-Readiness-Index-public-dataset.xlsx,Global ranking
MEX,Mexico,2021,60,160,0.3710691823899371,52.62055216,52.62055216,0-100,1,1,1,Mexico,2021-Government-AI-Readiness-Index-public-dataset.xlsx,Global ranking
MEX,Mexico,2022,62,181,0.3388888888888889,51.78355316,51.78355316,0-100,1,1,1,Mexico,2022-Government-AI-Readiness-Index-public-data.xlsx,Global rankings
MEX,Mexico,2023,68,193,0.3489583333333333,50.37334308,50.37334308,0-100,1,1,1,Mexico,2023-Government-AI-Readiness-Index-Public-Indicator-Data.xlsx,Global rankings
MEX,Mexico,2024,71,188,0.37433155080213903,53.28576348,53.28576348,0-100,1,1,1,Mexico,2024-GAIRI-data.xlsx,Ranking
MEX,Mexico,2025,77,195,0.3917525773195876,48.33,48.33,0-100,1,1,1,Mexico,2025-Government-AI-Readiness-Index-data-1.xlsx,Global Rankings
MHL,Marshall Islands,2019,178,194,0.917098445595855,0.5835,5.835,0-10,0,0,0,Marshall Islands,SHARED_-2019-Index-data-for-report.xlsx,Rankings
MHL,Marshall Islands,2023,122,193,0.6302083333333334,35.70297129,35.70297129,0-100,0,0,0,Marshall Islands,2023-Government-AI-Readiness-Index-Public-Indicator-Data.xlsx,Global rankings
MHL,Marshall Islands,2024,123,188,0.6524064171122995,37.62419653,37.62419653,0-100,0,0,0,Marshall Islands,2024-GAIRI-data.xlsx,Ranking
MHL,Marshall Islands,2025,177,195,0.9072164948453608,18.92,18.92,0-100,0,0,0,Marshall Islands,2025-Government-AI-Readiness-Index-data-1.xlsx,Global Rankings
MKD,North Macedonia,2019,61,194,0.31088082901554404,5.284411640411868,52.84411640411868,0-10,0,0,0,Republic of North Macedonia,SHARED_-2019-Index-data-for-report.xlsx,Rankings
MKD,North Macedonia,2020,73,172,0.42105263157894735,42.995,42.995,0-100,0,0,0,North Macedonia,2020-Government-AI-Readiness-Index-public-dataset.xlsx,Global ranking
MKD,North Macedonia,2021,81,160,0.5031446540880503,43.72643901,43.72643901,0-100,0,0,0,North Macedonia,2021-Government-AI-Readiness-Index-public-dataset.xlsx,Global ranking
MKD,North Macedonia,2022,71,181,0.3888888888888889,46.10847621,46.10847621,0-100,0,0,0,North Macedonia,2022-Government-AI-Readiness-Index-public-data.xlsx,Global rankings
MKD,North Macedonia,2023,83,193,0.4270833333333333,45.40465829,45.40465829,0-100,0,0,0,North Macedonia,2023-Government-AI-Readiness-Index-Public-Indicator-Data.xlsx,Global rankings
MKD,North Macedonia,2024,86,188,0.45454545454545453,45.12278472,45.12278472,0-100,0,0,0,North Macedonia,2024-GAIRI-data.xlsx,Ranking
MKD,North Macedonia,2025,107,195,0.5463917525773195,37.57,37.57,0-100,0,0,0,North Macedonia,2025-Government-AI-Readiness-Index-data-1.xlsx,Global Rankings
MLI,Mali,2019,109,194,0.5595854922279793,3.572586491,35.72586491,0-10,0,0,0,Mali,SHARED_-2019-Index-data-for-report.xlsx,Rankings
MLI,Mali,2020,144,172,0.8362573099415205,30.023,30.023,0-100,0,0,0,Mali,2020-Government-AI-Readiness-Index-public-dataset.xlsx,Global ranking
MLI,Mali,2021,138,160,0.8616352201257862,30.13971936,30.13971936,0-100,0,0,0,Mali,2021-Government-AI-Readiness-Index-public-dataset.xlsx,Global ranking
MLI,Mali,2022,157,181,0.8666666666666667,27.33914838,27.33914838,0-100,0,0,0,Mali,2022-Government-AI-Readiness-Index-public-data.xlsx,Global rankings
MLI,Mali,2023,165,193,0.8541666666666666,27.44682921,27.44682921,0-100,0,0,0,Mali,2023-Government-AI-Readiness-Index-Public-Indicator-Data.xlsx,Global rankings
MLI,Mali,2024,155,188,0.8235294117647058,32.26614045,32.26614045,0-100,0,0,0,Mali,2024-GAIRI-data.xlsx,Ranking
MLI,Mali,2025,152,195,0.7783505154639175,23.78,23.78,0-100,0,0,0,Mali,2025-Government-AI-Readiness-Index-data-1.xlsx,Global Rankings
MLT,Malta,2019,43,194,0.21761658031088082,5.960649739949888,59.60649739949888,0-10,0,0,0,Malta,SHARED_-2019-Index-data-for-report.xlsx,Rankings
MLT,Malta,2020,30,172,0.1695906432748538,62.434,62.434,0-100,0,0,0,Malta,2020-Government-AI-Readiness-Index-public-dataset.xlsx,Global ranking
MLT,Malta,2021,32,160,0.1949685534591195,64.84862898,64.84862898,0-100,0,0,0,Malta,2021-Government-AI-Readiness-Index-public-dataset.xlsx,Global ranking
MLT,Malta,2022,33,181,0.17777777777777778,62.75184823,62.75184823,0-100,0,0,0,Malta,2022-Government-AI-Readiness-Index-public-data.xlsx,Global rankings
MLT,Malta,2023,33,193,0.16666666666666666,63.64436289,63.64436289,0-100,0,0,0,Malta,2023-Government-AI-Readiness-Index-Public-Indicator-Data.xlsx,Global rankings
MLT,Malta,2024,42,188,0.2192513368983957,63.64342039,63.64342039,0-100,0,0,0,Malta,2024-GAIRI-data.xlsx,Ranking
MLT,Malta,2025,39,195,0.1958762886597938,61.48,61.48,0-100,0,0,0,Malta,2025-Government-AI-Readiness-Index-data-1.xlsx,Global Rankings
MMR,Myanmar,2019,159,194,0.8186528497409327,1.3852041222857143,13.852041222857142,0-10,0,0,0,Myanmar,SHARED_-2019-Index-data-for-report.xlsx,Rankings
MMR,Myanmar,2020,131,172,0.7602339181286549,31.237,31.237,0-100,0,0,0,Myanmar,2020-Government-AI-Readiness-Index-public-dataset.xlsx,Global ranking
MMR,Myanmar,2021,132,160,0.8238993710691824,31.56724078,31.56724078,0-100,0,0,0,Myanmar,2021-Government-AI-Readiness-Index-public-dataset.xlsx,Global ranking
MMR,Myanmar,2022,126,181,0.6944444444444444,32.44565026,32.44565026,0-100,0,0,0,Myanmar,2022-Government-AI-Readiness-Index-public-data.xlsx,Global rankings
MMR,Myanmar,2023,149,193,0.7708333333333334,30.91231228,30.91231228,0-100,0,0,0,Myanmar,2023-Government-AI-Readiness-Index-Public-Indicator-Data.xlsx,Global rankings
MMR,Myanmar,2024,143,188,0.7593582887700535,34.25868139,34.25868139,0-100,0,0,0,Myanmar,2024-GAIRI-data.xlsx,Ranking
MMR,Myanmar,2025,173,195,0.8865979381443299,20.54,20.54,0-100,0,0,0,Myanmar,2025-Government-AI-Readiness-Index-data-1.xlsx,Global Rankings
MNE,Montenegro,2019,67,194,0.34196891191709844,5.195331740571428,51.95331740571427,0-10,0,0,0,Montenegro,SHARED_-2019-Index-data-for-report.xlsx,Rankings
MNE,Montenegro,2020,70,172,0.40350877192982454,43.664,43.664,0-100,0,0,0,Montenegro,2020-Government-AI-Readiness-Index-public-dataset.xlsx,Global ranking
MNE,Montenegro,2021,75,160,0.46540880503144655,46.09707305,46.09707305,0-100,0,0,0,Montenegro,2021-Government-AI-Readiness-Index-public-dataset.xlsx,Global ranking
MNE,Montenegro,2022,76,181,0.4166666666666667,45.19895959,45.19895959,0-100,0,0,0,Montenegro,2022-Government-AI-Readiness-Index-public-data.xlsx,Global rankings
MNE,Montenegro,2023,78,193,0.4010416666666667,47.1475604,47.1475604,0-100,0,0,0,Montenegro,2023-Government-AI-Readiness-Index-Public-Indicator-Data.xlsx,Global rankings
MNE,Montenegro,2024,79,188,0.41711229946524064,47.42969132,47.42969132,0-100,0,0,0,Montenegro,2024-GAIRI-data.xlsx,Ranking
MNE,Montenegro,2025,100,195,0.5103092783505154,39.9,39.9,0-100,0,0,0,Montenegro,2025-Government-AI-Readiness-Index-data-1.xlsx,Global Rankings
MNG,Mongolia,2019,123,194,0.6321243523316062,3.008049247269011,30.080492472690107,0-10,0,0,0,Mongolia,SHARED_-2019-Index-data-for-report.xlsx,Rankings
MNG,Mongolia,2020,93,172,0.5380116959064327,37.793,37.793,0-100,0,0,0,Mongolia,2020-Government-AI-Readiness-Index-public-dataset.xlsx,Global ranking
MNG,Mongolia,2021,103,160,0.6415094339622641,37.19721197,37.19721197,0-100,0,0,0,Mongolia,2021-Government-AI-Readiness-Index-public-dataset.xlsx,Global ranking
MNG,Mongolia,2022,102,181,0.5611111111111111,37.21364782,37.21364782,0-100,0,0,0,Mongolia,2022-Government-AI-Readiness-Index-public-data.xlsx,Global rankings
MNG,Mongolia,2023,109,193,0.5625,38.98928752,38.98928752,0-100,0,0,0,Mongolia,2023-Government-AI-Readiness-Index-Public-Indicator-Data.xlsx,Global rankings
MNG,Mongolia,2024,98,188,0.5187165775401069,42.36130396,42.36130396,0-100,0,0,0,Mongolia,2024-GAIRI-data.xlsx,Ranking
MNG,Mongolia,2025,94,195,0.4793814432989691,40.86,40.86,0-100,0,0,0,Mongolia,2025-Government-AI-Readiness-Index-data-1.xlsx,Global Rankings
MOZ,Mozambique,2019,127,194,0.6528497409326425,2.752902884428571,27.529028844285712,0-10,0,0,0,Mozambique,SHARED_-2019-Index-data-for-report.xlsx,Rankings
MOZ,Mozambique,2020,161,172,0.935672514619883,25.28,25.28,0-100,0,0,0,Mozambique,2020-Government-AI-Readiness-Index-public-dataset.xlsx,Global ranking
MOZ,Mozambique,2021,150,160,0.9371069182389937,26.23467412,26.23467412,0-100,0,0,0,Mozambique,2021-Government-AI-Readiness-Index-public-dataset.xlsx,Global ranking
MOZ,Mozambique,2022,170,181,0.9388888888888889,22.54020961,22.54020961,0-100,0,0,0,Mozambique,2022-Government-AI-Readiness-Index-public-data.xlsx,Global rankings
MOZ,Mozambique,2023,172,193,0.890625,25.62313593,25.62313593,0-100,0,0,0,Mozambique,2023-Government-AI-Readiness-Index-Public-Indicator-Data.xlsx,Global rankings
MOZ,Mozambique,2024,177,188,0.9411764705882353,24.22293552,24.22293552,0-100,0,0,0,Mozambique,2024-GAIRI-data.xlsx,Ranking
MOZ,Mozambique,2025,161,195,0.8247422680412371,22.31,22.31,0-100,0,0,0,Mozambique,2025-Government-AI-Readiness-Index-data-1.xlsx,Global Rankings
MRT,Mauritania,2019,151,194,0.7772020725388601,2.0241192989999996,20.241192989999995,0-10,0,0,0,Mauritania,SHARED_-2019-Index-data-for-report.xlsx,Rankings
MRT,Mauritania,2020,149,172,0.8654970760233918,29.416,29.416,0-100,0,0,0,Mauritania,2020-Government-AI-Readiness-Index-public-dataset.xlsx,Global ranking
MRT,Mauritania,2021,141,160,0.8805031446540881,29.6239225,29.6239225,0-100,0,0,0,Mauritania,2021-Government-AI-Readiness-Index-public-dataset.xlsx,Global ranking
MRT,Mauritania,2022,150,181,0.8277777777777777,28.40270536,28.40270536,0-100,0,0,0,Mauritania,2022-Government-AI-Readiness-Index-public-data.xlsx,Global rankings
MRT,Mauritania,2023,168,193,0.8697916666666666,27.09355128,27.09355128,0-100,0,0,0,Mauritania,2023-Government-AI-Readiness-Index-Public-Indicator-Data.xlsx,Global rankings
MRT,Mauritania,2024,105,188,0.5561497326203209,41.39992651,41.39992651,0-100,0,0,0,Mauritania,2024-GAIRI-data.xlsx,Ranking
MRT,Mauritania,2025,138,195,0.7061855670103093,27.58,27.58,0-100,0,0,0,Mauritania,2025-Government-AI-Readiness-Index-data-1.xlsx,Global Rankings
MUS,Mauritius,2019,60,194,0.30569948186528495,5.317890339126153,53.17890339126153,0-10,0,0,0,Mauritius,SHARED_-2019-Index-data-for-report.xlsx,Rankings
MUS,Mauritius,2020,45,172,0.2573099415204678,53.864,53.864,0-100,0,0,0,Mauritius,2020-Government-AI-Readiness-Index-public-dataset.xlsx,Global ranking
MUS,Mauritius,2021,58,160,0.3584905660377358,52.71322634,52.71322634,0-100,0,0,0,Mauritius,2021-Government-AI-Readiness-Index-public-dataset.xlsx,Global ranking
MUS,Mauritius,2022,57,181,0.3111111111111111,53.38242963,53.38242963,0-100,0,0,0,Mauritius,2022-Government-AI-Readiness-Index-public-data.xlsx,Global rankings
MUS,Mauritius,2023,61,193,0.3125,53.2671014,53.2671014,0-100,0,0,0,Mauritius,2023-Government-AI-Readiness-Index-Public-Indicator-Data.xlsx,Global rankings
MUS,Mauritius,2024,69,188,0.36363636363636365,53.94349686,53.94349686,0-100,0,0,0,Mauritius,2024-GAIRI-data.xlsx,Ranking
MUS,Mauritius,2025,67,195,0.3402061855670103,52.76,52.76,0-100,0,0,0,Mauritius,2025-Government-AI-Readiness-Index-data-1.xlsx,Global Rankings
MWI,Malawi,2019,114,194,0.5854922279792746,3.402644527142857,34.02644527142857,0-10,0,0,0,Malawi,SHARED_-2019-Index-data-for-report.xlsx,Rankings
MWI,Malawi,2020,156,172,0.9064327485380117,26.716,26.716,0-100,0,0,0,Malawi,2020-Government-AI-Readiness-Index-public-dataset.xlsx,Global ranking
MWI,Malawi,2021,153,160,0.9559748427672956,24.84849018,24.84849018,0-100,0,0,0,Malawi,2021-Government-AI-Readiness-Index-public-dataset.xlsx,Global ranking
MWI,Malawi,2022,165,181,0.9111111111111111,24.459898,24.459898,0-100,0,0,0,Malawi,2022-Government-AI-Readiness-Index-public-data.xlsx,Global rankings
MWI,Malawi,2023,174,193,0.9010416666666666,24.8675796,24.8675796,0-100,0,0,0,Malawi,2023-Government-AI-Readiness-Index-Public-Indicator-Data.xlsx,Global rankings
MWI,Malawi,2024,161,188,0.8556149732620321,29.31673864,29.31673864,0-100,0,0,0,Malawi,2024-GAIRI-data.xlsx,Ranking
MWI,Malawi,2025,149,195,0.7628865979381443,24.22,24.22,0-100,0,0,0,Malawi,2025-Government-AI-Readiness-Index-data-1.xlsx,Global Rankings
MYS,Malaysia,2019,22,194,0.10880829015544041,7.107905745308519,71.07905745308518,0-10,0,0,0,Malaysia,SHARED_-2019-Index-data-for-report.xlsx,Rankings
MYS,Malaysia,2020,28,172,0.15789473684210525,63.663,63.663,0-100,0,0,0,Malaysia,2020-Government-AI-Readiness-Index-public-dataset.xlsx,Global ranking
MYS,Malaysia,2021,36,160,0.22012578616352202,62.45903786,62.45903786,0-100,0,0,0,Malaysia,2021-Government-AI-Readiness-Index-public-dataset.xlsx,Global ranking
MYS,Malaysia,2022,29,181,0.15555555555555556,67.37403813,67.37403813,0-100,0,0,0,Malaysia,2022-Government-AI-Readiness-Index-public-data.xlsx,Global rankings
MYS,Malaysia,2023,23,193,0.11458333333333333,68.7072292,68.7072292,0-100,0,0,0,Malaysia,2023-Government-AI-Readiness-Index-Public-Indicator-Data.xlsx,Global rankings
MYS,Malaysia,2024,24,188,0.12299465240641712,71.39992403,71.39992403,0-100,0,0,0,Malaysia,2024-GAIRI-data.xlsx,Ranking
MYS,Malaysia,2025,38,195,0.19072164948453607,62.34,62.34,0-100,0,0,0,Malaysia,2025-Government-AI-Readiness-Index-data-1.xlsx,Global Rankings
NAM,Namibia,2019,113,194,0.5803108808290155,3.4222739330000005,34.22273933,0-10,0,0,0,Namibia,SHARED_-2019-Index-data-for-report.xlsx,Rankings
NAM,Namibia,2020,96,172,0.5555555555555556,37.096,37.096,0-100,0,0,0,Namibia,2020-Government-AI-Readiness-Index-public-dataset.xlsx,Global ranking
NAM,Namibia,2021,120,160,0.7484276729559748,33.13770727,33.13770727,0-100,0,0,0,Namibia,2021-Government-AI-Readiness-Index-public-dataset.xlsx,Global ranking
NAM,Namibia,2022,115,181,0.6333333333333333,34.56777823,34.56777823,0-100,0,0,0,Namibia,2022-Government-AI-Readiness-Index-public-data.xlsx,Global rankings
NAM,Namibia,2023,125,193,0.6458333333333334,35.3730031,35.3730031,0-100,0,0,0,Namibia,2023-Government-AI-Readiness-Index-Public-Indicator-Data.xlsx,Global rankings
NAM,Namibia,2024,148,188,0.786096256684492,33.28224969,33.28224969,0-100,0,0,0,Namibia,2024-GAIRI-data.xlsx,Ranking
NAM,Namibia,2025,110,195,0.5618556701030928,37.08,37.08,0-100,0,0,0,Namibia,2025-Government-AI-Readiness-Index-data-1.xlsx,Global Rankings
NER,Niger,2019,147,194,0.7564766839378239,2.055284472142857,20.55284472142857,0-10,0,0,0,Niger,SHARED_-2019-Index-data-for-report.xlsx,Rankings
NER,Niger,2020,147,172,0.8538011695906432,29.66,29.66,0-100,0,0,0,Niger,2020-Government-AI-Readiness-Index-public-dataset.xlsx,Global ranking
NER,Niger,2021,148,160,0.9245283018867925,27.80891145,27.80891145,0-100,0,0,0,Niger,2021-Government-AI-Readiness-Index-public-dataset.xlsx,Global ranking
NER,Niger,2022,167,181,0.9222222222222223,23.72363429,23.72363429,0-100,0,0,0,Niger,2022-Government-AI-Readiness-Index-public-data.xlsx,Global rankings
NER,Niger,2023,176,193,0.9114583333333334,24.70831185,24.70831185,0-100,0,0,0,Niger,2023-Government-AI-Readiness-Index-Public-Indicator-Data.xlsx,Global rankings
NER,Niger,2024,171,188,0.9090909090909091,25.74480776,25.74480776,0-100,0,0,0,Niger,2024-GAIRI-data.xlsx,Ranking
NER,Niger,2025,184,195,0.9432989690721649,17.44,17.44,0-100,0,0,0,Niger,2025-Government-AI-Readiness-Index-data-1.xlsx,Global Rankings
NGA,Nigeria,2019,107,194,0.5492227979274611,3.612300817084593,36.123008170845935,0-10,0,0,0,Nigeria,SHARED_-2019-Index-data-for-report.xlsx,Rankings
NGA,Nigeria,2020,138,172,0.8011695906432749,30.864,30.864,0-100,0,0,0,Nigeria,2020-Government-AI-Readiness-Index-public-dataset.xlsx,Global ranking
NGA,Nigeria,2021,113,160,0.7044025157232704,35.15364591,35.15364591,0-100,0,0,0,Nigeria,2021-Government-AI-Readiness-Index-public-dataset.xlsx,Global ranking
NGA,Nigeria,2022,97,181,0.5333333333333333,39.10120996,39.10120996,0-100,0,0,0,Nigeria,2022-Government-AI-Readiness-Index-public-data.xlsx,Global rankings
NGA,Nigeria,2023,103,193,0.53125,39.87877496,39.87877496,0-100,0,0,0,Nigeria,2023-Government-AI-Readiness-Index-Public-Indicator-Data.xlsx,Global rankings
NGA,Nigeria,2024,94,188,0.49732620320855614,43.32516864,43.32516864,0-100,0,0,0,Nigeria,2024-GAIRI-data.xlsx,Ranking
NGA,Nigeria,2025,70,195,0.3556701030927835,50.79,50.79,0-100,0,0,0,Nigeria,2025-Government-AI-Readiness-Index-data-1.xlsx,Global Rankings
NIC,Nicaragua,2019,117,194,0.6010362694300518,3.2803204355714284,32.803204355714286,0-10,0,1,1,Nicaragua,SHARED_-2019-Index-data-for-report.xlsx,Rankings
NIC,Nicaragua,2020,143,172,0.8304093567251462,30.238,30.238,0-100,0,1,1,Nicaragua,2020-Government-AI-Readiness-Index-public-dataset.xlsx,Global ranking
NIC,Nicaragua,2021,131,160,0.8176100628930818,31.57349015,31.57349015,0-100,0,1,1,Nicaragua,2021-Government-AI-Readiness-Index-public-dataset.xlsx,Global ranking
NIC,Nicaragua,2022,151,181,0.8333333333333334,28.33073126,28.33073126,0-100,0,1,1,Nicaragua,2022-Government-AI-Readiness-Index-public-data.xlsx,Global rankings
NIC,Nicaragua,2023,156,193,0.8072916666666666,29.77142753,29.77142753,0-100,0,1,1,Nicaragua,2023-Government-AI-Readiness-Index-Public-Indicator-Data.xlsx,Global rankings
NIC,Nicaragua,2024,165,188,0.8770053475935828,28.53113047,28.53113047,0-100,0,1,1,Nicaragua,2024-GAIRI-data.xlsx,Ranking
NIC,Nicaragua,2025,163,195,0.8350515463917526,22.23,22.23,0-100,0,1,1,Nicaragua,2025-Government-AI-Readiness-Index-data-1.xlsx,Global Rankings
NLD,Netherlands,2019,14,194,0.06735751295336788,7.659131466231635,76.59131466231635,0-10,0,0,0,Netherlands,SHARED_-2019-Index-data-for-report.xlsx,Rankings
NLD,Netherlands,2020,9,172,0.04678362573099415,75.297,75.297,0-100,0,0,0,Netherlands,2020-Government-AI-Readiness-Index-public-dataset.xlsx,Global ranking
NLD,Netherlands,2021,5,160,0.025157232704402517,78.50681097,78.50681097,0-100,0,0,0,Netherlands,2021-Government-AI-Readiness-Index-public-dataset.xlsx,Global ranking
NLD,Netherlands,2022,10,181,0.05,75.11228339,75.11228339,0-100,0,0,0,Netherlands,2022-Government-AI-Readiness-Index-public-data.xlsx,Global rankings
NLD,Netherlands,2023,10,193,0.046875,74.46899594,74.46899594,0-100,0,0,0,Netherlands,2023-Government-AI-Readiness-Index-Public-Indicator-Data.xlsx,Global rankings
NLD,Netherlands,2024,7,188,0.03208556149732621,77.22980432,77.22980432,0-100,0,0,0,Netherlands,2024-GAIRI-data.xlsx,Ranking
NLD,Netherlands,2025,4,195,0.015463917525773196,77.18,77.18,0-100,0,0,0,Netherlands,2025-Government-AI-Readiness-Index-data-1.xlsx,Global Rankings
NOR,Norway,2019,12,194,0.05699481865284974,8.079301495863243,80.79301495863243,0-10,0,0,0,Norway,SHARED_-2019-Index-data-for-report.xlsx,Rankings
NOR,Norway,2020,10,172,0.05263157894736842,74.43,74.43,0-100,0,0,0,Norway,2020-Government-AI-Readiness-Index-public-dataset.xlsx,Global ranking
NOR,Norway,2021,13,160,0.07547169811320754,76.13517078,76.13517078,0-100,0,0,0,Norway,2021-Government-AI-Readiness-Index-public-dataset.xlsx,Global ranking
NOR,Norway,2022,12,181,0.06111111111111111,73.0897855,73.0897855,0-100,0,0,0,Norway,2022-Government-AI-Readiness-Index-public-data.xlsx,Global rankings
NOR,Norway,2023,13,193,0.0625,72.71208818,72.71208818,0-100,0,0,0,Norway,2023-Government-AI-Readiness-Index-Public-Indicator-Data.xlsx,Global rankings
NOR,Norway,2024,11,188,0.053475935828877004,76.11968176,76.11968176,0-100,0,0,0,Norway,2024-GAIRI-data.xlsx,Ranking
NOR,Norway,2025,10,195,0.04639175257731959,74.84,74.84,0-100,0,0,0,Norway,2025-Government-AI-Readiness-Index-data-1.xlsx,Global Rankings
NPL,Nepal,2019,88,194,0.45077720207253885,4.39996846797922,43.9996846797922,0-10,0,0,0,Nepal,SHARED_-2019-Index-data-for-report.xlsx,Rankings
NPL,Nepal,2020,146,172,0.847953216374269,29.717,29.717,0-100,0,0,0,Nepal,2020-Government-AI-Readiness-Index-public-dataset.xlsx,Global ranking
NPL,Nepal,2021,127,160,0.7924528301886793,31.92381466,31.92381466,0-100,0,0,0,Nepal,2021-Government-AI-Readiness-Index-public-dataset.xlsx,Global ranking
NPL,Nepal,2022,139,181,0.7666666666666667,30.75440133,30.75440133,0-100,0,0,0,Nepal,2022-Government-AI-Readiness-Index-public-data.xlsx,Global rankings
NPL,Nepal,2023,150,193,0.7760416666666666,30.76702139,30.76702139,0-100,0,0,0,Nepal,2023-Government-AI-Readiness-Index-Public-Indicator-Data.xlsx,Global rankings
NPL,Nepal,2024,150,188,0.7967914438502673,33.1391886,33.1391886,0-100,0,0,0,Nepal,2024-GAIRI-data.xlsx,Ranking
NPL,Nepal,2025,106,195,0.5412371134020618,38.5,38.5,0-100,0,0,0,Nepal,2025-Government-AI-Readiness-Index-data-1.xlsx,Global Rankings
NRU,Nauru,2019,185,194,0.9533678756476683,0.46429999999999993,4.642999999999999,0-10,0,0,0,Nauru,SHARED_-2019-Index-data-for-report.xlsx,Rankings
NRU,Nauru,2023,79,193,0.40625,46.74580573,46.74580573,0-100,0,0,0,Nauru,2023-Government-AI-Readiness-Index-Public-Indicator-Data.xlsx,Global rankings
NRU,Nauru,2025,160,195,0.8195876288659794,22.48,22.48,0-100,0,0,0,Nauru,2025-Government-AI-Readiness-Index-data-1.xlsx,Global Rankings
NZL,New Zealand,2019,13,194,0.06217616580310881,7.876043618500537,78.76043618500537,0-10,0,0,0,New Zealand,SHARED_-2019-Index-data-for-report.xlsx,Rankings
NZL,New Zealand,2020,23,172,0.1286549707602339,68.146,68.146,0-100,0,0,0,New Zealand,2020-Government-AI-Readiness-Index-public-dataset.xlsx,Global ranking
NZL,New Zealand,2021,23,160,0.13836477987421383,68.08408201,68.08408201,0-100,0,0,0,New Zealand,2021-Government-AI-Readiness-Index-public-dataset.xlsx,Global ranking
NZL,New Zealand,2022,28,181,0.15,67.81782093,67.81782093,0-100,0,0,0,New Zealand,2022-Government-AI-Readiness-Index-public-data.xlsx,Global rankings
NZL,New Zealand,2023,49,193,0.25,60.18468167,60.18468167,0-100,0,0,0,New Zealand,2023-Government-AI-Readiness-Index-Public-Indicator-Data.xlsx,Global rankings
NZL,New Zealand,2024,40,188,0.20855614973262032,63.98217071,63.98217071,0-100,0,0,0,New Zealand,2024-GAIRI-data.xlsx,Ranking
NZL,New Zealand,2025,37,195,0.18556701030927836,62.7,62.7,0-100,0,0,0,New Zealand,2025-Government-AI-Readiness-Index-data-1.xlsx,Global Rankings
OMN,Oman,2019,59,194,0.3005181347150259,5.320782214285715,53.20782214285715,0-10,0,0,0,Oman,SHARED_-2019-Index-data-for-report.xlsx,Rankings
OMN,Oman,2020,48,172,0.27485380116959063,52.099,52.099,0-100,0,0,0,Oman,2020-Government-AI-Readiness-Index-public-dataset.xlsx,Global ranking
OMN,Oman,2021,49,160,0.3018867924528302,57.25811351,57.25811351,0-100,0,0,0,Oman,2021-Government-AI-Readiness-Index-public-dataset.xlsx,Global ranking
OMN,Oman,2022,52,181,0.2833333333333333,57.83051152,57.83051152,0-100,0,0,0,Oman,2022-Government-AI-Readiness-Index-public-data.xlsx,Global rankings
OMN,Oman,2023,50,193,0.2552083333333333,58.93723222,58.93723222,0-100,0,0,0,Oman,2023-Government-AI-Readiness-Index-Public-Indicator-Data.xlsx,Global rankings
OMN,Oman,2024,45,188,0.23529411764705882,62.91022757,62.91022757,0-100,0,0,0,Oman,2024-GAIRI-data.xlsx,Ranking
OMN,Oman,2025,61,195,0.30927835051546393,56.29,56.29,0-100,0,0,0,Oman,2025-Government-AI-Readiness-Index-data-1.xlsx,Global Rankings
PAK,Pakistan,2019,84,194,0.43005181347150256,4.570256623521316,45.70256623521316,0-10,0,0,0,Pakistan,SHARED_-2019-Index-data-for-report.xlsx,Rankings
PAK,Pakistan,2020,117,172,0.6783625730994152,33.486,33.486,0-100,0,0,0,Pakistan,2020-Government-AI-Readiness-Index-public-dataset.xlsx,Global ranking
PAK,Pakistan,2021,117,160,0.7295597484276729,34.02797097,34.02797097,0-100,0,0,0,Pakistan,2021-Government-AI-Readiness-Index-public-dataset.xlsx,Global ranking
PAK,Pakistan,2022,92,181,0.5055555555555555,40.22052841,40.22052841,0-100,0,0,0,Pakistan,2022-Government-AI-Readiness-Index-public-data.xlsx,Global rankings
PAK,Pakistan,2023,92,193,0.4739583333333333,42.20012541,42.20012541,0-100,0,0,0,Pakistan,2023-Government-AI-Readiness-Index-Public-Indicator-Data.xlsx,Global rankings
PAK,Pakistan,2024,109,188,0.5775401069518716,40.47235612,40.47235612,0-100,0,0,0,Pakistan,2024-GAIRI-data.xlsx,Ranking
PAK,Pakistan,2025,81,195,0.41237113402061853,45.38,45.38,0-100,0,0,0,Pakistan,2025-Government-AI-Readiness-Index-data-1.xlsx,Global Rankings
PAN,Panama,2019,69,194,0.35233160621761656,5.136134371857143,51.361343718571426,0-10,0,1,1,Panama,SHARED_-2019-Index-data-for-report.xlsx,Rankings
PAN,Panama,2020,86,172,0.49707602339181284,39.591,39.591,0-100,0,1,1,Panama,2020-Government-AI-Readiness-Index-public-dataset.xlsx,Global ranking
PAN,Panama,2021,82,160,0.5094339622641509,42.98152532,42.98152532,0-100,0,1,1,Panama,2021-Government-AI-Readiness-Index-public-dataset.xlsx,Global ranking
PAN,Panama,2022,86,181,0.4722222222222222,41.48689612,41.48689612,0-100,0,1,1,Panama,2022-Government-AI-Readiness-Index-public-data.xlsx,Global rankings
PAN,Panama,2023,86,193,0.4427083333333333,43.91332742,43.91332742,0-100,0,1,1,Panama,2023-Government-AI-Readiness-Index-Public-Indicator-Data.xlsx,Global rankings
PAN,Panama,2024,89,188,0.47058823529411764,44.38966066,44.38966066,0-100,0,1,1,Panama,2024-GAIRI-data.xlsx,Ranking
PAN,Panama,2025,102,195,0.520618556701031,39.3,39.3,0-100,0,1,1,Panama,2025-Government-AI-Readiness-Index-data-1.xlsx,Global Rankings
PER,Peru,2019,71,194,0.3626943005181347,5.076199983092746,50.76199983092746,0-10,1,1,1,Peru,SHARED_-2019-Index-data-for-report.xlsx,Rankings
PER,Peru,2020,98,172,0.5672514619883041,36.574,36.574,0-100,1,1,1,Peru,2020-Government-AI-Readiness-Index-public-dataset.xlsx,Global ranking
PER,Peru,2021,91,160,0.5660377358490566,40.55691787,40.55691787,0-100,1,1,1,Peru,2021-Government-AI-Readiness-Index-public-dataset.xlsx,Global ranking
PER,Peru,2022,61,181,0.3333333333333333,51.97236356,51.97236356,0-100,1,1,1,Peru,2022-Government-AI-Readiness-Index-public-data.xlsx,Global rankings
PER,Peru,2023,58,193,0.296875,54.8722902,54.8722902,0-100,1,1,1,Peru,2023-Government-AI-Readiness-Index-Public-Indicator-Data.xlsx,Global rankings
PER,Peru,2024,60,188,0.3155080213903743,57.11155994,57.11155994,0-100,1,1,1,Peru,2024-GAIRI-data.xlsx,Ranking
PER,Peru,2025,60,195,0.30412371134020616,56.52,56.52,0-100,1,1,1,Peru,2025-Government-AI-Readiness-Index-data-1.xlsx,Global Rankings
PHL,Philippines,2019,50,194,0.2538860103626943,5.703820851387011,57.03820851387011,0-10,0,0,0,Philippines,SHARED_-2019-Index-data-for-report.xlsx,Rankings
PHL,Philippines,2020,74,172,0.4269005847953216,42.944,42.944,0-100,0,0,0,Philippines,2020-Government-AI-Readiness-Index-public-dataset.xlsx,Global ranking
PHL,Philippines,2021,71,160,0.44025157232704404,47.204124,47.204124,0-100,0,0,0,Philippines,2021-Government-AI-Readiness-Index-public-dataset.xlsx,Global ranking
PHL,Philippines,2022,54,181,0.29444444444444445,55.41679531,55.41679531,0-100,0,0,0,Philippines,2022-Government-AI-Readiness-Index-public-data.xlsx,Global rankings
PHL,Philippines,2023,65,193,0.3333333333333333,51.97820876,51.97820876,0-100,0,0,0,Philippines,2023-Government-AI-Readiness-Index-Public-Indicator-Data.xlsx,Global rankings
PHL,Philippines,2024,56,188,0.29411764705882354,58.50707886,58.50707886,0-100,0,0,0,Philippines,2024-GAIRI-data.xlsx,Ranking
PHL,Philippines,2025,43,195,0.21649484536082475,60.51,60.51,0-100,0,0,0,Philippines,2025-Government-AI-Readiness-Index-data-1.xlsx,Global Rankings
PLW,Palau,2019,169,194,0.8704663212435233,0.8288,8.288,0-10,0,0,0,Palau,SHARED_-2019-Index-data-for-report.xlsx,Rankings
PLW,Palau,2025,151,195,0.7731958762886598,23.8,23.8,0-100,0,0,0,Palau,2025-Government-AI-Readiness-Index-data-1.xlsx,Global Rankings
PNG,Papua New Guinea,2019,179,194,0.9222797927461139,0.5495,5.495,0-10,0,0,0,Papua New Guinea,SHARED_-2019-Index-data-for-report.xlsx,Rankings
PNG,Papua New Guinea,2021,116,160,0.7232704402515723,34.75322378,34.75322378,0-100,0,0,0,Papua New Guinea,2021-Government-AI-Readiness-Index-public-dataset.xlsx,Global ranking
PNG,Papua New Guinea,2022,141,181,0.7777777777777778,30.5489561,30.5489561,0-100,0,0,0,Papua New Guinea,2022-Government-AI-Readiness-Index-public-data.xlsx,Global rankings
PNG,Papua New Guinea,2023,152,193,0.7864583333333334,30.40577065,30.40577065,0-100,0,0,0,Papua New Guinea,2023-Government-AI-Readiness-Index-Public-Indicator-Data.xlsx,Global rankings
PNG,Papua New Guinea,2024,130,188,0.6898395721925134,36.84643455,36.84643455,0-100,0,0,0,Papua New Guinea,2024-GAIRI-data.xlsx,Ranking
PNG,Papua New Guinea,2025,135,195,0.6907216494845361,27.98,27.98,0-100,0,0,0,Papua New Guinea,2025-Government-AI-Readiness-Index-data-1.xlsx,Global Rankings
POL,Poland,2019,27,194,0.13471502590673576,6.834530053430091,68.3453005343009,0-10,0,0,0,Poland,SHARED_-2019-Index-data-for-report.xlsx,Rankings
POL,Poland,2020,31,172,0.17543859649122806,62.416,62.416,0-100,0,0,0,Poland,2020-Government-AI-Readiness-Index-public-dataset.xlsx,Global ranking
POL,Poland,2021,35,160,0.2138364779874214,62.50277705,62.50277705,0-100,0,0,0,Poland,2021-Government-AI-Readiness-Index-public-dataset.xlsx,Global ranking
POL,Poland,2022,34,181,0.18333333333333332,62.65072579,62.65072579,0-100,0,0,0,Poland,2022-Government-AI-Readiness-Index-public-data.xlsx,Global rankings
POL,Poland,2023,36,193,0.18229166666666666,63.09568429,63.09568429,0-100,0,0,0,Poland,2023-Government-AI-Readiness-Index-Public-Indicator-Data.xlsx,Global rankings
POL,Poland,2024,34,188,0.17647058823529413,67.51119621,67.51119621,0-100,0,0,0,Poland,2024-GAIRI-data.xlsx,Ranking
POL,Poland,2025,24,195,0.11855670103092783,69.14,69.14,0-100,0,0,0,Poland,2025-Government-AI-Readiness-Index-data-1.xlsx,Global Rankings
PRK,Democratic People's Republic of Korea,2019,193,194,0.9948186528497409,0.2159,2.1590000000000003,0-10,0,0,0,North Korea,SHARED_-2019-Index-data-for-report.xlsx,Rankings
PRK,Democratic People's Republic of Korea,2023,193,193,1.0,9.197129779,9.197129779,0-100,0,0,0,Democratic People's Republic of Korea,2023-Government-AI-Readiness-Index-Public-Indicator-Data.xlsx,Global rankings
PRK,Democratic People's Republic of Korea,2025,167,195,0.8556701030927835,21.15,21.15,0-100,0,0,0,Democratic People's Republic of Korea,2025-Government-AI-Readiness-Index-data-1.xlsx,Global Rankings
PRT,Portugal,2019,30,194,0.15025906735751296,6.693234589414993,66.93234589414993,0-10,0,0,0,Portugal,SHARED_-2019-Index-data-for-report.xlsx,Rankings
PRT,Portugal,2020,27,172,0.15204678362573099,63.92,63.92,0-100,0,0,0,Portugal,2020-Government-AI-Readiness-Index-public-dataset.xlsx,Global ranking
PRT,Portugal,2021,33,160,0.20125786163522014,64.31109865,64.31109865,0-100,0,0,0,Portugal,2021-Government-AI-Readiness-Index-public-dataset.xlsx,Global ranking
PRT,Portugal,2022,25,181,0.13333333333333333,68.11883424,68.11883424,0-100,0,0,0,Portugal,2022-Government-AI-Readiness-Index-public-data.xlsx,Global rankings
PRT,Portugal,2023,25,193,0.125,68.28168555,68.28168555,0-100,0,0,0,Portugal,2023-Government-AI-Readiness-Index-Public-Indicator-Data.xlsx,Global rankings
PRT,Portugal,2024,26,188,0.13368983957219252,70.92843933,70.92843933,0-100,0,0,0,Portugal,2024-GAIRI-data.xlsx,Ranking
PRT,Portugal,2025,28,195,0.13917525773195877,66.09,66.09,0-100,0,0,0,Portugal,2025-Government-AI-Readiness-Index-data-1.xlsx,Global Rankings
PRY,Paraguay,2019,102,194,0.5233160621761658,3.8727173691428574,38.727173691428575,0-10,0,1,1,Paraguay,SHARED_-2019-Index-data-for-report.xlsx,Rankings
PRY,Paraguay,2020,109,172,0.631578947368421,35.145,35.145,0-100,0,1,1,Paraguay,2020-Government-AI-Readiness-Index-public-dataset.xlsx,Global ranking
PRY,Paraguay,2021,102,160,0.6352201257861635,37.347056,37.347056,0-100,0,1,1,Paraguay,2021-Government-AI-Readiness-Index-public-dataset.xlsx,Global ranking
PRY,Paraguay,2022,110,181,0.6055555555555555,35.45868855,35.45868855,0-100,0,1,1,Paraguay,2022-Government-AI-Readiness-Index-public-data.xlsx,Global rankings
PRY,Paraguay,2023,115,193,0.59375,36.85412454,36.85412454,0-100,0,1,1,Paraguay,2023-Government-AI-Readiness-Index-Public-Indicator-Data.xlsx,Global rankings
PRY,Paraguay,2024,112,188,0.5935828877005348,39.53861042,39.53861042,0-100,0,1,1,Paraguay,2024-GAIRI-data.xlsx,Ranking
PRY,Paraguay,2025,111,195,0.5670103092783505,36.84,36.84,0-100,0,1,1,Paraguay,2025-Government-AI-Readiness-Index-data-1.xlsx,Global Rankings
PSE,State of Palestine,2023,134,193,0.6927083333333334,33.13922995,33.13922995,0-100,0,0,0,State of Palestine,2023-Government-AI-Readiness-Index-Public-Indicator-Data.xlsx,Global rankings
PSE,State of Palestine,2024,125,188,0.6631016042780749,37.53267308,37.53267308,0-100,0,0,0,State of Palestine,2024-GAIRI-data.xlsx,Ranking
PSE,State of Palestine,2025,115,195,0.5876288659793815,35.54,35.54,0-100,0,0,0,State of Palestine,2025-Government-AI-Readiness-Index-data-1.xlsx,Global Rankings
QAT,Qatar,2019,42,194,0.21243523316062177,6.034872573428571,60.348725734285715,0-10,0,0,0,Qatar,SHARED_-2019-Index-data-for-report.xlsx,Rankings
QAT,Qatar,2020,37,172,0.21052631578947367,56.78,56.78,0-100,0,0,0,Qatar,2020-Government-AI-Readiness-Index-public-dataset.xlsx,Global ranking
QAT,Qatar,2021,26,160,0.15723270440251572,67.18031989,67.18031989,0-100,0,0,0,Qatar,2021-Government-AI-Readiness-Index-public-dataset.xlsx,Global ranking
QAT,Qatar,2022,36,181,0.19444444444444445,62.37304734,62.37304734,0-100,0,0,0,Qatar,2022-Government-AI-Readiness-Index-public-data.xlsx,Global rankings
QAT,Qatar,2023,34,193,0.171875,63.586363,63.586363,0-100,0,0,0,Qatar,2023-Government-AI-Readiness-Index-Public-Indicator-Data.xlsx,Global rankings
QAT,Qatar,2024,32,188,0.1657754010695187,68.22070132,68.22070132,0-100,0,0,0,Qatar,2024-GAIRI-data.xlsx,Ranking
QAT,Qatar,2025,54,195,0.27319587628865977,58.61,58.61,0-100,0,0,0,Qatar,2025-Government-AI-Readiness-Index-data-1.xlsx,Global Rankings
ROU,Romania,2019,55,194,0.27979274611398963,5.540178216431697,55.40178216431697,0-10,0,0,0,Romania,SHARED_-2019-Index-data-for-report.xlsx,Rankings
ROU,Romania,2020,52,172,0.2982456140350877,50.782,50.782,0-100,0,0,0,Romania,2020-Government-AI-Readiness-Index-public-dataset.xlsx,Global ranking
ROU,Romania,2021,56,160,0.34591194968553457,53.22358321,53.22358321,0-100,0,0,0,Romania,2021-Government-AI-Readiness-Index-public-dataset.xlsx,Global ranking
ROU,Romania,2022,58,181,0.31666666666666665,53.29633,53.29633,0-100,0,0,0,Romania,2022-Government-AI-Readiness-Index-public-data.xlsx,Global rankings
ROU,Romania,2023,64,193,0.328125,52.31981092,52.31981092,0-100,0,0,0,Romania,2023-Government-AI-Readiness-Index-Public-Indicator-Data.xlsx,Global rankings
ROU,Romania,2024,58,188,0.3048128342245989,58.0818462,58.0818462,0-100,0,0,0,Romania,2024-GAIRI-data.xlsx,Ranking
ROU,Romania,2025,57,195,0.28865979381443296,56.73,56.73,0-100,0,0,0,Romania,2025-Government-AI-Readiness-Index-data-1.xlsx,Global Rankings
RUS,Russia,2019,29,194,0.14507772020725387,6.747631288012879,67.47631288012879,0-10,0,0,0,Russia,SHARED_-2019-Index-data-for-report.xlsx,Rankings
RUS,Russia,2020,33,172,0.1871345029239766,60.847,60.847,0-100,0,0,0,Russian Federation,2020-Government-AI-Readiness-Index-public-dataset.xlsx,Global ranking
RUS,Russia,2021,38,160,0.23270440251572327,61.93369511,61.93369511,0-100,0,0,0,Russian Federation,2021-Government-AI-Readiness-Index-public-dataset.xlsx,Global ranking
RUS,Russia,2022,40,181,0.21666666666666667,61.48426081,61.48426081,0-100,0,0,0,Russian Federation,2022-Government-AI-Readiness-Index-public-data.xlsx,Global rankings
RUS,Russia,2023,38,193,0.19270833333333334,62.92297762,62.92297762,0-100,0,0,0,Russian Federation,2023-Government-AI-Readiness-Index-Public-Indicator-Data.xlsx,Global rankings
RUS,Russia,2024,39,188,0.20320855614973263,64.71707681,64.71707681,0-100,0,0,0,Russian Federation,2024-GAIRI-data.xlsx,Ranking
RUS,Russia,2025,49,195,0.24742268041237114,59.57,59.57,0-100,0,0,0,Russian Federation,2025-Government-AI-Readiness-Index-data-1.xlsx,Global Rankings
RWA,Rwanda,2019,99,194,0.5077720207253886,3.973135096571429,39.73135096571429,0-10,0,0,0,Rwanda,SHARED_-2019-Index-data-for-report.xlsx,Rankings
RWA,Rwanda,2020,87,172,0.5029239766081871,39.567,39.567,0-100,0,0,0,Rwanda,2020-Government-AI-Readiness-Index-public-dataset.xlsx,Global ranking
RWA,Rwanda,2021,112,160,0.6981132075471698,35.15812223,35.15812223,0-100,0,0,0,Rwanda,2021-Government-AI-Readiness-Index-public-dataset.xlsx,Global ranking
RWA,Rwanda,2022,93,181,0.5111111111111111,40.20366886,40.20366886,0-100,0,0,0,Rwanda,2022-Government-AI-Readiness-Index-public-data.xlsx,Global rankings
RWA,Rwanda,2023,84,193,0.4322916666666667,45.38673728,45.38673728,0-100,0,0,0,Rwanda,2023-Government-AI-Readiness-Index-Public-Indicator-Data.xlsx,Global rankings
RWA,Rwanda,2024,78,188,0.4117647058823529,51.25257164,51.25257164,0-100,0,0,0,Rwanda,2024-GAIRI-data.xlsx,Ranking
RWA,Rwanda,2025,74,195,0.37628865979381443,48.54,48.54,0-100,0,0,0,Rwanda,2025-Government-AI-Readiness-Index-data-1.xlsx,Global Rankings
SAU,Saudi Arabia,2019,78,194,0.39896373056994816,4.778587153252307,47.78587153252307,0-10,0,0,0,Saudi Arabia,SHARED_-2019-Index-data-for-report.xlsx,Rankings
SAU,Saudi Arabia,2020,38,172,0.21637426900584794,56.226,56.226,0-100,0,0,0,Saudi Arabia,2020-Government-AI-Readiness-Index-public-dataset.xlsx,Global ranking
SAU,Saudi Arabia,2021,34,160,0.20754716981132076,63.41823204,63.41823204,0-100,0,0,0,Saudi Arabia,2021-Government-AI-Readiness-Index-public-dataset.xlsx,Global ranking
SAU,Saudi Arabia,2022,39,181,0.2111111111111111,61.96247066,61.96247066,0-100,0,0,0,Saudi Arabia,2022-Government-AI-Readiness-Index-public-data.xlsx,Global rankings
SAU,Saudi Arabia,2023,29,193,0.14583333333333334,67.04188134,67.04188134,0-100,0,0,0,Saudi Arabia,2023-Government-AI-Readiness-Index-Public-Indicator-Data.xlsx,Global rankings
SAU,Saudi Arabia,2024,22,188,0.11229946524064172,72.35591144,72.35591144,0-100,0,0,0,Saudi Arabia,2024-GAIRI-data.xlsx,Ranking
SAU,Saudi Arabia,2025,15,195,0.07216494845360824,71.57,71.57,0-100,0,0,0,Saudi Arabia,2025-Government-AI-Readiness-Index-data-1.xlsx,Global Rankings
SDN,Sudan,2019,187,194,0.9637305699481865,0.3922,3.9219999999999997,0-10,0,0,0,Sudan,SHARED_-2019-Index-data-for-report.xlsx,Rankings
SDN,Sudan,2020,158,172,0.9181286549707602,26.354,26.354,0-100,0,0,0,Sudan,2020-Government-AI-Readiness-Index-public-dataset.xlsx,Global ranking
SDN,Sudan,2021,151,160,0.9433962264150944,25.91396992,25.91396992,0-100,0,0,0,Sudan,2021-Government-AI-Readiness-Index-public-dataset.xlsx,Global ranking
SDN,Sudan,2022,169,181,0.9333333333333333,22.5547595,22.5547595,0-100,0,0,0,Sudan,2022-Government-AI-Readiness-Index-public-data.xlsx,Global rankings
SDN,Sudan,2023,177,193,0.9166666666666666,24.51062958,24.51062958,0-100,0,0,0,Sudan,2023-Government-AI-Readiness-Index-Public-Indicator-Data.xlsx,Global rankings
SDN,Sudan,2024,176,188,0.9358288770053476,24.62888147,24.62888147,0-100,0,0,0,Sudan,2024-GAIRI-data.xlsx,Ranking
SDN,Sudan,2025,186,195,0.9536082474226805,16.21,16.21,0-100,0,0,0,Sudan,2025-Government-AI-Readiness-Index-data-1.xlsx,Global Rankings
SEN,Senegal,2019,93,194,0.47668393782383417,4.235050045571429,42.35050045571428,0-10,0,0,0,Senegal,SHARED_-2019-Index-data-for-report.xlsx,Rankings
SEN,Senegal,2020,97,172,0.5614035087719298,36.936,36.936,0-100,0,0,0,Senegal,2020-Government-AI-Readiness-Index-public-dataset.xlsx,Global ranking
SEN,Senegal,2021,108,160,0.6729559748427673,36.33866393,36.33866393,0-100,0,0,0,Senegal,2021-Government-AI-Readiness-Index-public-dataset.xlsx,Global ranking
SEN,Senegal,2022,116,181,0.6388888888888888,34.51097098,34.51097098,0-100,0,0,0,Senegal,2022-Government-AI-Readiness-Index-public-data.xlsx,Global rankings
SEN,Senegal,2023,91,193,0.46875,42.58345092,42.58345092,0-100,0,0,0,Senegal,2023-Government-AI-Readiness-Index-Public-Indicator-Data.xlsx,Global rankings
SEN,Senegal,2024,83,188,0.4385026737967914,46.10767554,46.10767554,0-100,0,0,0,Senegal,2024-GAIRI-data.xlsx,Ranking
SEN,Senegal,2025,96,195,0.4896907216494845,40.64,40.64,0-100,0,0,0,Senegal,2025-Government-AI-Readiness-Index-data-1.xlsx,Global Rankings
SGP,Singapore,2019,1,194,0.0,9.186142187415337,91.86142187415336,0-10,0,0,0,Singapore,SHARED_-2019-Index-data-for-report.xlsx,Rankings
SGP,Singapore,2020,6,172,0.029239766081871343,78.704,78.704,0-100,0,0,0,Singapore,2020-Government-AI-Readiness-Index-public-dataset.xlsx,Global ranking
SGP,Singapore,2021,2,160,0.006289308176100629,82.45681323,82.45681323,0-100,0,0,0,Singapore,2021-Government-AI-Readiness-Index-public-dataset.xlsx,Global ranking
SGP,Singapore,2022,2,181,0.005555555555555556,84.1162602,84.1162602,0-100,0,0,0,Singapore,2022-Government-AI-Readiness-Index-public-data.xlsx,Global rankings
SGP,Singapore,2023,2,193,0.005208333333333333,81.97096482,81.97096482,0-100,0,0,0,Singapore,2023-Government-AI-Readiness-Index-Public-Indicator-Data.xlsx,Global rankings
SGP,Singapore,2024,2,188,0.0053475935828877,84.24944106,84.24944106,0-100,0,0,0,Singapore,2024-GAIRI-data.xlsx,Ranking
SGP,Singapore,2025,7,195,0.030927835051546393,76.42,76.42,0-100,0,0,0,Singapore,2025-Government-AI-Readiness-Index-data-1.xlsx,Global Rankings
SLB,Solomon Islands,2019,181,194,0.9326424870466321,0.5247,5.247000000000001,0-10,0,0,0,Solomon Islands,SHARED_-2019-Index-data-for-report.xlsx,Rankings
SLB,Solomon Islands,2020,163,172,0.9473684210526315,24.821,24.821,0-100,0,0,0,Solomon Islands,2020-Government-AI-Readiness-Index-public-dataset.xlsx,Global ranking
SLB,Solomon Islands,2022,140,181,0.7722222222222223,30.57767234,30.57767234,0-100,0,0,0,Solomon Islands,2022-Government-AI-Readiness-Index-public-data.xlsx,Global rankings
SLB,Solomon Islands,2023,161,193,0.8333333333333334,29.08793384,29.08793384,0-100,0,0,0,Solomon Islands,2023-Government-AI-Readiness-Index-Public-Indicator-Data.xlsx,Global rankings
SLB,Solomon Islands,2024,152,188,0.8074866310160428,32.7081543,32.7081543,0-100,0,0,0,Solomon Islands,2024-GAIRI-data.xlsx,Ranking
SLB,Solomon Islands,2025,162,195,0.8298969072164949,22.28,22.28,0-100,0,0,0,Solomon Islands,2025-Government-AI-Readiness-Index-data-1.xlsx,Global Rankings
SLE,Sierra Leone,2019,160,194,0.8238341968911918,1.344042857142857,13.440428571428571,0-10,0,0,0,Sierra Leone,SHARED_-2019-Index-data-for-report.xlsx,Rankings
SLE,Sierra Leone,2020,157,172,0.9122807017543859,26.452,26.452,0-100,0,0,0,Sierra Leone,2020-Government-AI-Readiness-Index-public-dataset.xlsx,Global ranking
SLE,Sierra Leone,2021,143,160,0.8930817610062893,29.39077071,29.39077071,0-100,0,0,0,Sierra Leone,2021-Government-AI-Readiness-Index-public-dataset.xlsx,Global ranking
SLE,Sierra Leone,2022,164,181,0.9055555555555556,24.49171892,24.49171892,0-100,0,0,0,Sierra Leone,2022-Government-AI-Readiness-Index-public-data.xlsx,Global rankings
SLE,Sierra Leone,2023,175,193,0.90625,24.82502865,24.82502865,0-100,0,0,0,Sierra Leone,2023-Government-AI-Readiness-Index-Public-Indicator-Data.xlsx,Global rankings
SLE,Sierra Leone,2024,173,188,0.9197860962566845,25.33586896,25.33586896,0-100,0,0,0,Sierra Leone,2024-GAIRI-data.xlsx,Ranking
SLE,Sierra Leone,2025,175,195,0.8969072164948454,19.68,19.68,0-100,0,0,0,Sierra Leone,2025-Government-AI-Readiness-Index-data-1.xlsx,Global Rankings
SLV,El Salvador,2019,85,194,0.43523316062176165,4.565811593857143,45.65811593857143,0-10,0,1,1,El Salvador,SHARED_-2019-Index-data-for-report.xlsx,Rankings
SLV,El Salvador,2020,148,172,0.8596491228070176,29.433,29.433,0-100,0,1,1,El Salvador,2020-Government-AI-Readiness-Index-public-dataset.xlsx,Global ranking
SLV,El Salvador,2021,123,160,0.7672955974842768,32.41093072,32.41093072,0-100,0,1,1,El Salvador,2021-Government-AI-Readiness-Index-public-dataset.xlsx,Global ranking
SLV,El Salvador,2022,135,181,0.7444444444444445,30.95748673,30.95748673,0-100,0,1,1,El Salvador,2022-Government-AI-Readiness-Index-public-data.xlsx,Global rankings
SLV,El Salvador,2023,142,193,0.734375,32.57680248,32.57680248,0-100,0,1,1,El Salvador,2023-Government-AI-Readiness-Index-Public-Indicator-Data.xlsx,Global rankings
SLV,El Salvador,2024,145,188,0.7700534759358288,34.08661079,34.08661079,0-100,0,1,1,El Salvador,2024-GAIRI-data.xlsx,Ranking
SLV,El Salvador,2025,104,195,0.5309278350515464,38.88,38.88,0-100,0,1,1,El Salvador,2025-Government-AI-Readiness-Index-data-1.xlsx,Global Rankings
SMR,San Marino,2019,146,194,0.7512953367875648,2.0707,20.707,0-10,0,0,0,San Marino,SHARED_-2019-Index-data-for-report.xlsx,Rankings
SMR,San Marino,2023,75,193,0.3854166666666667,48.08421492,48.08421492,0-100,0,0,0,San Marino,2023-Government-AI-Readiness-Index-Public-Indicator-Data.xlsx,Global rankings
SMR,San Marino,2024,75,188,0.39572192513368987,51.59379335,51.59379335,0-100,0,0,0,San Marino,2024-GAIRI-data.xlsx,Ranking
SMR,San Marino,2025,112,195,0.5721649484536082,35.89,35.89,0-100,0,0,0,San Marino,2025-Government-AI-Readiness-Index-data-1.xlsx,Global Rankings
SOM,Somalia,2019,194,194,1.0,0.16770000000000002,1.677,0-10,0,0,0,Somalia,SHARED_-2019-Index-data-for-report.xlsx,Rankings
SOM,Somalia,2023,183,193,0.9479166666666666,21.97865144,21.97865144,0-100,0,0,0,Somalia,2023-Government-AI-Readiness-Index-Public-Indicator-Data.xlsx,Global rankings
SOM,Somalia,2024,174,188,0.9251336898395722,25.32030544,25.32030544,0-100,0,0,0,Somalia,2024-GAIRI-data.xlsx,Ranking
SOM,Somalia,2025,164,195,0.8402061855670103,21.82,21.82,0-100,0,0,0,Somalia,2025-Government-AI-Readiness-Index-data-1.xlsx,Global Rankings
SRB,Serbia,2019,58,194,0.29533678756476683,5.364108240538021,53.64108240538022,0-10,0,0,0,Serbia,SHARED_-2019-Index-data-for-report.xlsx,Rankings
SRB,Serbia,2020,46,172,0.2631578947368421,53.431,53.431,0-100,0,0,0,Serbia,2020-Government-AI-Readiness-Index-public-dataset.xlsx,Global ranking
SRB,Serbia,2021,52,160,0.32075471698113206,55.9756157,55.9756157,0-100,0,0,0,Serbia,2021-Government-AI-Readiness-Index-public-dataset.xlsx,Global ranking
SRB,Serbia,2022,59,181,0.32222222222222224,52.96174925,52.96174925,0-100,0,0,0,Serbia,2022-Government-AI-Readiness-Index-public-data.xlsx,Global rankings
SRB,Serbia,2023,57,193,0.2916666666666667,55.57212047,55.57212047,0-100,0,0,0,Serbia,2023-Government-AI-Readiness-Index-Public-Indicator-Data.xlsx,Global rankings
SRB,Serbia,2024,57,188,0.2994652406417112,58.48610163,58.48610163,0-100,0,0,0,Serbia,2024-GAIRI-data.xlsx,Ranking
SRB,Serbia,2025,40,195,0.20103092783505155,60.96,60.96,0-100,0,0,0,Serbia,2025-Government-AI-Readiness-Index-data-1.xlsx,Global Rankings
SSD,South Sudan,2019,191,194,0.9844559585492227,0.23249999999999998,2.3249999999999997,0-10,0,0,0,South Sudan,SHARED_-2019-Index-data-for-report.xlsx,Rankings
SSD,South Sudan,2022,177,181,0.9777777777777777,19.45429849,19.45429849,0-100,0,0,0,South Sudan,2022-Government-AI-Readiness-Index-public-data.xlsx,Global rankings
SSD,South Sudan,2023,191,193,0.9895833333333334,18.25739575,18.25739575,0-100,0,0,0,South Sudan,2023-Government-AI-Readiness-Index-Public-Indicator-Data.xlsx,Global rankings
SSD,South Sudan,2024,185,188,0.983957219251337,18.58058996,18.58058996,0-100,0,0,0,South Sudan,2024-GAIRI-data.xlsx,Ranking
SSD,South Sudan,2025,194,195,0.9948453608247423,12.2,12.2,0-100,0,0,0,South Sudan,2025-Government-AI-Readiness-Index-data-1.xlsx,Global Rankings
STP,Sao Tome and Principe,2019,157,194,0.8082901554404145,1.4813,14.813,0-10,0,0,0,Sao Tome and Principe,SHARED_-2019-Index-data-for-report.xlsx,Rankings
STP,Sao Tome and Principe,2022,156,181,0.8611111111111112,27.62111982,27.62111982,0-100,0,0,0,Sao Tome and Principe,2022-Government-AI-Readiness-Index-public-data.xlsx,Global rankings
STP,Sao Tome and Principe,2023,170,193,0.8802083333333334,26.86146681,26.86146681,0-100,0,0,0,Sao Tome and Principe,2023-Government-AI-Readiness-Index-Public-Indicator-Data.xlsx,Global rankings
STP,Sao Tome and Principe,2024,160,188,0.8502673796791443,29.63431198,29.63431198,0-100,0,0,0,Sao Tome and Principe,2024-GAIRI-data.xlsx,Ranking
STP,Sao Tome and Principe,2025,180,195,0.9226804123711341,18.37,18.37,0-100,0,0,0,Sao Tome and Principe,2025-Government-AI-Readiness-Index-data-1.xlsx,Global Rankings
SUR,Suriname,2019,155,194,0.7979274611398963,1.7690000000000001,17.69,0-10,0,0,0,Suriname,SHARED_-2019-Index-data-for-report.xlsx,Rankings
SUR,Suriname,2020,107,172,0.6198830409356725,35.456,35.456,0-100,0,0,0,Suriname,2020-Government-AI-Readiness-Index-public-dataset.xlsx,Global ranking
SUR,Suriname,2021,97,160,0.6037735849056604,38.58378245,38.58378245,0-100,0,0,0,Suriname,2021-Government-AI-Readiness-Index-public-dataset.xlsx,Global ranking
SUR,Suriname,2022,113,181,0.6222222222222222,35.10760082,35.10760082,0-100,0,0,0,Suriname,2022-Government-AI-Readiness-Index-public-data.xlsx,Global rankings
SUR,Suriname,2023,124,193,0.640625,35.51765043,35.51765043,0-100,0,0,0,Suriname,2023-Government-AI-Readiness-Index-Public-Indicator-Data.xlsx,Global rankings
SUR,Suriname,2024,129,188,0.6844919786096256,36.87352519,36.87352519,0-100,0,0,0,Suriname,2024-GAIRI-data.xlsx,Ranking
SUR,Suriname,2025,181,195,0.9278350515463918,18.37,18.37,0-100,0,0,0,Suriname,2025-Government-AI-Readiness-Index-data-1.xlsx,Global Rankings
SVK,Slovakia,2019,45,194,0.22797927461139897,5.923371120092745,59.23371120092745,0-10,0,0,0,Slovakia,SHARED_-2019-Index-data-for-report.xlsx,Rankings
SVK,Slovakia,2020,34,172,0.19298245614035087,58.16,58.16,0-100,0,0,0,Slovakia,2020-Government-AI-Readiness-Index-public-dataset.xlsx,Global ranking
SVK,Slovakia,2021,39,160,0.2389937106918239,61.622784,61.622784,0-100,0,0,0,Slovakia,2021-Government-AI-Readiness-Index-public-dataset.xlsx,Global ranking
SVK,Slovakia,2022,64,181,0.35,51.22626911,51.22626911,0-100,0,0,0,Slovakia,2022-Government-AI-Readiness-Index-public-data.xlsx,Global rankings
SVK,Slovakia,2023,44,193,0.22395833333333334,60.73476979,60.73476979,0-100,0,0,0,Slovakia,2023-Government-AI-Readiness-Index-Public-Indicator-Data.xlsx,Global rankings
SVK,Slovakia,2024,41,188,0.21390374331550802,63.69003612,63.69003612,0-100,0,0,0,Slovakia,2024-GAIRI-data.xlsx,Ranking
SVK,Slovakia,2025,73,195,0.3711340206185567,48.55,48.55,0-100,0,0,0,Slovakia,2025-Government-AI-Readiness-Index-data-1.xlsx,Global Rankings
SVN,Slovenia,2019,38,194,0.19170984455958548,6.23247708851724,62.3247708851724,0-10,0,0,0,Slovenia,SHARED_-2019-Index-data-for-report.xlsx,Rankings
SVN,Slovenia,2020,39,172,0.2222222222222222,55.986,55.986,0-100,0,0,0,Slovenia,2020-Government-AI-Readiness-Index-public-dataset.xlsx,Global ranking
SVN,Slovenia,2021,31,160,0.18867924528301888,65.0527651,65.0527651,0-100,0,0,0,Slovenia,2021-Government-AI-Readiness-Index-public-dataset.xlsx,Global ranking
SVN,Slovenia,2022,41,181,0.2222222222222222,61.4463947,61.4463947,0-100,0,0,0,Slovenia,2022-Government-AI-Readiness-Index-public-data.xlsx,Global rankings
SVN,Slovenia,2023,39,193,0.19791666666666666,62.63475187,62.63475187,0-100,0,0,0,Slovenia,2023-Government-AI-Readiness-Index-Public-Indicator-Data.xlsx,Global rankings
SVN,Slovenia,2024,37,188,0.1925133689839572,65.85327433,65.85327433,0-100,0,0,0,Slovenia,2024-GAIRI-data.xlsx,Ranking
SVN,Slovenia,2025,36,195,0.18041237113402062,62.71,62.71,0-100,0,0,0,Slovenia,2025-Government-AI-Readiness-Index-data-1.xlsx,Global Rankings
SWE,Sweden,2019,6,194,0.025906735751295335,8.673980635735624,86.73980635735624,0-10,0,0,0,Sweden,SHARED_-2019-Index-data-for-report.xlsx,Rankings
SWE,Sweden,2020,5,172,0.023391812865497075,78.772,78.772,0-100,0,0,0,Sweden,2020-Government-AI-Readiness-Index-public-dataset.xlsx,Global ranking
SWE,Sweden,2021,6,160,0.031446540880503145,78.1646107,78.1646107,0-100,0,0,0,Sweden,2021-Government-AI-Readiness-Index-public-dataset.xlsx,Global ranking
SWE,Sweden,2022,13,181,0.06666666666666667,73.05606154,73.05606154,0-100,0,0,0,Sweden,2022-Government-AI-Readiness-Index-public-data.xlsx,Global rankings
SWE,Sweden,2023,14,193,0.06770833333333333,72.55428782,72.55428782,0-100,0,0,0,Sweden,2023-Government-AI-Readiness-Index-Public-Indicator-Data.xlsx,Global rankings
SWE,Sweden,2024,14,188,0.06951871657754011,75.40286681,75.40286681,0-100,0,0,0,Sweden,2024-GAIRI-data.xlsx,Ranking
SWE,Sweden,2025,23,195,0.1134020618556701,69.45,69.45,0-100,0,0,0,Sweden,2025-Government-AI-Readiness-Index-data-1.xlsx,Global Rankings
SWZ,Eswatini,2019,154,194,0.7927461139896373,1.8887394768571428,18.88739476857143,0-10,0,0,0,Eswatini,SHARED_-2019-Index-data-for-report.xlsx,Rankings
SWZ,Eswatini,2020,152,172,0.8830409356725146,27.699,27.699,0-100,0,0,0,Eswatini,2020-Government-AI-Readiness-Index-public-dataset.xlsx,Global ranking
SWZ,Eswatini,2021,140,160,0.8742138364779874,29.75608844,29.75608844,0-100,0,0,0,Eswatini,2021-Government-AI-Readiness-Index-public-dataset.xlsx,Global ranking
SWZ,Eswatini,2022,161,181,0.8888888888888888,25.45708209,25.45708209,0-100,0,0,0,Eswatini,2022-Government-AI-Readiness-Index-public-data.xlsx,Global rankings
SWZ,Eswatini,2023,169,193,0.875,27.05304403,27.05304403,0-100,0,0,0,Eswatini,2023-Government-AI-Readiness-Index-Public-Indicator-Data.xlsx,Global rankings
SWZ,Eswatini,2024,136,188,0.7219251336898396,36.2250206,36.2250206,0-100,0,0,0,Eswatini,2024-GAIRI-data.xlsx,Ranking
SWZ,Eswatini,2025,137,195,0.7010309278350515,27.7,27.7,0-100,0,0,0,Eswatini,2025-Government-AI-Readiness-Index-data-1.xlsx,Global Rankings
SYC,Seychelles,2019,90,194,0.46113989637305697,4.397194429714285,43.971944297142855,0-10,0,0,0,Seychelles,SHARED_-2019-Index-data-for-report.xlsx,Rankings
SYC,Seychelles,2020,68,172,0.391812865497076,45.117,45.117,0-100,0,0,0,Seychelles,2020-Government-AI-Readiness-Index-public-dataset.xlsx,Global ranking
SYC,Seychelles,2021,70,160,0.4339622641509434,47.47717158,47.47717158,0-100,0,0,0,Seychelles,2021-Government-AI-Readiness-Index-public-dataset.xlsx,Global ranking
SYC,Seychelles,2022,94,181,0.5166666666666667,39.87192314,39.87192314,0-100,0,0,0,Seychelles,2022-Government-AI-Readiness-Index-public-data.xlsx,Global rankings
SYC,Seychelles,2023,112,193,0.578125,38.10561952,38.10561952,0-100,0,0,0,Seychelles,2023-Government-AI-Readiness-Index-Public-Indicator-Data.xlsx,Global rankings
SYC,Seychelles,2024,87,188,0.45989304812834225,44.76984511,44.76984511,0-100,0,0,0,Seychelles,2024-GAIRI-data.xlsx,Ranking
SYC,Seychelles,2025,140,195,0.7164948453608248,27.24,27.24,0-100,0,0,0,Seychelles,2025-Government-AI-Readiness-Index-data-1.xlsx,Global Rankings
SYR,Syria,2019,175,194,0.9015544041450777,0.6445,6.444999999999999,0-10,0,0,0,Syria,SHARED_-2019-Index-data-for-report.xlsx,Rankings
SYR,Syria,2020,171,172,0.9941520467836257,19.33,19.33,0-100,0,0,0,Syrian Arab Republic,2020-Government-AI-Readiness-Index-public-dataset.xlsx,Global ranking
SYR,Syria,2022,180,181,0.9944444444444445,16.04024825,16.04024825,0-100,0,0,0,Syrian Arab Republic,2022-Government-AI-Readiness-Index-public-data.xlsx,Global rankings
SYR,Syria,2023,192,193,0.9947916666666666,18.12073889,18.12073889,0-100,0,0,0,Syrian Arab Republic,2023-Government-AI-Readiness-Index-Public-Indicator-Data.xlsx,Global rankings
SYR,Syria,2024,186,188,0.9893048128342246,16.94502678,16.94502678,0-100,0,0,0,Syrian Arab Republic,2024-GAIRI-data.xlsx,Ranking
SYR,Syria,2025,165,195,0.845360824742268,21.72,21.72,0-100,0,0,0,Syrian Arab Republic,2025-Government-AI-Readiness-Index-data-1.xlsx,Global Rankings
TCD,Chad,2019,128,194,0.6580310880829016,2.7122433774285715,27.122433774285714,0-10,0,0,0,Chad,SHARED_-2019-Index-data-for-report.xlsx,Rankings
TCD,Chad,2020,165,172,0.9590643274853801,24.687,24.687,0-100,0,0,0,Chad,2020-Government-AI-Readiness-Index-public-dataset.xlsx,Global ranking
TCD,Chad,2021,155,160,0.9685534591194969,24.00477702,24.00477702,0-100,0,0,0,Chad,2021-Government-AI-Readiness-Index-public-dataset.xlsx,Global ranking
TCD,Chad,2022,172,181,0.95,20.57569578,20.57569578,0-100,0,0,0,Chad,2022-Government-AI-Readiness-Index-public-data.xlsx,Global rankings
TCD,Chad,2023,180,193,0.9322916666666666,23.43794877,23.43794877,0-100,0,0,0,Chad,2023-Government-AI-Readiness-Index-Public-Indicator-Data.xlsx,Global rankings
TCD,Chad,2024,179,188,0.9518716577540107,22.65971835,22.65971835,0-100,0,0,0,Chad,2024-GAIRI-data.xlsx,Ranking
TCD,Chad,2025,182,195,0.9329896907216495,18.31,18.31,0-100,0,0,0,Chad,2025-Government-AI-Readiness-Index-data-1.xlsx,Global Rankings
TGO,Togo,2019,162,194,0.8341968911917098,1.1391999999999998,11.391999999999998,0-10,0,0,0,Togo,SHARED_-2019-Index-data-for-report.xlsx,Rankings
TGO,Togo,2020,142,172,0.8245614035087719,30.318,30.318,0-100,0,0,0,Togo,2020-Government-AI-Readiness-Index-public-dataset.xlsx,Global ranking
TGO,Togo,2021,122,160,0.7610062893081762,32.67579787,32.67579787,0-100,0,0,0,Togo,2021-Government-AI-Readiness-Index-public-dataset.xlsx,Global ranking
TGO,Togo,2022,145,181,0.8,29.8249018,29.8249018,0-100,0,0,0,Togo,2022-Government-AI-Readiness-Index-public-data.xlsx,Global rankings
TGO,Togo,2023,158,193,0.8177083333333334,29.685532,29.685532,0-100,0,0,0,Togo,2023-Government-AI-Readiness-Index-Public-Indicator-Data.xlsx,Global rankings
TGO,Togo,2024,157,188,0.8342245989304813,31.31565682,31.31565682,0-100,0,0,0,Togo,2024-GAIRI-data.xlsx,Ranking
TGO,Togo,2025,124,195,0.634020618556701,30.59,30.59,0-100,0,0,0,Togo,2025-Government-AI-Readiness-Index-data-1.xlsx,Global Rankings
THA,Thailand,2019,56,194,0.2849740932642487,5.457617607664175,54.57617607664175,0-10,0,0,0,Thailand,SHARED_-2019-Index-data-for-report.xlsx,Rankings
THA,Thailand,2020,60,172,0.34502923976608185,48.156,48.156,0-100,0,0,0,Thailand,2020-Government-AI-Readiness-Index-public-dataset.xlsx,Global ranking
THA,Thailand,2021,59,160,0.36477987421383645,52.62806047,52.62806047,0-100,0,0,0,Thailand,2021-Government-AI-Readiness-Index-public-dataset.xlsx,Global ranking
THA,Thailand,2022,31,181,0.16666666666666666,64.63063705,64.63063705,0-100,0,0,0,Thailand,2022-Government-AI-Readiness-Index-public-data.xlsx,Global rankings
THA,Thailand,2023,37,193,0.1875,63.03262655,63.03262655,0-100,0,0,0,Thailand,2023-Government-AI-Readiness-Index-Public-Indicator-Data.xlsx,Global rankings
THA,Thailand,2024,35,188,0.18181818181818182,66.16948723,66.16948723,0-100,0,0,0,Thailand,2024-GAIRI-data.xlsx,Ranking
THA,Thailand,2025,34,195,0.17010309278350516,63.22,63.22,0-100,0,0,0,Thailand,2025-Government-AI-Readiness-Index-data-1.xlsx,Global Rankings
TJK,Tajikistan,2019,98,194,0.5025906735751295,3.991091472,39.91091472,0-10,0,0,0,Tajikistan,SHARED_-2019-Index-data-for-report.xlsx,Rankings
TJK,Tajikistan,2020,112,172,0.6491228070175439,35.007,35.007,0-100,0,0,0,Tajikistan,2020-Government-AI-Readiness-Index-public-dataset.xlsx,Global ranking
TJK,Tajikistan,2021,98,160,0.610062893081761,38.48615463,38.48615463,0-100,0,0,0,Tajikistan,2021-Government-AI-Readiness-Index-public-dataset.xlsx,Global ranking
TJK,Tajikistan,2022,109,181,0.6,35.83071587,35.83071587,0-100,0,0,0,Tajikistan,2022-Government-AI-Readiness-Index-public-data.xlsx,Global rankings
TJK,Tajikistan,2023,111,193,0.5729166666666666,38.78247405,38.78247405,0-100,0,0,0,Tajikistan,2023-Government-AI-Readiness-Index-Public-Indicator-Data.xlsx,Global rankings
TJK,Tajikistan,2024,131,188,0.6951871657754011,36.71542489,36.71542489,0-100,0,0,0,Tajikistan,2024-GAIRI-data.xlsx,Ranking
TJK,Tajikistan,2025,130,195,0.6649484536082474,29.08,29.08,0-100,0,0,0,Tajikistan,2025-Government-AI-Readiness-Index-data-1.xlsx,Global Rankings
TKM,Turkmenistan,2019,182,194,0.9378238341968912,0.4971,4.971,0-10,0,0,0,Turkmenistan,SHARED_-2019-Index-data-for-report.xlsx,Rankings
TKM,Turkmenistan,2022,128,181,0.7055555555555556,31.94984039,31.94984039,0-100,0,0,0,Turkmenistan,2022-Government-AI-Readiness-Index-public-data.xlsx,Global rankings
TKM,Turkmenistan,2023,148,193,0.765625,31.16754399,31.16754399,0-100,0,0,0,Turkmenistan,2023-Government-AI-Readiness-Index-Public-Indicator-Data.xlsx,Global rankings
TKM,Turkmenistan,2024,153,188,0.8128342245989305,32.63799295,32.63799295,0-100,0,0,0,Turkmenistan,2024-GAIRI-data.xlsx,Ranking
TKM,Turkmenistan,2025,159,195,0.8144329896907216,22.5,22.5,0-100,0,0,0,Turkmenistan,2025-Government-AI-Readiness-Index-data-1.xlsx,Global Rankings
TLS,Timor-Leste,2019,173,194,0.8911917098445595,0.6940999999999999,6.940999999999999,0-10,0,0,0,Timor-Leste,SHARED_-2019-Index-data-for-report.xlsx,Rankings
TLS,Timor-Leste,2020,120,172,0.695906432748538,33.351,33.351,0-100,0,0,0,Timor-Leste,2020-Government-AI-Readiness-Index-public-dataset.xlsx,Global ranking
TLS,Timor-Leste,2022,137,181,0.7555555555555555,30.86326755,30.86326755,0-100,0,0,0,Timor-Leste,2022-Government-AI-Readiness-Index-public-data.xlsx,Global rankings
TLS,Timor-Leste,2023,157,193,0.8125,29.76966296,29.76966296,0-100,0,0,0,Timor-Leste,2023-Government-AI-Readiness-Index-Public-Indicator-Data.xlsx,Global rankings
TLS,Timor-Leste,2024,146,188,0.7754010695187166,33.67769811,33.67769811,0-100,0,0,0,Timor-Leste,2024-GAIRI-data.xlsx,Ranking
TLS,Timor-Leste,2025,179,195,0.9175257731958762,18.39,18.39,0-100,0,0,0,Timor-Leste,2025-Government-AI-Readiness-Index-data-1.xlsx,Global Rankings
TON,Tonga,2019,166,194,0.8549222797927462,0.9959,9.959,0-10,0,0,0,Tonga,SHARED_-2019-Index-data-for-report.xlsx,Rankings
TON,Tonga,2020,115,172,0.6666666666666666,33.997,33.997,0-100,0,0,0,Tonga,2020-Government-AI-Readiness-Index-public-dataset.xlsx,Global ranking
TON,Tonga,2022,95,181,0.5222222222222223,39.80367582,39.80367582,0-100,0,0,0,Tonga,2022-Government-AI-Readiness-Index-public-data.xlsx,Global rankings
TON,Tonga,2023,108,193,0.5572916666666666,39.00745952,39.00745952,0-100,0,0,0,Tonga,2023-Government-AI-Readiness-Index-Public-Indicator-Data.xlsx,Global rankings
TON,Tonga,2024,118,188,0.6256684491978609,38.63065051,38.63065051,0-100,0,0,0,Tonga,2024-GAIRI-data.xlsx,Ranking
TON,Tonga,2025,156,195,0.7989690721649485,23.11,23.11,0-100,0,0,0,Tonga,2025-Government-AI-Readiness-Index-data-1.xlsx,Global Rankings
TTO,Trinidad and Tobago,2019,73,194,0.37305699481865284,5.037612765836363,50.376127658363636,0-10,0,0,0,Trinidad and Tobago,SHARED_-2019-Index-data-for-report.xlsx,Rankings
TTO,Trinidad and Tobago,2020,81,172,0.4678362573099415,41.243,41.243,0-100,0,0,0,Trinidad and Tobago,2020-Government-AI-Readiness-Index-public-dataset.xlsx,Global ranking
TTO,Trinidad and Tobago,2021,90,160,0.559748427672956,40.77693238,40.77693238,0-100,0,0,0,Trinidad and Tobago,2021-Government-AI-Readiness-Index-public-dataset.xlsx,Global ranking
TTO,Trinidad and Tobago,2022,106,181,0.5833333333333334,36.1712009,36.1712009,0-100,0,0,0,Trinidad and Tobago,2022-Government-AI-Readiness-Index-public-data.xlsx,Global rankings
TTO,Trinidad and Tobago,2023,104,193,0.5364583333333334,39.44275869,39.44275869,0-100,0,0,0,Trinidad and Tobago,2023-Government-AI-Readiness-Index-Public-Indicator-Data.xlsx,Global rankings
TTO,Trinidad and Tobago,2024,110,188,0.5828877005347594,40.13955078,40.13955078,0-100,0,0,0,Trinidad and Tobago,2024-GAIRI-data.xlsx,Ranking
TTO,Trinidad and Tobago,2025,120,195,0.6134020618556701,32.73,32.73,0-100,0,0,0,Trinidad and Tobago,2025-Government-AI-Readiness-Index-data-1.xlsx,Global Rankings
TUN,Tunisia,2019,54,194,0.27461139896373055,5.652322222329298,56.523222223292976,0-10,0,0,0,Tunisia,SHARED_-2019-Index-data-for-report.xlsx,Rankings
TUN,Tunisia,2020,69,172,0.39766081871345027,44.386,44.386,0-100,0,0,0,Tunisia,2020-Government-AI-Readiness-Index-public-dataset.xlsx,Global ranking
TUN,Tunisia,2021,77,160,0.4779874213836478,45.71261411,45.71261411,0-100,0,0,0,Tunisia,2021-Government-AI-Readiness-Index-public-dataset.xlsx,Global ranking
TUN,Tunisia,2022,70,181,0.38333333333333336,46.80606294,46.80606294,0-100,0,0,0,Tunisia,2022-Government-AI-Readiness-Index-public-data.xlsx,Global rankings
TUN,Tunisia,2023,81,193,0.4166666666666667,46.07375273,46.07375273,0-100,0,0,0,Tunisia,2023-Government-AI-Readiness-Index-Public-Indicator-Data.xlsx,Global rankings
TUN,Tunisia,2024,92,188,0.48663101604278075,43.67929184,43.67929184,0-100,0,0,0,Tunisia,2024-GAIRI-data.xlsx,Ranking
TUN,Tunisia,2025,88,195,0.4484536082474227,42.23,42.23,0-100,0,0,0,Tunisia,2025-Government-AI-Readiness-Index-data-1.xlsx,Global Rankings
TUR,Turkey,2019,46,194,0.23316062176165803,5.8789558126789325,58.78955812678932,0-10,0,0,0,Turkey,SHARED_-2019-Index-data-for-report.xlsx,Rankings
TUR,Turkey,2020,67,172,0.38596491228070173,46.01,46.01,0-100,0,0,0,Turkey,2020-Government-AI-Readiness-Index-public-dataset.xlsx,Global ranking
TUR,Turkey,2021,53,160,0.3270440251572327,55.48568205,55.48568205,0-100,0,0,0,Turkey,2021-Government-AI-Readiness-Index-public-dataset.xlsx,Global ranking
TUR,Turkey,2022,49,181,0.26666666666666666,58.97375556,58.97375556,0-100,0,0,0,Turkey,2022-Government-AI-Readiness-Index-public-data.xlsx,Global rankings
TUR,Turkey,2023,47,193,0.23958333333333334,60.50820969,60.50820969,0-100,0,0,0,Türkiye,2023-Government-AI-Readiness-Index-Public-Indicator-Data.xlsx,Global rankings
TUR,Turkey,2024,53,188,0.27807486631016043,60.62787606,60.62787606,0-100,0,0,0,Türkiye,2024-GAIRI-data.xlsx,Ranking
TUR,Turkey,2025,53,195,0.26804123711340205,58.91,58.91,0-100,0,0,0,Türkiye,2025-Government-AI-Readiness-Index-data-1.xlsx,Global Rankings
TUV,Tuvalu,2019,177,194,0.9119170984455959,0.6001000000000001,6.001000000000001,0-10,0,0,0,Tuvalu,SHARED_-2019-Index-data-for-report.xlsx,Rankings
TUV,Tuvalu,2023,113,193,0.5833333333333334,37.45304448,37.45304448,0-100,0,0,0,Tuvalu,2023-Government-AI-Readiness-Index-Public-Indicator-Data.xlsx,Global rankings
TUV,Tuvalu,2025,169,195,0.865979381443299,20.87,20.87,0-100,0,0,0,Tuvalu,2025-Government-AI-Readiness-Index-data-1.xlsx,Global Rankings
TWN,Taiwan,2019,41,194,0.20725388601036268,6.152397618888574,61.52397618888574,0-10,0,0,0,Taiwan,SHARED_-2019-Index-data-for-report.xlsx,Rankings
TWN,Taiwan,2021,18,160,0.1069182389937107,71.97943147,71.97943147,0-100,0,0,0,Taiwan,2021-Government-AI-Readiness-Index-public-dataset.xlsx,Global ranking
TWN,Taiwan,2022,14,181,0.07222222222222222,72.78496134,72.78496134,0-100,0,0,0,Taiwan,2022-Government-AI-Readiness-Index-public-data.xlsx,Global rankings
TWN,Taiwan,2023,19,193,0.09375,70.25307405,70.25307405,0-100,0,0,0,Taiwan,2023-Government-AI-Readiness-Index-Public-Indicator-Data.xlsx,Global rankings
TWN,Taiwan,2024,16,188,0.08021390374331551,74.58025606,74.58025606,0-100,0,0,0,Taiwan,2024-GAIRI-data.xlsx,Ranking
TWN,Taiwan,2025,31,195,0.15463917525773196,64.81,64.81,0-100,0,0,0,Taiwan,2025-Government-AI-Readiness-Index-data-1.xlsx,Global Rankings
TZA,Tanzania,2019,93,194,0.47668393782383417,4.235002069428572,42.35002069428572,0-10,0,0,0,Tanzania,SHARED_-2019-Index-data-for-report.xlsx,Rankings
TZA,Tanzania,2020,124,172,0.7192982456140351,32.778,32.778,0-100,0,0,0,United Republic of Tanzania,2020-Government-AI-Readiness-Index-public-dataset.xlsx,Global ranking
TZA,Tanzania,2021,121,160,0.7547169811320755,32.69103588,32.69103588,0-100,0,0,0,United Republic of Tanzania,2021-Government-AI-Readiness-Index-public-dataset.xlsx,Global ranking
TZA,Tanzania,2022,125,181,0.6888888888888889,32.49772202,32.49772202,0-100,0,0,0,United Republic of Tanzania,2022-Government-AI-Readiness-Index-public-data.xlsx,Global rankings
TZA,Tanzania,2023,137,193,0.7083333333333334,32.86338241,32.86338241,0-100,0,0,0,United Republic of Tanzania,2023-Government-AI-Readiness-Index-Public-Indicator-Data.xlsx,Global rankings
TZA,Tanzania,2024,139,188,0.7379679144385026,35.08105029,35.08105029,0-100,0,0,0,United Republic of Tanzania,2024-GAIRI-data.xlsx,Ranking
TZA,Tanzania,2025,93,195,0.4742268041237113,41.45,41.45,0-100,0,0,0,United Republic of Tanzania,2025-Government-AI-Readiness-Index-data-1.xlsx,Global Rankings
UGA,Uganda,2019,91,194,0.46632124352331605,4.369987118501562,43.699871185015624,0-10,0,0,0,Uganda,SHARED_-2019-Index-data-for-report.xlsx,Rankings
UGA,Uganda,2020,137,172,0.7953216374269005,30.902,30.902,0-100,0,0,0,Uganda,2020-Government-AI-Readiness-Index-public-dataset.xlsx,Global ranking
UGA,Uganda,2021,129,160,0.8050314465408805,31.75694309,31.75694309,0-100,0,0,0,Uganda,2021-Government-AI-Readiness-Index-public-dataset.xlsx,Global ranking
UGA,Uganda,2022,123,181,0.6777777777777778,32.65923191,32.65923191,0-100,0,0,0,Uganda,2022-Government-AI-Readiness-Index-public-data.xlsx,Global rankings
UGA,Uganda,2023,132,193,0.6822916666666666,33.43858135,33.43858135,0-100,0,0,0,Uganda,2023-Government-AI-Readiness-Index-Public-Indicator-Data.xlsx,Global rankings
UGA,Uganda,2024,141,188,0.7486631016042781,34.63065106,34.63065106,0-100,0,0,0,Uganda,2024-GAIRI-data.xlsx,Ranking
UGA,Uganda,2025,113,195,0.5773195876288659,35.76,35.76,0-100,0,0,0,Uganda,2025-Government-AI-Readiness-Index-data-1.xlsx,Global Rankings
UKR,Ukraine,2019,63,194,0.32124352331606215,5.26602090746408,52.660209074640804,0-10,0,0,0,Ukraine,SHARED_-2019-Index-data-for-report.xlsx,Rankings
UKR,Ukraine,2020,57,172,0.32748538011695905,48.901,48.901,0-100,0,0,0,Ukraine,2020-Government-AI-Readiness-Index-public-dataset.xlsx,Global ranking
UKR,Ukraine,2021,64,160,0.39622641509433965,50.57953842,50.57953842,0-100,0,0,0,Ukraine,2021-Government-AI-Readiness-Index-public-dataset.xlsx,Global ranking
UKR,Ukraine,2022,60,181,0.3277777777777778,52.79602255,52.79602255,0-100,0,0,0,Ukraine,2022-Government-AI-Readiness-Index-public-data.xlsx,Global rankings
UKR,Ukraine,2023,60,193,0.3072916666666667,53.28654288,53.28654288,0-100,0,0,0,Ukraine,2023-Government-AI-Readiness-Index-Public-Indicator-Data.xlsx,Global rankings
UKR,Ukraine,2024,54,188,0.28342245989304815,60.57013332,60.57013332,0-100,0,0,0,Ukraine,2024-GAIRI-data.xlsx,Ranking
UKR,Ukraine,2025,41,195,0.20618556701030927,60.84,60.84,0-100,0,0,0,Ukraine,2025-Government-AI-Readiness-Index-data-1.xlsx,Global Rankings
URY,Uruguay,2019,35,194,0.17616580310880828,6.52246328053802,65.2246328053802,0-10,1,1,1,Uruguay,SHARED_-2019-Index-data-for-report.xlsx,Rankings
URY,Uruguay,2020,42,172,0.23976608187134502,55.565,55.565,0-100,1,1,1,Uruguay,2020-Government-AI-Readiness-Index-public-dataset.xlsx,Global ranking
URY,Uruguay,2021,48,160,0.29559748427672955,57.92660526,57.92660526,0-100,1,1,1,Uruguay,2021-Government-AI-Readiness-Index-public-dataset.xlsx,Global ranking
URY,Uruguay,2022,51,181,0.2777777777777778,58.2470919,58.2470919,0-100,1,1,1,Uruguay,2022-Government-AI-Readiness-Index-public-data.xlsx,Global rankings
URY,Uruguay,2023,46,193,0.234375,60.57175304,60.57175304,0-100,1,1,1,Uruguay,2023-Government-AI-Readiness-Index-Public-Indicator-Data.xlsx,Global rankings
URY,Uruguay,2024,47,188,0.24598930481283424,62.20915139,62.20915139,0-100,1,1,1,Uruguay,2024-GAIRI-data.xlsx,Ranking
URY,Uruguay,2025,55,195,0.27835051546391754,58.47,58.47,0-100,1,1,1,Uruguay,2025-Government-AI-Readiness-Index-data-1.xlsx,Global Rankings
USA,United States of America,2019,4,194,0.015544041450777202,8.803863418285713,88.03863418285714,0-10,0,0,0,United States of America,SHARED_-2019-Index-data-for-report.xlsx,Rankings
USA,United States of America,2020,1,172,0.0,85.479,85.479,0-100,0,0,0,United States of America,2020-Government-AI-Readiness-Index-public-dataset.xlsx,Global ranking
USA,United States of America,2021,1,160,0.0,88.15961153,88.15961153,0-100,0,0,0,United States of America,2021-Government-AI-Readiness-Index-public-dataset.xlsx,Global ranking
USA,United States of America,2022,1,181,0.0,85.72133804,85.72133804,0-100,0,0,0,United States of America,2022-Government-AI-Readiness-Index-public-data.xlsx,Global rankings
USA,United States of America,2023,1,193,0.0,84.79617127,84.79617127,0-100,0,0,0,United States of America,2023-Government-AI-Readiness-Index-Public-Indicator-Data.xlsx,Global rankings
USA,United States of America,2024,1,188,0.0,87.03218182,87.03218182,0-100,0,0,0,United States of America,2024-GAIRI-data.xlsx,Ranking
USA,United States of America,2025,1,195,0.0,88.36,88.36,0-100,0,0,0,United States of America,2025-Government-AI-Readiness-Index-data-1.xlsx,Global Rankings
UZB,Uzbekistan,2019,158,194,0.8134715025906736,1.4123999999999999,14.123999999999999,0-10,0,0,0,Uzbekistan,SHARED_-2019-Index-data-for-report.xlsx,Rankings
UZB,Uzbekistan,2020,95,172,0.5497076023391813,37.171,37.171,0-100,0,0,0,Uzbekistan,2020-Government-AI-Readiness-Index-public-dataset.xlsx,Global ranking
UZB,Uzbekistan,2021,93,160,0.5786163522012578,40.13268957,40.13268957,0-100,0,0,0,Uzbekistan,2021-Government-AI-Readiness-Index-public-dataset.xlsx,Global ranking
UZB,Uzbekistan,2022,79,181,0.43333333333333335,44.50639995,44.50639995,0-100,0,0,0,Uzbekistan,2022-Government-AI-Readiness-Index-public-data.xlsx,Global rankings
UZB,Uzbekistan,2023,87,193,0.4479166666666667,43.78954115,43.78954115,0-100,0,0,0,Uzbekistan,2023-Government-AI-Readiness-Index-Public-Indicator-Data.xlsx,Global rankings
UZB,Uzbekistan,2024,70,188,0.3689839572192513,53.45247202,53.45247202,0-100,0,0,0,Uzbekistan,2024-GAIRI-data.xlsx,Ranking
UZB,Uzbekistan,2025,62,195,0.31443298969072164,56.11,56.11,0-100,0,0,0,Uzbekistan,2025-Government-AI-Readiness-Index-data-1.xlsx,Global Rankings
VCT,Saint Vincent and the Grenadines,2019,149,194,0.7668393782383419,2.052,20.52,0-10,0,0,0,Saint Vincent and the Grenadines,SHARED_-2019-Index-data-for-report.xlsx,Rankings
VCT,Saint Vincent and the Grenadines,2020,103,172,0.5964912280701754,35.717,35.717,0-100,0,0,0,Saint Vincent and the Grenadines,2020-Government-AI-Readiness-Index-public-dataset.xlsx,Global ranking
VCT,Saint Vincent and the Grenadines,2022,120,181,0.6611111111111111,33.70891003,33.70891003,0-100,0,0,0,Saint Vincent and the Grenadines,2022-Government-AI-Readiness-Index-public-data.xlsx,Global rankings
VCT,Saint Vincent and the Grenadines,2023,130,193,0.671875,34.13221331,34.13221331,0-100,0,0,0,Saint Vincent and the Grenadines,2023-Government-AI-Readiness-Index-Public-Indicator-Data.xlsx,Global rankings
VCT,Saint Vincent and the Grenadines,2024,132,188,0.7005347593582888,36.6544747,36.6544747,0-100,0,0,0,Saint Vincent and the Grenadines,2024-GAIRI-data.xlsx,Ranking
VCT,Saint Vincent and the Grenadines,2025,166,195,0.8505154639175257,21.5,21.5,0-100,0,0,0,Saint Vincent and the Grenadines,2025-Government-AI-Readiness-Index-data-1.xlsx,Global Rankings
VEN,Venezuela,2019,134,194,0.689119170984456,2.476409521714286,24.76409521714286,0-10,0,0,0,Venezuela,SHARED_-2019-Index-data-for-report.xlsx,Rankings
VEN,Venezuela,2020,159,172,0.9239766081871345,26.27,26.27,0-100,0,0,0,Venezuela,2020-Government-AI-Readiness-Index-public-dataset.xlsx,Global ranking
VEN,Venezuela,2021,134,160,0.8364779874213837,30.53735761,30.53735761,0-100,0,0,0,Venezuela,2021-Government-AI-Readiness-Index-public-dataset.xlsx,Global ranking
VEN,Venezuela,2022,147,181,0.8111111111111111,29.32769227,29.32769227,0-100,0,0,0,Venezuela,2022-Government-AI-Readiness-Index-public-data.xlsx,Global rankings
VEN,Venezuela,2023,159,193,0.8229166666666666,29.20001625,29.20001625,0-100,0,0,0,"Venezuela, Bolivarian Republic of",2023-Government-AI-Readiness-Index-Public-Indicator-Data.xlsx,Global rankings
VEN,Venezuela,2024,163,188,0.8663101604278075,29.20533246,29.20533246,0-100,0,0,0,"Venezuela, Bolivarian Republic of",2024-GAIRI-data.xlsx,Ranking
VEN,Venezuela,2025,145,195,0.7422680412371134,25.55,25.55,0-100,0,0,0,"Venezuela, Bolivarian Republic of",2025-Government-AI-Readiness-Index-data-1.xlsx,Global Rankings
VNM,Viet Nam,2019,70,194,0.35751295336787564,5.080937023342002,50.80937023342002,0-10,0,0,0,Vietnam,SHARED_-2019-Index-data-for-report.xlsx,Rankings
VNM,Viet Nam,2020,76,172,0.43859649122807015,42.824,42.824,0-100,0,0,0,Viet Nam,2020-Government-AI-Readiness-Index-public-dataset.xlsx,Global ranking
VNM,Viet Nam,2021,62,160,0.3836477987421384,51.81976952,51.81976952,0-100,0,0,0,Viet Nam,2021-Government-AI-Readiness-Index-public-dataset.xlsx,Global ranking
VNM,Viet Nam,2022,55,181,0.3,53.96052747,53.96052747,0-100,0,0,0,Viet Nam,2022-Government-AI-Readiness-Index-public-data.xlsx,Global rankings
VNM,Viet Nam,2023,59,193,0.3020833333333333,54.48001397,54.48001397,0-100,0,0,0,Viet Nam,2023-Government-AI-Readiness-Index-Public-Indicator-Data.xlsx,Global rankings
VNM,Viet Nam,2024,51,188,0.26737967914438504,61.41545515,61.41545515,0-100,0,0,0,Viet Nam,2024-GAIRI-data.xlsx,Ranking
VNM,Viet Nam,2025,45,195,0.2268041237113402,59.98,59.98,0-100,0,0,0,Viet Nam,2025-Government-AI-Readiness-Index-data-1.xlsx,Global Rankings
VUT,Vanuatu,2019,168,194,0.8652849740932642,0.8365,8.365,0-10,0,0,0,Vanuatu,SHARED_-2019-Index-data-for-report.xlsx,Rankings
VUT,Vanuatu,2020,151,172,0.8771929824561403,28.111,28.111,0-100,0,0,0,Vanuatu,2020-Government-AI-Readiness-Index-public-dataset.xlsx,Global ranking
VUT,Vanuatu,2022,133,181,0.7333333333333333,31.10658853,31.10658853,0-100,0,0,0,Vanuatu,2022-Government-AI-Readiness-Index-public-data.xlsx,Global rankings
VUT,Vanuatu,2023,144,193,0.7447916666666666,31.9130512,31.9130512,0-100,0,0,0,Vanuatu,2023-Government-AI-Readiness-Index-Public-Indicator-Data.xlsx,Global rankings
VUT,Vanuatu,2024,116,188,0.6149732620320856,39.03768065,39.03768065,0-100,0,0,0,Vanuatu,2024-GAIRI-data.xlsx,Ranking
VUT,Vanuatu,2025,132,195,0.6752577319587629,28.55,28.55,0-100,0,0,0,Vanuatu,2025-Government-AI-Readiness-Index-data-1.xlsx,Global Rankings
WSM,Samoa,2019,170,194,0.8756476683937824,0.7639,7.639,0-10,0,0,0,Samoa,SHARED_-2019-Index-data-for-report.xlsx,Rankings
WSM,Samoa,2020,126,172,0.7309941520467836,32.327,32.327,0-100,0,0,0,Samoa,2020-Government-AI-Readiness-Index-public-dataset.xlsx,Global ranking
WSM,Samoa,2022,142,181,0.7833333333333333,30.11334049,30.11334049,0-100,0,0,0,Samoa,2022-Government-AI-Readiness-Index-public-data.xlsx,Global rankings
WSM,Samoa,2023,147,193,0.7604166666666666,31.6611872,31.6611872,0-100,0,0,0,Samoa,2023-Government-AI-Readiness-Index-Public-Indicator-Data.xlsx,Global rankings
WSM,Samoa,2024,127,188,0.6737967914438503,37.16037622,37.16037622,0-100,0,0,0,Samoa,2024-GAIRI-data.xlsx,Ranking
WSM,Samoa,2025,154,195,0.788659793814433,23.46,23.46,0-100,0,0,0,Samoa,2025-Government-AI-Readiness-Index-data-1.xlsx,Global Rankings
YEM,Yemen,2019,152,194,0.7823834196891192,1.9548857142857143,19.548857142857145,0-10,0,0,0,Yemen,SHARED_-2019-Index-data-for-report.xlsx,Rankings
YEM,Yemen,2020,172,172,1.0,19.072,19.072,0-100,0,0,0,Yemen,2020-Government-AI-Readiness-Index-public-dataset.xlsx,Global ranking
YEM,Yemen,2021,160,160,1.0,17.92941373,17.92941373,0-100,0,0,0,Yemen,2021-Government-AI-Readiness-Index-public-dataset.xlsx,Global ranking
YEM,Yemen,2022,179,181,0.9888888888888889,17.3219318,17.3219318,0-100,0,0,0,Yemen,2022-Government-AI-Readiness-Index-public-data.xlsx,Global rankings
YEM,Yemen,2023,188,193,0.9739583333333334,19.88707052,19.88707052,0-100,0,0,0,Yemen,2023-Government-AI-Readiness-Index-Public-Indicator-Data.xlsx,Global rankings
YEM,Yemen,2024,188,188,1.0,14.62247898,14.62247898,0-100,0,0,0,Yemen,2024-GAIRI-data.xlsx,Ranking
YEM,Yemen,2025,191,195,0.979381443298969,14.48,14.48,0-100,0,0,0,Yemen,2025-Government-AI-Readiness-Index-data-1.xlsx,Global Rankings
ZAF,South Africa,2019,68,194,0.3471502590673575,5.151937233780326,51.51937233780326,0-10,0,0,0,South Africa,SHARED_-2019-Index-data-for-report.xlsx,Rankings
ZAF,South Africa,2020,59,172,0.3391812865497076,48.25,48.25,0-100,0,0,0,South Africa,2020-Government-AI-Readiness-Index-public-dataset.xlsx,Global ranking
ZAF,South Africa,2021,68,160,0.42138364779874216,48.23683389,48.23683389,0-100,0,0,0,South Africa,2021-Government-AI-Readiness-Index-public-dataset.xlsx,Global ranking
ZAF,South Africa,2022,68,181,0.37222222222222223,47.74442738,47.74442738,0-100,0,0,0,South Africa,2022-Government-AI-Readiness-Index-public-data.xlsx,Global rankings
ZAF,South Africa,2023,77,193,0.3958333333333333,47.27824677,47.27824677,0-100,0,0,0,South Africa,2023-Government-AI-Readiness-Index-Public-Indicator-Data.xlsx,Global rankings
ZAF,South Africa,2024,72,188,0.37967914438502676,52.91180045,52.91180045,0-100,0,0,0,South Africa,2024-GAIRI-data.xlsx,Ranking
ZAF,South Africa,2025,65,195,0.32989690721649484,53.94,53.94,0-100,0,0,0,South Africa,2025-Government-AI-Readiness-Index-data-1.xlsx,Global Rankings
ZMB,Zambia,2019,92,194,0.47150259067357514,4.319346351,43.19346351,0-10,0,0,0,Zambia,SHARED_-2019-Index-data-for-report.xlsx,Rankings
ZMB,Zambia,2020,129,172,0.7485380116959064,32.053,32.053,0-100,0,0,0,Zambia,2020-Government-AI-Readiness-Index-public-dataset.xlsx,Global ranking
ZMB,Zambia,2021,133,160,0.8301886792452831,31.21443781,31.21443781,0-100,0,0,0,Zambia,2021-Government-AI-Readiness-Index-public-dataset.xlsx,Global ranking
ZMB,Zambia,2022,146,181,0.8055555555555556,29.63139333,29.63139333,0-100,0,0,0,Zambia,2022-Government-AI-Readiness-Index-public-data.xlsx,Global rankings
ZMB,Zambia,2023,143,193,0.7395833333333334,32.3597691,32.3597691,0-100,0,0,0,Zambia,2023-Government-AI-Readiness-Index-Public-Indicator-Data.xlsx,Global rankings
ZMB,Zambia,2024,100,188,0.5294117647058824,41.87395066,41.87395066,0-100,0,0,0,Zambia,2024-GAIRI-data.xlsx,Ranking
ZMB,Zambia,2025,82,195,0.4175257731958763,43.9,43.9,0-100,0,0,0,Zambia,2025-Government-AI-Readiness-Index-data-1.xlsx,Global Rankings
ZWE,Zimbabwe,2019,110,194,0.5647668393782384,3.5107723605714285,35.107723605714284,0-10,0,0,0,Zimbabwe,SHARED_-2019-Index-data-for-report.xlsx,Rankings
ZWE,Zimbabwe,2020,154,172,0.8947368421052632,27.321,27.321,0-100,0,0,0,Zimbabwe,2020-Government-AI-Readiness-Index-public-dataset.xlsx,Global ranking
ZWE,Zimbabwe,2021,144,160,0.89937106918239,29.14901401,29.14901401,0-100,0,0,0,Zimbabwe,2021-Government-AI-Readiness-Index-public-dataset.xlsx,Global ranking
ZWE,Zimbabwe,2022,148,181,0.8166666666666667,29.26484257,29.26484257,0-100,0,0,0,Zimbabwe,2022-Government-AI-Readiness-Index-public-data.xlsx,Global rankings
ZWE,Zimbabwe,2023,151,193,0.78125,30.70795467,30.70795467,0-100,0,0,0,Zimbabwe,2023-Government-AI-Readiness-Index-Public-Indicator-Data.xlsx,Global rankings
ZWE,Zimbabwe,2024,154,188,0.8181818181818182,32.59211942,32.59211942,0-100,0,0,0,Zimbabwe,2024-GAIRI-data.xlsx,Ranking
ZWE,Zimbabwe,2025,126,195,0.6443298969072165,29.53,29.53,0-100,0,0,0,Zimbabwe,2025-Government-AI-Readiness-Index-data-1.xlsx,Global Rankings
