"ref_area","source","indicator","sex","classif1","time","obs_value","obs_status","note_classif","note_indicator","note_source"
"ARG","BA:150","EMP_TEMP_SEX_OCU_NB","SEX_T","OCU_SKILL_TOTAL","2025",13405.902,,,,"R1:3513_S4:33"
"ARG","BA:150","EMP_TEMP_SEX_OCU_NB","SEX_T","OCU_SKILL_L3-4","2025",3569.871,,,,"R1:3513_S4:33"
"ARG","BA:150","EMP_TEMP_SEX_OCU_NB","SEX_T","OCU_SKILL_L2","2025",7932.59,,,,"R1:3513_S4:33"
"ARG","BA:150","EMP_TEMP_SEX_OCU_NB","SEX_T","OCU_SKILL_L1","2025",1662.065,,,,"R1:3513_S4:33"
"ARG","BA:150","EMP_TEMP_SEX_OCU_NB","SEX_T","OCU_SKILL_X","2025",241.376,,,,"R1:3513_S4:33"
"ARG","BA:150","EMP_TEMP_SEX_OCU_NB","SEX_T","OCU_ISCO08_TOTAL","2025",13405.902,,,,"R1:3513_S4:33"
"ARG","BA:150","EMP_TEMP_SEX_OCU_NB","SEX_T","OCU_ISCO08_1","2025",604.861,,,,"R1:3513_S4:33"
"ARG","BA:150","EMP_TEMP_SEX_OCU_NB","SEX_T","OCU_ISCO08_2","2025",1761.678,,,,"R1:3513_S4:33"
"ARG","BA:150","EMP_TEMP_SEX_OCU_NB","SEX_T","OCU_ISCO08_3","2025",1203.332,,,,"R1:3513_S4:33"
"ARG","BA:150","EMP_TEMP_SEX_OCU_NB","SEX_T","OCU_ISCO08_4","2025",1524.233,,,,"R1:3513_S4:33"
"ARG","BA:150","EMP_TEMP_SEX_OCU_NB","SEX_T","OCU_ISCO08_5","2025",3391.949,,,,"R1:3513_S4:33"
"ARG","BA:150","EMP_TEMP_SEX_OCU_NB","SEX_T","OCU_ISCO08_6","2025",23.175,,,,"R1:3513_S4:33"
"ARG","BA:150","EMP_TEMP_SEX_OCU_NB","SEX_T","OCU_ISCO08_7","2025",1797.952,,,,"R1:3513_S4:33"
"ARG","BA:150","EMP_TEMP_SEX_OCU_NB","SEX_T","OCU_ISCO08_8","2025",1195.281,,,,"R1:3513_S4:33"
"ARG","BA:150","EMP_TEMP_SEX_OCU_NB","SEX_T","OCU_ISCO08_9","2025",1662.065,,,,"R1:3513_S4:33"
"ARG","BA:150","EMP_TEMP_SEX_OCU_NB","SEX_T","OCU_ISCO08_0","2025",33.803,,,,"R1:3513_S4:33"
"ARG","BA:150","EMP_TEMP_SEX_OCU_NB","SEX_T","OCU_ISCO08_X","2025",207.572,,,,"R1:3513_S4:33"
"ARG","BA:150","EMP_TEMP_SEX_OCU_NB","SEX_T","OCU_SKILL_TOTAL","2024",13335.384,,,,"R1:3513_S4:33"
"ARG","BA:150","EMP_TEMP_SEX_OCU_NB","SEX_T","OCU_SKILL_L3-4","2024",3578.041,,,,"R1:3513_S4:33"
"ARG","BA:150","EMP_TEMP_SEX_OCU_NB","SEX_T","OCU_SKILL_L2","2024",7812.525,,,,"R1:3513_S4:33"
"ARG","BA:150","EMP_TEMP_SEX_OCU_NB","SEX_T","OCU_SKILL_L1","2024",1715.655,,,,"R1:3513_S4:33"
"ARG","BA:150","EMP_TEMP_SEX_OCU_NB","SEX_T","OCU_SKILL_X","2024",229.164,,,,"R1:3513_S4:33"
"ARG","BA:150","EMP_TEMP_SEX_OCU_NB","SEX_T","OCU_ISCO08_TOTAL","2024",13335.384,,,,"R1:3513_S4:33"
"ARG","BA:150","EMP_TEMP_SEX_OCU_NB","SEX_T","OCU_ISCO08_1","2024",598.258,,,,"R1:3513_S4:33"
"ARG","BA:150","EMP_TEMP_SEX_OCU_NB","SEX_T","OCU_ISCO08_2","2024",1788.836,,,,"R1:3513_S4:33"
"ARG","BA:150","EMP_TEMP_SEX_OCU_NB","SEX_T","OCU_ISCO08_3","2024",1190.947,,,,"R1:3513_S4:33"
"ARG","BA:150","EMP_TEMP_SEX_OCU_NB","SEX_T","OCU_ISCO08_4","2024",1543.612,,,,"R1:3513_S4:33"
"ARG","BA:150","EMP_TEMP_SEX_OCU_NB","SEX_T","OCU_ISCO08_5","2024",3361.414,,,,"R1:3513_S4:33"
"ARG","BA:150","EMP_TEMP_SEX_OCU_NB","SEX_T","OCU_ISCO08_6","2024",27.587,,,,"R1:3513_S4:33"
"ARG","BA:150","EMP_TEMP_SEX_OCU_NB","SEX_T","OCU_ISCO08_7","2024",1753.797,,,,"R1:3513_S4:33"
"ARG","BA:150","EMP_TEMP_SEX_OCU_NB","SEX_T","OCU_ISCO08_8","2024",1126.114,,,,"R1:3513_S4:33"
"ARG","BA:150","EMP_TEMP_SEX_OCU_NB","SEX_T","OCU_ISCO08_9","2024",1715.655,,,,"R1:3513_S4:33"
"ARG","BA:150","EMP_TEMP_SEX_OCU_NB","SEX_T","OCU_ISCO08_0","2024",35.742,,,,"R1:3513_S4:33"
"ARG","BA:150","EMP_TEMP_SEX_OCU_NB","SEX_T","OCU_ISCO08_X","2024",193.422,,,,"R1:3513_S4:33"
"ARG","BA:150","EMP_TEMP_SEX_OCU_NB","SEX_T","OCU_SKILL_TOTAL","2023",13293.498,,,,"R1:3513_S4:33"
"ARG","BA:150","EMP_TEMP_SEX_OCU_NB","SEX_T","OCU_SKILL_L3-4","2023",3449.7,,,,"R1:3513_S4:33"
"ARG","BA:150","EMP_TEMP_SEX_OCU_NB","SEX_T","OCU_SKILL_L2","2023",7892.443,,,,"R1:3513_S4:33"
"ARG","BA:150","EMP_TEMP_SEX_OCU_NB","SEX_T","OCU_SKILL_L1","2023",1785.625,,,,"R1:3513_S4:33"
"ARG","BA:150","EMP_TEMP_SEX_OCU_NB","SEX_T","OCU_SKILL_X","2023",165.729,,,,"R1:3513_S4:33"
"ARG","BA:150","EMP_TEMP_SEX_OCU_NB","SEX_T","OCU_ISCO08_TOTAL","2023",13293.498,,,,"R1:3513_S4:33"
"ARG","BA:150","EMP_TEMP_SEX_OCU_NB","SEX_T","OCU_ISCO08_1","2023",600.614,,,,"R1:3513_S4:33"
"ARG","BA:150","EMP_TEMP_SEX_OCU_NB","SEX_T","OCU_ISCO08_2","2023",1685.583,,,,"R1:3513_S4:33"
"ARG","BA:150","EMP_TEMP_SEX_OCU_NB","SEX_T","OCU_ISCO08_3","2023",1163.504,,,,"R1:3513_S4:33"
"ARG","BA:150","EMP_TEMP_SEX_OCU_NB","SEX_T","OCU_ISCO08_4","2023",1607.714,,,,"R1:3513_S4:33"
"ARG","BA:150","EMP_TEMP_SEX_OCU_NB","SEX_T","OCU_ISCO08_5","2023",3244.968,,,,"R1:3513_S4:33"
"ARG","BA:150","EMP_TEMP_SEX_OCU_NB","SEX_T","OCU_ISCO08_6","2023",28.92,,,,"R1:3513_S4:33"
"ARG","BA:150","EMP_TEMP_SEX_OCU_NB","SEX_T","OCU_ISCO08_7","2023",1921.862,,,,"R1:3513_S4:33"
"ARG","BA:150","EMP_TEMP_SEX_OCU_NB","SEX_T","OCU_ISCO08_8","2023",1088.978,,,,"R1:3513_S4:33"
"ARG","BA:150","EMP_TEMP_SEX_OCU_NB","SEX_T","OCU_ISCO08_9","2023",1785.625,,,,"R1:3513_S4:33"
"ARG","BA:150","EMP_TEMP_SEX_OCU_NB","SEX_T","OCU_ISCO08_0","2023",34.241,,,,"R1:3513_S4:33"
"ARG","BA:150","EMP_TEMP_SEX_OCU_NB","SEX_T","OCU_ISCO08_X","2023",131.488,,,,"R1:3513_S4:33"
"ARG","BA:150","EMP_TEMP_SEX_OCU_NB","SEX_T","OCU_SKILL_TOTAL","2022",12881.228,,,,"R1:3513_S4:33"
"ARG","BA:150","EMP_TEMP_SEX_OCU_NB","SEX_T","OCU_SKILL_L3-4","2022",3465.997,,,,"R1:3513_S4:33"
"ARG","BA:150","EMP_TEMP_SEX_OCU_NB","SEX_T","OCU_SKILL_L2","2022",7418.448,,,,"R1:3513_S4:33"
"ARG","BA:150","EMP_TEMP_SEX_OCU_NB","SEX_T","OCU_SKILL_L1","2022",1786.436,,,,"R1:3513_S4:33"
"ARG","BA:150","EMP_TEMP_SEX_OCU_NB","SEX_T","OCU_SKILL_X","2022",210.348,,,,"R1:3513_S4:33"
"ARG","BA:150","EMP_TEMP_SEX_OCU_NB","SEX_T","OCU_ISCO08_TOTAL","2022",12881.228,,,,"R1:3513_S4:33"
"ARG","BA:150","EMP_TEMP_SEX_OCU_NB","SEX_T","OCU_ISCO08_1","2022",590.466,,,,"R1:3513_S4:33"
"ARG","BA:150","EMP_TEMP_SEX_OCU_NB","SEX_T","OCU_ISCO08_2","2022",1664.225,,,,"R1:3513_S4:33"
"ARG","BA:150","EMP_TEMP_SEX_OCU_NB","SEX_T","OCU_ISCO08_3","2022",1211.306,,,,"R1:3513_S4:33"
"ARG","BA:150","EMP_TEMP_SEX_OCU_NB","SEX_T","OCU_ISCO08_4","2022",1444.663,,,,"R1:3513_S4:33"
"ARG","BA:150","EMP_TEMP_SEX_OCU_NB","SEX_T","OCU_ISCO08_5","2022",3098.326,,,,"R1:3513_S4:33"
"ARG","BA:150","EMP_TEMP_SEX_OCU_NB","SEX_T","OCU_ISCO08_6","2022",27.488,,,,"R1:3513_S4:33"
"ARG","BA:150","EMP_TEMP_SEX_OCU_NB","SEX_T","OCU_ISCO08_7","2022",1779.951,,,,"R1:3513_S4:33"
"ARG","BA:150","EMP_TEMP_SEX_OCU_NB","SEX_T","OCU_ISCO08_8","2022",1068.019,,,,"R1:3513_S4:33"
"ARG","BA:150","EMP_TEMP_SEX_OCU_NB","SEX_T","OCU_ISCO08_9","2022",1786.436,,,,"R1:3513_S4:33"
"ARG","BA:150","EMP_TEMP_SEX_OCU_NB","SEX_T","OCU_ISCO08_0","2022",27.394,,,,"R1:3513_S4:33"
"ARG","BA:150","EMP_TEMP_SEX_OCU_NB","SEX_T","OCU_ISCO08_X","2022",182.954,,,,"R1:3513_S4:33"
"ARG","BA:150","EMP_TEMP_SEX_OCU_NB","SEX_T","OCU_SKILL_TOTAL","2021",12241.621,,,,"R1:3513_S4:33"
"ARG","BA:150","EMP_TEMP_SEX_OCU_NB","SEX_T","OCU_SKILL_L3-4","2021",3485.838,,,,"R1:3513_S4:33"
"ARG","BA:150","EMP_TEMP_SEX_OCU_NB","SEX_T","OCU_SKILL_L2","2021",6898.943,,,,"R1:3513_S4:33"
"ARG","BA:150","EMP_TEMP_SEX_OCU_NB","SEX_T","OCU_SKILL_L1","2021",1628.292,,,,"R1:3513_S4:33"
"ARG","BA:150","EMP_TEMP_SEX_OCU_NB","SEX_T","OCU_SKILL_X","2021",228.548,,,,"R1:3513_S4:33"
"ARG","BA:150","EMP_TEMP_SEX_OCU_NB","SEX_T","OCU_ISCO08_TOTAL","2021",12241.621,,,,"R1:3513_S4:33"
"ARG","BA:150","EMP_TEMP_SEX_OCU_NB","SEX_T","OCU_ISCO08_1","2021",593.372,,,,"R1:3513_S4:33"
"ARG","BA:150","EMP_TEMP_SEX_OCU_NB","SEX_T","OCU_ISCO08_2","2021",1676.741,,,,"R1:3513_S4:33"
"ARG","BA:150","EMP_TEMP_SEX_OCU_NB","SEX_T","OCU_ISCO08_3","2021",1215.725,,,,"R1:3513_S4:33"
"ARG","BA:150","EMP_TEMP_SEX_OCU_NB","SEX_T","OCU_ISCO08_4","2021",1496.304,,,,"R1:3513_S4:33"
"ARG","BA:150","EMP_TEMP_SEX_OCU_NB","SEX_T","OCU_ISCO08_5","2021",2759.861,,,,"R1:3513_S4:33"
"ARG","BA:150","EMP_TEMP_SEX_OCU_NB","SEX_T","OCU_ISCO08_6","2021",28.727,,,,"R1:3513_S4:33"
"ARG","BA:150","EMP_TEMP_SEX_OCU_NB","SEX_T","OCU_ISCO08_7","2021",1607.275,,,,"R1:3513_S4:33"
"ARG","BA:150","EMP_TEMP_SEX_OCU_NB","SEX_T","OCU_ISCO08_8","2021",1006.775,,,,"R1:3513_S4:33"
"ARG","BA:150","EMP_TEMP_SEX_OCU_NB","SEX_T","OCU_ISCO08_9","2021",1628.292,,,,"R1:3513_S4:33"
"ARG","BA:150","EMP_TEMP_SEX_OCU_NB","SEX_T","OCU_ISCO08_0","2021",21.964,,,,"R1:3513_S4:33"
"ARG","BA:150","EMP_TEMP_SEX_OCU_NB","SEX_T","OCU_ISCO08_X","2021",206.583,,,,"R1:3513_S4:33"
"ARG","BA:150","EMP_TEMP_SEX_OCU_NB","SEX_T","OCU_SKILL_TOTAL","2020",10936.539,,,,"R1:3513_S4:33"
"ARG","BA:150","EMP_TEMP_SEX_OCU_NB","SEX_T","OCU_SKILL_L3-4","2020",2272.608,,,,"R1:3513_S4:33"
"ARG","BA:150","EMP_TEMP_SEX_OCU_NB","SEX_T","OCU_SKILL_L2","2020",4605.26,,,,"R1:3513_S4:33"
"ARG","BA:150","EMP_TEMP_SEX_OCU_NB","SEX_T","OCU_SKILL_L1","2020",1257.12,,,,"R1:3513_S4:33"
"ARG","BA:150","EMP_TEMP_SEX_OCU_NB","SEX_T","OCU_SKILL_X","2020",2801.551,,,,"R1:3513_S4:33"
"ARG","BA:150","EMP_TEMP_SEX_OCU_NB","SEX_T","OCU_ISCO08_TOTAL","2020",10936.539,,,,"R1:3513_S4:33"
"ARG","BA:150","EMP_TEMP_SEX_OCU_NB","SEX_T","OCU_ISCO08_1","2020",352.04,,,,"R1:3513_S4:33"
"ARG","BA:150","EMP_TEMP_SEX_OCU_NB","SEX_T","OCU_ISCO08_2","2020",1107.613,,,,"R1:3513_S4:33"
"ARG","BA:150","EMP_TEMP_SEX_OCU_NB","SEX_T","OCU_ISCO08_3","2020",812.954,,,,"R1:3513_S4:33"
"ARG","BA:150","EMP_TEMP_SEX_OCU_NB","SEX_T","OCU_ISCO08_4","2020",935.574,,,,"R1:3513_S4:33"
"ARG","BA:150","EMP_TEMP_SEX_OCU_NB","SEX_T","OCU_ISCO08_5","2020",1872.038,,,,"R1:3513_S4:33"
"ARG","BA:150","EMP_TEMP_SEX_OCU_NB","SEX_T","OCU_ISCO08_6","2020",13.529,,,,"R1:3513_S4:33"
"ARG","BA:150","EMP_TEMP_SEX_OCU_NB","SEX_T","OCU_ISCO08_7","2020",1083.953,,,,"R1:3513_S4:33"
"ARG","BA:150","EMP_TEMP_SEX_OCU_NB","SEX_T","OCU_ISCO08_8","2020",700.166,,,,"R1:3513_S4:33"
"ARG","BA:150","EMP_TEMP_SEX_OCU_NB","SEX_T","OCU_ISCO08_9","2020",1257.12,,,,"R1:3513_S4:33"
"ARG","BA:150","EMP_TEMP_SEX_OCU_NB","SEX_T","OCU_ISCO08_0","2020",15.714,,,,"R1:3513_S4:33"
"ARG","BA:150","EMP_TEMP_SEX_OCU_NB","SEX_T","OCU_ISCO08_X","2020",2785.837,,,,"R1:3513_S4:33"
"ARG","BA:150","EMP_TEMP_SEX_OCU_NB","SEX_T","OCU_SKILL_TOTAL","2019",12041.135,,,,"R1:3513_S4:33"
"ARG","BA:150","EMP_TEMP_SEX_OCU_NB","SEX_T","OCU_SKILL_L3-4","2019",3287.914,,,,"R1:3513_S4:33"
"ARG","BA:150","EMP_TEMP_SEX_OCU_NB","SEX_T","OCU_SKILL_L2","2019",6684.642,,,,"R1:3513_S4:33"
"ARG","BA:150","EMP_TEMP_SEX_OCU_NB","SEX_T","OCU_SKILL_L1","2019",1792.149,,,,"R1:3513_S4:33"
"ARG","BA:150","EMP_TEMP_SEX_OCU_NB","SEX_T","OCU_SKILL_X","2019",276.43,,,,"R1:3513_S4:33"
"ARG","BA:150","EMP_TEMP_SEX_OCU_NB","SEX_T","OCU_ISCO08_TOTAL","2019",12041.135,,,,"R1:3513_S4:33"
"ARG","BA:150","EMP_TEMP_SEX_OCU_NB","SEX_T","OCU_ISCO08_1","2019",614.019,,,,"R1:3513_S4:33"
"ARG","BA:150","EMP_TEMP_SEX_OCU_NB","SEX_T","OCU_ISCO08_2","2019",1579.882,,,,"R1:3513_S4:33"
"ARG","BA:150","EMP_TEMP_SEX_OCU_NB","SEX_T","OCU_ISCO08_3","2019",1094.014,,,,"R1:3513_S4:33"
"ARG","BA:150","EMP_TEMP_SEX_OCU_NB","SEX_T","OCU_ISCO08_4","2019",1324.581,,,,"R1:3513_S4:33"
"ARG","BA:150","EMP_TEMP_SEX_OCU_NB","SEX_T","OCU_ISCO08_5","2019",2741.38,,,,"R1:3513_S4:33"
"ARG","BA:150","EMP_TEMP_SEX_OCU_NB","SEX_T","OCU_ISCO08_6","2019",30.759,,,,"R1:3513_S4:33"
"ARG","BA:150","EMP_TEMP_SEX_OCU_NB","SEX_T","OCU_ISCO08_7","2019",1552.306,,,,"R1:3513_S4:33"
"ARG","BA:150","EMP_TEMP_SEX_OCU_NB","SEX_T","OCU_ISCO08_8","2019",1035.616,,,,"R1:3513_S4:33"
"ARG","BA:150","EMP_TEMP_SEX_OCU_NB","SEX_T","OCU_ISCO08_9","2019",1792.149,,,,"R1:3513_S4:33"
"ARG","BA:150","EMP_TEMP_SEX_OCU_NB","SEX_T","OCU_ISCO08_0","2019",19.07,,,,"R1:3513_S4:33"
"ARG","BA:150","EMP_TEMP_SEX_OCU_NB","SEX_T","OCU_ISCO08_X","2019",257.359,,,,"R1:3513_S4:33"
"ARG","BA:150","EMP_TEMP_SEX_OCU_NB","SEX_T","OCU_SKILL_TOTAL","2018",11744.699,,,,"R1:3513_S4:33"
"ARG","BA:150","EMP_TEMP_SEX_OCU_NB","SEX_T","OCU_SKILL_L3-4","2018",3099.3,,,,"R1:3513_S4:33"
"ARG","BA:150","EMP_TEMP_SEX_OCU_NB","SEX_T","OCU_SKILL_L2","2018",6621.592,,,,"R1:3513_S4:33"
"ARG","BA:150","EMP_TEMP_SEX_OCU_NB","SEX_T","OCU_SKILL_L1","2018",1786.16,,,,"R1:3513_S4:33"
"ARG","BA:150","EMP_TEMP_SEX_OCU_NB","SEX_T","OCU_SKILL_X","2018",237.648,,,,"R1:3513_S4:33"
"ARG","BA:150","EMP_TEMP_SEX_OCU_NB","SEX_T","OCU_ISCO08_TOTAL","2018",11744.699,,,,"R1:3513_S4:33"
"ARG","BA:150","EMP_TEMP_SEX_OCU_NB","SEX_T","OCU_ISCO08_1","2018",583.629,,,,"R1:3513_S4:33"
"ARG","BA:150","EMP_TEMP_SEX_OCU_NB","SEX_T","OCU_ISCO08_2","2018",1495.331,,,,"R1:3513_S4:33"
"ARG","BA:150","EMP_TEMP_SEX_OCU_NB","SEX_T","OCU_ISCO08_3","2018",1020.339,,,,"R1:3513_S4:33"
"ARG","BA:150","EMP_TEMP_SEX_OCU_NB","SEX_T","OCU_ISCO08_4","2018",1372.441,,,,"R1:3513_S4:33"
"ARG","BA:150","EMP_TEMP_SEX_OCU_NB","SEX_T","OCU_ISCO08_5","2018",2631.641,,,,"R1:3513_S4:33"
"ARG","BA:150","EMP_TEMP_SEX_OCU_NB","SEX_T","OCU_ISCO08_6","2018",25.899,,,,"R1:3513_S4:33"
"ARG","BA:150","EMP_TEMP_SEX_OCU_NB","SEX_T","OCU_ISCO08_7","2018",1567.644,,,,"R1:3513_S4:33"
"ARG","BA:150","EMP_TEMP_SEX_OCU_NB","SEX_T","OCU_ISCO08_8","2018",1023.967,,,,"R1:3513_S4:33"
"ARG","BA:150","EMP_TEMP_SEX_OCU_NB","SEX_T","OCU_ISCO08_9","2018",1786.16,,,,"R1:3513_S4:33"
"ARG","BA:150","EMP_TEMP_SEX_OCU_NB","SEX_T","OCU_ISCO08_0","2018",21.89,,,,"R1:3513_S4:33"
"ARG","BA:150","EMP_TEMP_SEX_OCU_NB","SEX_T","OCU_ISCO08_X","2018",215.757,,,,"R1:3513_S4:33"
"ARG","BA:150","EMP_TEMP_SEX_OCU_NB","SEX_T","OCU_SKILL_TOTAL","2017",11568.217,,,,"R1:3513_S4:33"
"ARG","BA:150","EMP_TEMP_SEX_OCU_NB","SEX_T","OCU_SKILL_L3-4","2017",2226.422,,,,"R1:3513_S4:33"
"ARG","BA:150","EMP_TEMP_SEX_OCU_NB","SEX_T","OCU_SKILL_L2","2017",5043.726,,,,"R1:3513_S4:33"
"ARG","BA:150","EMP_TEMP_SEX_OCU_NB","SEX_T","OCU_SKILL_L1","2017",1329.75,,,,"R1:3513_S4:33"
"ARG","BA:150","EMP_TEMP_SEX_OCU_NB","SEX_T","OCU_SKILL_X","2017",2968.32,,,,"R1:3513_S4:33"
"ARG","BA:150","EMP_TEMP_SEX_OCU_NB","SEX_T","OCU_ISCO08_TOTAL","2017",11568.217,,,,"R1:3513_S4:33"
"ARG","BA:150","EMP_TEMP_SEX_OCU_NB","SEX_T","OCU_ISCO08_1","2017",424.362,,,,"R1:3513_S4:33"
"ARG","BA:150","EMP_TEMP_SEX_OCU_NB","SEX_T","OCU_ISCO08_2","2017",1083.056,,,,"R1:3513_S4:33"
"ARG","BA:150","EMP_TEMP_SEX_OCU_NB","SEX_T","OCU_ISCO08_3","2017",719.004,,,,"R1:3513_S4:33"
"ARG","BA:150","EMP_TEMP_SEX_OCU_NB","SEX_T","OCU_ISCO08_4","2017",1139.143,,,,"R1:3513_S4:33"
"ARG","BA:150","EMP_TEMP_SEX_OCU_NB","SEX_T","OCU_ISCO08_5","2017",1943.236,,,,"R1:3513_S4:33"
"ARG","BA:150","EMP_TEMP_SEX_OCU_NB","SEX_T","OCU_ISCO08_6","2017",20.148,,,,"R1:3513_S4:33"
"ARG","BA:150","EMP_TEMP_SEX_OCU_NB","SEX_T","OCU_ISCO08_7","2017",1190.695,,,,"R1:3513_S4:33"
"ARG","BA:150","EMP_TEMP_SEX_OCU_NB","SEX_T","OCU_ISCO08_8","2017",750.504,,,,"R1:3513_S4:33"
"ARG","BA:150","EMP_TEMP_SEX_OCU_NB","SEX_T","OCU_ISCO08_9","2017",1329.75,,,,"R1:3513_S4:33"
"ARG","BA:150","EMP_TEMP_SEX_OCU_NB","SEX_T","OCU_ISCO08_0","2017",19.777,,,,"R1:3513_S4:33"
"ARG","BA:150","EMP_TEMP_SEX_OCU_NB","SEX_T","OCU_ISCO08_X","2017",2948.542,,,,"R1:3513_S4:33"
"ARG","BA:150","EMP_TEMP_SEX_OCU_NB","SEX_T","OCU_SKILL_TOTAL","2014",11047.223,,,"I13:3888","R1:3513_S4:33"
"ARG","BA:150","EMP_TEMP_SEX_OCU_NB","SEX_T","OCU_SKILL_L3-4","2014",2576.685,,,"I13:3888","R1:3513_S4:33"
"ARG","BA:150","EMP_TEMP_SEX_OCU_NB","SEX_T","OCU_SKILL_L2","2014",6159.102,,,"I13:3888","R1:3513_S4:33"
"ARG","BA:150","EMP_TEMP_SEX_OCU_NB","SEX_T","OCU_SKILL_L1","2014",1632.69,,,"I13:3888","R1:3513_S4:33"
"ARG","BA:150","EMP_TEMP_SEX_OCU_NB","SEX_T","OCU_SKILL_X","2014",678.746,,,"I13:3888","R1:3513_S4:33"
"ARG","BA:150","EMP_TEMP_SEX_OCU_NB","SEX_T","OCU_ISCO08_TOTAL","2014",11047.223,,,"I13:3888","R1:3513_S4:33"
"ARG","BA:150","EMP_TEMP_SEX_OCU_NB","SEX_T","OCU_ISCO08_1","2014",491.974,,,"I13:3888","R1:3513_S4:33"
"ARG","BA:150","EMP_TEMP_SEX_OCU_NB","SEX_T","OCU_ISCO08_2","2014",1136.301,,,"I13:3888","R1:3513_S4:33"
"ARG","BA:150","EMP_TEMP_SEX_OCU_NB","SEX_T","OCU_ISCO08_3","2014",948.41,,,"I13:3888","R1:3513_S4:33"
"ARG","BA:150","EMP_TEMP_SEX_OCU_NB","SEX_T","OCU_ISCO08_4","2014",1356.27,,,"I13:3888","R1:3513_S4:33"
"ARG","BA:150","EMP_TEMP_SEX_OCU_NB","SEX_T","OCU_ISCO08_5","2014",2297.562,,,"I13:3888","R1:3513_S4:33"
"ARG","BA:150","EMP_TEMP_SEX_OCU_NB","SEX_T","OCU_ISCO08_6","2014",29.096,,,"I13:3888","R1:3513_S4:33"
"ARG","BA:150","EMP_TEMP_SEX_OCU_NB","SEX_T","OCU_ISCO08_7","2014",1392.874,,,"I13:3888","R1:3513_S4:33"
"ARG","BA:150","EMP_TEMP_SEX_OCU_NB","SEX_T","OCU_ISCO08_8","2014",1083.3,,,"I13:3888","R1:3513_S4:33"
"ARG","BA:150","EMP_TEMP_SEX_OCU_NB","SEX_T","OCU_ISCO08_9","2014",1632.69,,,"I13:3888","R1:3513_S4:33"
"ARG","BA:150","EMP_TEMP_SEX_OCU_NB","SEX_T","OCU_ISCO08_X","2014",678.746,,,"I13:3888","R1:3513_S4:33"
"ARG","BA:150","EMP_TEMP_SEX_OCU_NB","SEX_T","OCU_SKILL_TOTAL","2013",10942.848,,,"I13:3888","R1:3513_S4:33"
"ARG","BA:150","EMP_TEMP_SEX_OCU_NB","SEX_T","OCU_SKILL_L3-4","2013",2674.117,,,"I13:3888","R1:3513_S4:33"
"ARG","BA:150","EMP_TEMP_SEX_OCU_NB","SEX_T","OCU_SKILL_L2","2013",5948.857,,,"I13:3888","R1:3513_S4:33"
"ARG","BA:150","EMP_TEMP_SEX_OCU_NB","SEX_T","OCU_SKILL_L1","2013",1710.281,,,"I13:3888","R1:3513_S4:33"
"ARG","BA:150","EMP_TEMP_SEX_OCU_NB","SEX_T","OCU_SKILL_X","2013",609.593,,,"I13:3888","R1:3513_S4:33"
"ARG","BA:150","EMP_TEMP_SEX_OCU_NB","SEX_T","OCU_ISCO08_TOTAL","2013",10942.848,,,"I13:3888","R1:3513_S4:33"
"ARG","BA:150","EMP_TEMP_SEX_OCU_NB","SEX_T","OCU_ISCO08_1","2013",520.832,,,"I13:3888","R1:3513_S4:33"
"ARG","BA:150","EMP_TEMP_SEX_OCU_NB","SEX_T","OCU_ISCO08_2","2013",1179.21,,,"I13:3888","R1:3513_S4:33"
"ARG","BA:150","EMP_TEMP_SEX_OCU_NB","SEX_T","OCU_ISCO08_3","2013",974.074,,,"I13:3888","R1:3513_S4:33"
"ARG","BA:150","EMP_TEMP_SEX_OCU_NB","SEX_T","OCU_ISCO08_4","2013",1245.233,,,"I13:3888","R1:3513_S4:33"
"ARG","BA:150","EMP_TEMP_SEX_OCU_NB","SEX_T","OCU_ISCO08_5","2013",2267.862,,,"I13:3888","R1:3513_S4:33"
"ARG","BA:150","EMP_TEMP_SEX_OCU_NB","SEX_T","OCU_ISCO08_6","2013",30.405,,,"I13:3888","R1:3513_S4:33"
"ARG","BA:150","EMP_TEMP_SEX_OCU_NB","SEX_T","OCU_ISCO08_7","2013",1396.983,,,"I13:3888","R1:3513_S4:33"
"ARG","BA:150","EMP_TEMP_SEX_OCU_NB","SEX_T","OCU_ISCO08_8","2013",1008.374,,,"I13:3888","R1:3513_S4:33"
"ARG","BA:150","EMP_TEMP_SEX_OCU_NB","SEX_T","OCU_ISCO08_9","2013",1710.281,,,"I13:3888","R1:3513_S4:33"
"ARG","BA:150","EMP_TEMP_SEX_OCU_NB","SEX_T","OCU_ISCO08_X","2013",609.593,,,"I13:3888","R1:3513_S4:33"
"ARG","BA:150","EMP_TEMP_SEX_OCU_NB","SEX_T","OCU_SKILL_TOTAL","2012",10843.566,,,"I13:3888","R1:3513_S4:33"
"ARG","BA:150","EMP_TEMP_SEX_OCU_NB","SEX_T","OCU_SKILL_L3-4","2012",2699.024,,,"I13:3888","R1:3513_S4:33"
"ARG","BA:150","EMP_TEMP_SEX_OCU_NB","SEX_T","OCU_SKILL_L2","2012",5737.736,,,"I13:3888","R1:3513_S4:33"
"ARG","BA:150","EMP_TEMP_SEX_OCU_NB","SEX_T","OCU_SKILL_L1","2012",1857.07,,,"I13:3888","R1:3513_S4:33"
"ARG","BA:150","EMP_TEMP_SEX_OCU_NB","SEX_T","OCU_SKILL_X","2012",549.737,,,"I13:3888","R1:3513_S4:33"
"ARG","BA:150","EMP_TEMP_SEX_OCU_NB","SEX_T","OCU_ISCO08_TOTAL","2012",10843.566,,,"I13:3888","R1:3513_S4:33"
"ARG","BA:150","EMP_TEMP_SEX_OCU_NB","SEX_T","OCU_ISCO08_1","2012",558.904,,,"I13:3888","R1:3513_S4:33"
"ARG","BA:150","EMP_TEMP_SEX_OCU_NB","SEX_T","OCU_ISCO08_2","2012",1145.092,,,"I13:3888","R1:3513_S4:33"
"ARG","BA:150","EMP_TEMP_SEX_OCU_NB","SEX_T","OCU_ISCO08_3","2012",995.028,,,"I13:3888","R1:3513_S4:33"
"ARG","BA:150","EMP_TEMP_SEX_OCU_NB","SEX_T","OCU_ISCO08_4","2012",1214.633,,,"I13:3888","R1:3513_S4:33"
"ARG","BA:150","EMP_TEMP_SEX_OCU_NB","SEX_T","OCU_ISCO08_5","2012",2168.551,,,"I13:3888","R1:3513_S4:33"
"ARG","BA:150","EMP_TEMP_SEX_OCU_NB","SEX_T","OCU_ISCO08_6","2012",24.155,,,"I13:3888","R1:3513_S4:33"
"ARG","BA:150","EMP_TEMP_SEX_OCU_NB","SEX_T","OCU_ISCO08_7","2012",1372.614,,,"I13:3888","R1:3513_S4:33"
"ARG","BA:150","EMP_TEMP_SEX_OCU_NB","SEX_T","OCU_ISCO08_8","2012",957.782,,,"I13:3888","R1:3513_S4:33"
"ARG","BA:150","EMP_TEMP_SEX_OCU_NB","SEX_T","OCU_ISCO08_9","2012",1857.07,,,"I13:3888","R1:3513_S4:33"
"ARG","BA:150","EMP_TEMP_SEX_OCU_NB","SEX_T","OCU_ISCO08_X","2012",549.737,,,"I13:3888","R1:3513_S4:33"
"ARG","BA:150","EMP_TEMP_SEX_OCU_NB","SEX_T","OCU_SKILL_TOTAL","2011",10765.734,,,"I13:3888","R1:3513_S4:33"
"ARG","BA:150","EMP_TEMP_SEX_OCU_NB","SEX_T","OCU_SKILL_L3-4","2011",2718.626,,,"I13:3888","R1:3513_S4:33"
"ARG","BA:150","EMP_TEMP_SEX_OCU_NB","SEX_T","OCU_SKILL_L2","2011",5682.71,,,"I13:3888","R1:3513_S4:33"
"ARG","BA:150","EMP_TEMP_SEX_OCU_NB","SEX_T","OCU_SKILL_L1","2011",1837.748,,,"I13:3888","R1:3513_S4:33"
"ARG","BA:150","EMP_TEMP_SEX_OCU_NB","SEX_T","OCU_SKILL_X","2011",526.65,,,"I13:3888","R1:3513_S4:33"
"ARG","BA:150","EMP_TEMP_SEX_OCU_NB","SEX_T","OCU_ISCO08_TOTAL","2011",10765.734,,,"I13:3888","R1:3513_S4:33"
"ARG","BA:150","EMP_TEMP_SEX_OCU_NB","SEX_T","OCU_ISCO08_1","2011",608.162,,,"I13:3888","R1:3513_S4:33"
"ARG","BA:150","EMP_TEMP_SEX_OCU_NB","SEX_T","OCU_ISCO08_2","2011",1121.508,,,"I13:3888","R1:3513_S4:33"
"ARG","BA:150","EMP_TEMP_SEX_OCU_NB","SEX_T","OCU_ISCO08_3","2011",988.955,,,"I13:3888","R1:3513_S4:33"
"ARG","BA:150","EMP_TEMP_SEX_OCU_NB","SEX_T","OCU_ISCO08_4","2011",1205.716,,,"I13:3888","R1:3513_S4:33"
"ARG","BA:150","EMP_TEMP_SEX_OCU_NB","SEX_T","OCU_ISCO08_5","2011",2225.618,,,"I13:3888","R1:3513_S4:33"
"ARG","BA:150","EMP_TEMP_SEX_OCU_NB","SEX_T","OCU_ISCO08_6","2011",29.637,,,"I13:3888","R1:3513_S4:33"
"ARG","BA:150","EMP_TEMP_SEX_OCU_NB","SEX_T","OCU_ISCO08_7","2011",1326.707,,,"I13:3888","R1:3513_S4:33"
"ARG","BA:150","EMP_TEMP_SEX_OCU_NB","SEX_T","OCU_ISCO08_8","2011",895.03,,,"I13:3888","R1:3513_S4:33"
"ARG","BA:150","EMP_TEMP_SEX_OCU_NB","SEX_T","OCU_ISCO08_9","2011",1837.748,,,"I13:3888","R1:3513_S4:33"
"ARG","BA:150","EMP_TEMP_SEX_OCU_NB","SEX_T","OCU_ISCO08_X","2011",526.65,,,"I13:3888","R1:3513_S4:33"
"ARG","BA:150","EMP_TEMP_SEX_OCU_NB","SEX_T","OCU_SKILL_TOTAL","2010",10531.926,,,"I13:3888","R1:3513_S4:33"
"ARG","BA:150","EMP_TEMP_SEX_OCU_NB","SEX_T","OCU_SKILL_L3-4","2010",2644.124,,,"I13:3888","R1:3513_S4:33"
"ARG","BA:150","EMP_TEMP_SEX_OCU_NB","SEX_T","OCU_SKILL_L2","2010",4889.282,,,"I13:3888","R1:3513_S4:33"
"ARG","BA:150","EMP_TEMP_SEX_OCU_NB","SEX_T","OCU_SKILL_L1","2010",1885.57,,,"I13:3888","R1:3513_S4:33"
"ARG","BA:150","EMP_TEMP_SEX_OCU_NB","SEX_T","OCU_SKILL_X","2010",1112.951,,,"I13:3888","R1:3513_S4:33"
"ARG","BA:150","EMP_TEMP_SEX_OCU_NB","SEX_T","OCU_ISCO08_TOTAL","2010",10531.926,,,"I13:3888","R1:3513_S4:33"
"ARG","BA:150","EMP_TEMP_SEX_OCU_NB","SEX_T","OCU_ISCO08_1","2010",590.486,,,"I13:3888","R1:3513_S4:33"
"ARG","BA:150","EMP_TEMP_SEX_OCU_NB","SEX_T","OCU_ISCO08_2","2010",1080.813,,,"I13:3888","R1:3513_S4:33"
"ARG","BA:150","EMP_TEMP_SEX_OCU_NB","SEX_T","OCU_ISCO08_3","2010",972.824,,,"I13:3888","R1:3513_S4:33"
"ARG","BA:150","EMP_TEMP_SEX_OCU_NB","SEX_T","OCU_ISCO08_4","2010",1133.791,,,"I13:3888","R1:3513_S4:33"
"ARG","BA:150","EMP_TEMP_SEX_OCU_NB","SEX_T","OCU_ISCO08_5","2010",2155.07,,,"I13:3888","R1:3513_S4:33"
"ARG","BA:150","EMP_TEMP_SEX_OCU_NB","SEX_T","OCU_ISCO08_6","2010",25.33,,,"I13:3888","R1:3513_S4:33"
"ARG","BA:150","EMP_TEMP_SEX_OCU_NB","SEX_T","OCU_ISCO08_7","2010",1001.218,,,"I13:3888","R1:3513_S4:33"
"ARG","BA:150","EMP_TEMP_SEX_OCU_NB","SEX_T","OCU_ISCO08_8","2010",573.872,,,"I13:3888","R1:3513_S4:33"
"ARG","BA:150","EMP_TEMP_SEX_OCU_NB","SEX_T","OCU_ISCO08_9","2010",1885.57,,,"I13:3888","R1:3513_S4:33"
"ARG","BA:150","EMP_TEMP_SEX_OCU_NB","SEX_T","OCU_ISCO08_X","2010",1112.951,,,"I13:3888","R1:3513_S4:33"
"ARG","BA:150","EMP_TEMP_SEX_OCU_NB","SEX_T","OCU_SKILL_TOTAL","2009",10401.878,,,"I13:3888","R1:3513_S4:33"
"ARG","BA:150","EMP_TEMP_SEX_OCU_NB","SEX_T","OCU_SKILL_L3-4","2009",2620.351,,,"I13:3888","R1:3513_S4:33"
"ARG","BA:150","EMP_TEMP_SEX_OCU_NB","SEX_T","OCU_SKILL_L2","2009",4851.763,,,"I13:3888","R1:3513_S4:33"
"ARG","BA:150","EMP_TEMP_SEX_OCU_NB","SEX_T","OCU_SKILL_L1","2009",1879.821,,,"I13:3888","R1:3513_S4:33"
"ARG","BA:150","EMP_TEMP_SEX_OCU_NB","SEX_T","OCU_SKILL_X","2009",1049.943,,,"I13:3888","R1:3513_S4:33"
"ARG","BA:150","EMP_TEMP_SEX_OCU_NB","SEX_T","OCU_ISCO08_TOTAL","2009",10401.878,,,"I13:3888","R1:3513_S4:33"
"ARG","BA:150","EMP_TEMP_SEX_OCU_NB","SEX_T","OCU_ISCO08_1","2009",614.034,,,"I13:3888","R1:3513_S4:33"
"ARG","BA:150","EMP_TEMP_SEX_OCU_NB","SEX_T","OCU_ISCO08_2","2009",1099.603,,,"I13:3888","R1:3513_S4:33"
"ARG","BA:150","EMP_TEMP_SEX_OCU_NB","SEX_T","OCU_ISCO08_3","2009",906.714,,,"I13:3888","R1:3513_S4:33"
"ARG","BA:150","EMP_TEMP_SEX_OCU_NB","SEX_T","OCU_ISCO08_4","2009",1144.792,,,"I13:3888","R1:3513_S4:33"
"ARG","BA:150","EMP_TEMP_SEX_OCU_NB","SEX_T","OCU_ISCO08_5","2009",2089.328,,,"I13:3888","R1:3513_S4:33"
"ARG","BA:150","EMP_TEMP_SEX_OCU_NB","SEX_T","OCU_ISCO08_6","2009",24.22,,,"I13:3888","R1:3513_S4:33"
"ARG","BA:150","EMP_TEMP_SEX_OCU_NB","SEX_T","OCU_ISCO08_7","2009",1033.051,,,"I13:3888","R1:3513_S4:33"
"ARG","BA:150","EMP_TEMP_SEX_OCU_NB","SEX_T","OCU_ISCO08_8","2009",560.372,,,"I13:3888","R1:3513_S4:33"
"ARG","BA:150","EMP_TEMP_SEX_OCU_NB","SEX_T","OCU_ISCO08_9","2009",1879.821,,,"I13:3888","R1:3513_S4:33"
"ARG","BA:150","EMP_TEMP_SEX_OCU_NB","SEX_T","OCU_ISCO08_X","2009",1049.943,,,"I13:3888","R1:3513_S4:33"
"ARG","BA:150","EMP_TEMP_SEX_OCU_NB","SEX_T","OCU_SKILL_TOTAL","2008",10279.805,,,"I13:3888","R1:3513_S4:33"
"ARG","BA:150","EMP_TEMP_SEX_OCU_NB","SEX_T","OCU_SKILL_L3-4","2008",2554.706,,,"I13:3888","R1:3513_S4:33"
"ARG","BA:150","EMP_TEMP_SEX_OCU_NB","SEX_T","OCU_SKILL_L2","2008",4796.803,,,"I13:3888","R1:3513_S4:33"
"ARG","BA:150","EMP_TEMP_SEX_OCU_NB","SEX_T","OCU_SKILL_L1","2008",1838.741,,,"I13:3888","R1:3513_S4:33"
"ARG","BA:150","EMP_TEMP_SEX_OCU_NB","SEX_T","OCU_SKILL_X","2008",1089.555,,,"I13:3888","R1:3513_S4:33"
"ARG","BA:150","EMP_TEMP_SEX_OCU_NB","SEX_T","OCU_ISCO08_TOTAL","2008",10279.805,,,"I13:3888","R1:3513_S4:33"
"ARG","BA:150","EMP_TEMP_SEX_OCU_NB","SEX_T","OCU_ISCO08_1","2008",611.159,,,"I13:3888","R1:3513_S4:33"
"ARG","BA:150","EMP_TEMP_SEX_OCU_NB","SEX_T","OCU_ISCO08_2","2008",1065.554,,,"I13:3888","R1:3513_S4:33"
"ARG","BA:150","EMP_TEMP_SEX_OCU_NB","SEX_T","OCU_ISCO08_3","2008",877.993,,,"I13:3888","R1:3513_S4:33"
"ARG","BA:150","EMP_TEMP_SEX_OCU_NB","SEX_T","OCU_ISCO08_4","2008",1105.21,,,"I13:3888","R1:3513_S4:33"
"ARG","BA:150","EMP_TEMP_SEX_OCU_NB","SEX_T","OCU_ISCO08_5","2008",2117.587,,,"I13:3888","R1:3513_S4:33"
"ARG","BA:150","EMP_TEMP_SEX_OCU_NB","SEX_T","OCU_ISCO08_6","2008",27.307,,,"I13:3888","R1:3513_S4:33"
"ARG","BA:150","EMP_TEMP_SEX_OCU_NB","SEX_T","OCU_ISCO08_7","2008",996.308,,,"I13:3888","R1:3513_S4:33"
"ARG","BA:150","EMP_TEMP_SEX_OCU_NB","SEX_T","OCU_ISCO08_8","2008",550.391,,,"I13:3888","R1:3513_S4:33"
"ARG","BA:150","EMP_TEMP_SEX_OCU_NB","SEX_T","OCU_ISCO08_9","2008",1838.741,,,"I13:3888","R1:3513_S4:33"
"ARG","BA:150","EMP_TEMP_SEX_OCU_NB","SEX_T","OCU_ISCO08_X","2008",1089.555,,,"I13:3888","R1:3513_S4:33"
"ARG","BA:150","EMP_TEMP_SEX_OCU_NB","SEX_T","OCU_SKILL_TOTAL","2006",9926.045,,,,"R1:3513_S4:33"
"ARG","BA:150","EMP_TEMP_SEX_OCU_NB","SEX_T","OCU_SKILL_L3-4","2006",2307.348,,,,"R1:3513_S4:33"
"ARG","BA:150","EMP_TEMP_SEX_OCU_NB","SEX_T","OCU_SKILL_L2","2006",4511.426,,,,"R1:3513_S4:33"
"ARG","BA:150","EMP_TEMP_SEX_OCU_NB","SEX_T","OCU_SKILL_L1","2006",1938.649,,,,"R1:3513_S4:33"
"ARG","BA:150","EMP_TEMP_SEX_OCU_NB","SEX_T","OCU_SKILL_X","2006",1168.622,,,,"R1:3513_S4:33"
"ARG","BA:150","EMP_TEMP_SEX_OCU_NB","SEX_T","OCU_ISCO08_TOTAL","2006",9926.045,,,,"R1:3513_S4:33"
"ARG","BA:150","EMP_TEMP_SEX_OCU_NB","SEX_T","OCU_ISCO08_1","2006",526.306,,,,"R1:3513_S4:33"
"ARG","BA:150","EMP_TEMP_SEX_OCU_NB","SEX_T","OCU_ISCO08_2","2006",923.363,,,,"R1:3513_S4:33"
"ARG","BA:150","EMP_TEMP_SEX_OCU_NB","SEX_T","OCU_ISCO08_3","2006",857.68,,,,"R1:3513_S4:33"
"ARG","BA:150","EMP_TEMP_SEX_OCU_NB","SEX_T","OCU_ISCO08_4","2006",1029.877,,,,"R1:3513_S4:33"
"ARG","BA:150","EMP_TEMP_SEX_OCU_NB","SEX_T","OCU_ISCO08_5","2006",2042.711,,,,"R1:3513_S4:33"
"ARG","BA:150","EMP_TEMP_SEX_OCU_NB","SEX_T","OCU_ISCO08_6","2006",33.544,,,,"R1:3513_S4:33"
"ARG","BA:150","EMP_TEMP_SEX_OCU_NB","SEX_T","OCU_ISCO08_7","2006",902.124,,,,"R1:3513_S4:33"
"ARG","BA:150","EMP_TEMP_SEX_OCU_NB","SEX_T","OCU_ISCO08_8","2006",503.17,,,,"R1:3513_S4:33"
"ARG","BA:150","EMP_TEMP_SEX_OCU_NB","SEX_T","OCU_ISCO08_9","2006",1938.649,,,,"R1:3513_S4:33"
"ARG","BA:150","EMP_TEMP_SEX_OCU_NB","SEX_T","OCU_ISCO08_X","2006",1168.622,,,,"R1:3513_S4:33"
"ARG","BA:150","EMP_TEMP_SEX_OCU_NB","SEX_T","OCU_SKILL_TOTAL","2005",9525.554,,,,"R1:3513_S4:33"
"ARG","BA:150","EMP_TEMP_SEX_OCU_NB","SEX_T","OCU_SKILL_L3-4","2005",2179.609,,,,"R1:3513_S4:33"
"ARG","BA:150","EMP_TEMP_SEX_OCU_NB","SEX_T","OCU_SKILL_L2","2005",4250.953,,,,"R1:3513_S4:33"
"ARG","BA:150","EMP_TEMP_SEX_OCU_NB","SEX_T","OCU_SKILL_L1","2005",1931.885,,,,"R1:3513_S4:33"
"ARG","BA:150","EMP_TEMP_SEX_OCU_NB","SEX_T","OCU_SKILL_X","2005",1163.107,,,,"R1:3513_S4:33"
"ARG","BA:150","EMP_TEMP_SEX_OCU_NB","SEX_T","OCU_ISCO08_TOTAL","2005",9525.554,,,,"R1:3513_S4:33"
"ARG","BA:150","EMP_TEMP_SEX_OCU_NB","SEX_T","OCU_ISCO08_1","2005",485.323,,,,"R1:3513_S4:33"
"ARG","BA:150","EMP_TEMP_SEX_OCU_NB","SEX_T","OCU_ISCO08_2","2005",869.52,,,,"R1:3513_S4:33"
"ARG","BA:150","EMP_TEMP_SEX_OCU_NB","SEX_T","OCU_ISCO08_3","2005",824.766,,,,"R1:3513_S4:33"
"ARG","BA:150","EMP_TEMP_SEX_OCU_NB","SEX_T","OCU_ISCO08_4","2005",891.822,,,,"R1:3513_S4:33"
"ARG","BA:150","EMP_TEMP_SEX_OCU_NB","SEX_T","OCU_ISCO08_5","2005",1951.45,,,,"R1:3513_S4:33"
"ARG","BA:150","EMP_TEMP_SEX_OCU_NB","SEX_T","OCU_ISCO08_6","2005",35.612,,,,"R1:3513_S4:33"
"ARG","BA:150","EMP_TEMP_SEX_OCU_NB","SEX_T","OCU_ISCO08_7","2005",895.682,,,,"R1:3513_S4:33"
"ARG","BA:150","EMP_TEMP_SEX_OCU_NB","SEX_T","OCU_ISCO08_8","2005",476.387,,,,"R1:3513_S4:33"
"ARG","BA:150","EMP_TEMP_SEX_OCU_NB","SEX_T","OCU_ISCO08_9","2005",1931.885,,,,"R1:3513_S4:33"
"ARG","BA:150","EMP_TEMP_SEX_OCU_NB","SEX_T","OCU_ISCO08_X","2005",1163.107,,,,"R1:3513_S4:33"
"ARG","BA:150","EMP_TEMP_SEX_OCU_NB","SEX_T","OCU_SKILL_TOTAL","2004",9254.724,"B",,"I11:264","R1:3513_S4:33"
"ARG","BA:150","EMP_TEMP_SEX_OCU_NB","SEX_T","OCU_SKILL_L3-4","2004",2239.35,"B",,"I11:264","R1:3513_S4:33"
"ARG","BA:150","EMP_TEMP_SEX_OCU_NB","SEX_T","OCU_SKILL_L2","2004",4160.227,"B",,"I11:264","R1:3513_S4:33"
"ARG","BA:150","EMP_TEMP_SEX_OCU_NB","SEX_T","OCU_SKILL_L1","2004",1837.498,"B",,"I11:264","R1:3513_S4:33"
"ARG","BA:150","EMP_TEMP_SEX_OCU_NB","SEX_T","OCU_SKILL_X","2004",1017.65,"B",,"I11:264","R1:3513_S4:33"
"ARG","BA:150","EMP_TEMP_SEX_OCU_NB","SEX_T","OCU_ISCO08_TOTAL","2004",9254.724,"B",,"I11:264","R1:3513_S4:33"
"ARG","BA:150","EMP_TEMP_SEX_OCU_NB","SEX_T","OCU_ISCO08_1","2004",471.646,"B",,"I11:264","R1:3513_S4:33"
"ARG","BA:150","EMP_TEMP_SEX_OCU_NB","SEX_T","OCU_ISCO08_2","2004",960.854,"B",,"I11:264","R1:3513_S4:33"
"ARG","BA:150","EMP_TEMP_SEX_OCU_NB","SEX_T","OCU_ISCO08_3","2004",806.85,"B",,"I11:264","R1:3513_S4:33"
"ARG","BA:150","EMP_TEMP_SEX_OCU_NB","SEX_T","OCU_ISCO08_4","2004",758.816,"B",,"I11:264","R1:3513_S4:33"
"ARG","BA:150","EMP_TEMP_SEX_OCU_NB","SEX_T","OCU_ISCO08_5","2004",2038.453,"B",,"I11:264","R1:3513_S4:33"
"ARG","BA:150","EMP_TEMP_SEX_OCU_NB","SEX_T","OCU_ISCO08_6","2004",58.135,"B",,"I11:264","R1:3513_S4:33"
"ARG","BA:150","EMP_TEMP_SEX_OCU_NB","SEX_T","OCU_ISCO08_7","2004",844.087,"B",,"I11:264","R1:3513_S4:33"
"ARG","BA:150","EMP_TEMP_SEX_OCU_NB","SEX_T","OCU_ISCO08_8","2004",460.737,"B",,"I11:264","R1:3513_S4:33"
"ARG","BA:150","EMP_TEMP_SEX_OCU_NB","SEX_T","OCU_ISCO08_9","2004",1837.498,"B",,"I11:264","R1:3513_S4:33"
"ARG","BA:150","EMP_TEMP_SEX_OCU_NB","SEX_T","OCU_ISCO08_X","2004",1017.65,"B",,"I11:264","R1:3513_S4:33"
"ARG","BA:150","EMP_TEMP_SEX_OCU_NB","SEX_T","OCU_SKILL_TOTAL","2003",8956.213,,,"I11:266","S3:7_S4:33_T2:239"
"ARG","BA:150","EMP_TEMP_SEX_OCU_NB","SEX_T","OCU_SKILL_L3-4","2003",1881.476,,,"I11:266","S3:7_S4:33_T2:239"
"ARG","BA:150","EMP_TEMP_SEX_OCU_NB","SEX_T","OCU_SKILL_L2","2003",4779.149,,,"I11:266","S3:7_S4:33_T2:239"
"ARG","BA:150","EMP_TEMP_SEX_OCU_NB","SEX_T","OCU_SKILL_L1","2003",1746.396,,,"I11:266","S3:7_S4:33_T2:239"
"ARG","BA:150","EMP_TEMP_SEX_OCU_NB","SEX_T","OCU_SKILL_X","2003",549.192,,,"I11:266","S3:7_S4:33_T2:239"
"ARG","BA:150","EMP_TEMP_SEX_OCU_NB","SEX_T","OCU_ISCO88_TOTAL","2003",8956.213,,,"I11:266","S3:7_S4:33_T2:239"
"ARG","BA:150","EMP_TEMP_SEX_OCU_NB","SEX_T","OCU_ISCO88_1","2003",27.33,,,"I11:266","S3:7_S4:33_T2:239"
"ARG","BA:150","EMP_TEMP_SEX_OCU_NB","SEX_T","OCU_ISCO88_2","2003",531.61,,,"I11:266","S3:7_S4:33_T2:239"
"ARG","BA:150","EMP_TEMP_SEX_OCU_NB","SEX_T","OCU_ISCO88_3","2003",1322.536,,,"I11:266","S3:7_S4:33_T2:239"
"ARG","BA:150","EMP_TEMP_SEX_OCU_NB","SEX_T","OCU_ISCO88_4","2003",818.431,,,"I11:266","S3:7_S4:33_T2:239"
"ARG","BA:150","EMP_TEMP_SEX_OCU_NB","SEX_T","OCU_ISCO88_5","2003",1990.204,,,"I11:266","S3:7_S4:33_T2:239"
"ARG","BA:150","EMP_TEMP_SEX_OCU_NB","SEX_T","OCU_ISCO88_6","2003",55.136,,,"I11:266","S3:7_S4:33_T2:239"
"ARG","BA:150","EMP_TEMP_SEX_OCU_NB","SEX_T","OCU_ISCO88_7","2003",1278.107,,,"I11:266","S3:7_S4:33_T2:239"
"ARG","BA:150","EMP_TEMP_SEX_OCU_NB","SEX_T","OCU_ISCO88_8","2003",637.271,,,"I11:266","S3:7_S4:33_T2:239"
"ARG","BA:150","EMP_TEMP_SEX_OCU_NB","SEX_T","OCU_ISCO88_9","2003",1746.396,,,"I11:266","S3:7_S4:33_T2:239"
"ARG","BA:150","EMP_TEMP_SEX_OCU_NB","SEX_T","OCU_ISCO88_0","2003",26.058,,,"I11:266","S3:7_S4:33_T2:239"
"ARG","BA:150","EMP_TEMP_SEX_OCU_NB","SEX_T","OCU_ISCO88_X","2003",523.134,,,"I11:266","S3:7_S4:33_T2:239"
"ARG","BA:150","EMP_TEMP_SEX_OCU_NB","SEX_T","OCU_SKILL_TOTAL","2002",8016.067,,,,"S3:25_S4:33_T2:239"
"ARG","BA:150","EMP_TEMP_SEX_OCU_NB","SEX_T","OCU_SKILL_L3-4","2002",2203.061,,,,"S3:25_S4:33_T2:239"
"ARG","BA:150","EMP_TEMP_SEX_OCU_NB","SEX_T","OCU_SKILL_L2","2002",3927.775,,,,"S3:25_S4:33_T2:239"
"ARG","BA:150","EMP_TEMP_SEX_OCU_NB","SEX_T","OCU_SKILL_L1","2002",1804.627,,,,"S3:25_S4:33_T2:239"
"ARG","BA:150","EMP_TEMP_SEX_OCU_NB","SEX_T","OCU_SKILL_X","2002",80.606,,,,"S3:25_S4:33_T2:239"
"ARG","BA:150","EMP_TEMP_SEX_OCU_NB","SEX_T","OCU_ISCO88_TOTAL","2002",8016.067,,,,"S3:25_S4:33_T2:239"
"ARG","BA:150","EMP_TEMP_SEX_OCU_NB","SEX_T","OCU_ISCO88_1","2002",420.383,,,,"S3:25_S4:33_T2:239"
"ARG","BA:150","EMP_TEMP_SEX_OCU_NB","SEX_T","OCU_ISCO88_2","2002",495.996,,,,"S3:25_S4:33_T2:239"
"ARG","BA:150","EMP_TEMP_SEX_OCU_NB","SEX_T","OCU_ISCO88_3","2002",1286.682,,,,"S3:25_S4:33_T2:239"
"ARG","BA:150","EMP_TEMP_SEX_OCU_NB","SEX_T","OCU_ISCO88_4","2002",714.611,,,,"S3:25_S4:33_T2:239"
"ARG","BA:150","EMP_TEMP_SEX_OCU_NB","SEX_T","OCU_ISCO88_5","2002",1367.336,,,,"S3:25_S4:33_T2:239"
"ARG","BA:150","EMP_TEMP_SEX_OCU_NB","SEX_T","OCU_ISCO88_6","2002",140.656,,,,"S3:25_S4:33_T2:239"
"ARG","BA:150","EMP_TEMP_SEX_OCU_NB","SEX_T","OCU_ISCO88_7","2002",1101.279,,,,"S3:25_S4:33_T2:239"
"ARG","BA:150","EMP_TEMP_SEX_OCU_NB","SEX_T","OCU_ISCO88_8","2002",603.893,,,,"S3:25_S4:33_T2:239"
"ARG","BA:150","EMP_TEMP_SEX_OCU_NB","SEX_T","OCU_ISCO88_9","2002",1804.627,,,,"S3:25_S4:33_T2:239"
"ARG","BA:150","EMP_TEMP_SEX_OCU_NB","SEX_T","OCU_ISCO88_0","2002",25.211,,,,"S3:25_S4:33_T2:239"
"ARG","BA:150","EMP_TEMP_SEX_OCU_NB","SEX_T","OCU_ISCO88_X","2002",55.395,,,,"S3:25_S4:33_T2:239"
"ARG","BA:150","EMP_TEMP_SEX_OCU_NB","SEX_T","OCU_SKILL_TOTAL","2001",8143.391,,,,"S3:25_S4:33_T2:239"
"ARG","BA:150","EMP_TEMP_SEX_OCU_NB","SEX_T","OCU_SKILL_L3-4","2001",2261.342,,,,"S3:25_S4:33_T2:239"
"ARG","BA:150","EMP_TEMP_SEX_OCU_NB","SEX_T","OCU_SKILL_L2","2001",3998.609,,,,"S3:25_S4:33_T2:239"
"ARG","BA:150","EMP_TEMP_SEX_OCU_NB","SEX_T","OCU_SKILL_L1","2001",1811.263,,,,"S3:25_S4:33_T2:239"
"ARG","BA:150","EMP_TEMP_SEX_OCU_NB","SEX_T","OCU_SKILL_X","2001",72.181,,,,"S3:25_S4:33_T2:239"
"ARG","BA:150","EMP_TEMP_SEX_OCU_NB","SEX_T","OCU_ISCO88_TOTAL","2001",8143.391,,,,"S3:25_S4:33_T2:239"
"ARG","BA:150","EMP_TEMP_SEX_OCU_NB","SEX_T","OCU_ISCO88_1","2001",507.812,,,,"S3:25_S4:33_T2:239"
"ARG","BA:150","EMP_TEMP_SEX_OCU_NB","SEX_T","OCU_ISCO88_2","2001",480.994,,,,"S3:25_S4:33_T2:239"
"ARG","BA:150","EMP_TEMP_SEX_OCU_NB","SEX_T","OCU_ISCO88_3","2001",1272.536,,,,"S3:25_S4:33_T2:239"
"ARG","BA:150","EMP_TEMP_SEX_OCU_NB","SEX_T","OCU_ISCO88_4","2001",765.28,,,,"S3:25_S4:33_T2:239"
"ARG","BA:150","EMP_TEMP_SEX_OCU_NB","SEX_T","OCU_ISCO88_5","2001",1348.951,,,,"S3:25_S4:33_T2:239"
"ARG","BA:150","EMP_TEMP_SEX_OCU_NB","SEX_T","OCU_ISCO88_6","2001",105.277,,,,"S3:25_S4:33_T2:239"
"ARG","BA:150","EMP_TEMP_SEX_OCU_NB","SEX_T","OCU_ISCO88_7","2001",1118.071,,,,"S3:25_S4:33_T2:239"
"ARG","BA:150","EMP_TEMP_SEX_OCU_NB","SEX_T","OCU_ISCO88_8","2001",661.03,,,,"S3:25_S4:33_T2:239"
"ARG","BA:150","EMP_TEMP_SEX_OCU_NB","SEX_T","OCU_ISCO88_9","2001",1811.263,,,,"S3:25_S4:33_T2:239"
"ARG","BA:150","EMP_TEMP_SEX_OCU_NB","SEX_T","OCU_ISCO88_0","2001",28.03,,,,"S3:25_S4:33_T2:239"
"ARG","BA:150","EMP_TEMP_SEX_OCU_NB","SEX_T","OCU_ISCO88_X","2001",44.151,,,,"S3:25_S4:33_T2:239"
"ARG","BA:150","EMP_TEMP_SEX_OCU_NB","SEX_T","OCU_SKILL_TOTAL","2000",8261.723,,,,"S3:25_S4:33_T2:239"
"ARG","BA:150","EMP_TEMP_SEX_OCU_NB","SEX_T","OCU_SKILL_L3-4","2000",2296.377,,,,"S3:25_S4:33_T2:239"
"ARG","BA:150","EMP_TEMP_SEX_OCU_NB","SEX_T","OCU_SKILL_L2","2000",4062.339,,,,"S3:25_S4:33_T2:239"
"ARG","BA:150","EMP_TEMP_SEX_OCU_NB","SEX_T","OCU_SKILL_L1","2000",1810.767,,,,"S3:25_S4:33_T2:239"
"ARG","BA:150","EMP_TEMP_SEX_OCU_NB","SEX_T","OCU_SKILL_X","2000",92.243,,,,"S3:25_S4:33_T2:239"
"ARG","BA:150","EMP_TEMP_SEX_OCU_NB","SEX_T","OCU_ISCO88_TOTAL","2000",8261.723,,,,"S3:25_S4:33_T2:239"
"ARG","BA:150","EMP_TEMP_SEX_OCU_NB","SEX_T","OCU_ISCO88_1","2000",550.511,,,,"S3:25_S4:33_T2:239"
"ARG","BA:150","EMP_TEMP_SEX_OCU_NB","SEX_T","OCU_ISCO88_2","2000",469.937,,,,"S3:25_S4:33_T2:239"
"ARG","BA:150","EMP_TEMP_SEX_OCU_NB","SEX_T","OCU_ISCO88_3","2000",1275.929,,,,"S3:25_S4:33_T2:239"
"ARG","BA:150","EMP_TEMP_SEX_OCU_NB","SEX_T","OCU_ISCO88_4","2000",761.664,,,,"S3:25_S4:33_T2:239"
"ARG","BA:150","EMP_TEMP_SEX_OCU_NB","SEX_T","OCU_ISCO88_5","2000",1339.123,,,,"S3:25_S4:33_T2:239"
"ARG","BA:150","EMP_TEMP_SEX_OCU_NB","SEX_T","OCU_ISCO88_6","2000",96.276,,,,"S3:25_S4:33_T2:239"
"ARG","BA:150","EMP_TEMP_SEX_OCU_NB","SEX_T","OCU_ISCO88_7","2000",1216.605,,,,"S3:25_S4:33_T2:239"
"ARG","BA:150","EMP_TEMP_SEX_OCU_NB","SEX_T","OCU_ISCO88_8","2000",648.671,,,,"S3:25_S4:33_T2:239"
"ARG","BA:150","EMP_TEMP_SEX_OCU_NB","SEX_T","OCU_ISCO88_9","2000",1810.767,,,,"S3:25_S4:33_T2:239"
"ARG","BA:150","EMP_TEMP_SEX_OCU_NB","SEX_T","OCU_ISCO88_0","2000",22.545,,,,"S3:25_S4:33_T2:239"
"ARG","BA:150","EMP_TEMP_SEX_OCU_NB","SEX_T","OCU_ISCO88_X","2000",69.698,,,,"S3:25_S4:33_T2:239"
"BRA","BX:6355","EMP_TEMP_SEX_OCU_NB","SEX_T","OCU_SKILL_TOTAL","2025",102453.886,,,,"R1:3513"
"BRA","BX:6355","EMP_TEMP_SEX_OCU_NB","SEX_T","OCU_SKILL_L3-4","2025",26538.777,,,,"R1:3513"
"BRA","BX:6355","EMP_TEMP_SEX_OCU_NB","SEX_T","OCU_SKILL_L2","2025",58932.93,,,,"R1:3513"
"BRA","BX:6355","EMP_TEMP_SEX_OCU_NB","SEX_T","OCU_SKILL_L1","2025",15845.391,,,,"R1:3513"
"BRA","BX:6355","EMP_TEMP_SEX_OCU_NB","SEX_T","OCU_SKILL_X","2025",1136.788,,,,"R1:3513"
"BRA","BX:6355","EMP_TEMP_SEX_OCU_NB","SEX_T","OCU_ISCO08_TOTAL","2025",102453.886,,,,"R1:3513"
"BRA","BX:6355","EMP_TEMP_SEX_OCU_NB","SEX_T","OCU_ISCO08_1","2025",3718.959,,,,"R1:3513"
"BRA","BX:6355","EMP_TEMP_SEX_OCU_NB","SEX_T","OCU_ISCO08_2","2025",13660.754,,,,"R1:3513"
"BRA","BX:6355","EMP_TEMP_SEX_OCU_NB","SEX_T","OCU_ISCO08_3","2025",9159.065,,,,"R1:3513"
"BRA","BX:6355","EMP_TEMP_SEX_OCU_NB","SEX_T","OCU_ISCO08_4","2025",8621.146,,,,"R1:3513"
"BRA","BX:6355","EMP_TEMP_SEX_OCU_NB","SEX_T","OCU_ISCO08_5","2025",22652.87,,,,"R1:3513"
"BRA","BX:6355","EMP_TEMP_SEX_OCU_NB","SEX_T","OCU_ISCO08_6","2025",4584.028,,,,"R1:3513"
"BRA","BX:6355","EMP_TEMP_SEX_OCU_NB","SEX_T","OCU_ISCO08_7","2025",13403.809,,,,"R1:3513"
"BRA","BX:6355","EMP_TEMP_SEX_OCU_NB","SEX_T","OCU_ISCO08_8","2025",9671.076,,,,"R1:3513"
"BRA","BX:6355","EMP_TEMP_SEX_OCU_NB","SEX_T","OCU_ISCO08_9","2025",15845.391,,,,"R1:3513"
"BRA","BX:6355","EMP_TEMP_SEX_OCU_NB","SEX_T","OCU_ISCO08_0","2025",829.556,,,,"R1:3513"
"BRA","BX:6355","EMP_TEMP_SEX_OCU_NB","SEX_T","OCU_ISCO08_X","2025",307.233,,,,"R1:3513"
"BRA","BX:6355","EMP_TEMP_SEX_OCU_NB","SEX_T","OCU_SKILL_TOTAL","2024",102111.527,,,,"R1:3513"
"BRA","BX:6355","EMP_TEMP_SEX_OCU_NB","SEX_T","OCU_SKILL_L3-4","2024",25658.73,,,,"R1:3513"
"BRA","BX:6355","EMP_TEMP_SEX_OCU_NB","SEX_T","OCU_SKILL_L2","2024",58899.091,,,,"R1:3513"
"BRA","BX:6355","EMP_TEMP_SEX_OCU_NB","SEX_T","OCU_SKILL_L1","2024",16399.283,,,,"R1:3513"
"BRA","BX:6355","EMP_TEMP_SEX_OCU_NB","SEX_T","OCU_SKILL_X","2024",1154.423,,,,"R1:3513"
"BRA","BX:6355","EMP_TEMP_SEX_OCU_NB","SEX_T","OCU_ISCO08_TOTAL","2024",102111.527,,,,"R1:3513"
"BRA","BX:6355","EMP_TEMP_SEX_OCU_NB","SEX_T","OCU_ISCO08_1","2024",3559.672,,,,"R1:3513"
"BRA","BX:6355","EMP_TEMP_SEX_OCU_NB","SEX_T","OCU_ISCO08_2","2024",13097.164,,,,"R1:3513"
"BRA","BX:6355","EMP_TEMP_SEX_OCU_NB","SEX_T","OCU_ISCO08_3","2024",9001.894,,,,"R1:3513"
"BRA","BX:6355","EMP_TEMP_SEX_OCU_NB","SEX_T","OCU_ISCO08_4","2024",8597.342,,,,"R1:3513"
"BRA","BX:6355","EMP_TEMP_SEX_OCU_NB","SEX_T","OCU_ISCO08_5","2024",22583.654,,,,"R1:3513"
"BRA","BX:6355","EMP_TEMP_SEX_OCU_NB","SEX_T","OCU_ISCO08_6","2024",4683.847,,,,"R1:3513"
"BRA","BX:6355","EMP_TEMP_SEX_OCU_NB","SEX_T","OCU_ISCO08_7","2024",13526.085,,,,"R1:3513"
"BRA","BX:6355","EMP_TEMP_SEX_OCU_NB","SEX_T","OCU_ISCO08_8","2024",9508.164,,,,"R1:3513"
"BRA","BX:6355","EMP_TEMP_SEX_OCU_NB","SEX_T","OCU_ISCO08_9","2024",16399.283,,,,"R1:3513"
"BRA","BX:6355","EMP_TEMP_SEX_OCU_NB","SEX_T","OCU_ISCO08_0","2024",830.531,,,,"R1:3513"
"BRA","BX:6355","EMP_TEMP_SEX_OCU_NB","SEX_T","OCU_ISCO08_X","2024",323.892,,,,"R1:3513"
"BRA","BX:6355","EMP_TEMP_SEX_OCU_NB","SEX_T","OCU_SKILL_TOTAL","2023",99281.765,,,,"R1:3513"
"BRA","BX:6355","EMP_TEMP_SEX_OCU_NB","SEX_T","OCU_SKILL_L3-4","2023",24398.583,,,,"R1:3513"
"BRA","BX:6355","EMP_TEMP_SEX_OCU_NB","SEX_T","OCU_SKILL_L2","2023",57694.944,,,,"R1:3513"
"BRA","BX:6355","EMP_TEMP_SEX_OCU_NB","SEX_T","OCU_SKILL_L1","2023",16051.306,,,,"R1:3513"
"BRA","BX:6355","EMP_TEMP_SEX_OCU_NB","SEX_T","OCU_SKILL_X","2023",1136.932,,,,"R1:3513"
"BRA","BX:6355","EMP_TEMP_SEX_OCU_NB","SEX_T","OCU_ISCO08_TOTAL","2023",99281.765,,,,"R1:3513"
"BRA","BX:6355","EMP_TEMP_SEX_OCU_NB","SEX_T","OCU_ISCO08_1","2023",3374.546,,,,"R1:3513"
"BRA","BX:6355","EMP_TEMP_SEX_OCU_NB","SEX_T","OCU_ISCO08_2","2023",12576.884,,,,"R1:3513"
"BRA","BX:6355","EMP_TEMP_SEX_OCU_NB","SEX_T","OCU_ISCO08_3","2023",8447.153,,,,"R1:3513"
"BRA","BX:6355","EMP_TEMP_SEX_OCU_NB","SEX_T","OCU_ISCO08_4","2023",8381.182,,,,"R1:3513"
"BRA","BX:6355","EMP_TEMP_SEX_OCU_NB","SEX_T","OCU_ISCO08_5","2023",22104.606,,,,"R1:3513"
"BRA","BX:6355","EMP_TEMP_SEX_OCU_NB","SEX_T","OCU_ISCO08_6","2023",4969.703,,,,"R1:3513"
"BRA","BX:6355","EMP_TEMP_SEX_OCU_NB","SEX_T","OCU_ISCO08_7","2023",13187.885,,,,"R1:3513"
"BRA","BX:6355","EMP_TEMP_SEX_OCU_NB","SEX_T","OCU_ISCO08_8","2023",9051.567,,,,"R1:3513"
"BRA","BX:6355","EMP_TEMP_SEX_OCU_NB","SEX_T","OCU_ISCO08_9","2023",16051.306,,,,"R1:3513"
"BRA","BX:6355","EMP_TEMP_SEX_OCU_NB","SEX_T","OCU_ISCO08_0","2023",806.011,,,,"R1:3513"
"BRA","BX:6355","EMP_TEMP_SEX_OCU_NB","SEX_T","OCU_ISCO08_X","2023",330.922,,,,"R1:3513"
"BRA","BX:6355","EMP_TEMP_SEX_OCU_NB","SEX_T","OCU_SKILL_TOTAL","2022",97918.963,,,,"R1:3513"
"BRA","BX:6355","EMP_TEMP_SEX_OCU_NB","SEX_T","OCU_SKILL_L3-4","2022",23370.332,,,,"R1:3513"
"BRA","BX:6355","EMP_TEMP_SEX_OCU_NB","SEX_T","OCU_SKILL_L2","2022",57390.896,,,,"R1:3513"
"BRA","BX:6355","EMP_TEMP_SEX_OCU_NB","SEX_T","OCU_SKILL_L1","2022",16007.494,,,,"R1:3513"
"BRA","BX:6355","EMP_TEMP_SEX_OCU_NB","SEX_T","OCU_SKILL_X","2022",1150.24,,,,"R1:3513"
"BRA","BX:6355","EMP_TEMP_SEX_OCU_NB","SEX_T","OCU_ISCO08_TOTAL","2022",97918.963,,,,"R1:3513"
"BRA","BX:6355","EMP_TEMP_SEX_OCU_NB","SEX_T","OCU_ISCO08_1","2022",3416.416,,,,"R1:3513"
"BRA","BX:6355","EMP_TEMP_SEX_OCU_NB","SEX_T","OCU_ISCO08_2","2022",11895.394,,,,"R1:3513"
"BRA","BX:6355","EMP_TEMP_SEX_OCU_NB","SEX_T","OCU_ISCO08_3","2022",8058.522,,,,"R1:3513"
"BRA","BX:6355","EMP_TEMP_SEX_OCU_NB","SEX_T","OCU_ISCO08_4","2022",8172.829,,,,"R1:3513"
"BRA","BX:6355","EMP_TEMP_SEX_OCU_NB","SEX_T","OCU_ISCO08_5","2022",21969.286,,,,"R1:3513"
"BRA","BX:6355","EMP_TEMP_SEX_OCU_NB","SEX_T","OCU_ISCO08_6","2022",5254.45,,,,"R1:3513"
"BRA","BX:6355","EMP_TEMP_SEX_OCU_NB","SEX_T","OCU_ISCO08_7","2022",13231.761,,,,"R1:3513"
"BRA","BX:6355","EMP_TEMP_SEX_OCU_NB","SEX_T","OCU_ISCO08_8","2022",8762.569,,,,"R1:3513"
"BRA","BX:6355","EMP_TEMP_SEX_OCU_NB","SEX_T","OCU_ISCO08_9","2022",16007.494,,,,"R1:3513"
"BRA","BX:6355","EMP_TEMP_SEX_OCU_NB","SEX_T","OCU_ISCO08_0","2022",820.705,,,,"R1:3513"
"BRA","BX:6355","EMP_TEMP_SEX_OCU_NB","SEX_T","OCU_ISCO08_X","2022",329.536,,,,"R1:3513"
"BRA","BX:6355","EMP_TEMP_SEX_OCU_NB","SEX_T","OCU_SKILL_TOTAL","2021",91187.695,,,,"R1:3513"
"BRA","BX:6355","EMP_TEMP_SEX_OCU_NB","SEX_T","OCU_SKILL_L3-4","2021",22349.866,,,,"R1:3513"
"BRA","BX:6355","EMP_TEMP_SEX_OCU_NB","SEX_T","OCU_SKILL_L2","2021",52748.267,,,,"R1:3513"
"BRA","BX:6355","EMP_TEMP_SEX_OCU_NB","SEX_T","OCU_SKILL_L1","2021",14885.148,,,,"R1:3513"
"BRA","BX:6355","EMP_TEMP_SEX_OCU_NB","SEX_T","OCU_SKILL_X","2021",1204.413,,,,"R1:3513"
"BRA","BX:6355","EMP_TEMP_SEX_OCU_NB","SEX_T","OCU_ISCO08_TOTAL","2021",91187.695,,,,"R1:3513"
"BRA","BX:6355","EMP_TEMP_SEX_OCU_NB","SEX_T","OCU_ISCO08_1","2021",3312.457,,,,"R1:3513"
"BRA","BX:6355","EMP_TEMP_SEX_OCU_NB","SEX_T","OCU_ISCO08_2","2021",11339.19,,,,"R1:3513"
"BRA","BX:6355","EMP_TEMP_SEX_OCU_NB","SEX_T","OCU_ISCO08_3","2021",7698.22,,,,"R1:3513"
"BRA","BX:6355","EMP_TEMP_SEX_OCU_NB","SEX_T","OCU_ISCO08_4","2021",7631.953,,,,"R1:3513"
"BRA","BX:6355","EMP_TEMP_SEX_OCU_NB","SEX_T","OCU_ISCO08_5","2021",19478.67,,,,"R1:3513"
"BRA","BX:6355","EMP_TEMP_SEX_OCU_NB","SEX_T","OCU_ISCO08_6","2021",5521.467,,,,"R1:3513"
"BRA","BX:6355","EMP_TEMP_SEX_OCU_NB","SEX_T","OCU_ISCO08_7","2021",12370.635,,,,"R1:3513"
"BRA","BX:6355","EMP_TEMP_SEX_OCU_NB","SEX_T","OCU_ISCO08_8","2021",7745.542,,,,"R1:3513"
"BRA","BX:6355","EMP_TEMP_SEX_OCU_NB","SEX_T","OCU_ISCO08_9","2021",14885.148,,,,"R1:3513"
"BRA","BX:6355","EMP_TEMP_SEX_OCU_NB","SEX_T","OCU_ISCO08_0","2021",814.792,,,,"R1:3513"
"BRA","BX:6355","EMP_TEMP_SEX_OCU_NB","SEX_T","OCU_ISCO08_X","2021",389.622,,,,"R1:3513"
"BRA","BX:6355","EMP_TEMP_SEX_OCU_NB","SEX_T","OCU_SKILL_TOTAL","2020",86874.675,,,,"R1:3513"
"BRA","BX:6355","EMP_TEMP_SEX_OCU_NB","SEX_T","OCU_SKILL_L3-4","2020",21652.72,,,,"R1:3513"
"BRA","BX:6355","EMP_TEMP_SEX_OCU_NB","SEX_T","OCU_SKILL_L2","2020",50169.972,,,,"R1:3513"
"BRA","BX:6355","EMP_TEMP_SEX_OCU_NB","SEX_T","OCU_SKILL_L1","2020",13829.776,,,,"R1:3513"
"BRA","BX:6355","EMP_TEMP_SEX_OCU_NB","SEX_T","OCU_SKILL_X","2020",1222.207,,,,"R1:3513"
"BRA","BX:6355","EMP_TEMP_SEX_OCU_NB","SEX_T","OCU_ISCO08_TOTAL","2020",86874.675,,,,"R1:3513"
"BRA","BX:6355","EMP_TEMP_SEX_OCU_NB","SEX_T","OCU_ISCO08_1","2020",3477.916,,,,"R1:3513"
"BRA","BX:6355","EMP_TEMP_SEX_OCU_NB","SEX_T","OCU_ISCO08_2","2020",10807.359,,,,"R1:3513"
"BRA","BX:6355","EMP_TEMP_SEX_OCU_NB","SEX_T","OCU_ISCO08_3","2020",7367.445,,,,"R1:3513"
"BRA","BX:6355","EMP_TEMP_SEX_OCU_NB","SEX_T","OCU_ISCO08_4","2020",7470.104,,,,"R1:3513"
"BRA","BX:6355","EMP_TEMP_SEX_OCU_NB","SEX_T","OCU_ISCO08_5","2020",18733.76,,,,"R1:3513"
"BRA","BX:6355","EMP_TEMP_SEX_OCU_NB","SEX_T","OCU_ISCO08_6","2020",5174.898,,,,"R1:3513"
"BRA","BX:6355","EMP_TEMP_SEX_OCU_NB","SEX_T","OCU_ISCO08_7","2020",11442.481,,,,"R1:3513"
"BRA","BX:6355","EMP_TEMP_SEX_OCU_NB","SEX_T","OCU_ISCO08_8","2020",7348.729,,,,"R1:3513"
"BRA","BX:6355","EMP_TEMP_SEX_OCU_NB","SEX_T","OCU_ISCO08_9","2020",13829.776,,,,"R1:3513"
"BRA","BX:6355","EMP_TEMP_SEX_OCU_NB","SEX_T","OCU_ISCO08_0","2020",874.563,,,,"R1:3513"
"BRA","BX:6355","EMP_TEMP_SEX_OCU_NB","SEX_T","OCU_ISCO08_X","2020",347.644,,,,"R1:3513"
"BRA","BX:6355","EMP_TEMP_SEX_OCU_NB","SEX_T","OCU_SKILL_TOTAL","2019",94129.066,,,,"R1:3513"
"BRA","BX:6355","EMP_TEMP_SEX_OCU_NB","SEX_T","OCU_SKILL_L3-4","2019",21900.129,,,,"R1:3513"
"BRA","BX:6355","EMP_TEMP_SEX_OCU_NB","SEX_T","OCU_SKILL_L2","2019",55003.595,,,,"R1:3513"
"BRA","BX:6355","EMP_TEMP_SEX_OCU_NB","SEX_T","OCU_SKILL_L1","2019",15960.304,,,,"R1:3513"
"BRA","BX:6355","EMP_TEMP_SEX_OCU_NB","SEX_T","OCU_SKILL_X","2019",1265.038,,,,"R1:3513"
"BRA","BX:6355","EMP_TEMP_SEX_OCU_NB","SEX_T","OCU_ISCO08_TOTAL","2019",94129.066,,,,"R1:3513"
"BRA","BX:6355","EMP_TEMP_SEX_OCU_NB","SEX_T","OCU_ISCO08_1","2019",4148.81,,,,"R1:3513"
"BRA","BX:6355","EMP_TEMP_SEX_OCU_NB","SEX_T","OCU_ISCO08_2","2019",10463.282,,,,"R1:3513"
"BRA","BX:6355","EMP_TEMP_SEX_OCU_NB","SEX_T","OCU_ISCO08_3","2019",7288.037,,,,"R1:3513"
"BRA","BX:6355","EMP_TEMP_SEX_OCU_NB","SEX_T","OCU_ISCO08_4","2019",7749.924,,,,"R1:3513"
"BRA","BX:6355","EMP_TEMP_SEX_OCU_NB","SEX_T","OCU_ISCO08_5","2019",21646.49,,,,"R1:3513"
"BRA","BX:6355","EMP_TEMP_SEX_OCU_NB","SEX_T","OCU_ISCO08_6","2019",5122.303,,,,"R1:3513"
"BRA","BX:6355","EMP_TEMP_SEX_OCU_NB","SEX_T","OCU_ISCO08_7","2019",12508.113,,,,"R1:3513"
"BRA","BX:6355","EMP_TEMP_SEX_OCU_NB","SEX_T","OCU_ISCO08_8","2019",7976.766,,,,"R1:3513"
"BRA","BX:6355","EMP_TEMP_SEX_OCU_NB","SEX_T","OCU_ISCO08_9","2019",15960.304,,,,"R1:3513"
"BRA","BX:6355","EMP_TEMP_SEX_OCU_NB","SEX_T","OCU_ISCO08_0","2019",882.542,,,,"R1:3513"
"BRA","BX:6355","EMP_TEMP_SEX_OCU_NB","SEX_T","OCU_ISCO08_X","2019",382.496,,,,"R1:3513"
"BRA","BX:6355","EMP_TEMP_SEX_OCU_NB","SEX_T","OCU_SKILL_TOTAL","2018",92076.304,,,,"R1:3513"
"BRA","BX:6355","EMP_TEMP_SEX_OCU_NB","SEX_T","OCU_SKILL_L3-4","2018",21085.264,,,,"R1:3513"
"BRA","BX:6355","EMP_TEMP_SEX_OCU_NB","SEX_T","OCU_SKILL_L2","2018",54000.912,,,,"R1:3513"
"BRA","BX:6355","EMP_TEMP_SEX_OCU_NB","SEX_T","OCU_SKILL_L1","2018",15755.012,,,,"R1:3513"
"BRA","BX:6355","EMP_TEMP_SEX_OCU_NB","SEX_T","OCU_SKILL_X","2018",1235.115,,,,"R1:3513"
"BRA","BX:6355","EMP_TEMP_SEX_OCU_NB","SEX_T","OCU_ISCO08_TOTAL","2018",92076.304,,,,"R1:3513"
"BRA","BX:6355","EMP_TEMP_SEX_OCU_NB","SEX_T","OCU_ISCO08_1","2018",4069.481,,,,"R1:3513"
"BRA","BX:6355","EMP_TEMP_SEX_OCU_NB","SEX_T","OCU_ISCO08_2","2018",9988.636,,,,"R1:3513"
"BRA","BX:6355","EMP_TEMP_SEX_OCU_NB","SEX_T","OCU_ISCO08_3","2018",7027.147,,,,"R1:3513"
"BRA","BX:6355","EMP_TEMP_SEX_OCU_NB","SEX_T","OCU_ISCO08_4","2018",7622.243,,,,"R1:3513"
"BRA","BX:6355","EMP_TEMP_SEX_OCU_NB","SEX_T","OCU_ISCO08_5","2018",21108.17,,,,"R1:3513"
"BRA","BX:6355","EMP_TEMP_SEX_OCU_NB","SEX_T","OCU_ISCO08_6","2018",5082.545,,,,"R1:3513"
"BRA","BX:6355","EMP_TEMP_SEX_OCU_NB","SEX_T","OCU_ISCO08_7","2018",12335.091,,,,"R1:3513"
"BRA","BX:6355","EMP_TEMP_SEX_OCU_NB","SEX_T","OCU_ISCO08_8","2018",7852.864,,,,"R1:3513"
"BRA","BX:6355","EMP_TEMP_SEX_OCU_NB","SEX_T","OCU_ISCO08_9","2018",15755.012,,,,"R1:3513"
"BRA","BX:6355","EMP_TEMP_SEX_OCU_NB","SEX_T","OCU_ISCO08_0","2018",855.337,,,,"R1:3513"
"BRA","BX:6355","EMP_TEMP_SEX_OCU_NB","SEX_T","OCU_ISCO08_X","2018",379.779,,,,"R1:3513"
"BRA","BX:6355","EMP_TEMP_SEX_OCU_NB","SEX_T","OCU_SKILL_TOTAL","2017",90503.629,,,,"R1:3513"
"BRA","BX:6355","EMP_TEMP_SEX_OCU_NB","SEX_T","OCU_SKILL_L3-4","2017",21033.075,,,,"R1:3513"
"BRA","BX:6355","EMP_TEMP_SEX_OCU_NB","SEX_T","OCU_SKILL_L2","2017",52234.247,,,,"R1:3513"
"BRA","BX:6355","EMP_TEMP_SEX_OCU_NB","SEX_T","OCU_SKILL_L1","2017",15997.34,,,,"R1:3513"
"BRA","BX:6355","EMP_TEMP_SEX_OCU_NB","SEX_T","OCU_SKILL_X","2017",1238.966,,,,"R1:3513"
"BRA","BX:6355","EMP_TEMP_SEX_OCU_NB","SEX_T","OCU_ISCO08_TOTAL","2017",90503.629,,,,"R1:3513"
"BRA","BX:6355","EMP_TEMP_SEX_OCU_NB","SEX_T","OCU_ISCO08_1","2017",4421.865,,,,"R1:3513"
"BRA","BX:6355","EMP_TEMP_SEX_OCU_NB","SEX_T","OCU_ISCO08_2","2017",9367.227,,,,"R1:3513"
"BRA","BX:6355","EMP_TEMP_SEX_OCU_NB","SEX_T","OCU_ISCO08_3","2017",7243.983,,,,"R1:3513"
"BRA","BX:6355","EMP_TEMP_SEX_OCU_NB","SEX_T","OCU_ISCO08_4","2017",6998.955,,,,"R1:3513"
"BRA","BX:6355","EMP_TEMP_SEX_OCU_NB","SEX_T","OCU_ISCO08_5","2017",20265.385,,,,"R1:3513"
"BRA","BX:6355","EMP_TEMP_SEX_OCU_NB","SEX_T","OCU_ISCO08_6","2017",4864.514,,,,"R1:3513"
"BRA","BX:6355","EMP_TEMP_SEX_OCU_NB","SEX_T","OCU_ISCO08_7","2017",12516.492,,,,"R1:3513"
"BRA","BX:6355","EMP_TEMP_SEX_OCU_NB","SEX_T","OCU_ISCO08_8","2017",7588.903,,,,"R1:3513"
"BRA","BX:6355","EMP_TEMP_SEX_OCU_NB","SEX_T","OCU_ISCO08_9","2017",15997.34,,,,"R1:3513"
"BRA","BX:6355","EMP_TEMP_SEX_OCU_NB","SEX_T","OCU_ISCO08_0","2017",845.288,,,,"R1:3513"
"BRA","BX:6355","EMP_TEMP_SEX_OCU_NB","SEX_T","OCU_ISCO08_X","2017",393.678,,,,"R1:3513"
"BRA","BX:6355","EMP_TEMP_SEX_OCU_NB","SEX_T","OCU_SKILL_TOTAL","2016",90212.798,,,,"R1:3513"
"BRA","BX:6355","EMP_TEMP_SEX_OCU_NB","SEX_T","OCU_SKILL_L3-4","2016",21347.755,,,,"R1:3513"
"BRA","BX:6355","EMP_TEMP_SEX_OCU_NB","SEX_T","OCU_SKILL_L2","2016",51236.625,,,,"R1:3513"
"BRA","BX:6355","EMP_TEMP_SEX_OCU_NB","SEX_T","OCU_SKILL_L1","2016",16319.904,,,,"R1:3513"
"BRA","BX:6355","EMP_TEMP_SEX_OCU_NB","SEX_T","OCU_SKILL_X","2016",1308.514,,,,"R1:3513"
"BRA","BX:6355","EMP_TEMP_SEX_OCU_NB","SEX_T","OCU_ISCO08_TOTAL","2016",90212.798,,,,"R1:3513"
"BRA","BX:6355","EMP_TEMP_SEX_OCU_NB","SEX_T","OCU_ISCO08_1","2016",4592.608,,,,"R1:3513"
"BRA","BX:6355","EMP_TEMP_SEX_OCU_NB","SEX_T","OCU_ISCO08_2","2016",9225.463,,,,"R1:3513"
"BRA","BX:6355","EMP_TEMP_SEX_OCU_NB","SEX_T","OCU_ISCO08_3","2016",7529.684,,,,"R1:3513"
"BRA","BX:6355","EMP_TEMP_SEX_OCU_NB","SEX_T","OCU_ISCO08_4","2016",6848.848,,,,"R1:3513"
"BRA","BX:6355","EMP_TEMP_SEX_OCU_NB","SEX_T","OCU_ISCO08_5","2016",19226.216,,,,"R1:3513"
"BRA","BX:6355","EMP_TEMP_SEX_OCU_NB","SEX_T","OCU_ISCO08_6","2016",5048.178,,,,"R1:3513"
"BRA","BX:6355","EMP_TEMP_SEX_OCU_NB","SEX_T","OCU_ISCO08_7","2016",12604.914,,,,"R1:3513"
"BRA","BX:6355","EMP_TEMP_SEX_OCU_NB","SEX_T","OCU_ISCO08_8","2016",7508.47,,,,"R1:3513"
"BRA","BX:6355","EMP_TEMP_SEX_OCU_NB","SEX_T","OCU_ISCO08_9","2016",16319.904,,,,"R1:3513"
"BRA","BX:6355","EMP_TEMP_SEX_OCU_NB","SEX_T","OCU_ISCO08_0","2016",870.522,,,,"R1:3513"
"BRA","BX:6355","EMP_TEMP_SEX_OCU_NB","SEX_T","OCU_ISCO08_X","2016",437.992,,,,"R1:3513"
"BRA","BX:6355","EMP_TEMP_SEX_OCU_NB","SEX_T","OCU_SKILL_TOTAL","2015",91961.93,,,,"R1:3513"
"BRA","BX:6355","EMP_TEMP_SEX_OCU_NB","SEX_T","OCU_SKILL_L3-4","2015",21753.6,,,,"R1:3513"
"BRA","BX:6355","EMP_TEMP_SEX_OCU_NB","SEX_T","OCU_SKILL_L2","2015",51676.206,,,,"R1:3513"
"BRA","BX:6355","EMP_TEMP_SEX_OCU_NB","SEX_T","OCU_SKILL_L1","2015",17300.037,,,,"R1:3513"
"BRA","BX:6355","EMP_TEMP_SEX_OCU_NB","SEX_T","OCU_SKILL_X","2015",1232.086,,,,"R1:3513"
"BRA","BX:6355","EMP_TEMP_SEX_OCU_NB","SEX_T","OCU_ISCO08_TOTAL","2015",91961.93,,,,"R1:3513"
"BRA","BX:6355","EMP_TEMP_SEX_OCU_NB","SEX_T","OCU_ISCO08_1","2015",4575.427,,,,"R1:3513"
"BRA","BX:6355","EMP_TEMP_SEX_OCU_NB","SEX_T","OCU_ISCO08_2","2015",9295.752,,,,"R1:3513"
"BRA","BX:6355","EMP_TEMP_SEX_OCU_NB","SEX_T","OCU_ISCO08_3","2015",7882.421,,,,"R1:3513"
"BRA","BX:6355","EMP_TEMP_SEX_OCU_NB","SEX_T","OCU_ISCO08_4","2015",7517.904,,,,"R1:3513"
"BRA","BX:6355","EMP_TEMP_SEX_OCU_NB","SEX_T","OCU_ISCO08_5","2015",18770.94,,,,"R1:3513"
"BRA","BX:6355","EMP_TEMP_SEX_OCU_NB","SEX_T","OCU_ISCO08_6","2015",4589.93,,,,"R1:3513"
"BRA","BX:6355","EMP_TEMP_SEX_OCU_NB","SEX_T","OCU_ISCO08_7","2015",13049.276,,,,"R1:3513"
"BRA","BX:6355","EMP_TEMP_SEX_OCU_NB","SEX_T","OCU_ISCO08_8","2015",7748.157,,,,"R1:3513"
"BRA","BX:6355","EMP_TEMP_SEX_OCU_NB","SEX_T","OCU_ISCO08_9","2015",17300.037,,,,"R1:3513"
"BRA","BX:6355","EMP_TEMP_SEX_OCU_NB","SEX_T","OCU_ISCO08_0","2015",798.757,,,,"R1:3513"
"BRA","BX:6355","EMP_TEMP_SEX_OCU_NB","SEX_T","OCU_ISCO08_X","2015",433.329,,,,"R1:3513"
"BRA","BX:6355","EMP_TEMP_SEX_OCU_NB","SEX_T","OCU_SKILL_TOTAL","2014",91977.782,,,,"R1:3513"
"BRA","BX:6355","EMP_TEMP_SEX_OCU_NB","SEX_T","OCU_SKILL_L3-4","2014",20914.169,,,,"R1:3513"
"BRA","BX:6355","EMP_TEMP_SEX_OCU_NB","SEX_T","OCU_SKILL_L2","2014",51353.105,,,,"R1:3513"
"BRA","BX:6355","EMP_TEMP_SEX_OCU_NB","SEX_T","OCU_SKILL_L1","2014",18195.237,,,,"R1:3513"
"BRA","BX:6355","EMP_TEMP_SEX_OCU_NB","SEX_T","OCU_SKILL_X","2014",1515.272,,,,"R1:3513"
"BRA","BX:6355","EMP_TEMP_SEX_OCU_NB","SEX_T","OCU_ISCO08_TOTAL","2014",91977.782,,,,"R1:3513"
"BRA","BX:6355","EMP_TEMP_SEX_OCU_NB","SEX_T","OCU_ISCO08_1","2014",4356.477,,,,"R1:3513"
"BRA","BX:6355","EMP_TEMP_SEX_OCU_NB","SEX_T","OCU_ISCO08_2","2014",8996.072,,,,"R1:3513"
"BRA","BX:6355","EMP_TEMP_SEX_OCU_NB","SEX_T","OCU_ISCO08_3","2014",7561.62,,,,"R1:3513"
"BRA","BX:6355","EMP_TEMP_SEX_OCU_NB","SEX_T","OCU_ISCO08_4","2014",7775.404,,,,"R1:3513"
"BRA","BX:6355","EMP_TEMP_SEX_OCU_NB","SEX_T","OCU_ISCO08_5","2014",18324.455,,,,"R1:3513"
"BRA","BX:6355","EMP_TEMP_SEX_OCU_NB","SEX_T","OCU_ISCO08_6","2014",4219.88,,,,"R1:3513"
"BRA","BX:6355","EMP_TEMP_SEX_OCU_NB","SEX_T","OCU_ISCO08_7","2014",13090.056,,,,"R1:3513"
"BRA","BX:6355","EMP_TEMP_SEX_OCU_NB","SEX_T","OCU_ISCO08_8","2014",7943.31,,,,"R1:3513"
"BRA","BX:6355","EMP_TEMP_SEX_OCU_NB","SEX_T","OCU_ISCO08_9","2014",18195.237,,,,"R1:3513"
"BRA","BX:6355","EMP_TEMP_SEX_OCU_NB","SEX_T","OCU_ISCO08_0","2014",757.897,,,,"R1:3513"
"BRA","BX:6355","EMP_TEMP_SEX_OCU_NB","SEX_T","OCU_ISCO08_X","2014",757.374,,,,"R1:3513"
"BRA","BX:6355","EMP_TEMP_SEX_OCU_NB","SEX_T","OCU_SKILL_TOTAL","2013",90770.602,,,,"R1:3513"
"BRA","BX:6355","EMP_TEMP_SEX_OCU_NB","SEX_T","OCU_SKILL_L3-4","2013",20632.82,,,,"R1:3513"
"BRA","BX:6355","EMP_TEMP_SEX_OCU_NB","SEX_T","OCU_SKILL_L2","2013",50251.273,,,,"R1:3513"
"BRA","BX:6355","EMP_TEMP_SEX_OCU_NB","SEX_T","OCU_SKILL_L1","2013",18417.561,,,,"R1:3513"
"BRA","BX:6355","EMP_TEMP_SEX_OCU_NB","SEX_T","OCU_SKILL_X","2013",1468.948,,,,"R1:3513"
"BRA","BX:6355","EMP_TEMP_SEX_OCU_NB","SEX_T","OCU_ISCO08_TOTAL","2013",90770.602,,,,"R1:3513"
"BRA","BX:6355","EMP_TEMP_SEX_OCU_NB","SEX_T","OCU_ISCO08_1","2013",4617.156,,,,"R1:3513"
"BRA","BX:6355","EMP_TEMP_SEX_OCU_NB","SEX_T","OCU_ISCO08_2","2013",8624.882,,,,"R1:3513"
"BRA","BX:6355","EMP_TEMP_SEX_OCU_NB","SEX_T","OCU_ISCO08_3","2013",7390.782,,,,"R1:3513"
"BRA","BX:6355","EMP_TEMP_SEX_OCU_NB","SEX_T","OCU_ISCO08_4","2013",7593.858,,,,"R1:3513"
"BRA","BX:6355","EMP_TEMP_SEX_OCU_NB","SEX_T","OCU_ISCO08_5","2013",17463.472,,,,"R1:3513"
"BRA","BX:6355","EMP_TEMP_SEX_OCU_NB","SEX_T","OCU_ISCO08_6","2013",4455.047,,,,"R1:3513"
"BRA","BX:6355","EMP_TEMP_SEX_OCU_NB","SEX_T","OCU_ISCO08_7","2013",12403.396,,,,"R1:3513"
"BRA","BX:6355","EMP_TEMP_SEX_OCU_NB","SEX_T","OCU_ISCO08_8","2013",8335.499,,,,"R1:3513"
"BRA","BX:6355","EMP_TEMP_SEX_OCU_NB","SEX_T","OCU_ISCO08_9","2013",18417.561,,,,"R1:3513"
"BRA","BX:6355","EMP_TEMP_SEX_OCU_NB","SEX_T","OCU_ISCO08_0","2013",592.357,,,,"R1:3513"
"BRA","BX:6355","EMP_TEMP_SEX_OCU_NB","SEX_T","OCU_ISCO08_X","2013",876.591,,,,"R1:3513"
"BRA","BX:6355","EMP_TEMP_SEX_OCU_NB","SEX_T","OCU_SKILL_TOTAL","2012",89317.315,"B",,"I11:264","R1:3513"
"BRA","BX:6355","EMP_TEMP_SEX_OCU_NB","SEX_T","OCU_SKILL_L3-4","2012",20103.068,"B",,"I11:264","R1:3513"
"BRA","BX:6355","EMP_TEMP_SEX_OCU_NB","SEX_T","OCU_SKILL_L2","2012",49246.427,"B",,"I11:264","R1:3513"
"BRA","BX:6355","EMP_TEMP_SEX_OCU_NB","SEX_T","OCU_SKILL_L1","2012",18506.382,"B",,"I11:264","R1:3513"
"BRA","BX:6355","EMP_TEMP_SEX_OCU_NB","SEX_T","OCU_SKILL_X","2012",1461.438,"B",,"I11:264","R1:3513"
"BRA","BX:6355","EMP_TEMP_SEX_OCU_NB","SEX_T","OCU_ISCO08_TOTAL","2012",89317.315,"B",,"I11:264","R1:3513"
"BRA","BX:6355","EMP_TEMP_SEX_OCU_NB","SEX_T","OCU_ISCO08_1","2012",4537.203,"B",,"I11:264","R1:3513"
"BRA","BX:6355","EMP_TEMP_SEX_OCU_NB","SEX_T","OCU_ISCO08_2","2012",8373.38,"B",,"I11:264","R1:3513"
"BRA","BX:6355","EMP_TEMP_SEX_OCU_NB","SEX_T","OCU_ISCO08_3","2012",7192.485,"B",,"I11:264","R1:3513"
"BRA","BX:6355","EMP_TEMP_SEX_OCU_NB","SEX_T","OCU_ISCO08_4","2012",7289.582,"B",,"I11:264","R1:3513"
"BRA","BX:6355","EMP_TEMP_SEX_OCU_NB","SEX_T","OCU_ISCO08_5","2012",16610.893,"B",,"I11:264","R1:3513"
"BRA","BX:6355","EMP_TEMP_SEX_OCU_NB","SEX_T","OCU_ISCO08_6","2012",4640.518,"B",,"I11:264","R1:3513"
"BRA","BX:6355","EMP_TEMP_SEX_OCU_NB","SEX_T","OCU_ISCO08_7","2012",12298.33,"B",,"I11:264","R1:3513"
"BRA","BX:6355","EMP_TEMP_SEX_OCU_NB","SEX_T","OCU_ISCO08_8","2012",8407.104,"B",,"I11:264","R1:3513"
"BRA","BX:6355","EMP_TEMP_SEX_OCU_NB","SEX_T","OCU_ISCO08_9","2012",18506.382,"B",,"I11:264","R1:3513"
"BRA","BX:6355","EMP_TEMP_SEX_OCU_NB","SEX_T","OCU_ISCO08_0","2012",555.713,"B",,"I11:264","R1:3513"
"BRA","BX:6355","EMP_TEMP_SEX_OCU_NB","SEX_T","OCU_ISCO08_X","2012",905.725,"B",,"I11:264","R1:3513"
"BRA","BX:356","EMP_TEMP_SEX_OCU_NB","SEX_T","OCU_SKILL_TOTAL","2011",90931.209,,,,"R1:3513"
"BRA","BX:356","EMP_TEMP_SEX_OCU_NB","SEX_T","OCU_SKILL_L3-4","2011",18219.331,,,,"R1:3513"
"BRA","BX:356","EMP_TEMP_SEX_OCU_NB","SEX_T","OCU_SKILL_L2","2011",55047.647,,,,"R1:3513"
"BRA","BX:356","EMP_TEMP_SEX_OCU_NB","SEX_T","OCU_SKILL_L1","2011",16905.96,,,,"R1:3513"
"BRA","BX:356","EMP_TEMP_SEX_OCU_NB","SEX_T","OCU_SKILL_X","2011",758.271,,,,"R1:3513"
"BRA","BX:356","EMP_TEMP_SEX_OCU_NB","SEX_T","OCU_ISCO88_TOTAL","2011",90931.209,,,,"R1:3513"
"BRA","BX:356","EMP_TEMP_SEX_OCU_NB","SEX_T","OCU_ISCO88_1","2011",4113.075,,,,"R1:3513"
"BRA","BX:356","EMP_TEMP_SEX_OCU_NB","SEX_T","OCU_ISCO88_2","2011",7935.819,,,,"R1:3513"
"BRA","BX:356","EMP_TEMP_SEX_OCU_NB","SEX_T","OCU_ISCO88_3","2011",6170.437,,,,"R1:3513"
"BRA","BX:356","EMP_TEMP_SEX_OCU_NB","SEX_T","OCU_ISCO88_4","2011",7675.923,,,,"R1:3513"
"BRA","BX:356","EMP_TEMP_SEX_OCU_NB","SEX_T","OCU_ISCO88_5","2011",15795.315,,,,"R1:3513"
"BRA","BX:356","EMP_TEMP_SEX_OCU_NB","SEX_T","OCU_ISCO88_6","2011",13533.728,,,,"R1:3513"
"BRA","BX:356","EMP_TEMP_SEX_OCU_NB","SEX_T","OCU_ISCO88_7","2011",9489.98,,,,"R1:3513"
"BRA","BX:356","EMP_TEMP_SEX_OCU_NB","SEX_T","OCU_ISCO88_8","2011",8552.701,,,,"R1:3513"
"BRA","BX:356","EMP_TEMP_SEX_OCU_NB","SEX_T","OCU_ISCO88_9","2011",16905.96,,,,"R1:3513"
"BRA","BX:356","EMP_TEMP_SEX_OCU_NB","SEX_T","OCU_ISCO88_0","2011",702.791,,,,"R1:3513"
"BRA","BX:356","EMP_TEMP_SEX_OCU_NB","SEX_T","OCU_ISCO88_X","2011",55.48,,,,"R1:3513"
"BRA","BX:356","EMP_TEMP_SEX_OCU_NB","SEX_T","OCU_SKILL_TOTAL","2009",89786.445,,,,"R1:3513"
"BRA","BX:356","EMP_TEMP_SEX_OCU_NB","SEX_T","OCU_SKILL_L3-4","2009",18127.76,,,,"R1:3513"
"BRA","BX:356","EMP_TEMP_SEX_OCU_NB","SEX_T","OCU_SKILL_L2","2009",53573.495,,,,"R1:3513"
"BRA","BX:356","EMP_TEMP_SEX_OCU_NB","SEX_T","OCU_SKILL_L1","2009",17368.373,,,,"R1:3513"
"BRA","BX:356","EMP_TEMP_SEX_OCU_NB","SEX_T","OCU_SKILL_X","2009",716.817,,,,"R1:3513"
"BRA","BX:356","EMP_TEMP_SEX_OCU_NB","SEX_T","OCU_ISCO88_TOTAL","2009",89786.445,,,,"R1:3513"
"BRA","BX:356","EMP_TEMP_SEX_OCU_NB","SEX_T","OCU_ISCO88_1","2009",4536.292,,,,"R1:3513"
"BRA","BX:356","EMP_TEMP_SEX_OCU_NB","SEX_T","OCU_ISCO88_2","2009",7092.711,,,,"R1:3513"
"BRA","BX:356","EMP_TEMP_SEX_OCU_NB","SEX_T","OCU_ISCO88_3","2009",6498.757,,,,"R1:3513"
"BRA","BX:356","EMP_TEMP_SEX_OCU_NB","SEX_T","OCU_ISCO88_4","2009",7957.601,,,,"R1:3513"
"BRA","BX:356","EMP_TEMP_SEX_OCU_NB","SEX_T","OCU_ISCO88_5","2009",12938.024,,,,"R1:3513"
"BRA","BX:356","EMP_TEMP_SEX_OCU_NB","SEX_T","OCU_ISCO88_6","2009",14701.939,,,,"R1:3513"
"BRA","BX:356","EMP_TEMP_SEX_OCU_NB","SEX_T","OCU_ISCO88_7","2009",9362.164,,,,"R1:3513"
"BRA","BX:356","EMP_TEMP_SEX_OCU_NB","SEX_T","OCU_ISCO88_8","2009",8613.767,,,,"R1:3513"
"BRA","BX:356","EMP_TEMP_SEX_OCU_NB","SEX_T","OCU_ISCO88_9","2009",17368.373,,,,"R1:3513"
"BRA","BX:356","EMP_TEMP_SEX_OCU_NB","SEX_T","OCU_ISCO88_0","2009",716.817,,,,"R1:3513"
"BRA","BX:356","EMP_TEMP_SEX_OCU_NB","SEX_T","OCU_SKILL_TOTAL","2008",89200.229,,,,"R1:3513"
"BRA","BX:356","EMP_TEMP_SEX_OCU_NB","SEX_T","OCU_SKILL_L3-4","2008",17564.853,,,,"R1:3513"
"BRA","BX:356","EMP_TEMP_SEX_OCU_NB","SEX_T","OCU_SKILL_L2","2008",53549.044,,,,"R1:3513"
"BRA","BX:356","EMP_TEMP_SEX_OCU_NB","SEX_T","OCU_SKILL_L1","2008",17391.545,,,,"R1:3513"
"BRA","BX:356","EMP_TEMP_SEX_OCU_NB","SEX_T","OCU_SKILL_X","2008",694.787,,,,"R1:3513"
"BRA","BX:356","EMP_TEMP_SEX_OCU_NB","SEX_T","OCU_ISCO88_TOTAL","2008",89200.229,,,,"R1:3513"
"BRA","BX:356","EMP_TEMP_SEX_OCU_NB","SEX_T","OCU_ISCO88_1","2008",4738.779,,,,"R1:3513"
"BRA","BX:356","EMP_TEMP_SEX_OCU_NB","SEX_T","OCU_ISCO88_2","2008",6406.103,,,,"R1:3513"
"BRA","BX:356","EMP_TEMP_SEX_OCU_NB","SEX_T","OCU_ISCO88_3","2008",6419.971,,,,"R1:3513"
"BRA","BX:356","EMP_TEMP_SEX_OCU_NB","SEX_T","OCU_ISCO88_4","2008",7754.207,,,,"R1:3513"
"BRA","BX:356","EMP_TEMP_SEX_OCU_NB","SEX_T","OCU_ISCO88_5","2008",12693.685,,,,"R1:3513"
"BRA","BX:356","EMP_TEMP_SEX_OCU_NB","SEX_T","OCU_ISCO88_6","2008",14821.18,,,,"R1:3513"
"BRA","BX:356","EMP_TEMP_SEX_OCU_NB","SEX_T","OCU_ISCO88_7","2008",9514.914,,,,"R1:3513"
"BRA","BX:356","EMP_TEMP_SEX_OCU_NB","SEX_T","OCU_ISCO88_8","2008",8765.058,,,,"R1:3513"
"BRA","BX:356","EMP_TEMP_SEX_OCU_NB","SEX_T","OCU_ISCO88_9","2008",17391.545,,,,"R1:3513"
"BRA","BX:356","EMP_TEMP_SEX_OCU_NB","SEX_T","OCU_ISCO88_0","2008",677.947,,,,"R1:3513"
"BRA","BX:356","EMP_TEMP_SEX_OCU_NB","SEX_T","OCU_ISCO88_X","2008",16.84,,,,"R1:3513"
"BRA","BX:356","EMP_TEMP_SEX_OCU_NB","SEX_T","OCU_SKILL_TOTAL","2007",86726.175,,,,"R1:3513"
"BRA","BX:356","EMP_TEMP_SEX_OCU_NB","SEX_T","OCU_SKILL_L3-4","2007",17033.945,,,,"R1:3513"
"BRA","BX:356","EMP_TEMP_SEX_OCU_NB","SEX_T","OCU_SKILL_L2","2007",52132.561,,,,"R1:3513"
"BRA","BX:356","EMP_TEMP_SEX_OCU_NB","SEX_T","OCU_SKILL_L1","2007",16952.796,,,,"R1:3513"
"BRA","BX:356","EMP_TEMP_SEX_OCU_NB","SEX_T","OCU_SKILL_X","2007",606.873,,,,"R1:3513"
"BRA","BX:356","EMP_TEMP_SEX_OCU_NB","SEX_T","OCU_ISCO88_TOTAL","2007",86726.175,,,,"R1:3513"
"BRA","BX:356","EMP_TEMP_SEX_OCU_NB","SEX_T","OCU_ISCO88_1","2007",4364.626,,,,"R1:3513"
"BRA","BX:356","EMP_TEMP_SEX_OCU_NB","SEX_T","OCU_ISCO88_2","2007",6169.335,,,,"R1:3513"
"BRA","BX:356","EMP_TEMP_SEX_OCU_NB","SEX_T","OCU_ISCO88_3","2007",6499.984,,,,"R1:3513"
"BRA","BX:356","EMP_TEMP_SEX_OCU_NB","SEX_T","OCU_ISCO88_4","2007",7156.603,,,,"R1:3513"
"BRA","BX:356","EMP_TEMP_SEX_OCU_NB","SEX_T","OCU_ISCO88_5","2007",12649.027,,,,"R1:3513"
"BRA","BX:356","EMP_TEMP_SEX_OCU_NB","SEX_T","OCU_ISCO88_6","2007",15284.913,,,,"R1:3513"
"BRA","BX:356","EMP_TEMP_SEX_OCU_NB","SEX_T","OCU_ISCO88_7","2007",8851.567,,,,"R1:3513"
"BRA","BX:356","EMP_TEMP_SEX_OCU_NB","SEX_T","OCU_ISCO88_8","2007",8190.451,,,,"R1:3513"
"BRA","BX:356","EMP_TEMP_SEX_OCU_NB","SEX_T","OCU_ISCO88_9","2007",16952.796,,,,"R1:3513"
"BRA","BX:356","EMP_TEMP_SEX_OCU_NB","SEX_T","OCU_ISCO88_0","2007",574.434,,,,"R1:3513"
"BRA","BX:356","EMP_TEMP_SEX_OCU_NB","SEX_T","OCU_ISCO88_X","2007",32.439,,,,"R1:3513"
"BRA","BX:356","EMP_TEMP_SEX_OCU_NB","SEX_T","OCU_SKILL_TOTAL","2006",85281.316,,,,"R1:3513"
"BRA","BX:356","EMP_TEMP_SEX_OCU_NB","SEX_T","OCU_SKILL_L3-4","2006",16681.472,,,,"R1:3513"
"BRA","BX:356","EMP_TEMP_SEX_OCU_NB","SEX_T","OCU_SKILL_L2","2006",51227.957,,,,"R1:3513"
"BRA","BX:356","EMP_TEMP_SEX_OCU_NB","SEX_T","OCU_SKILL_L1","2006",16725.804,,,,"R1:3513"
"BRA","BX:356","EMP_TEMP_SEX_OCU_NB","SEX_T","OCU_SKILL_X","2006",646.083,,,,"R1:3513"
"BRA","BX:356","EMP_TEMP_SEX_OCU_NB","SEX_T","OCU_ISCO88_TOTAL","2006",85281.316,,,,"R1:3513"
"BRA","BX:356","EMP_TEMP_SEX_OCU_NB","SEX_T","OCU_ISCO88_1","2006",4639.399,,,,"R1:3513"
"BRA","BX:356","EMP_TEMP_SEX_OCU_NB","SEX_T","OCU_ISCO88_2","2006",5931.886,,,,"R1:3513"
"BRA","BX:356","EMP_TEMP_SEX_OCU_NB","SEX_T","OCU_ISCO88_3","2006",6110.187,,,,"R1:3513"
"BRA","BX:356","EMP_TEMP_SEX_OCU_NB","SEX_T","OCU_ISCO88_4","2006",6933.864,,,,"R1:3513"
"BRA","BX:356","EMP_TEMP_SEX_OCU_NB","SEX_T","OCU_ISCO88_5","2006",12073.947,,,,"R1:3513"
"BRA","BX:356","EMP_TEMP_SEX_OCU_NB","SEX_T","OCU_ISCO88_6","2006",15801.601,,,,"R1:3513"
"BRA","BX:356","EMP_TEMP_SEX_OCU_NB","SEX_T","OCU_ISCO88_7","2006",8390.04,,,,"R1:3513"
"BRA","BX:356","EMP_TEMP_SEX_OCU_NB","SEX_T","OCU_ISCO88_8","2006",8028.505,,,,"R1:3513"
"BRA","BX:356","EMP_TEMP_SEX_OCU_NB","SEX_T","OCU_ISCO88_9","2006",16725.804,,,,"R1:3513"
"BRA","BX:356","EMP_TEMP_SEX_OCU_NB","SEX_T","OCU_ISCO88_0","2006",640.329,,,,"R1:3513"
"BRA","BX:356","EMP_TEMP_SEX_OCU_NB","SEX_T","OCU_ISCO88_X","2006",5.754,"U",,,"R1:3513"
"BRA","BX:356","EMP_TEMP_SEX_OCU_NB","SEX_T","OCU_SKILL_TOTAL","2005",83330.243,,,,"R1:3513"
"BRA","BX:356","EMP_TEMP_SEX_OCU_NB","SEX_T","OCU_SKILL_L3-4","2005",15738.534,,,,"R1:3513"
"BRA","BX:356","EMP_TEMP_SEX_OCU_NB","SEX_T","OCU_SKILL_L2","2005",50582.817,,,,"R1:3513"
"BRA","BX:356","EMP_TEMP_SEX_OCU_NB","SEX_T","OCU_SKILL_L1","2005",16370.875,,,,"R1:3513"
"BRA","BX:356","EMP_TEMP_SEX_OCU_NB","SEX_T","OCU_SKILL_X","2005",638.017,,,,"R1:3513"
"BRA","BX:356","EMP_TEMP_SEX_OCU_NB","SEX_T","OCU_ISCO88_TOTAL","2005",83330.243,,,,"R1:3513"
"BRA","BX:356","EMP_TEMP_SEX_OCU_NB","SEX_T","OCU_ISCO88_1","2005",4372.731,,,,"R1:3513"
"BRA","BX:356","EMP_TEMP_SEX_OCU_NB","SEX_T","OCU_ISCO88_2","2005",5383.304,,,,"R1:3513"
"BRA","BX:356","EMP_TEMP_SEX_OCU_NB","SEX_T","OCU_ISCO88_3","2005",5982.499,,,,"R1:3513"
"BRA","BX:356","EMP_TEMP_SEX_OCU_NB","SEX_T","OCU_ISCO88_4","2005",6570.378,,,,"R1:3513"
"BRA","BX:356","EMP_TEMP_SEX_OCU_NB","SEX_T","OCU_ISCO88_5","2005",11525.176,,,,"R1:3513"
"BRA","BX:356","EMP_TEMP_SEX_OCU_NB","SEX_T","OCU_ISCO88_6","2005",16239.211,,,,"R1:3513"
"BRA","BX:356","EMP_TEMP_SEX_OCU_NB","SEX_T","OCU_ISCO88_7","2005",8443.805,,,,"R1:3513"
"BRA","BX:356","EMP_TEMP_SEX_OCU_NB","SEX_T","OCU_ISCO88_8","2005",7804.247,,,,"R1:3513"
"BRA","BX:356","EMP_TEMP_SEX_OCU_NB","SEX_T","OCU_ISCO88_9","2005",16370.875,,,,"R1:3513"
"BRA","BX:356","EMP_TEMP_SEX_OCU_NB","SEX_T","OCU_ISCO88_0","2005",613.714,,,,"R1:3513"
"BRA","BX:356","EMP_TEMP_SEX_OCU_NB","SEX_T","OCU_ISCO88_X","2005",24.303,,,,"R1:3513"
"BRA","BX:356","EMP_TEMP_SEX_OCU_NB","SEX_T","OCU_SKILL_TOTAL","2004",81288.843,,,,"R1:3513"
"BRA","BX:356","EMP_TEMP_SEX_OCU_NB","SEX_T","OCU_SKILL_L3-4","2004",14819.298,,,,"R1:3513"
"BRA","BX:356","EMP_TEMP_SEX_OCU_NB","SEX_T","OCU_SKILL_L2","2004",49565.027,,,,"R1:3513"
"BRA","BX:356","EMP_TEMP_SEX_OCU_NB","SEX_T","OCU_SKILL_L1","2004",16215.182,,,,"R1:3513"
"BRA","BX:356","EMP_TEMP_SEX_OCU_NB","SEX_T","OCU_SKILL_X","2004",689.336,,,,"R1:3513"
"BRA","BX:356","EMP_TEMP_SEX_OCU_NB","SEX_T","OCU_ISCO88_TOTAL","2004",81288.843,,,,"R1:3513"
"BRA","BX:356","EMP_TEMP_SEX_OCU_NB","SEX_T","OCU_ISCO88_1","2004",4016.934,,,,"R1:3513"
"BRA","BX:356","EMP_TEMP_SEX_OCU_NB","SEX_T","OCU_ISCO88_2","2004",5119.059,,,,"R1:3513"
"BRA","BX:356","EMP_TEMP_SEX_OCU_NB","SEX_T","OCU_ISCO88_3","2004",5683.305,,,,"R1:3513"
"BRA","BX:356","EMP_TEMP_SEX_OCU_NB","SEX_T","OCU_ISCO88_4","2004",6488.45,,,,"R1:3513"
"BRA","BX:356","EMP_TEMP_SEX_OCU_NB","SEX_T","OCU_ISCO88_5","2004",11094.492,,,,"R1:3513"
"BRA","BX:356","EMP_TEMP_SEX_OCU_NB","SEX_T","OCU_ISCO88_6","2004",16209.885,,,,"R1:3513"
"BRA","BX:356","EMP_TEMP_SEX_OCU_NB","SEX_T","OCU_ISCO88_7","2004",8170.601,,,,"R1:3513"
"BRA","BX:356","EMP_TEMP_SEX_OCU_NB","SEX_T","OCU_ISCO88_8","2004",7601.599,,,,"R1:3513"
"BRA","BX:356","EMP_TEMP_SEX_OCU_NB","SEX_T","OCU_ISCO88_9","2004",16215.182,,,,"R1:3513"
"BRA","BX:356","EMP_TEMP_SEX_OCU_NB","SEX_T","OCU_ISCO88_0","2004",635.878,,,,"R1:3513"
"BRA","BX:356","EMP_TEMP_SEX_OCU_NB","SEX_T","OCU_ISCO88_X","2004",53.458,,,,"R1:3513"
"BRA","BX:356","EMP_TEMP_SEX_OCU_NB","SEX_T","OCU_SKILL_TOTAL","2003",76955.937,,,,"R1:3513"
"BRA","BX:356","EMP_TEMP_SEX_OCU_NB","SEX_T","OCU_SKILL_L3-4","2003",14354.09,,,,"R1:3513"
"BRA","BX:356","EMP_TEMP_SEX_OCU_NB","SEX_T","OCU_SKILL_L2","2003",46754.637,,,,"R1:3513"
"BRA","BX:356","EMP_TEMP_SEX_OCU_NB","SEX_T","OCU_SKILL_L1","2003",15167.15,,,,"R1:3513"
"BRA","BX:356","EMP_TEMP_SEX_OCU_NB","SEX_T","OCU_SKILL_X","2003",680.06,,,,"R1:3513"
"BRA","BX:356","EMP_TEMP_SEX_OCU_NB","SEX_T","OCU_ISCO88_TOTAL","2003",76955.937,,,,"R1:3513"
"BRA","BX:356","EMP_TEMP_SEX_OCU_NB","SEX_T","OCU_ISCO88_1","2003",3943.233,,,,"R1:3513"
"BRA","BX:356","EMP_TEMP_SEX_OCU_NB","SEX_T","OCU_ISCO88_2","2003",4980.624,,,,"R1:3513"
"BRA","BX:356","EMP_TEMP_SEX_OCU_NB","SEX_T","OCU_ISCO88_3","2003",5430.233,,,,"R1:3513"
"BRA","BX:356","EMP_TEMP_SEX_OCU_NB","SEX_T","OCU_ISCO88_4","2003",6079.609,,,,"R1:3513"
"BRA","BX:356","EMP_TEMP_SEX_OCU_NB","SEX_T","OCU_ISCO88_5","2003",10746.533,,,,"R1:3513"
"BRA","BX:356","EMP_TEMP_SEX_OCU_NB","SEX_T","OCU_ISCO88_6","2003",15012.738,,,,"R1:3513"
"BRA","BX:356","EMP_TEMP_SEX_OCU_NB","SEX_T","OCU_ISCO88_7","2003",7923.556,,,,"R1:3513"
"BRA","BX:356","EMP_TEMP_SEX_OCU_NB","SEX_T","OCU_ISCO88_8","2003",6992.201,,,,"R1:3513"
"BRA","BX:356","EMP_TEMP_SEX_OCU_NB","SEX_T","OCU_ISCO88_9","2003",15167.15,,,,"R1:3513"
"BRA","BX:356","EMP_TEMP_SEX_OCU_NB","SEX_T","OCU_ISCO88_0","2003",641.975,,,,"R1:3513"
"BRA","BX:356","EMP_TEMP_SEX_OCU_NB","SEX_T","OCU_ISCO88_X","2003",38.085,,,,"R1:3513"
"BRA","BX:356","EMP_TEMP_SEX_OCU_NB","SEX_T","OCU_SKILL_TOTAL","2002",75787.338,,,,"R1:3513"
"BRA","BX:356","EMP_TEMP_SEX_OCU_NB","SEX_T","OCU_SKILL_L3-4","2002",14210.61,,,,"R1:3513"
"BRA","BX:356","EMP_TEMP_SEX_OCU_NB","SEX_T","OCU_SKILL_L2","2002",45617.015,,,,"R1:3513"
"BRA","BX:356","EMP_TEMP_SEX_OCU_NB","SEX_T","OCU_SKILL_L1","2002",15216.336,,,,"R1:3513"
"BRA","BX:356","EMP_TEMP_SEX_OCU_NB","SEX_T","OCU_SKILL_X","2002",743.377,,,,"R1:3513"
"BRA","BX:356","EMP_TEMP_SEX_OCU_NB","SEX_T","OCU_ISCO88_TOTAL","2002",75787.338,,,,"R1:3513"
"BRA","BX:356","EMP_TEMP_SEX_OCU_NB","SEX_T","OCU_ISCO88_1","2002",4001.961,,,,"R1:3513"
"BRA","BX:356","EMP_TEMP_SEX_OCU_NB","SEX_T","OCU_ISCO88_2","2002",4710.53,,,,"R1:3513"
"BRA","BX:356","EMP_TEMP_SEX_OCU_NB","SEX_T","OCU_ISCO88_3","2002",5498.119,,,,"R1:3513"
"BRA","BX:356","EMP_TEMP_SEX_OCU_NB","SEX_T","OCU_ISCO88_4","2002",5816.365,,,,"R1:3513"
"BRA","BX:356","EMP_TEMP_SEX_OCU_NB","SEX_T","OCU_ISCO88_5","2002",10192.131,,,,"R1:3513"
"BRA","BX:356","EMP_TEMP_SEX_OCU_NB","SEX_T","OCU_ISCO88_6","2002",14668.561,,,,"R1:3513"
"BRA","BX:356","EMP_TEMP_SEX_OCU_NB","SEX_T","OCU_ISCO88_7","2002",8069.996,,,,"R1:3513"
"BRA","BX:356","EMP_TEMP_SEX_OCU_NB","SEX_T","OCU_ISCO88_8","2002",6869.962,,,,"R1:3513"
"BRA","BX:356","EMP_TEMP_SEX_OCU_NB","SEX_T","OCU_ISCO88_9","2002",15216.336,,,,"R1:3513"
"BRA","BX:356","EMP_TEMP_SEX_OCU_NB","SEX_T","OCU_ISCO88_0","2002",609.705,,,,"R1:3513"
"BRA","BX:356","EMP_TEMP_SEX_OCU_NB","SEX_T","OCU_ISCO88_X","2002",133.672,,,,"R1:3513"
"BRA","BX:356","EMP_TEMP_SEX_OCU_NB","SEX_T","OCU_SKILL_TOTAL","2001",73088.65,,,,"R1:3513"
"BRA","BX:356","EMP_TEMP_SEX_OCU_NB","SEX_T","OCU_SKILL_L3-4","2001",11741.977,,,,"R1:3513"
"BRA","BX:356","EMP_TEMP_SEX_OCU_NB","SEX_T","OCU_SKILL_L2","2001",51503.215,,,,"R1:3513"
"BRA","BX:356","EMP_TEMP_SEX_OCU_NB","SEX_T","OCU_SKILL_L1","2001",6649.767,,,,"R1:3513"
"BRA","BX:356","EMP_TEMP_SEX_OCU_NB","SEX_T","OCU_SKILL_X","2001",3193.691,,,,"R1:3513"
"BRA","BX:356","EMP_TEMP_SEX_OCU_NB","SEX_T","OCU_ISCO88_TOTAL","2001",73088.65,,,,"R1:3513"
"BRA","BX:356","EMP_TEMP_SEX_OCU_NB","SEX_T","OCU_ISCO88_1","2001",4915.703,,,,"R1:3513"
"BRA","BX:356","EMP_TEMP_SEX_OCU_NB","SEX_T","OCU_ISCO88_2","2001",4428.346,,,,"R1:3513"
"BRA","BX:356","EMP_TEMP_SEX_OCU_NB","SEX_T","OCU_ISCO88_3","2001",2397.928,,,,"R1:3513"
"BRA","BX:356","EMP_TEMP_SEX_OCU_NB","SEX_T","OCU_ISCO88_4","2001",4901.922,,,,"R1:3513"
"BRA","BX:356","EMP_TEMP_SEX_OCU_NB","SEX_T","OCU_ISCO88_5","2001",16135.501,,,,"R1:3513"
"BRA","BX:356","EMP_TEMP_SEX_OCU_NB","SEX_T","OCU_ISCO88_6","2001",13914.627,,,,"R1:3513"
"BRA","BX:356","EMP_TEMP_SEX_OCU_NB","SEX_T","OCU_ISCO88_7","2001",13460.983,,,,"R1:3513"
"BRA","BX:356","EMP_TEMP_SEX_OCU_NB","SEX_T","OCU_ISCO88_8","2001",3090.182,,,,"R1:3513"
"BRA","BX:356","EMP_TEMP_SEX_OCU_NB","SEX_T","OCU_ISCO88_9","2001",6649.767,,,,"R1:3513"
"BRA","BX:356","EMP_TEMP_SEX_OCU_NB","SEX_T","OCU_ISCO88_0","2001",1161.826,,,,"R1:3513"
"BRA","BX:356","EMP_TEMP_SEX_OCU_NB","SEX_T","OCU_ISCO88_X","2001",2031.865,,,,"R1:3513"
"CHL","BA:460","EMP_TEMP_SEX_OCU_NB","SEX_T","OCU_SKILL_TOTAL","2025",9414.853,,,,"R1:3513"
"CHL","BA:460","EMP_TEMP_SEX_OCU_NB","SEX_T","OCU_SKILL_L3-4","2025",3284.855,,,,"R1:3513"
"CHL","BA:460","EMP_TEMP_SEX_OCU_NB","SEX_T","OCU_SKILL_L2","2025",4541.669,,,,"R1:3513"
"CHL","BA:460","EMP_TEMP_SEX_OCU_NB","SEX_T","OCU_SKILL_L1","2025",1533.03,,,,"R1:3513"
"CHL","BA:460","EMP_TEMP_SEX_OCU_NB","SEX_T","OCU_SKILL_X","2025",55.299,,,,"R1:3513"
"CHL","BA:460","EMP_TEMP_SEX_OCU_NB","SEX_T","OCU_ISCO08_TOTAL","2025",9414.853,,,,"R1:3513"
"CHL","BA:460","EMP_TEMP_SEX_OCU_NB","SEX_T","OCU_ISCO08_1","2025",452.799,,,,"R1:3513"
"CHL","BA:460","EMP_TEMP_SEX_OCU_NB","SEX_T","OCU_ISCO08_2","2025",1630.045,,,,"R1:3513"
"CHL","BA:460","EMP_TEMP_SEX_OCU_NB","SEX_T","OCU_ISCO08_3","2025",1202.011,,,,"R1:3513"
"CHL","BA:460","EMP_TEMP_SEX_OCU_NB","SEX_T","OCU_ISCO08_4","2025",476.395,,,,"R1:3513"
"CHL","BA:460","EMP_TEMP_SEX_OCU_NB","SEX_T","OCU_ISCO08_5","2025",1987.737,,,,"R1:3513"
"CHL","BA:460","EMP_TEMP_SEX_OCU_NB","SEX_T","OCU_ISCO08_6","2025",222.008,,,,"R1:3513"
"CHL","BA:460","EMP_TEMP_SEX_OCU_NB","SEX_T","OCU_ISCO08_7","2025",1107.105,,,,"R1:3513"
"CHL","BA:460","EMP_TEMP_SEX_OCU_NB","SEX_T","OCU_ISCO08_8","2025",748.423,,,,"R1:3513"
"CHL","BA:460","EMP_TEMP_SEX_OCU_NB","SEX_T","OCU_ISCO08_9","2025",1533.03,,,,"R1:3513"
"CHL","BA:460","EMP_TEMP_SEX_OCU_NB","SEX_T","OCU_ISCO08_X","2025",55.299,,,,"R1:3513"
"CHL","BA:460","EMP_TEMP_SEX_OCU_NB","SEX_T","OCU_SKILL_TOTAL","2024",9319.067,,,,"R1:3513"
"CHL","BA:460","EMP_TEMP_SEX_OCU_NB","SEX_T","OCU_SKILL_L3-4","2024",3159.244,,,,"R1:3513"
"CHL","BA:460","EMP_TEMP_SEX_OCU_NB","SEX_T","OCU_SKILL_L2","2024",4526.011,,,,"R1:3513"
"CHL","BA:460","EMP_TEMP_SEX_OCU_NB","SEX_T","OCU_SKILL_L1","2024",1577.758,,,,"R1:3513"
"CHL","BA:460","EMP_TEMP_SEX_OCU_NB","SEX_T","OCU_SKILL_X","2024",56.055,,,,"R1:3513"
"CHL","BA:460","EMP_TEMP_SEX_OCU_NB","SEX_T","OCU_ISCO08_TOTAL","2024",9319.067,,,,"R1:3513"
"CHL","BA:460","EMP_TEMP_SEX_OCU_NB","SEX_T","OCU_ISCO08_1","2024",417.301,,,,"R1:3513"
"CHL","BA:460","EMP_TEMP_SEX_OCU_NB","SEX_T","OCU_ISCO08_2","2024",1551.504,,,,"R1:3513"
"CHL","BA:460","EMP_TEMP_SEX_OCU_NB","SEX_T","OCU_ISCO08_3","2024",1190.439,,,,"R1:3513"
"CHL","BA:460","EMP_TEMP_SEX_OCU_NB","SEX_T","OCU_ISCO08_4","2024",472.64,,,,"R1:3513"
"CHL","BA:460","EMP_TEMP_SEX_OCU_NB","SEX_T","OCU_ISCO08_5","2024",1982.69,,,,"R1:3513"
"CHL","BA:460","EMP_TEMP_SEX_OCU_NB","SEX_T","OCU_ISCO08_6","2024",214.251,,,,"R1:3513"
"CHL","BA:460","EMP_TEMP_SEX_OCU_NB","SEX_T","OCU_ISCO08_7","2024",1120.492,,,,"R1:3513"
"CHL","BA:460","EMP_TEMP_SEX_OCU_NB","SEX_T","OCU_ISCO08_8","2024",735.938,,,,"R1:3513"
"CHL","BA:460","EMP_TEMP_SEX_OCU_NB","SEX_T","OCU_ISCO08_9","2024",1577.758,,,,"R1:3513"
"CHL","BA:460","EMP_TEMP_SEX_OCU_NB","SEX_T","OCU_ISCO08_X","2024",56.055,,,,"R1:3513"
"CHL","BA:460","EMP_TEMP_SEX_OCU_NB","SEX_T","OCU_SKILL_TOTAL","2023",9089.552,,,,"R1:3513"
"CHL","BA:460","EMP_TEMP_SEX_OCU_NB","SEX_T","OCU_SKILL_L3-4","2023",3043.597,,,,"R1:3513"
"CHL","BA:460","EMP_TEMP_SEX_OCU_NB","SEX_T","OCU_SKILL_L2","2023",4429.259,,,,"R1:3513"
"CHL","BA:460","EMP_TEMP_SEX_OCU_NB","SEX_T","OCU_SKILL_L1","2023",1564.141,,,,"R1:3513"
"CHL","BA:460","EMP_TEMP_SEX_OCU_NB","SEX_T","OCU_SKILL_X","2023",52.555,,,,"R1:3513"
"CHL","BA:460","EMP_TEMP_SEX_OCU_NB","SEX_T","OCU_ISCO08_TOTAL","2023",9089.552,,,,"R1:3513"
"CHL","BA:460","EMP_TEMP_SEX_OCU_NB","SEX_T","OCU_ISCO08_1","2023",406.478,,,,"R1:3513"
"CHL","BA:460","EMP_TEMP_SEX_OCU_NB","SEX_T","OCU_ISCO08_2","2023",1524.266,,,,"R1:3513"
"CHL","BA:460","EMP_TEMP_SEX_OCU_NB","SEX_T","OCU_ISCO08_3","2023",1112.853,,,,"R1:3513"
"CHL","BA:460","EMP_TEMP_SEX_OCU_NB","SEX_T","OCU_ISCO08_4","2023",475.455,,,,"R1:3513"
"CHL","BA:460","EMP_TEMP_SEX_OCU_NB","SEX_T","OCU_ISCO08_5","2023",1930.62,,,,"R1:3513"
"CHL","BA:460","EMP_TEMP_SEX_OCU_NB","SEX_T","OCU_ISCO08_6","2023",200.92,,,,"R1:3513"
"CHL","BA:460","EMP_TEMP_SEX_OCU_NB","SEX_T","OCU_ISCO08_7","2023",1102.728,,,,"R1:3513"
"CHL","BA:460","EMP_TEMP_SEX_OCU_NB","SEX_T","OCU_ISCO08_8","2023",719.537,,,,"R1:3513"
"CHL","BA:460","EMP_TEMP_SEX_OCU_NB","SEX_T","OCU_ISCO08_9","2023",1564.141,,,,"R1:3513"
"CHL","BA:460","EMP_TEMP_SEX_OCU_NB","SEX_T","OCU_ISCO08_X","2023",52.555,,,,"R1:3513"
"CHL","BA:460","EMP_TEMP_SEX_OCU_NB","SEX_T","OCU_SKILL_TOTAL","2022",8876.952,,,,"R1:3513"
"CHL","BA:460","EMP_TEMP_SEX_OCU_NB","SEX_T","OCU_SKILL_L3-4","2022",2830.302,,,,"R1:3513"
"CHL","BA:460","EMP_TEMP_SEX_OCU_NB","SEX_T","OCU_SKILL_L2","2022",4353.437,,,,"R1:3513"
"CHL","BA:460","EMP_TEMP_SEX_OCU_NB","SEX_T","OCU_SKILL_L1","2022",1629.489,,,,"R1:3513"
"CHL","BA:460","EMP_TEMP_SEX_OCU_NB","SEX_T","OCU_SKILL_X","2022",63.723,,,,"R1:3513"
"CHL","BA:460","EMP_TEMP_SEX_OCU_NB","SEX_T","OCU_ISCO08_TOTAL","2022",8876.952,,,,"R1:3513"
"CHL","BA:460","EMP_TEMP_SEX_OCU_NB","SEX_T","OCU_ISCO08_1","2022",368.693,,,,"R1:3513"
"CHL","BA:460","EMP_TEMP_SEX_OCU_NB","SEX_T","OCU_ISCO08_2","2022",1389.824,,,,"R1:3513"
"CHL","BA:460","EMP_TEMP_SEX_OCU_NB","SEX_T","OCU_ISCO08_3","2022",1071.785,,,,"R1:3513"
"CHL","BA:460","EMP_TEMP_SEX_OCU_NB","SEX_T","OCU_ISCO08_4","2022",476.879,,,,"R1:3513"
"CHL","BA:460","EMP_TEMP_SEX_OCU_NB","SEX_T","OCU_ISCO08_5","2022",1846.731,,,,"R1:3513"
"CHL","BA:460","EMP_TEMP_SEX_OCU_NB","SEX_T","OCU_ISCO08_6","2022",199.347,,,,"R1:3513"
"CHL","BA:460","EMP_TEMP_SEX_OCU_NB","SEX_T","OCU_ISCO08_7","2022",1135.434,,,,"R1:3513"
"CHL","BA:460","EMP_TEMP_SEX_OCU_NB","SEX_T","OCU_ISCO08_8","2022",695.046,,,,"R1:3513"
"CHL","BA:460","EMP_TEMP_SEX_OCU_NB","SEX_T","OCU_ISCO08_9","2022",1629.489,,,,"R1:3513"
"CHL","BA:460","EMP_TEMP_SEX_OCU_NB","SEX_T","OCU_ISCO08_X","2022",63.723,,,,"R1:3513"
"CHL","BA:460","EMP_TEMP_SEX_OCU_NB","SEX_T","OCU_SKILL_TOTAL","2021",8314.905,,,,"R1:3513"
"CHL","BA:460","EMP_TEMP_SEX_OCU_NB","SEX_T","OCU_SKILL_L3-4","2021",2620.075,,,,"R1:3513"
"CHL","BA:460","EMP_TEMP_SEX_OCU_NB","SEX_T","OCU_SKILL_L2","2021",4121.904,,,,"R1:3513"
"CHL","BA:460","EMP_TEMP_SEX_OCU_NB","SEX_T","OCU_SKILL_L1","2021",1516.254,,,,"R1:3513"
"CHL","BA:460","EMP_TEMP_SEX_OCU_NB","SEX_T","OCU_SKILL_X","2021",56.672,,,,"R1:3513"
"CHL","BA:460","EMP_TEMP_SEX_OCU_NB","SEX_T","OCU_ISCO08_TOTAL","2021",8314.905,,,,"R1:3513"
"CHL","BA:460","EMP_TEMP_SEX_OCU_NB","SEX_T","OCU_ISCO08_1","2021",334.293,,,,"R1:3513"
"CHL","BA:460","EMP_TEMP_SEX_OCU_NB","SEX_T","OCU_ISCO08_2","2021",1271.685,,,,"R1:3513"
"CHL","BA:460","EMP_TEMP_SEX_OCU_NB","SEX_T","OCU_ISCO08_3","2021",1014.098,,,,"R1:3513"
"CHL","BA:460","EMP_TEMP_SEX_OCU_NB","SEX_T","OCU_ISCO08_4","2021",491.561,,,,"R1:3513"
"CHL","BA:460","EMP_TEMP_SEX_OCU_NB","SEX_T","OCU_ISCO08_5","2021",1706.198,,,,"R1:3513"
"CHL","BA:460","EMP_TEMP_SEX_OCU_NB","SEX_T","OCU_ISCO08_6","2021",199.766,,,,"R1:3513"
"CHL","BA:460","EMP_TEMP_SEX_OCU_NB","SEX_T","OCU_ISCO08_7","2021",1079.684,,,,"R1:3513"
"CHL","BA:460","EMP_TEMP_SEX_OCU_NB","SEX_T","OCU_ISCO08_8","2021",644.695,,,,"R1:3513"
"CHL","BA:460","EMP_TEMP_SEX_OCU_NB","SEX_T","OCU_ISCO08_9","2021",1516.254,,,,"R1:3513"
"CHL","BA:460","EMP_TEMP_SEX_OCU_NB","SEX_T","OCU_ISCO08_X","2021",56.672,,,,"R1:3513"
"CHL","BA:460","EMP_TEMP_SEX_OCU_NB","SEX_T","OCU_SKILL_TOTAL","2020",7883.746,"B",,"I11:264","R1:3513"
"CHL","BA:460","EMP_TEMP_SEX_OCU_NB","SEX_T","OCU_SKILL_L3-4","2020",2488.494,"B",,"I11:264","R1:3513"
"CHL","BA:460","EMP_TEMP_SEX_OCU_NB","SEX_T","OCU_SKILL_L2","2020",3900.544,"B",,"I11:264","R1:3513"
"CHL","BA:460","EMP_TEMP_SEX_OCU_NB","SEX_T","OCU_SKILL_L1","2020",1442.671,"B",,"I11:264","R1:3513"
"CHL","BA:460","EMP_TEMP_SEX_OCU_NB","SEX_T","OCU_SKILL_X","2020",52.037,"B",,"I11:264","R1:3513"
"CHL","BA:460","EMP_TEMP_SEX_OCU_NB","SEX_T","OCU_ISCO08_TOTAL","2020",7883.746,"B",,"I11:264","R1:3513"
"CHL","BA:460","EMP_TEMP_SEX_OCU_NB","SEX_T","OCU_ISCO08_1","2020",291.981,"B",,"I11:264","R1:3513"
"CHL","BA:460","EMP_TEMP_SEX_OCU_NB","SEX_T","OCU_ISCO08_2","2020",1205.34,"B",,"I11:264","R1:3513"
"CHL","BA:460","EMP_TEMP_SEX_OCU_NB","SEX_T","OCU_ISCO08_3","2020",991.172,"B",,"I11:264","R1:3513"
"CHL","BA:460","EMP_TEMP_SEX_OCU_NB","SEX_T","OCU_ISCO08_4","2020",459.318,"B",,"I11:264","R1:3513"
"CHL","BA:460","EMP_TEMP_SEX_OCU_NB","SEX_T","OCU_ISCO08_5","2020",1619.801,"B",,"I11:264","R1:3513"
"CHL","BA:460","EMP_TEMP_SEX_OCU_NB","SEX_T","OCU_ISCO08_6","2020",208.941,"B",,"I11:264","R1:3513"
"CHL","BA:460","EMP_TEMP_SEX_OCU_NB","SEX_T","OCU_ISCO08_7","2020",978.111,"B",,"I11:264","R1:3513"
"CHL","BA:460","EMP_TEMP_SEX_OCU_NB","SEX_T","OCU_ISCO08_8","2020",634.372,"B",,"I11:264","R1:3513"
"CHL","BA:460","EMP_TEMP_SEX_OCU_NB","SEX_T","OCU_ISCO08_9","2020",1442.671,"B",,"I11:264","R1:3513"
"CHL","BA:460","EMP_TEMP_SEX_OCU_NB","SEX_T","OCU_ISCO08_X","2020",52.037,"B",,"I11:264","R1:3513"
"CHL","BA:460","EMP_TEMP_SEX_OCU_NB","SEX_T","OCU_SKILL_TOTAL","2019",8980.466,,,,"R1:3513"
"CHL","BA:460","EMP_TEMP_SEX_OCU_NB","SEX_T","OCU_SKILL_L3-4","2019",2672.404,,,,"R1:3513"
"CHL","BA:460","EMP_TEMP_SEX_OCU_NB","SEX_T","OCU_SKILL_L2","2019",4499.542,,,,"R1:3513"
"CHL","BA:460","EMP_TEMP_SEX_OCU_NB","SEX_T","OCU_SKILL_L1","2019",1762.21,,,,"R1:3513"
"CHL","BA:460","EMP_TEMP_SEX_OCU_NB","SEX_T","OCU_SKILL_X","2019",46.31,,,,"R1:3513"
"CHL","BA:460","EMP_TEMP_SEX_OCU_NB","SEX_T","OCU_ISCO08_TOTAL","2019",8980.466,,,,"R1:3513"
"CHL","BA:460","EMP_TEMP_SEX_OCU_NB","SEX_T","OCU_ISCO08_1","2019",351.177,,,,"R1:3513"
"CHL","BA:460","EMP_TEMP_SEX_OCU_NB","SEX_T","OCU_ISCO08_2","2019",1272.045,,,,"R1:3513"
"CHL","BA:460","EMP_TEMP_SEX_OCU_NB","SEX_T","OCU_ISCO08_3","2019",1049.182,,,,"R1:3513"
"CHL","BA:460","EMP_TEMP_SEX_OCU_NB","SEX_T","OCU_ISCO08_4","2019",517.677,,,,"R1:3513"
"CHL","BA:460","EMP_TEMP_SEX_OCU_NB","SEX_T","OCU_ISCO08_5","2019",1910.834,,,,"R1:3513"
"CHL","BA:460","EMP_TEMP_SEX_OCU_NB","SEX_T","OCU_ISCO08_6","2019",253.084,,,,"R1:3513"
"CHL","BA:460","EMP_TEMP_SEX_OCU_NB","SEX_T","OCU_ISCO08_7","2019",1096.863,,,,"R1:3513"
"CHL","BA:460","EMP_TEMP_SEX_OCU_NB","SEX_T","OCU_ISCO08_8","2019",721.085,,,,"R1:3513"
"CHL","BA:460","EMP_TEMP_SEX_OCU_NB","SEX_T","OCU_ISCO08_9","2019",1762.21,,,,"R1:3513"
"CHL","BA:460","EMP_TEMP_SEX_OCU_NB","SEX_T","OCU_ISCO08_X","2019",46.31,,,,"R1:3513"
"CHL","BA:460","EMP_TEMP_SEX_OCU_NB","SEX_T","OCU_SKILL_TOTAL","2018",8791.511,,,,"R1:3513"
"CHL","BA:460","EMP_TEMP_SEX_OCU_NB","SEX_T","OCU_SKILL_L3-4","2018",2489.838,,,,"R1:3513"
"CHL","BA:460","EMP_TEMP_SEX_OCU_NB","SEX_T","OCU_SKILL_L2","2018",4511.83,,,,"R1:3513"
"CHL","BA:460","EMP_TEMP_SEX_OCU_NB","SEX_T","OCU_SKILL_L1","2018",1752.716,,,,"R1:3513"
"CHL","BA:460","EMP_TEMP_SEX_OCU_NB","SEX_T","OCU_SKILL_X","2018",37.126,,,,"R1:3513"
"CHL","BA:460","EMP_TEMP_SEX_OCU_NB","SEX_T","OCU_ISCO88_TOTAL","2018",8791.511,,,,"R1:3513"
"CHL","BA:460","EMP_TEMP_SEX_OCU_NB","SEX_T","OCU_ISCO88_1","2018",401.839,,,,"R1:3513"
"CHL","BA:460","EMP_TEMP_SEX_OCU_NB","SEX_T","OCU_ISCO88_2","2018",1168.478,,,,"R1:3513"
"CHL","BA:460","EMP_TEMP_SEX_OCU_NB","SEX_T","OCU_ISCO88_3","2018",919.521,,,,"R1:3513"
"CHL","BA:460","EMP_TEMP_SEX_OCU_NB","SEX_T","OCU_ISCO88_4","2018",581.376,,,,"R1:3513"
"CHL","BA:460","EMP_TEMP_SEX_OCU_NB","SEX_T","OCU_ISCO88_5","2018",1862.977,,,,"R1:3513"
"CHL","BA:460","EMP_TEMP_SEX_OCU_NB","SEX_T","OCU_ISCO88_6","2018",242.816,,,,"R1:3513"
"CHL","BA:460","EMP_TEMP_SEX_OCU_NB","SEX_T","OCU_ISCO88_7","2018",1103.527,,,,"R1:3513"
"CHL","BA:460","EMP_TEMP_SEX_OCU_NB","SEX_T","OCU_ISCO88_8","2018",721.134,,,,"R1:3513"
"CHL","BA:460","EMP_TEMP_SEX_OCU_NB","SEX_T","OCU_ISCO88_9","2018",1752.716,,,,"R1:3513"
"CHL","BA:460","EMP_TEMP_SEX_OCU_NB","SEX_T","OCU_ISCO88_X","2018",37.126,,,,"R1:3513"
"CHL","BA:460","EMP_TEMP_SEX_OCU_NB","SEX_T","OCU_SKILL_TOTAL","2017",8604.646,"B",,"I11:264","R1:3513"
"CHL","BA:460","EMP_TEMP_SEX_OCU_NB","SEX_T","OCU_SKILL_L3-4","2017",2361.492,"B",,"I11:264","R1:3513"
"CHL","BA:460","EMP_TEMP_SEX_OCU_NB","SEX_T","OCU_SKILL_L2","2017",4400.188,"B",,"I11:264","R1:3513"
"CHL","BA:460","EMP_TEMP_SEX_OCU_NB","SEX_T","OCU_SKILL_L1","2017",1791.563,"B",,"I11:264","R1:3513"
"CHL","BA:460","EMP_TEMP_SEX_OCU_NB","SEX_T","OCU_SKILL_X","2017",51.403,"B",,"I11:264","R1:3513"
"CHL","BA:460","EMP_TEMP_SEX_OCU_NB","SEX_T","OCU_SKILL_TOTAL","2016",8400.305,,,,"R1:3513"
"CHL","BA:460","EMP_TEMP_SEX_OCU_NB","SEX_T","OCU_SKILL_L3-4","2016",2187.472,,,,"R1:3513"
"CHL","BA:460","EMP_TEMP_SEX_OCU_NB","SEX_T","OCU_SKILL_L2","2016",4193.65,,,,"R1:3513"
"CHL","BA:460","EMP_TEMP_SEX_OCU_NB","SEX_T","OCU_SKILL_L1","2016",1946.836,,,,"R1:3513"
"CHL","BA:460","EMP_TEMP_SEX_OCU_NB","SEX_T","OCU_SKILL_X","2016",72.347,,,,"R1:3513"
"CHL","BA:460","EMP_TEMP_SEX_OCU_NB","SEX_T","OCU_ISCO88_TOTAL","2016",8400.305,,,,"R1:3513"
"CHL","BA:460","EMP_TEMP_SEX_OCU_NB","SEX_T","OCU_ISCO88_1","2016",194.333,,,,"R1:3513"
"CHL","BA:460","EMP_TEMP_SEX_OCU_NB","SEX_T","OCU_ISCO88_2","2016",1053.879,,,,"R1:3513"
"CHL","BA:460","EMP_TEMP_SEX_OCU_NB","SEX_T","OCU_ISCO88_3","2016",939.26,,,,"R1:3513"
"CHL","BA:460","EMP_TEMP_SEX_OCU_NB","SEX_T","OCU_ISCO88_4","2016",789.513,,,,"R1:3513"
"CHL","BA:460","EMP_TEMP_SEX_OCU_NB","SEX_T","OCU_ISCO88_5","2016",1269.186,,,,"R1:3513"
"CHL","BA:460","EMP_TEMP_SEX_OCU_NB","SEX_T","OCU_ISCO88_6","2016",268.869,,,,"R1:3513"
"CHL","BA:460","EMP_TEMP_SEX_OCU_NB","SEX_T","OCU_ISCO88_7","2016",1140.575,,,,"R1:3513"
"CHL","BA:460","EMP_TEMP_SEX_OCU_NB","SEX_T","OCU_ISCO88_8","2016",725.507,,,,"R1:3513"
"CHL","BA:460","EMP_TEMP_SEX_OCU_NB","SEX_T","OCU_ISCO88_9","2016",1946.836,,,,"R1:3513"
"CHL","BA:460","EMP_TEMP_SEX_OCU_NB","SEX_T","OCU_ISCO88_X","2016",72.347,,,,"R1:3513"
"CHL","BA:460","EMP_TEMP_SEX_OCU_NB","SEX_T","OCU_SKILL_TOTAL","2015",8302.016,,,,"R1:3513"
"CHL","BA:460","EMP_TEMP_SEX_OCU_NB","SEX_T","OCU_SKILL_L3-4","2015",2214.309,,,,"R1:3513"
"CHL","BA:460","EMP_TEMP_SEX_OCU_NB","SEX_T","OCU_SKILL_L2","2015",4151.215,,,,"R1:3513"
"CHL","BA:460","EMP_TEMP_SEX_OCU_NB","SEX_T","OCU_SKILL_L1","2015",1854.77,,,,"R1:3513"
"CHL","BA:460","EMP_TEMP_SEX_OCU_NB","SEX_T","OCU_SKILL_X","2015",81.722,,,,"R1:3513"
"CHL","BA:460","EMP_TEMP_SEX_OCU_NB","SEX_T","OCU_ISCO88_TOTAL","2015",8302.016,,,,"R1:3513"
"CHL","BA:460","EMP_TEMP_SEX_OCU_NB","SEX_T","OCU_ISCO88_1","2015",202.309,,,,"R1:3513"
"CHL","BA:460","EMP_TEMP_SEX_OCU_NB","SEX_T","OCU_ISCO88_2","2015",1026.212,,,,"R1:3513"
"CHL","BA:460","EMP_TEMP_SEX_OCU_NB","SEX_T","OCU_ISCO88_3","2015",985.788,,,,"R1:3513"
"CHL","BA:460","EMP_TEMP_SEX_OCU_NB","SEX_T","OCU_ISCO88_4","2015",785.532,,,,"R1:3513"
"CHL","BA:460","EMP_TEMP_SEX_OCU_NB","SEX_T","OCU_ISCO88_5","2015",1188.058,,,,"R1:3513"
"CHL","BA:460","EMP_TEMP_SEX_OCU_NB","SEX_T","OCU_ISCO88_6","2015",270.114,,,,"R1:3513"
"CHL","BA:460","EMP_TEMP_SEX_OCU_NB","SEX_T","OCU_ISCO88_7","2015",1181.252,,,,"R1:3513"
"CHL","BA:460","EMP_TEMP_SEX_OCU_NB","SEX_T","OCU_ISCO88_8","2015",726.26,,,,"R1:3513"
"CHL","BA:460","EMP_TEMP_SEX_OCU_NB","SEX_T","OCU_ISCO88_9","2015",1854.77,,,,"R1:3513"
"CHL","BA:460","EMP_TEMP_SEX_OCU_NB","SEX_T","OCU_ISCO88_X","2015",81.722,,,,"R1:3513"
"CHL","BA:460","EMP_TEMP_SEX_OCU_NB","SEX_T","OCU_SKILL_TOTAL","2014",8159.777,,,,"R1:3513"
"CHL","BA:460","EMP_TEMP_SEX_OCU_NB","SEX_T","OCU_SKILL_L3-4","2014",2157.044,,,,"R1:3513"
"CHL","BA:460","EMP_TEMP_SEX_OCU_NB","SEX_T","OCU_SKILL_L2","2014",4073.314,,,,"R1:3513"
"CHL","BA:460","EMP_TEMP_SEX_OCU_NB","SEX_T","OCU_SKILL_L1","2014",1850.088,,,,"R1:3513"
"CHL","BA:460","EMP_TEMP_SEX_OCU_NB","SEX_T","OCU_SKILL_X","2014",79.332,,,,"R1:3513"
"CHL","BA:460","EMP_TEMP_SEX_OCU_NB","SEX_T","OCU_ISCO88_TOTAL","2014",8159.777,,,,"R1:3513"
"CHL","BA:460","EMP_TEMP_SEX_OCU_NB","SEX_T","OCU_ISCO88_1","2014",219.227,,,,"R1:3513"
"CHL","BA:460","EMP_TEMP_SEX_OCU_NB","SEX_T","OCU_ISCO88_2","2014",993.062,,,,"R1:3513"
"CHL","BA:460","EMP_TEMP_SEX_OCU_NB","SEX_T","OCU_ISCO88_3","2014",944.754,,,,"R1:3513"
"CHL","BA:460","EMP_TEMP_SEX_OCU_NB","SEX_T","OCU_ISCO88_4","2014",736.633,,,,"R1:3513"
"CHL","BA:460","EMP_TEMP_SEX_OCU_NB","SEX_T","OCU_ISCO88_5","2014",1202.336,,,,"R1:3513"
"CHL","BA:460","EMP_TEMP_SEX_OCU_NB","SEX_T","OCU_ISCO88_6","2014",275.823,,,,"R1:3513"
"CHL","BA:460","EMP_TEMP_SEX_OCU_NB","SEX_T","OCU_ISCO88_7","2014",1163.624,,,,"R1:3513"
"CHL","BA:460","EMP_TEMP_SEX_OCU_NB","SEX_T","OCU_ISCO88_8","2014",694.898,,,,"R1:3513"
"CHL","BA:460","EMP_TEMP_SEX_OCU_NB","SEX_T","OCU_ISCO88_9","2014",1850.088,,,,"R1:3513"
"CHL","BA:460","EMP_TEMP_SEX_OCU_NB","SEX_T","OCU_ISCO88_X","2014",79.332,,,,"R1:3513"
"CHL","BA:460","EMP_TEMP_SEX_OCU_NB","SEX_T","OCU_SKILL_TOTAL","2013",8045.054,,,,"R1:3513"
"CHL","BA:460","EMP_TEMP_SEX_OCU_NB","SEX_T","OCU_SKILL_L3-4","2013",2080.142,,,,"R1:3513"
"CHL","BA:460","EMP_TEMP_SEX_OCU_NB","SEX_T","OCU_SKILL_L2","2013",4043.04,,,,"R1:3513"
"CHL","BA:460","EMP_TEMP_SEX_OCU_NB","SEX_T","OCU_SKILL_L1","2013",1849.428,,,,"R1:3513"
"CHL","BA:460","EMP_TEMP_SEX_OCU_NB","SEX_T","OCU_SKILL_X","2013",72.444,,,,"R1:3513"
"CHL","BA:460","EMP_TEMP_SEX_OCU_NB","SEX_T","OCU_ISCO88_TOTAL","2013",8045.054,,,,"R1:3513"
"CHL","BA:460","EMP_TEMP_SEX_OCU_NB","SEX_T","OCU_ISCO88_1","2013",208.635,,,,"R1:3513"
"CHL","BA:460","EMP_TEMP_SEX_OCU_NB","SEX_T","OCU_ISCO88_2","2013",975.358,,,,"R1:3513"
"CHL","BA:460","EMP_TEMP_SEX_OCU_NB","SEX_T","OCU_ISCO88_3","2013",896.15,,,,"R1:3513"
"CHL","BA:460","EMP_TEMP_SEX_OCU_NB","SEX_T","OCU_ISCO88_4","2013",775.831,,,,"R1:3513"
"CHL","BA:460","EMP_TEMP_SEX_OCU_NB","SEX_T","OCU_ISCO88_5","2013",1176.417,,,,"R1:3513"
"CHL","BA:460","EMP_TEMP_SEX_OCU_NB","SEX_T","OCU_ISCO88_6","2013",262.768,,,,"R1:3513"
"CHL","BA:460","EMP_TEMP_SEX_OCU_NB","SEX_T","OCU_ISCO88_7","2013",1137.596,,,,"R1:3513"
"CHL","BA:460","EMP_TEMP_SEX_OCU_NB","SEX_T","OCU_ISCO88_8","2013",690.429,,,,"R1:3513"
"CHL","BA:460","EMP_TEMP_SEX_OCU_NB","SEX_T","OCU_ISCO88_9","2013",1849.428,,,,"R1:3513"
"CHL","BA:460","EMP_TEMP_SEX_OCU_NB","SEX_T","OCU_ISCO88_X","2013",72.444,,,,"R1:3513"
"CHL","BA:460","EMP_TEMP_SEX_OCU_NB","SEX_T","OCU_SKILL_TOTAL","2012",7882.616,,,,"R1:3513"
"CHL","BA:460","EMP_TEMP_SEX_OCU_NB","SEX_T","OCU_SKILL_L3-4","2012",1991.246,,,,"R1:3513"
"CHL","BA:460","EMP_TEMP_SEX_OCU_NB","SEX_T","OCU_SKILL_L2","2012",3964.099,,,,"R1:3513"
"CHL","BA:460","EMP_TEMP_SEX_OCU_NB","SEX_T","OCU_SKILL_L1","2012",1851.96,,,,"R1:3513"
"CHL","BA:460","EMP_TEMP_SEX_OCU_NB","SEX_T","OCU_SKILL_X","2012",75.31,,,,"R1:3513"
"CHL","BA:460","EMP_TEMP_SEX_OCU_NB","SEX_T","OCU_ISCO88_TOTAL","2012",7882.616,,,,"R1:3513"
"CHL","BA:460","EMP_TEMP_SEX_OCU_NB","SEX_T","OCU_ISCO88_1","2012",198.164,,,,"R1:3513"
"CHL","BA:460","EMP_TEMP_SEX_OCU_NB","SEX_T","OCU_ISCO88_2","2012",931.336,,,,"R1:3513"
"CHL","BA:460","EMP_TEMP_SEX_OCU_NB","SEX_T","OCU_ISCO88_3","2012",861.746,,,,"R1:3513"
"CHL","BA:460","EMP_TEMP_SEX_OCU_NB","SEX_T","OCU_ISCO88_4","2012",733.166,,,,"R1:3513"
"CHL","BA:460","EMP_TEMP_SEX_OCU_NB","SEX_T","OCU_ISCO88_5","2012",1130.408,,,,"R1:3513"
"CHL","BA:460","EMP_TEMP_SEX_OCU_NB","SEX_T","OCU_ISCO88_6","2012",282.35,,,,"R1:3513"
"CHL","BA:460","EMP_TEMP_SEX_OCU_NB","SEX_T","OCU_ISCO88_7","2012",1111.435,,,,"R1:3513"
"CHL","BA:460","EMP_TEMP_SEX_OCU_NB","SEX_T","OCU_ISCO88_8","2012",706.74,,,,"R1:3513"
"CHL","BA:460","EMP_TEMP_SEX_OCU_NB","SEX_T","OCU_ISCO88_9","2012",1851.96,,,,"R1:3513"
"CHL","BA:460","EMP_TEMP_SEX_OCU_NB","SEX_T","OCU_ISCO88_X","2012",75.31,,,,"R1:3513"
"CHL","BA:460","EMP_TEMP_SEX_OCU_NB","SEX_T","OCU_SKILL_TOTAL","2011",7710.081,,,,"R1:3513"
"CHL","BA:460","EMP_TEMP_SEX_OCU_NB","SEX_T","OCU_SKILL_L3-4","2011",1887.71,,,,"R1:3513"
"CHL","BA:460","EMP_TEMP_SEX_OCU_NB","SEX_T","OCU_SKILL_L2","2011",3875.504,,,,"R1:3513"
"CHL","BA:460","EMP_TEMP_SEX_OCU_NB","SEX_T","OCU_SKILL_L1","2011",1872.453,,,,"R1:3513"
"CHL","BA:460","EMP_TEMP_SEX_OCU_NB","SEX_T","OCU_SKILL_X","2011",74.415,,,,"R1:3513"
"CHL","BA:460","EMP_TEMP_SEX_OCU_NB","SEX_T","OCU_ISCO88_TOTAL","2011",7710.081,,,,"R1:3513"
"CHL","BA:460","EMP_TEMP_SEX_OCU_NB","SEX_T","OCU_ISCO88_1","2011",175.46,,,,"R1:3513"
"CHL","BA:460","EMP_TEMP_SEX_OCU_NB","SEX_T","OCU_ISCO88_2","2011",851.85,,,,"R1:3513"
"CHL","BA:460","EMP_TEMP_SEX_OCU_NB","SEX_T","OCU_ISCO88_3","2011",860.4,,,,"R1:3513"
"CHL","BA:460","EMP_TEMP_SEX_OCU_NB","SEX_T","OCU_ISCO88_4","2011",710.868,,,,"R1:3513"
"CHL","BA:460","EMP_TEMP_SEX_OCU_NB","SEX_T","OCU_ISCO88_5","2011",1164.404,,,,"R1:3513"
"CHL","BA:460","EMP_TEMP_SEX_OCU_NB","SEX_T","OCU_ISCO88_6","2011",264.06,,,,"R1:3513"
"CHL","BA:460","EMP_TEMP_SEX_OCU_NB","SEX_T","OCU_ISCO88_7","2011",1050.448,,,,"R1:3513"
"CHL","BA:460","EMP_TEMP_SEX_OCU_NB","SEX_T","OCU_ISCO88_8","2011",685.724,,,,"R1:3513"
"CHL","BA:460","EMP_TEMP_SEX_OCU_NB","SEX_T","OCU_ISCO88_9","2011",1872.453,,,,"R1:3513"
"CHL","BA:460","EMP_TEMP_SEX_OCU_NB","SEX_T","OCU_ISCO88_X","2011",74.415,,,,"R1:3513"
"CHL","BA:460","EMP_TEMP_SEX_OCU_NB","SEX_T","OCU_SKILL_TOTAL","2010",7340.84,"B",,"I11:264","R1:3513"
"CHL","BA:460","EMP_TEMP_SEX_OCU_NB","SEX_T","OCU_SKILL_L3-4","2010",1748.232,"B",,"I11:264","R1:3513"
"CHL","BA:460","EMP_TEMP_SEX_OCU_NB","SEX_T","OCU_SKILL_L2","2010",3740.796,"B",,"I11:264","R1:3513"
"CHL","BA:460","EMP_TEMP_SEX_OCU_NB","SEX_T","OCU_SKILL_L1","2010",1786.804,"B",,"I11:264","R1:3513"
"CHL","BA:460","EMP_TEMP_SEX_OCU_NB","SEX_T","OCU_SKILL_X","2010",65.01,"B",,"I11:264","R1:3513"
"CHL","BA:460","EMP_TEMP_SEX_OCU_NB","SEX_T","OCU_ISCO88_TOTAL","2010",7340.84,"B",,"I11:264","R1:3513"
"CHL","BA:460","EMP_TEMP_SEX_OCU_NB","SEX_T","OCU_ISCO88_1","2010",181.472,"B",,"I11:264","R1:3513"
"CHL","BA:460","EMP_TEMP_SEX_OCU_NB","SEX_T","OCU_ISCO88_2","2010",765.113,"B",,"I11:264","R1:3513"
"CHL","BA:460","EMP_TEMP_SEX_OCU_NB","SEX_T","OCU_ISCO88_3","2010",801.646,"B",,"I11:264","R1:3513"
"CHL","BA:460","EMP_TEMP_SEX_OCU_NB","SEX_T","OCU_ISCO88_4","2010",675.803,"B",,"I11:264","R1:3513"
"CHL","BA:460","EMP_TEMP_SEX_OCU_NB","SEX_T","OCU_ISCO88_5","2010",1134.182,"B",,"I11:264","R1:3513"
"CHL","BA:460","EMP_TEMP_SEX_OCU_NB","SEX_T","OCU_ISCO88_6","2010",256.075,"B",,"I11:264","R1:3513"
"CHL","BA:460","EMP_TEMP_SEX_OCU_NB","SEX_T","OCU_ISCO88_7","2010",1038.717,"B",,"I11:264","R1:3513"
"CHL","BA:460","EMP_TEMP_SEX_OCU_NB","SEX_T","OCU_ISCO88_8","2010",636.018,"B",,"I11:264","R1:3513"
"CHL","BA:460","EMP_TEMP_SEX_OCU_NB","SEX_T","OCU_ISCO88_9","2010",1786.804,"B",,"I11:264","R1:3513"
"CHL","BA:460","EMP_TEMP_SEX_OCU_NB","SEX_T","OCU_ISCO88_X","2010",65.01,"B",,"I11:264","R1:3513"
"CHL","BX:138","EMP_TEMP_SEX_OCU_NB","SEX_T","OCU_SKILL_TOTAL","2009",6636.881,,,,"R1:3513"
"CHL","BX:138","EMP_TEMP_SEX_OCU_NB","SEX_T","OCU_SKILL_L3-4","2009",1534.958,,,,"R1:3513"
"CHL","BX:138","EMP_TEMP_SEX_OCU_NB","SEX_T","OCU_SKILL_L2","2009",3492.077,,,,"R1:3513"
"CHL","BX:138","EMP_TEMP_SEX_OCU_NB","SEX_T","OCU_SKILL_L1","2009",1568.772,,,,"R1:3513"
"CHL","BX:138","EMP_TEMP_SEX_OCU_NB","SEX_T","OCU_SKILL_X","2009",41.074,,,,"R1:3513"
"CHL","BX:138","EMP_TEMP_SEX_OCU_NB","SEX_T","OCU_ISCO88_TOTAL","2009",6636.881,,,,"R1:3513"
"CHL","BX:138","EMP_TEMP_SEX_OCU_NB","SEX_T","OCU_ISCO88_1","2009",176.122,,,,"R1:3513"
"CHL","BX:138","EMP_TEMP_SEX_OCU_NB","SEX_T","OCU_ISCO88_2","2009",714.11,,,,"R1:3513"
"CHL","BX:138","EMP_TEMP_SEX_OCU_NB","SEX_T","OCU_ISCO88_3","2009",644.726,,,,"R1:3513"
"CHL","BX:138","EMP_TEMP_SEX_OCU_NB","SEX_T","OCU_ISCO88_4","2009",514.265,,,,"R1:3513"
"CHL","BX:138","EMP_TEMP_SEX_OCU_NB","SEX_T","OCU_ISCO88_5","2009",1170.072,,,,"R1:3513"
"CHL","BX:138","EMP_TEMP_SEX_OCU_NB","SEX_T","OCU_ISCO88_6","2009",263.227,,,,"R1:3513"
"CHL","BX:138","EMP_TEMP_SEX_OCU_NB","SEX_T","OCU_ISCO88_7","2009",931.275,,,,"R1:3513"
"CHL","BX:138","EMP_TEMP_SEX_OCU_NB","SEX_T","OCU_ISCO88_8","2009",613.238,,,,"R1:3513"
"CHL","BX:138","EMP_TEMP_SEX_OCU_NB","SEX_T","OCU_ISCO88_9","2009",1568.772,,,,"R1:3513"
"CHL","BX:138","EMP_TEMP_SEX_OCU_NB","SEX_T","OCU_ISCO88_0","2009",21.534,,,,"R1:3513"
"CHL","BX:138","EMP_TEMP_SEX_OCU_NB","SEX_T","OCU_ISCO88_X","2009",19.54,,,,"R1:3513"
"CHL","BX:138","EMP_TEMP_SEX_OCU_NB","SEX_T","OCU_SKILL_TOTAL","2006",6578.325,,,,"R1:3513"
"CHL","BX:138","EMP_TEMP_SEX_OCU_NB","SEX_T","OCU_SKILL_L3-4","2006",1369.731,,,,"R1:3513"
"CHL","BX:138","EMP_TEMP_SEX_OCU_NB","SEX_T","OCU_SKILL_L2","2006",3625.494,,,,"R1:3513"
"CHL","BX:138","EMP_TEMP_SEX_OCU_NB","SEX_T","OCU_SKILL_L1","2006",1524.293,,,,"R1:3513"
"CHL","BX:138","EMP_TEMP_SEX_OCU_NB","SEX_T","OCU_SKILL_X","2006",58.807,,,,"R1:3513"
"CHL","BX:138","EMP_TEMP_SEX_OCU_NB","SEX_T","OCU_ISCO88_TOTAL","2006",6578.325,,,,"R1:3513"
"CHL","BX:138","EMP_TEMP_SEX_OCU_NB","SEX_T","OCU_ISCO88_1","2006",294.391,,,,"R1:3513"
"CHL","BX:138","EMP_TEMP_SEX_OCU_NB","SEX_T","OCU_ISCO88_2","2006",563.628,,,,"R1:3513"
"CHL","BX:138","EMP_TEMP_SEX_OCU_NB","SEX_T","OCU_ISCO88_3","2006",511.712,,,,"R1:3513"
"CHL","BX:138","EMP_TEMP_SEX_OCU_NB","SEX_T","OCU_ISCO88_4","2006",572.476,,,,"R1:3513"
"CHL","BX:138","EMP_TEMP_SEX_OCU_NB","SEX_T","OCU_ISCO88_5","2006",1011.488,,,,"R1:3513"
"CHL","BX:138","EMP_TEMP_SEX_OCU_NB","SEX_T","OCU_ISCO88_6","2006",354.105,,,,"R1:3513"
"CHL","BX:138","EMP_TEMP_SEX_OCU_NB","SEX_T","OCU_ISCO88_7","2006",1056.547,,,,"R1:3513"
"CHL","BX:138","EMP_TEMP_SEX_OCU_NB","SEX_T","OCU_ISCO88_8","2006",630.878,,,,"R1:3513"
"CHL","BX:138","EMP_TEMP_SEX_OCU_NB","SEX_T","OCU_ISCO88_9","2006",1524.293,,,,"R1:3513"
"CHL","BX:138","EMP_TEMP_SEX_OCU_NB","SEX_T","OCU_ISCO88_0","2006",24.502,,,,"R1:3513"
"CHL","BX:138","EMP_TEMP_SEX_OCU_NB","SEX_T","OCU_ISCO88_X","2006",34.305,,,,"R1:3513"
"CHL","BX:138","EMP_TEMP_SEX_OCU_NB","SEX_T","OCU_SKILL_TOTAL","2003",5994.631,,,,"R1:3513"
"CHL","BX:138","EMP_TEMP_SEX_OCU_NB","SEX_T","OCU_SKILL_L3-4","2003",1446.632,,,,"R1:3513"
"CHL","BX:138","EMP_TEMP_SEX_OCU_NB","SEX_T","OCU_SKILL_L2","2003",3246.186,,,,"R1:3513"
"CHL","BX:138","EMP_TEMP_SEX_OCU_NB","SEX_T","OCU_SKILL_L1","2003",1260.651,,,,"R1:3513"
"CHL","BX:138","EMP_TEMP_SEX_OCU_NB","SEX_T","OCU_SKILL_X","2003",41.162,,,,"R1:3513"
"CHL","BX:138","EMP_TEMP_SEX_OCU_NB","SEX_T","OCU_ISCO88_TOTAL","2003",5994.631,,,,"R1:3513"
"CHL","BX:138","EMP_TEMP_SEX_OCU_NB","SEX_T","OCU_ISCO88_1","2003",376.266,,,,"R1:3513"
"CHL","BX:138","EMP_TEMP_SEX_OCU_NB","SEX_T","OCU_ISCO88_2","2003",572.55,,,,"R1:3513"
"CHL","BX:138","EMP_TEMP_SEX_OCU_NB","SEX_T","OCU_ISCO88_3","2003",497.816,,,,"R1:3513"
"CHL","BX:138","EMP_TEMP_SEX_OCU_NB","SEX_T","OCU_ISCO88_4","2003",544.525,,,,"R1:3513"
"CHL","BX:138","EMP_TEMP_SEX_OCU_NB","SEX_T","OCU_ISCO88_5","2003",818.491,,,,"R1:3513"
"CHL","BX:138","EMP_TEMP_SEX_OCU_NB","SEX_T","OCU_ISCO88_6","2003",388.142,,,,"R1:3513"
"CHL","BX:138","EMP_TEMP_SEX_OCU_NB","SEX_T","OCU_ISCO88_7","2003",937.348,,,,"R1:3513"
"CHL","BX:138","EMP_TEMP_SEX_OCU_NB","SEX_T","OCU_ISCO88_8","2003",557.68,,,,"R1:3513"
"CHL","BX:138","EMP_TEMP_SEX_OCU_NB","SEX_T","OCU_ISCO88_9","2003",1260.651,,,,"R1:3513"
"CHL","BX:138","EMP_TEMP_SEX_OCU_NB","SEX_T","OCU_ISCO88_0","2003",26.175,,,,"R1:3513"
"CHL","BX:138","EMP_TEMP_SEX_OCU_NB","SEX_T","OCU_ISCO88_X","2003",14.987,,,,"R1:3513"
"CHL","AA:987","EMP_TEMP_SEX_OCU_NB","SEX_T","OCU_SKILL_TOTAL","2002",5085.885,,,,"S3:15"
"CHL","AA:987","EMP_TEMP_SEX_OCU_NB","SEX_T","OCU_SKILL_L3-4","2002",1427.292,,,,"S3:15"
"CHL","AA:987","EMP_TEMP_SEX_OCU_NB","SEX_T","OCU_SKILL_L2","2002",2225.951,,,,"S3:15"
"CHL","AA:987","EMP_TEMP_SEX_OCU_NB","SEX_T","OCU_SKILL_L1","2002",988.401,,,,"S3:15"
"CHL","AA:987","EMP_TEMP_SEX_OCU_NB","SEX_T","OCU_SKILL_X","2002",444.241,,,,"S3:15"
"CHL","AA:987","EMP_TEMP_SEX_OCU_NB","SEX_T","OCU_ISCO88_TOTAL","2002",5085.885,,,,"S3:15"
"CHL","AA:987","EMP_TEMP_SEX_OCU_NB","SEX_T","OCU_ISCO88_1","2002",290.238,,,,"S3:15"
"CHL","AA:987","EMP_TEMP_SEX_OCU_NB","SEX_T","OCU_ISCO88_2","2002",474.037,,,,"S3:15"
"CHL","AA:987","EMP_TEMP_SEX_OCU_NB","SEX_T","OCU_ISCO88_3","2002",663.017,,,,"S3:15"
"CHL","AA:987","EMP_TEMP_SEX_OCU_NB","SEX_T","OCU_ISCO88_4","2002",408.659,,,,"S3:15"
"CHL","AA:987","EMP_TEMP_SEX_OCU_NB","SEX_T","OCU_ISCO88_5","2002",590.587,,,,"S3:15"
"CHL","AA:987","EMP_TEMP_SEX_OCU_NB","SEX_T","OCU_ISCO88_6","2002",246.481,,,,"S3:15"
"CHL","AA:987","EMP_TEMP_SEX_OCU_NB","SEX_T","OCU_ISCO88_7","2002",567.104,,,,"S3:15"
"CHL","AA:987","EMP_TEMP_SEX_OCU_NB","SEX_T","OCU_ISCO88_8","2002",413.12,,,,"S3:15"
"CHL","AA:987","EMP_TEMP_SEX_OCU_NB","SEX_T","OCU_ISCO88_9","2002",988.401,,,,"S3:15"
"CHL","AA:987","EMP_TEMP_SEX_OCU_NB","SEX_T","OCU_ISCO88_0","2002",52.255,,,,"S3:15"
"CHL","AA:987","EMP_TEMP_SEX_OCU_NB","SEX_T","OCU_ISCO88_X","2002",391.986,,,,"S3:15"
"CHL","BX:138","EMP_TEMP_SEX_OCU_NB","SEX_T","OCU_SKILL_TOTAL","2000",5496.444,,,,"R1:3513"
"CHL","BX:138","EMP_TEMP_SEX_OCU_NB","SEX_T","OCU_SKILL_L3-4","2000",1344.985,,,,"R1:3513"
"CHL","BX:138","EMP_TEMP_SEX_OCU_NB","SEX_T","OCU_SKILL_L2","2000",2931.389,,,,"R1:3513"
"CHL","BX:138","EMP_TEMP_SEX_OCU_NB","SEX_T","OCU_SKILL_L1","2000",1181.751,,,,"R1:3513"
"CHL","BX:138","EMP_TEMP_SEX_OCU_NB","SEX_T","OCU_SKILL_X","2000",38.319,,,,"R1:3513"
"CHL","BX:138","EMP_TEMP_SEX_OCU_NB","SEX_T","OCU_ISCO88_TOTAL","2000",5496.444,,,,"R1:3513"
"CHL","BX:138","EMP_TEMP_SEX_OCU_NB","SEX_T","OCU_ISCO88_1","2000",366.777,,,,"R1:3513"
"CHL","BX:138","EMP_TEMP_SEX_OCU_NB","SEX_T","OCU_ISCO88_2","2000",537.629,,,,"R1:3513"
"CHL","BX:138","EMP_TEMP_SEX_OCU_NB","SEX_T","OCU_ISCO88_3","2000",440.579,,,,"R1:3513"
"CHL","BX:138","EMP_TEMP_SEX_OCU_NB","SEX_T","OCU_ISCO88_4","2000",506.977,,,,"R1:3513"
"CHL","BX:138","EMP_TEMP_SEX_OCU_NB","SEX_T","OCU_ISCO88_5","2000",778.286,,,,"R1:3513"
"CHL","BX:138","EMP_TEMP_SEX_OCU_NB","SEX_T","OCU_ISCO88_6","2000",335.279,,,,"R1:3513"
"CHL","BX:138","EMP_TEMP_SEX_OCU_NB","SEX_T","OCU_ISCO88_7","2000",801.525,,,,"R1:3513"
"CHL","BX:138","EMP_TEMP_SEX_OCU_NB","SEX_T","OCU_ISCO88_8","2000",509.322,,,,"R1:3513"
"CHL","BX:138","EMP_TEMP_SEX_OCU_NB","SEX_T","OCU_ISCO88_9","2000",1181.751,,,,"R1:3513"
"CHL","BX:138","EMP_TEMP_SEX_OCU_NB","SEX_T","OCU_ISCO88_0","2000",29.29,,,,"R1:3513"
"CHL","BX:138","EMP_TEMP_SEX_OCU_NB","SEX_T","OCU_ISCO88_X","2000",9.029,,,,"R1:3513"
"COL","BA:358","EMP_TEMP_SEX_OCU_NB","SEX_T","OCU_SKILL_TOTAL","2025",23827.434,,,,"R1:3513"
"COL","BA:358","EMP_TEMP_SEX_OCU_NB","SEX_T","OCU_SKILL_L3-4","2025",5668.722,,,,"R1:3513"
"COL","BA:358","EMP_TEMP_SEX_OCU_NB","SEX_T","OCU_SKILL_L2","2025",12480.87,,,,"R1:3513"
"COL","BA:358","EMP_TEMP_SEX_OCU_NB","SEX_T","OCU_SKILL_L1","2025",5658,,,,"R1:3513"
"COL","BA:358","EMP_TEMP_SEX_OCU_NB","SEX_T","OCU_SKILL_X","2025",19.842,,,,"R1:3513"
"COL","BA:358","EMP_TEMP_SEX_OCU_NB","SEX_T","OCU_ISCO08_TOTAL","2025",23827.434,,,,"R1:3513"
"COL","BA:358","EMP_TEMP_SEX_OCU_NB","SEX_T","OCU_ISCO08_1","2025",1365.053,,,,"R1:3513"
"COL","BA:358","EMP_TEMP_SEX_OCU_NB","SEX_T","OCU_ISCO08_2","2025",2644.962,,,,"R1:3513"
"COL","BA:358","EMP_TEMP_SEX_OCU_NB","SEX_T","OCU_ISCO08_3","2025",1658.707,,,,"R1:3513"
"COL","BA:358","EMP_TEMP_SEX_OCU_NB","SEX_T","OCU_ISCO08_4","2025",1425.465,,,,"R1:3513"
"COL","BA:358","EMP_TEMP_SEX_OCU_NB","SEX_T","OCU_ISCO08_5","2025",5155.154,,,,"R1:3513"
"COL","BA:358","EMP_TEMP_SEX_OCU_NB","SEX_T","OCU_ISCO08_6","2025",1287.698,,,,"R1:3513"
"COL","BA:358","EMP_TEMP_SEX_OCU_NB","SEX_T","OCU_ISCO08_7","2025",2506.843,,,,"R1:3513"
"COL","BA:358","EMP_TEMP_SEX_OCU_NB","SEX_T","OCU_ISCO08_8","2025",2105.711,,,,"R1:3513"
"COL","BA:358","EMP_TEMP_SEX_OCU_NB","SEX_T","OCU_ISCO08_9","2025",5658,,,,"R1:3513"
"COL","BA:358","EMP_TEMP_SEX_OCU_NB","SEX_T","OCU_ISCO08_0","2025",19.115,,,,"R1:3513"
"COL","BA:358","EMP_TEMP_SEX_OCU_NB","SEX_T","OCU_ISCO08_X","2025",0.727,"U",,,"R1:3513"
"COL","BA:358","EMP_TEMP_SEX_OCU_NB","SEX_T","OCU_SKILL_TOTAL","2024",23036.043,,,,"R1:3513"
"COL","BA:358","EMP_TEMP_SEX_OCU_NB","SEX_T","OCU_SKILL_L3-4","2024",5501.803,,,,"R1:3513"
"COL","BA:358","EMP_TEMP_SEX_OCU_NB","SEX_T","OCU_SKILL_L2","2024",12015.656,,,,"R1:3513"
"COL","BA:358","EMP_TEMP_SEX_OCU_NB","SEX_T","OCU_SKILL_L1","2024",5495.949,,,,"R1:3513"
"COL","BA:358","EMP_TEMP_SEX_OCU_NB","SEX_T","OCU_SKILL_X","2024",22.636,,,,"R1:3513"
"COL","BA:358","EMP_TEMP_SEX_OCU_NB","SEX_T","OCU_ISCO08_TOTAL","2024",23036.043,,,,"R1:3513"
"COL","BA:358","EMP_TEMP_SEX_OCU_NB","SEX_T","OCU_ISCO08_1","2024",1439.1,,,,"R1:3513"
"COL","BA:358","EMP_TEMP_SEX_OCU_NB","SEX_T","OCU_ISCO08_2","2024",2518.642,,,,"R1:3513"
"COL","BA:358","EMP_TEMP_SEX_OCU_NB","SEX_T","OCU_ISCO08_3","2024",1544.061,,,,"R1:3513"
"COL","BA:358","EMP_TEMP_SEX_OCU_NB","SEX_T","OCU_ISCO08_4","2024",1425.299,,,,"R1:3513"
"COL","BA:358","EMP_TEMP_SEX_OCU_NB","SEX_T","OCU_ISCO08_5","2024",4912.556,,,,"R1:3513"
"COL","BA:358","EMP_TEMP_SEX_OCU_NB","SEX_T","OCU_ISCO08_6","2024",1274.176,,,,"R1:3513"
"COL","BA:358","EMP_TEMP_SEX_OCU_NB","SEX_T","OCU_ISCO08_7","2024",2417.832,,,,"R1:3513"
"COL","BA:358","EMP_TEMP_SEX_OCU_NB","SEX_T","OCU_ISCO08_8","2024",1985.793,,,,"R1:3513"
"COL","BA:358","EMP_TEMP_SEX_OCU_NB","SEX_T","OCU_ISCO08_9","2024",5495.949,,,,"R1:3513"
"COL","BA:358","EMP_TEMP_SEX_OCU_NB","SEX_T","OCU_ISCO08_0","2024",22.191,,,,"R1:3513"
"COL","BA:358","EMP_TEMP_SEX_OCU_NB","SEX_T","OCU_ISCO08_X","2024",0.444,,,,"R1:3513"
"COL","BA:358","EMP_TEMP_SEX_OCU_NB","SEX_T","OCU_SKILL_TOTAL","2023",22788.394,,,,"R1:3513"
"COL","BA:358","EMP_TEMP_SEX_OCU_NB","SEX_T","OCU_SKILL_L3-4","2023",5551.64,,,,"R1:3513"
"COL","BA:358","EMP_TEMP_SEX_OCU_NB","SEX_T","OCU_SKILL_L2","2023",11730.496,,,,"R1:3513"
"COL","BA:358","EMP_TEMP_SEX_OCU_NB","SEX_T","OCU_SKILL_L1","2023",5484.959,,,,"R1:3513"
"COL","BA:358","EMP_TEMP_SEX_OCU_NB","SEX_T","OCU_SKILL_X","2023",21.299,,,,"R1:3513"
"COL","BA:358","EMP_TEMP_SEX_OCU_NB","SEX_T","OCU_ISCO08_TOTAL","2023",22788.394,,,,"R1:3513"
"COL","BA:358","EMP_TEMP_SEX_OCU_NB","SEX_T","OCU_ISCO08_1","2023",1431.633,,,,"R1:3513"
"COL","BA:358","EMP_TEMP_SEX_OCU_NB","SEX_T","OCU_ISCO08_2","2023",2531.466,,,,"R1:3513"
"COL","BA:358","EMP_TEMP_SEX_OCU_NB","SEX_T","OCU_ISCO08_3","2023",1588.542,,,,"R1:3513"
"COL","BA:358","EMP_TEMP_SEX_OCU_NB","SEX_T","OCU_ISCO08_4","2023",1339.359,,,,"R1:3513"
"COL","BA:358","EMP_TEMP_SEX_OCU_NB","SEX_T","OCU_ISCO08_5","2023",4766.904,,,,"R1:3513"
"COL","BA:358","EMP_TEMP_SEX_OCU_NB","SEX_T","OCU_ISCO08_6","2023",1335.965,,,,"R1:3513"
"COL","BA:358","EMP_TEMP_SEX_OCU_NB","SEX_T","OCU_ISCO08_7","2023",2370.767,,,,"R1:3513"
"COL","BA:358","EMP_TEMP_SEX_OCU_NB","SEX_T","OCU_ISCO08_8","2023",1917.501,,,,"R1:3513"
"COL","BA:358","EMP_TEMP_SEX_OCU_NB","SEX_T","OCU_ISCO08_9","2023",5484.959,,,,"R1:3513"
"COL","BA:358","EMP_TEMP_SEX_OCU_NB","SEX_T","OCU_ISCO08_0","2023",19.189,,,,"R1:3513"
"COL","BA:358","EMP_TEMP_SEX_OCU_NB","SEX_T","OCU_ISCO08_X","2023",2.11,,,,"R1:3513"
"COL","BA:358","EMP_TEMP_SEX_OCU_NB","SEX_T","OCU_SKILL_TOTAL","2022",22032.18,"B",,"I11:264","R1:3513"
"COL","BA:358","EMP_TEMP_SEX_OCU_NB","SEX_T","OCU_SKILL_L3-4","2022",5327.815,"B",,"I11:264","R1:3513"
"COL","BA:358","EMP_TEMP_SEX_OCU_NB","SEX_T","OCU_SKILL_L2","2022",11526.982,"B",,"I11:264","R1:3513"
"COL","BA:358","EMP_TEMP_SEX_OCU_NB","SEX_T","OCU_SKILL_L1","2022",5147.251,"B",,"I11:264","R1:3513"
"COL","BA:358","EMP_TEMP_SEX_OCU_NB","SEX_T","OCU_SKILL_X","2022",30.133,"B",,"I11:264","R1:3513"
"COL","BA:358","EMP_TEMP_SEX_OCU_NB","SEX_T","OCU_ISCO08_TOTAL","2022",22032.18,"B",,"I11:264","R1:3513"
"COL","BA:358","EMP_TEMP_SEX_OCU_NB","SEX_T","OCU_ISCO08_1","2022",1430.002,"B",,"I11:264","R1:3513"
"COL","BA:358","EMP_TEMP_SEX_OCU_NB","SEX_T","OCU_ISCO08_2","2022",2445.496,"B",,"I11:264","R1:3513"
"COL","BA:358","EMP_TEMP_SEX_OCU_NB","SEX_T","OCU_ISCO08_3","2022",1452.317,"B",,"I11:264","R1:3513"
"COL","BA:358","EMP_TEMP_SEX_OCU_NB","SEX_T","OCU_ISCO08_4","2022",1244.334,"B",,"I11:264","R1:3513"
"COL","BA:358","EMP_TEMP_SEX_OCU_NB","SEX_T","OCU_ISCO08_5","2022",4657.667,"B",,"I11:264","R1:3513"
"COL","BA:358","EMP_TEMP_SEX_OCU_NB","SEX_T","OCU_ISCO08_6","2022",1431.593,"B",,"I11:264","R1:3513"
"COL","BA:358","EMP_TEMP_SEX_OCU_NB","SEX_T","OCU_ISCO08_7","2022",2372.8,"B",,"I11:264","R1:3513"
"COL","BA:358","EMP_TEMP_SEX_OCU_NB","SEX_T","OCU_ISCO08_8","2022",1820.587,"B",,"I11:264","R1:3513"
"COL","BA:358","EMP_TEMP_SEX_OCU_NB","SEX_T","OCU_ISCO08_9","2022",5147.251,"B",,"I11:264","R1:3513"
"COL","BA:358","EMP_TEMP_SEX_OCU_NB","SEX_T","OCU_ISCO08_0","2022",19.306,"B",,"I11:264","R1:3513"
"COL","BA:358","EMP_TEMP_SEX_OCU_NB","SEX_T","OCU_ISCO08_X","2022",10.827,"B",,"I11:264","R1:3513"
"COL","BA:358","EMP_TEMP_SEX_OCU_NB","SEX_T","OCU_SKILL_TOTAL","2021",20741.208,,,,"R1:3513"
"COL","BA:358","EMP_TEMP_SEX_OCU_NB","SEX_T","OCU_SKILL_L3-4","2021",7872.585,,,,"R1:3513"
"COL","BA:358","EMP_TEMP_SEX_OCU_NB","SEX_T","OCU_SKILL_L2","2021",10866.708,,,,"R1:3513"
"COL","BA:358","EMP_TEMP_SEX_OCU_NB","SEX_T","OCU_SKILL_L1","2021",2001.588,,,,"R1:3513"
"COL","BA:358","EMP_TEMP_SEX_OCU_NB","SEX_T","OCU_SKILL_X","2021",0.326,"U",,,"R1:3513"
"COL","BA:358","EMP_TEMP_SEX_OCU_NB","SEX_T","OCU_ISCO08_TOTAL","2021",20741.208,,,,"R1:3513"
"COL","BA:358","EMP_TEMP_SEX_OCU_NB","SEX_T","OCU_ISCO08_1","2021",3007.421,,,,"R1:3513"
"COL","BA:358","EMP_TEMP_SEX_OCU_NB","SEX_T","OCU_ISCO08_2","2021",1831.852,,,,"R1:3513"
"COL","BA:358","EMP_TEMP_SEX_OCU_NB","SEX_T","OCU_ISCO08_3","2021",3033.312,,,,"R1:3513"
"COL","BA:358","EMP_TEMP_SEX_OCU_NB","SEX_T","OCU_ISCO08_4","2021",1015.572,,,,"R1:3513"
"COL","BA:358","EMP_TEMP_SEX_OCU_NB","SEX_T","OCU_ISCO08_5","2021",3279.604,,,,"R1:3513"
"COL","BA:358","EMP_TEMP_SEX_OCU_NB","SEX_T","OCU_ISCO08_6","2021",1039.927,,,,"R1:3513"
"COL","BA:358","EMP_TEMP_SEX_OCU_NB","SEX_T","OCU_ISCO08_7","2021",2929.216,,,,"R1:3513"
"COL","BA:358","EMP_TEMP_SEX_OCU_NB","SEX_T","OCU_ISCO08_8","2021",2602.39,,,,"R1:3513"
"COL","BA:358","EMP_TEMP_SEX_OCU_NB","SEX_T","OCU_ISCO08_9","2021",2001.588,,,,"R1:3513"
"COL","BA:358","EMP_TEMP_SEX_OCU_NB","SEX_T","OCU_ISCO08_X","2021",0.326,"U",,,"R1:3513"
"COL","BA:358","EMP_TEMP_SEX_OCU_NB","SEX_T","OCU_SKILL_TOTAL","2020",19049.197,,,,"R1:3513"
"COL","BA:358","EMP_TEMP_SEX_OCU_NB","SEX_T","OCU_SKILL_L3-4","2020",7417.037,,,,"R1:3513"
"COL","BA:358","EMP_TEMP_SEX_OCU_NB","SEX_T","OCU_SKILL_L2","2020",9929.844,,,,"R1:3513"
"COL","BA:358","EMP_TEMP_SEX_OCU_NB","SEX_T","OCU_SKILL_L1","2020",1698.484,,,,"R1:3513"
"COL","BA:358","EMP_TEMP_SEX_OCU_NB","SEX_T","OCU_SKILL_X","2020",3.832,,,,"R1:3513"
"COL","BA:358","EMP_TEMP_SEX_OCU_NB","SEX_T","OCU_ISCO08_TOTAL","2020",19049.197,,,,"R1:3513"
"COL","BA:358","EMP_TEMP_SEX_OCU_NB","SEX_T","OCU_ISCO08_1","2020",3004.092,,,,"R1:3513"
"COL","BA:358","EMP_TEMP_SEX_OCU_NB","SEX_T","OCU_ISCO08_2","2020",1657.156,,,,"R1:3513"
"COL","BA:358","EMP_TEMP_SEX_OCU_NB","SEX_T","OCU_ISCO08_3","2020",2755.789,,,,"R1:3513"
"COL","BA:358","EMP_TEMP_SEX_OCU_NB","SEX_T","OCU_ISCO08_4","2020",923.287,,,,"R1:3513"
"COL","BA:358","EMP_TEMP_SEX_OCU_NB","SEX_T","OCU_ISCO08_5","2020",2977.955,,,,"R1:3513"
"COL","BA:358","EMP_TEMP_SEX_OCU_NB","SEX_T","OCU_ISCO08_6","2020",1026.741,,,,"R1:3513"
"COL","BA:358","EMP_TEMP_SEX_OCU_NB","SEX_T","OCU_ISCO08_7","2020",2608.775,,,,"R1:3513"
"COL","BA:358","EMP_TEMP_SEX_OCU_NB","SEX_T","OCU_ISCO08_8","2020",2393.085,,,,"R1:3513"
"COL","BA:358","EMP_TEMP_SEX_OCU_NB","SEX_T","OCU_ISCO08_9","2020",1698.484,,,,"R1:3513"
"COL","BA:358","EMP_TEMP_SEX_OCU_NB","SEX_T","OCU_ISCO08_X","2020",3.832,,,,"R1:3513"
"COL","BA:358","EMP_TEMP_SEX_OCU_NB","SEX_T","OCU_SKILL_TOTAL","2019",21309.813,,,,"R1:3513"
"COL","BA:358","EMP_TEMP_SEX_OCU_NB","SEX_T","OCU_SKILL_L3-4","2019",8154.235,,,,"R1:3513"
"COL","BA:358","EMP_TEMP_SEX_OCU_NB","SEX_T","OCU_SKILL_L2","2019",11216.007,,,,"R1:3513"
"COL","BA:358","EMP_TEMP_SEX_OCU_NB","SEX_T","OCU_SKILL_L1","2019",1939.337,,,,"R1:3513"
"COL","BA:358","EMP_TEMP_SEX_OCU_NB","SEX_T","OCU_SKILL_X","2019",,"U",,,"R1:3513"
"COL","BA:358","EMP_TEMP_SEX_OCU_NB","SEX_T","OCU_ISCO08_TOTAL","2019",21309.813,,,,"R1:3513"
"COL","BA:358","EMP_TEMP_SEX_OCU_NB","SEX_T","OCU_ISCO08_1","2019",3187.731,,,,"R1:3513"
"COL","BA:358","EMP_TEMP_SEX_OCU_NB","SEX_T","OCU_ISCO08_2","2019",1821.734,,,,"R1:3513"
"COL","BA:358","EMP_TEMP_SEX_OCU_NB","SEX_T","OCU_ISCO08_3","2019",3144.77,,,,"R1:3513"
"COL","BA:358","EMP_TEMP_SEX_OCU_NB","SEX_T","OCU_ISCO08_4","2019",985.718,,,,"R1:3513"
"COL","BA:358","EMP_TEMP_SEX_OCU_NB","SEX_T","OCU_ISCO08_5","2019",3574.209,,,,"R1:3513"
"COL","BA:358","EMP_TEMP_SEX_OCU_NB","SEX_T","OCU_ISCO08_6","2019",1104.71,,,,"R1:3513"
"COL","BA:358","EMP_TEMP_SEX_OCU_NB","SEX_T","OCU_ISCO08_7","2019",2900.682,,,,"R1:3513"
"COL","BA:358","EMP_TEMP_SEX_OCU_NB","SEX_T","OCU_ISCO08_8","2019",2650.688,,,,"R1:3513"
"COL","BA:358","EMP_TEMP_SEX_OCU_NB","SEX_T","OCU_ISCO08_9","2019",1939.337,,,,"R1:3513"
"COL","BA:358","EMP_TEMP_SEX_OCU_NB","SEX_T","OCU_ISCO08_X","2019",,"U",,,"R1:3513"
"COL","BA:358","EMP_TEMP_SEX_OCU_NB","SEX_T","OCU_SKILL_TOTAL","2018",21271.706,,,,"R1:3513"
"COL","BA:358","EMP_TEMP_SEX_OCU_NB","SEX_T","OCU_SKILL_L3-4","2018",8287.818,,,,"R1:3513"
"COL","BA:358","EMP_TEMP_SEX_OCU_NB","SEX_T","OCU_SKILL_L2","2018",11087.639,,,,"R1:3513"
"COL","BA:358","EMP_TEMP_SEX_OCU_NB","SEX_T","OCU_SKILL_L1","2018",1895.603,,,,"R1:3513"
"COL","BA:358","EMP_TEMP_SEX_OCU_NB","SEX_T","OCU_SKILL_X","2018",0.645,"U",,,"R1:3513"
"COL","BA:358","EMP_TEMP_SEX_OCU_NB","SEX_T","OCU_ISCO08_TOTAL","2018",21271.706,,,,"R1:3513"
"COL","BA:358","EMP_TEMP_SEX_OCU_NB","SEX_T","OCU_ISCO08_1","2018",3422.576,,,,"R1:3513"
"COL","BA:358","EMP_TEMP_SEX_OCU_NB","SEX_T","OCU_ISCO08_2","2018",1765.187,,,,"R1:3513"
"COL","BA:358","EMP_TEMP_SEX_OCU_NB","SEX_T","OCU_ISCO08_3","2018",3100.055,,,,"R1:3513"
"COL","BA:358","EMP_TEMP_SEX_OCU_NB","SEX_T","OCU_ISCO08_4","2018",1057.328,,,,"R1:3513"
"COL","BA:358","EMP_TEMP_SEX_OCU_NB","SEX_T","OCU_ISCO08_5","2018",3504.39,,,,"R1:3513"
"COL","BA:358","EMP_TEMP_SEX_OCU_NB","SEX_T","OCU_ISCO08_6","2018",1137.332,,,,"R1:3513"
"COL","BA:358","EMP_TEMP_SEX_OCU_NB","SEX_T","OCU_ISCO08_7","2018",2820.575,,,,"R1:3513"
"COL","BA:358","EMP_TEMP_SEX_OCU_NB","SEX_T","OCU_ISCO08_8","2018",2568.014,,,,"R1:3513"
"COL","BA:358","EMP_TEMP_SEX_OCU_NB","SEX_T","OCU_ISCO08_9","2018",1895.603,,,,"R1:3513"
"COL","BA:358","EMP_TEMP_SEX_OCU_NB","SEX_T","OCU_ISCO08_X","2018",0.645,"U",,,"R1:3513"
"COL","BA:358","EMP_TEMP_SEX_OCU_NB","SEX_T","OCU_SKILL_TOTAL","2017",21125.155,,,,"R1:3513"
"COL","BA:358","EMP_TEMP_SEX_OCU_NB","SEX_T","OCU_SKILL_L3-4","2017",8358.431,,,,"R1:3513"
"COL","BA:358","EMP_TEMP_SEX_OCU_NB","SEX_T","OCU_SKILL_L2","2017",10908.779,,,,"R1:3513"
"COL","BA:358","EMP_TEMP_SEX_OCU_NB","SEX_T","OCU_SKILL_L1","2017",1856.189,,,,"R1:3513"
"COL","BA:358","EMP_TEMP_SEX_OCU_NB","SEX_T","OCU_SKILL_X","2017",1.755,,,,"R1:3513"
"COL","BA:358","EMP_TEMP_SEX_OCU_NB","SEX_T","OCU_ISCO08_TOTAL","2017",21125.155,,,,"R1:3513"
"COL","BA:358","EMP_TEMP_SEX_OCU_NB","SEX_T","OCU_ISCO08_1","2017",3600.403,,,,"R1:3513"
"COL","BA:358","EMP_TEMP_SEX_OCU_NB","SEX_T","OCU_ISCO08_2","2017",1730.926,,,,"R1:3513"
"COL","BA:358","EMP_TEMP_SEX_OCU_NB","SEX_T","OCU_ISCO08_3","2017",3027.103,,,,"R1:3513"
"COL","BA:358","EMP_TEMP_SEX_OCU_NB","SEX_T","OCU_ISCO08_4","2017",1040.882,,,,"R1:3513"
"COL","BA:358","EMP_TEMP_SEX_OCU_NB","SEX_T","OCU_ISCO08_5","2017",3476.812,,,,"R1:3513"
"COL","BA:358","EMP_TEMP_SEX_OCU_NB","SEX_T","OCU_ISCO08_6","2017",1186.024,,,,"R1:3513"
"COL","BA:358","EMP_TEMP_SEX_OCU_NB","SEX_T","OCU_ISCO08_7","2017",2800.393,,,,"R1:3513"
"COL","BA:358","EMP_TEMP_SEX_OCU_NB","SEX_T","OCU_ISCO08_8","2017",2404.668,,,,"R1:3513"
"COL","BA:358","EMP_TEMP_SEX_OCU_NB","SEX_T","OCU_ISCO08_9","2017",1856.189,,,,"R1:3513"
"COL","BA:358","EMP_TEMP_SEX_OCU_NB","SEX_T","OCU_ISCO08_X","2017",1.755,,,,"R1:3513"
"COL","BA:358","EMP_TEMP_SEX_OCU_NB","SEX_T","OCU_SKILL_TOTAL","2016",20930.863,,,,"R1:3513"
"COL","BA:358","EMP_TEMP_SEX_OCU_NB","SEX_T","OCU_SKILL_L3-4","2016",8246.287,,,,"R1:3513"
"COL","BA:358","EMP_TEMP_SEX_OCU_NB","SEX_T","OCU_SKILL_L2","2016",10841.728,,,,"R1:3513"
"COL","BA:358","EMP_TEMP_SEX_OCU_NB","SEX_T","OCU_SKILL_L1","2016",1841.607,,,,"R1:3513"
"COL","BA:358","EMP_TEMP_SEX_OCU_NB","SEX_T","OCU_SKILL_X","2016",1.241,"U",,,"R1:3513"
"COL","BA:358","EMP_TEMP_SEX_OCU_NB","SEX_T","OCU_ISCO08_TOTAL","2016",20930.863,,,,"R1:3513"
"COL","BA:358","EMP_TEMP_SEX_OCU_NB","SEX_T","OCU_ISCO08_1","2016",3543.546,,,,"R1:3513"
"COL","BA:358","EMP_TEMP_SEX_OCU_NB","SEX_T","OCU_ISCO08_2","2016",1710.077,,,,"R1:3513"
"COL","BA:358","EMP_TEMP_SEX_OCU_NB","SEX_T","OCU_ISCO08_3","2016",2992.664,,,,"R1:3513"
"COL","BA:358","EMP_TEMP_SEX_OCU_NB","SEX_T","OCU_ISCO08_4","2016",1071.095,,,,"R1:3513"
"COL","BA:358","EMP_TEMP_SEX_OCU_NB","SEX_T","OCU_ISCO08_5","2016",3507.316,,,,"R1:3513"
"COL","BA:358","EMP_TEMP_SEX_OCU_NB","SEX_T","OCU_ISCO08_6","2016",1113.94,,,,"R1:3513"
"COL","BA:358","EMP_TEMP_SEX_OCU_NB","SEX_T","OCU_ISCO08_7","2016",2792.409,,,,"R1:3513"
"COL","BA:358","EMP_TEMP_SEX_OCU_NB","SEX_T","OCU_ISCO08_8","2016",2356.968,,,,"R1:3513"
"COL","BA:358","EMP_TEMP_SEX_OCU_NB","SEX_T","OCU_ISCO08_9","2016",1841.607,,,,"R1:3513"
"COL","BA:358","EMP_TEMP_SEX_OCU_NB","SEX_T","OCU_ISCO08_X","2016",1.241,"U",,,"R1:3513"
"COL","BA:358","EMP_TEMP_SEX_OCU_NB","SEX_T","OCU_SKILL_TOTAL","2015",20859.984,,,,"R1:3513"
"COL","BA:358","EMP_TEMP_SEX_OCU_NB","SEX_T","OCU_SKILL_L3-4","2015",8176.697,,,,"R1:3513"
"COL","BA:358","EMP_TEMP_SEX_OCU_NB","SEX_T","OCU_SKILL_L2","2015",10793.917,,,,"R1:3513"
"COL","BA:358","EMP_TEMP_SEX_OCU_NB","SEX_T","OCU_SKILL_L1","2015",1888.977,,,,"R1:3513"
"COL","BA:358","EMP_TEMP_SEX_OCU_NB","SEX_T","OCU_SKILL_X","2015",0.393,"U",,,"R1:3513"
"COL","BA:358","EMP_TEMP_SEX_OCU_NB","SEX_T","OCU_ISCO08_TOTAL","2015",20859.984,,,,"R1:3513"
"COL","BA:358","EMP_TEMP_SEX_OCU_NB","SEX_T","OCU_ISCO08_1","2015",3525.483,,,,"R1:3513"
"COL","BA:358","EMP_TEMP_SEX_OCU_NB","SEX_T","OCU_ISCO08_2","2015",1687.32,,,,"R1:3513"
"COL","BA:358","EMP_TEMP_SEX_OCU_NB","SEX_T","OCU_ISCO08_3","2015",2963.894,,,,"R1:3513"
"COL","BA:358","EMP_TEMP_SEX_OCU_NB","SEX_T","OCU_ISCO08_4","2015",1029.362,,,,"R1:3513"
"COL","BA:358","EMP_TEMP_SEX_OCU_NB","SEX_T","OCU_ISCO08_5","2015",3500.147,,,,"R1:3513"
"COL","BA:358","EMP_TEMP_SEX_OCU_NB","SEX_T","OCU_ISCO08_6","2015",1103.399,,,,"R1:3513"
"COL","BA:358","EMP_TEMP_SEX_OCU_NB","SEX_T","OCU_ISCO08_7","2015",2755.78,,,,"R1:3513"
"COL","BA:358","EMP_TEMP_SEX_OCU_NB","SEX_T","OCU_ISCO08_8","2015",2405.229,,,,"R1:3513"
"COL","BA:358","EMP_TEMP_SEX_OCU_NB","SEX_T","OCU_ISCO08_9","2015",1888.977,,,,"R1:3513"
"COL","BA:358","EMP_TEMP_SEX_OCU_NB","SEX_T","OCU_ISCO08_X","2015",0.393,"U",,,"R1:3513"
"COL","BA:358","EMP_TEMP_SEX_OCU_NB","SEX_T","OCU_SKILL_TOTAL","2014",20479.393,,,,"R1:3513"
"COL","BA:358","EMP_TEMP_SEX_OCU_NB","SEX_T","OCU_SKILL_L3-4","2014",7999.921,,,,"R1:3513"
"COL","BA:358","EMP_TEMP_SEX_OCU_NB","SEX_T","OCU_SKILL_L2","2014",10669.498,,,,"R1:3513"
"COL","BA:358","EMP_TEMP_SEX_OCU_NB","SEX_T","OCU_SKILL_L1","2014",1808.407,,,,"R1:3513"
"COL","BA:358","EMP_TEMP_SEX_OCU_NB","SEX_T","OCU_SKILL_X","2014",1.566,,,,"R1:3513"
"COL","BA:358","EMP_TEMP_SEX_OCU_NB","SEX_T","OCU_ISCO08_TOTAL","2014",20479.393,,,,"R1:3513"
"COL","BA:358","EMP_TEMP_SEX_OCU_NB","SEX_T","OCU_ISCO08_1","2014",3434.898,,,,"R1:3513"
"COL","BA:358","EMP_TEMP_SEX_OCU_NB","SEX_T","OCU_ISCO08_2","2014",1655.051,,,,"R1:3513"
"COL","BA:358","EMP_TEMP_SEX_OCU_NB","SEX_T","OCU_ISCO08_3","2014",2909.973,,,,"R1:3513"
"COL","BA:358","EMP_TEMP_SEX_OCU_NB","SEX_T","OCU_ISCO08_4","2014",1033.794,,,,"R1:3513"
"COL","BA:358","EMP_TEMP_SEX_OCU_NB","SEX_T","OCU_ISCO08_5","2014",3494.615,,,,"R1:3513"
"COL","BA:358","EMP_TEMP_SEX_OCU_NB","SEX_T","OCU_ISCO08_6","2014",1090.734,,,,"R1:3513"
"COL","BA:358","EMP_TEMP_SEX_OCU_NB","SEX_T","OCU_ISCO08_7","2014",2692.657,,,,"R1:3513"
"COL","BA:358","EMP_TEMP_SEX_OCU_NB","SEX_T","OCU_ISCO08_8","2014",2357.698,,,,"R1:3513"
"COL","BA:358","EMP_TEMP_SEX_OCU_NB","SEX_T","OCU_ISCO08_9","2014",1808.407,,,,"R1:3513"
"COL","BA:358","EMP_TEMP_SEX_OCU_NB","SEX_T","OCU_ISCO08_X","2014",1.566,,,,"R1:3513"
"COL","BA:358","EMP_TEMP_SEX_OCU_NB","SEX_T","OCU_SKILL_TOTAL","2013",20006.416,,,,"R1:3513"
"COL","BA:358","EMP_TEMP_SEX_OCU_NB","SEX_T","OCU_SKILL_L3-4","2013",7789.123,,,,"R1:3513"
"COL","BA:358","EMP_TEMP_SEX_OCU_NB","SEX_T","OCU_SKILL_L2","2013",10398.377,,,,"R1:3513"
"COL","BA:358","EMP_TEMP_SEX_OCU_NB","SEX_T","OCU_SKILL_L1","2013",1817.58,,,,"R1:3513"
"COL","BA:358","EMP_TEMP_SEX_OCU_NB","SEX_T","OCU_SKILL_X","2013",1.336,,,,"R1:3513"
"COL","BA:358","EMP_TEMP_SEX_OCU_NB","SEX_T","OCU_ISCO08_TOTAL","2013",20006.416,,,,"R1:3513"
"COL","BA:358","EMP_TEMP_SEX_OCU_NB","SEX_T","OCU_ISCO08_1","2013",3409.137,,,,"R1:3513"
"COL","BA:358","EMP_TEMP_SEX_OCU_NB","SEX_T","OCU_ISCO08_2","2013",1578.369,,,,"R1:3513"
"COL","BA:358","EMP_TEMP_SEX_OCU_NB","SEX_T","OCU_ISCO08_3","2013",2801.617,,,,"R1:3513"
"COL","BA:358","EMP_TEMP_SEX_OCU_NB","SEX_T","OCU_ISCO08_4","2013",979.936,,,,"R1:3513"
"COL","BA:358","EMP_TEMP_SEX_OCU_NB","SEX_T","OCU_ISCO08_5","2013",3435.661,,,,"R1:3513"
"COL","BA:358","EMP_TEMP_SEX_OCU_NB","SEX_T","OCU_ISCO08_6","2013",1081.923,,,,"R1:3513"
"COL","BA:358","EMP_TEMP_SEX_OCU_NB","SEX_T","OCU_ISCO08_7","2013",2548.323,,,,"R1:3513"
"COL","BA:358","EMP_TEMP_SEX_OCU_NB","SEX_T","OCU_ISCO08_8","2013",2352.534,,,,"R1:3513"
"COL","BA:358","EMP_TEMP_SEX_OCU_NB","SEX_T","OCU_ISCO08_9","2013",1817.58,,,,"R1:3513"
"COL","BA:358","EMP_TEMP_SEX_OCU_NB","SEX_T","OCU_ISCO08_X","2013",1.336,,,,"R1:3513"
"COL","BA:358","EMP_TEMP_SEX_OCU_NB","SEX_T","OCU_SKILL_TOTAL","2012",19766.959,,,,"R1:3513"
"COL","BA:358","EMP_TEMP_SEX_OCU_NB","SEX_T","OCU_SKILL_L3-4","2012",7537.642,,,,"R1:3513"
"COL","BA:358","EMP_TEMP_SEX_OCU_NB","SEX_T","OCU_SKILL_L2","2012",10408.227,,,,"R1:3513"
"COL","BA:358","EMP_TEMP_SEX_OCU_NB","SEX_T","OCU_SKILL_L1","2012",1819.144,,,,"R1:3513"
"COL","BA:358","EMP_TEMP_SEX_OCU_NB","SEX_T","OCU_SKILL_X","2012",1.946,,,,"R1:3513"
"COL","BA:358","EMP_TEMP_SEX_OCU_NB","SEX_T","OCU_ISCO08_TOTAL","2012",19766.959,,,,"R1:3513"
"COL","BA:358","EMP_TEMP_SEX_OCU_NB","SEX_T","OCU_ISCO08_1","2012",3261.966,,,,"R1:3513"
"COL","BA:358","EMP_TEMP_SEX_OCU_NB","SEX_T","OCU_ISCO08_2","2012",1514.932,,,,"R1:3513"
"COL","BA:358","EMP_TEMP_SEX_OCU_NB","SEX_T","OCU_ISCO08_3","2012",2760.744,,,,"R1:3513"
"COL","BA:358","EMP_TEMP_SEX_OCU_NB","SEX_T","OCU_ISCO08_4","2012",965.402,,,,"R1:3513"
"COL","BA:358","EMP_TEMP_SEX_OCU_NB","SEX_T","OCU_ISCO08_5","2012",3337.223,,,,"R1:3513"
"COL","BA:358","EMP_TEMP_SEX_OCU_NB","SEX_T","OCU_ISCO08_6","2012",1140.746,,,,"R1:3513"
"COL","BA:358","EMP_TEMP_SEX_OCU_NB","SEX_T","OCU_ISCO08_7","2012",2544.174,,,,"R1:3513"
"COL","BA:358","EMP_TEMP_SEX_OCU_NB","SEX_T","OCU_ISCO08_8","2012",2420.682,,,,"R1:3513"
"COL","BA:358","EMP_TEMP_SEX_OCU_NB","SEX_T","OCU_ISCO08_9","2012",1819.144,,,,"R1:3513"
"COL","BA:358","EMP_TEMP_SEX_OCU_NB","SEX_T","OCU_ISCO08_X","2012",1.946,,,,"R1:3513"
"COL","BA:358","EMP_TEMP_SEX_OCU_NB","SEX_T","OCU_SKILL_TOTAL","2011",19209.697,,,,"R1:3513"
"COL","BA:358","EMP_TEMP_SEX_OCU_NB","SEX_T","OCU_SKILL_L3-4","2011",7264.474,,,,"R1:3513"
"COL","BA:358","EMP_TEMP_SEX_OCU_NB","SEX_T","OCU_SKILL_L2","2011",10209.524,,,,"R1:3513"
"COL","BA:358","EMP_TEMP_SEX_OCU_NB","SEX_T","OCU_SKILL_L1","2011",1734.395,,,,"R1:3513"
"COL","BA:358","EMP_TEMP_SEX_OCU_NB","SEX_T","OCU_SKILL_X","2011",1.305,,,,"R1:3513"
"COL","BA:358","EMP_TEMP_SEX_OCU_NB","SEX_T","OCU_ISCO08_TOTAL","2011",19209.697,,,,"R1:3513"
"COL","BA:358","EMP_TEMP_SEX_OCU_NB","SEX_T","OCU_ISCO08_1","2011",3176.503,,,,"R1:3513"
"COL","BA:358","EMP_TEMP_SEX_OCU_NB","SEX_T","OCU_ISCO08_2","2011",1468.97,,,,"R1:3513"
"COL","BA:358","EMP_TEMP_SEX_OCU_NB","SEX_T","OCU_ISCO08_3","2011",2619,,,,"R1:3513"
"COL","BA:358","EMP_TEMP_SEX_OCU_NB","SEX_T","OCU_ISCO08_4","2011",945.759,,,,"R1:3513"
"COL","BA:358","EMP_TEMP_SEX_OCU_NB","SEX_T","OCU_ISCO08_5","2011",3246.274,,,,"R1:3513"
"COL","BA:358","EMP_TEMP_SEX_OCU_NB","SEX_T","OCU_ISCO08_6","2011",1150.103,,,,"R1:3513"
"COL","BA:358","EMP_TEMP_SEX_OCU_NB","SEX_T","OCU_ISCO08_7","2011",2503.68,,,,"R1:3513"
"COL","BA:358","EMP_TEMP_SEX_OCU_NB","SEX_T","OCU_ISCO08_8","2011",2363.708,,,,"R1:3513"
"COL","BA:358","EMP_TEMP_SEX_OCU_NB","SEX_T","OCU_ISCO08_9","2011",1734.395,,,,"R1:3513"
"COL","BA:358","EMP_TEMP_SEX_OCU_NB","SEX_T","OCU_ISCO08_X","2011",1.305,,,,"R1:3513"
"COL","BA:358","EMP_TEMP_SEX_OCU_NB","SEX_T","OCU_SKILL_TOTAL","2010",18574.776,"B",,"I11:264","R1:3513"
"COL","BA:358","EMP_TEMP_SEX_OCU_NB","SEX_T","OCU_SKILL_L3-4","2010",7099.032,"B",,"I11:264","R1:3513"
"COL","BA:358","EMP_TEMP_SEX_OCU_NB","SEX_T","OCU_SKILL_L2","2010",9785.677,"B",,"I11:264","R1:3513"
"COL","BA:358","EMP_TEMP_SEX_OCU_NB","SEX_T","OCU_SKILL_L1","2010",1687.2,"B",,"I11:264","R1:3513"
"COL","BA:358","EMP_TEMP_SEX_OCU_NB","SEX_T","OCU_SKILL_X","2010",2.866,"B",,"I11:264","R1:3513"
"COL","BA:358","EMP_TEMP_SEX_OCU_NB","SEX_T","OCU_ISCO08_TOTAL","2010",18574.776,"B",,"I11:264","R1:3513"
"COL","BA:358","EMP_TEMP_SEX_OCU_NB","SEX_T","OCU_ISCO08_1","2010",3116.687,"B",,"I11:264","R1:3513"
"COL","BA:358","EMP_TEMP_SEX_OCU_NB","SEX_T","OCU_ISCO08_2","2010",1436.153,"B",,"I11:264","R1:3513"
"COL","BA:358","EMP_TEMP_SEX_OCU_NB","SEX_T","OCU_ISCO08_3","2010",2546.192,"B",,"I11:264","R1:3513"
"COL","BA:358","EMP_TEMP_SEX_OCU_NB","SEX_T","OCU_ISCO08_4","2010",885.766,"B",,"I11:264","R1:3513"
"COL","BA:358","EMP_TEMP_SEX_OCU_NB","SEX_T","OCU_ISCO08_5","2010",3118.084,"B",,"I11:264","R1:3513"
"COL","BA:358","EMP_TEMP_SEX_OCU_NB","SEX_T","OCU_ISCO08_6","2010",1112.472,"B",,"I11:264","R1:3513"
"COL","BA:358","EMP_TEMP_SEX_OCU_NB","SEX_T","OCU_ISCO08_7","2010",2359.433,"B",,"I11:264","R1:3513"
"COL","BA:358","EMP_TEMP_SEX_OCU_NB","SEX_T","OCU_ISCO08_8","2010",2309.923,"B",,"I11:264","R1:3513"
"COL","BA:358","EMP_TEMP_SEX_OCU_NB","SEX_T","OCU_ISCO08_9","2010",1687.2,"B",,"I11:264","R1:3513"
"COL","BA:358","EMP_TEMP_SEX_OCU_NB","SEX_T","OCU_ISCO08_X","2010",2.866,"B",,"I11:264","R1:3513"
"COL","BA:358","EMP_TEMP_SEX_OCU_NB","SEX_T","OCU_SKILL_TOTAL","2009",18191.441,,,,"R1:3513"
"COL","BA:358","EMP_TEMP_SEX_OCU_NB","SEX_T","OCU_SKILL_L3-4","2009",6743.268,,,,"R1:3513"
"COL","BA:358","EMP_TEMP_SEX_OCU_NB","SEX_T","OCU_SKILL_L2","2009",9743.437,,,,"R1:3513"
"COL","BA:358","EMP_TEMP_SEX_OCU_NB","SEX_T","OCU_SKILL_L1","2009",1696.278,,,,"R1:3513"
"COL","BA:358","EMP_TEMP_SEX_OCU_NB","SEX_T","OCU_SKILL_X","2009",8.458,,,,"R1:3513"
"COL","BA:358","EMP_TEMP_SEX_OCU_NB","SEX_T","OCU_ISCO08_TOTAL","2009",18191.441,,,,"R1:3513"
"COL","BA:358","EMP_TEMP_SEX_OCU_NB","SEX_T","OCU_ISCO08_1","2009",2861.546,,,,"R1:3513"
"COL","BA:358","EMP_TEMP_SEX_OCU_NB","SEX_T","OCU_ISCO08_2","2009",1374.45,,,,"R1:3513"
"COL","BA:358","EMP_TEMP_SEX_OCU_NB","SEX_T","OCU_ISCO08_3","2009",2507.271,,,,"R1:3513"
"COL","BA:358","EMP_TEMP_SEX_OCU_NB","SEX_T","OCU_ISCO08_4","2009",900.653,,,,"R1:3513"
"COL","BA:358","EMP_TEMP_SEX_OCU_NB","SEX_T","OCU_ISCO08_5","2009",3068.991,,,,"R1:3513"
"COL","BA:358","EMP_TEMP_SEX_OCU_NB","SEX_T","OCU_ISCO08_6","2009",1081.302,,,,"R1:3513"
"COL","BA:358","EMP_TEMP_SEX_OCU_NB","SEX_T","OCU_ISCO08_7","2009",2299.5,,,,"R1:3513"
"COL","BA:358","EMP_TEMP_SEX_OCU_NB","SEX_T","OCU_ISCO08_8","2009",2392.991,,,,"R1:3513"
"COL","BA:358","EMP_TEMP_SEX_OCU_NB","SEX_T","OCU_ISCO08_9","2009",1696.278,,,,"R1:3513"
"COL","BA:358","EMP_TEMP_SEX_OCU_NB","SEX_T","OCU_ISCO08_X","2009",8.458,,,,"R1:3513"
"COL","BA:358","EMP_TEMP_SEX_OCU_NB","SEX_T","OCU_SKILL_TOTAL","2008",17280.396,,,,"R1:3513"
"COL","BA:358","EMP_TEMP_SEX_OCU_NB","SEX_T","OCU_SKILL_L3-4","2008",6483.598,,,,"R1:3513"
"COL","BA:358","EMP_TEMP_SEX_OCU_NB","SEX_T","OCU_SKILL_L2","2008",9195.527,,,,"R1:3513"
"COL","BA:358","EMP_TEMP_SEX_OCU_NB","SEX_T","OCU_SKILL_L1","2008",1581.711,,,,"R1:3513"
"COL","BA:358","EMP_TEMP_SEX_OCU_NB","SEX_T","OCU_SKILL_X","2008",19.56,,,,"R1:3513"
"COL","BA:358","EMP_TEMP_SEX_OCU_NB","SEX_T","OCU_ISCO08_TOTAL","2008",17280.396,,,,"R1:3513"
"COL","BA:358","EMP_TEMP_SEX_OCU_NB","SEX_T","OCU_ISCO08_1","2008",2722.834,,,,"R1:3513"
"COL","BA:358","EMP_TEMP_SEX_OCU_NB","SEX_T","OCU_ISCO08_2","2008",1337.563,,,,"R1:3513"
"COL","BA:358","EMP_TEMP_SEX_OCU_NB","SEX_T","OCU_ISCO08_3","2008",2423.201,,,,"R1:3513"
"COL","BA:358","EMP_TEMP_SEX_OCU_NB","SEX_T","OCU_ISCO08_4","2008",873.942,,,,"R1:3513"
"COL","BA:358","EMP_TEMP_SEX_OCU_NB","SEX_T","OCU_ISCO08_5","2008",2883.955,,,,"R1:3513"
"COL","BA:358","EMP_TEMP_SEX_OCU_NB","SEX_T","OCU_ISCO08_6","2008",933.455,,,,"R1:3513"
"COL","BA:358","EMP_TEMP_SEX_OCU_NB","SEX_T","OCU_ISCO08_7","2008",2175.924,,,,"R1:3513"
"COL","BA:358","EMP_TEMP_SEX_OCU_NB","SEX_T","OCU_ISCO08_8","2008",2328.252,,,,"R1:3513"
"COL","BA:358","EMP_TEMP_SEX_OCU_NB","SEX_T","OCU_ISCO08_9","2008",1581.711,,,,"R1:3513"
"COL","BA:358","EMP_TEMP_SEX_OCU_NB","SEX_T","OCU_ISCO08_X","2008",19.56,,,,"R1:3513"
"COL","BA:358","EMP_TEMP_SEX_OCU_NB","SEX_T","OCU_SKILL_TOTAL","2007",16928.612,"B",,"I11:264","R1:3513"
"COL","BA:358","EMP_TEMP_SEX_OCU_NB","SEX_T","OCU_SKILL_L3-4","2007",6436.011,"B",,"I11:264","R1:3513"
"COL","BA:358","EMP_TEMP_SEX_OCU_NB","SEX_T","OCU_SKILL_L2","2007",8066.456,"B",,"I11:264","R1:3513"
"COL","BA:358","EMP_TEMP_SEX_OCU_NB","SEX_T","OCU_SKILL_L1","2007",1301.265,"B",,"I11:264","R1:3513"
"COL","BA:358","EMP_TEMP_SEX_OCU_NB","SEX_T","OCU_SKILL_X","2007",1124.88,"B",,"I11:264","R1:3513"
"COL","BA:358","EMP_TEMP_SEX_OCU_NB","SEX_T","OCU_ISCO08_TOTAL","2007",16928.612,"B",,"I11:264","R1:3513"
"COL","BA:358","EMP_TEMP_SEX_OCU_NB","SEX_T","OCU_ISCO08_1","2007",2300.414,"B",,"I11:264","R1:3513"
"COL","BA:358","EMP_TEMP_SEX_OCU_NB","SEX_T","OCU_ISCO08_2","2007",1324.784,"B",,"I11:264","R1:3513"
"COL","BA:358","EMP_TEMP_SEX_OCU_NB","SEX_T","OCU_ISCO08_3","2007",2810.813,"B",,"I11:264","R1:3513"
"COL","BA:358","EMP_TEMP_SEX_OCU_NB","SEX_T","OCU_ISCO08_4","2007",1430.571,"B",,"I11:264","R1:3513"
"COL","BA:358","EMP_TEMP_SEX_OCU_NB","SEX_T","OCU_ISCO08_5","2007",2139.254,"B",,"I11:264","R1:3513"
"COL","BA:358","EMP_TEMP_SEX_OCU_NB","SEX_T","OCU_ISCO08_6","2007",711.167,"B",,"I11:264","R1:3513"
"COL","BA:358","EMP_TEMP_SEX_OCU_NB","SEX_T","OCU_ISCO08_7","2007",1881.695,"B",,"I11:264","R1:3513"
"COL","BA:358","EMP_TEMP_SEX_OCU_NB","SEX_T","OCU_ISCO08_8","2007",1903.769,"B",,"I11:264","R1:3513"
"COL","BA:358","EMP_TEMP_SEX_OCU_NB","SEX_T","OCU_ISCO08_9","2007",1301.265,"B",,"I11:264","R1:3513"
"COL","BA:358","EMP_TEMP_SEX_OCU_NB","SEX_T","OCU_ISCO08_X","2007",1124.88,"B",,"I11:264","R1:3513"
"COL","BX:2226","EMP_TEMP_SEX_OCU_NB","SEX_T","OCU_SKILL_TOTAL","2005",16771.618,,,,"R1:3513"
"COL","BX:2226","EMP_TEMP_SEX_OCU_NB","SEX_T","OCU_SKILL_L3-4","2005",6194.178,,,,"R1:3513"
"COL","BX:2226","EMP_TEMP_SEX_OCU_NB","SEX_T","OCU_SKILL_L2","2005",8841.656,,,,"R1:3513"
"COL","BX:2226","EMP_TEMP_SEX_OCU_NB","SEX_T","OCU_SKILL_L1","2005",1731.302,,,,"R1:3513"
"COL","BX:2226","EMP_TEMP_SEX_OCU_NB","SEX_T","OCU_SKILL_X","2005",4.482,,,,"R1:3513"
"COL","BX:2226","EMP_TEMP_SEX_OCU_NB","SEX_T","OCU_ISCO08_TOTAL","2005",16771.618,,,,"R1:3513"
"COL","BX:2226","EMP_TEMP_SEX_OCU_NB","SEX_T","OCU_ISCO08_1","2005",2513.372,,,,"R1:3513"
"COL","BX:2226","EMP_TEMP_SEX_OCU_NB","SEX_T","OCU_ISCO08_2","2005",1383.332,,,,"R1:3513"
"COL","BX:2226","EMP_TEMP_SEX_OCU_NB","SEX_T","OCU_ISCO08_3","2005",2297.474,,,,"R1:3513"
"COL","BX:2226","EMP_TEMP_SEX_OCU_NB","SEX_T","OCU_ISCO08_4","2005",764.814,,,,"R1:3513"
"COL","BX:2226","EMP_TEMP_SEX_OCU_NB","SEX_T","OCU_ISCO08_5","2005",2725.071,,,,"R1:3513"
"COL","BX:2226","EMP_TEMP_SEX_OCU_NB","SEX_T","OCU_ISCO08_6","2005",1047.53,,,,"R1:3513"
"COL","BX:2226","EMP_TEMP_SEX_OCU_NB","SEX_T","OCU_ISCO08_7","2005",2041.011,,,,"R1:3513"
"COL","BX:2226","EMP_TEMP_SEX_OCU_NB","SEX_T","OCU_ISCO08_8","2005",2263.23,,,,"R1:3513"
"COL","BX:2226","EMP_TEMP_SEX_OCU_NB","SEX_T","OCU_ISCO08_9","2005",1731.302,,,,"R1:3513"
"COL","BX:2226","EMP_TEMP_SEX_OCU_NB","SEX_T","OCU_ISCO08_X","2005",4.482,,,,"R1:3513"
"COL","BX:2226","EMP_TEMP_SEX_OCU_NB","SEX_T","OCU_SKILL_TOTAL","2004",16343.765,,,,"R1:3513"
"COL","BX:2226","EMP_TEMP_SEX_OCU_NB","SEX_T","OCU_SKILL_L3-4","2004",6042.696,,,,"R1:3513"
"COL","BX:2226","EMP_TEMP_SEX_OCU_NB","SEX_T","OCU_SKILL_L2","2004",8647.743,,,,"R1:3513"
"COL","BX:2226","EMP_TEMP_SEX_OCU_NB","SEX_T","OCU_SKILL_L1","2004",1645.136,,,,"R1:3513"
"COL","BX:2226","EMP_TEMP_SEX_OCU_NB","SEX_T","OCU_SKILL_X","2004",8.19,,,,"R1:3513"
"COL","BX:2226","EMP_TEMP_SEX_OCU_NB","SEX_T","OCU_ISCO08_TOTAL","2004",16343.765,,,,"R1:3513"
"COL","BX:2226","EMP_TEMP_SEX_OCU_NB","SEX_T","OCU_ISCO08_1","2004",2471.772,,,,"R1:3513"
"COL","BX:2226","EMP_TEMP_SEX_OCU_NB","SEX_T","OCU_ISCO08_2","2004",1330.965,,,,"R1:3513"
"COL","BX:2226","EMP_TEMP_SEX_OCU_NB","SEX_T","OCU_ISCO08_3","2004",2239.96,,,,"R1:3513"
"COL","BX:2226","EMP_TEMP_SEX_OCU_NB","SEX_T","OCU_ISCO08_4","2004",720.355,,,,"R1:3513"
"COL","BX:2226","EMP_TEMP_SEX_OCU_NB","SEX_T","OCU_ISCO08_5","2004",2678.586,,,,"R1:3513"
"COL","BX:2226","EMP_TEMP_SEX_OCU_NB","SEX_T","OCU_ISCO08_6","2004",1008.129,,,,"R1:3513"
"COL","BX:2226","EMP_TEMP_SEX_OCU_NB","SEX_T","OCU_ISCO08_7","2004",1966.37,,,,"R1:3513"
"COL","BX:2226","EMP_TEMP_SEX_OCU_NB","SEX_T","OCU_ISCO08_8","2004",2274.302,,,,"R1:3513"
"COL","BX:2226","EMP_TEMP_SEX_OCU_NB","SEX_T","OCU_ISCO08_9","2004",1645.136,,,,"R1:3513"
"COL","BX:2226","EMP_TEMP_SEX_OCU_NB","SEX_T","OCU_ISCO08_X","2004",8.19,,,,"R1:3513"
"COL","BX:2226","EMP_TEMP_SEX_OCU_NB","SEX_T","OCU_SKILL_TOTAL","2003",16257.845,,,,"R1:3513"
"COL","BX:2226","EMP_TEMP_SEX_OCU_NB","SEX_T","OCU_SKILL_L3-4","2003",5929.62,,,,"R1:3513"
"COL","BX:2226","EMP_TEMP_SEX_OCU_NB","SEX_T","OCU_SKILL_L2","2003",8581.675,,,,"R1:3513"
"COL","BX:2226","EMP_TEMP_SEX_OCU_NB","SEX_T","OCU_SKILL_L1","2003",1737.384,,,,"R1:3513"
"COL","BX:2226","EMP_TEMP_SEX_OCU_NB","SEX_T","OCU_SKILL_X","2003",9.166,,,,"R1:3513"
"COL","BX:2226","EMP_TEMP_SEX_OCU_NB","SEX_T","OCU_ISCO08_TOTAL","2003",16257.845,,,,"R1:3513"
"COL","BX:2226","EMP_TEMP_SEX_OCU_NB","SEX_T","OCU_ISCO08_1","2003",2436.34,,,,"R1:3513"
"COL","BX:2226","EMP_TEMP_SEX_OCU_NB","SEX_T","OCU_ISCO08_2","2003",1308.144,,,,"R1:3513"
"COL","BX:2226","EMP_TEMP_SEX_OCU_NB","SEX_T","OCU_ISCO08_3","2003",2185.137,,,,"R1:3513"
"COL","BX:2226","EMP_TEMP_SEX_OCU_NB","SEX_T","OCU_ISCO08_4","2003",683.505,,,,"R1:3513"
"COL","BX:2226","EMP_TEMP_SEX_OCU_NB","SEX_T","OCU_ISCO08_5","2003",2712.948,,,,"R1:3513"
"COL","BX:2226","EMP_TEMP_SEX_OCU_NB","SEX_T","OCU_ISCO08_6","2003",1017.556,,,,"R1:3513"
"COL","BX:2226","EMP_TEMP_SEX_OCU_NB","SEX_T","OCU_ISCO08_7","2003",1926.939,,,,"R1:3513"
"COL","BX:2226","EMP_TEMP_SEX_OCU_NB","SEX_T","OCU_ISCO08_8","2003",2240.727,,,,"R1:3513"
"COL","BX:2226","EMP_TEMP_SEX_OCU_NB","SEX_T","OCU_ISCO08_9","2003",1737.384,,,,"R1:3513"
"COL","BX:2226","EMP_TEMP_SEX_OCU_NB","SEX_T","OCU_ISCO08_X","2003",9.166,,,,"R1:3513"
"COL","BX:2226","EMP_TEMP_SEX_OCU_NB","SEX_T","OCU_SKILL_TOTAL","2002",15580.456,,,,"R1:3513"
"COL","BX:2226","EMP_TEMP_SEX_OCU_NB","SEX_T","OCU_SKILL_L3-4","2002",5800.978,,,,"R1:3513"
"COL","BX:2226","EMP_TEMP_SEX_OCU_NB","SEX_T","OCU_SKILL_L2","2002",8182.357,,,,"R1:3513"
"COL","BX:2226","EMP_TEMP_SEX_OCU_NB","SEX_T","OCU_SKILL_L1","2002",1585.656,,,,"R1:3513"
"COL","BX:2226","EMP_TEMP_SEX_OCU_NB","SEX_T","OCU_SKILL_X","2002",11.466,,,,"R1:3513"
"COL","BX:2226","EMP_TEMP_SEX_OCU_NB","SEX_T","OCU_ISCO08_TOTAL","2002",15580.456,,,,"R1:3513"
"COL","BX:2226","EMP_TEMP_SEX_OCU_NB","SEX_T","OCU_ISCO08_1","2002",2363.123,,,,"R1:3513"
"COL","BX:2226","EMP_TEMP_SEX_OCU_NB","SEX_T","OCU_ISCO08_2","2002",1279.612,,,,"R1:3513"
"COL","BX:2226","EMP_TEMP_SEX_OCU_NB","SEX_T","OCU_ISCO08_3","2002",2158.242,,,,"R1:3513"
"COL","BX:2226","EMP_TEMP_SEX_OCU_NB","SEX_T","OCU_ISCO08_4","2002",674.854,,,,"R1:3513"
"COL","BX:2226","EMP_TEMP_SEX_OCU_NB","SEX_T","OCU_ISCO08_5","2002",2539.706,,,,"R1:3513"
"COL","BX:2226","EMP_TEMP_SEX_OCU_NB","SEX_T","OCU_ISCO08_6","2002",933.544,,,,"R1:3513"
"COL","BX:2226","EMP_TEMP_SEX_OCU_NB","SEX_T","OCU_ISCO08_7","2002",1913.63,,,,"R1:3513"
"COL","BX:2226","EMP_TEMP_SEX_OCU_NB","SEX_T","OCU_ISCO08_8","2002",2120.621,,,,"R1:3513"
"COL","BX:2226","EMP_TEMP_SEX_OCU_NB","SEX_T","OCU_ISCO08_9","2002",1585.656,,,,"R1:3513"
"COL","BX:2226","EMP_TEMP_SEX_OCU_NB","SEX_T","OCU_ISCO08_X","2002",11.466,,,,"R1:3513"
"COL","BA:358","EMP_TEMP_SEX_OCU_NB","SEX_T","OCU_SKILL_TOTAL","2001",15813.537,,,"I11:264","S5:41_T2:239"
"COL","BA:358","EMP_TEMP_SEX_OCU_NB","SEX_T","OCU_ISCO68_TOTAL","2001",15813.537,,,"I11:264","S5:41_T2:239"
"COL","BA:358","EMP_TEMP_SEX_OCU_NB","SEX_T","OCU_ISCO68_0-1","2001",1337.984,,,"I11:264","S5:41_T2:239"
"COL","BA:358","EMP_TEMP_SEX_OCU_NB","SEX_T","OCU_ISCO68_2","2001",265.195,,,"I11:264","S5:41_T2:239"
"COL","BA:358","EMP_TEMP_SEX_OCU_NB","SEX_T","OCU_ISCO68_3","2001",1132.452,,,"I11:264","S5:41_T2:239"
"COL","BA:358","EMP_TEMP_SEX_OCU_NB","SEX_T","OCU_ISCO68_4","2001",2860.812,,,"I11:264","S5:41_T2:239"
"COL","BA:358","EMP_TEMP_SEX_OCU_NB","SEX_T","OCU_ISCO68_5","2001",2983.584,,,"I11:264","S5:41_T2:239"
"COL","BA:358","EMP_TEMP_SEX_OCU_NB","SEX_T","OCU_ISCO68_6","2001",3288.194,,,"I11:264","S5:41_T2:239"
"COL","BA:358","EMP_TEMP_SEX_OCU_NB","SEX_T","OCU_ISCO68_7-9","2001",3717.316,,,"I11:264","S5:41_T2:239"
"COL","BA:358","EMP_TEMP_SEX_OCU_NB","SEX_T","OCU_ISCO68_X","2001",227.999,,,"I11:264","S5:41_T2:239"
"COL","BA:358","EMP_TEMP_SEX_OCU_NB","SEX_T","OCU_SKILL_TOTAL","2000",5909.655,,,,"S3:20_S4:33_S5:41_T2:81"
"COL","BA:358","EMP_TEMP_SEX_OCU_NB","SEX_T","OCU_ISCO68_TOTAL","2000",5909.655,,,,"S3:20_S4:33_S5:41_T2:81"
"COL","BA:358","EMP_TEMP_SEX_OCU_NB","SEX_T","OCU_ISCO68_0-1","2000",745.8,,,,"S3:20_S4:33_S5:41_T2:81"
"COL","BA:358","EMP_TEMP_SEX_OCU_NB","SEX_T","OCU_ISCO68_2","2000",151.2,,,,"S3:20_S4:33_S5:41_T2:81"
"COL","BA:358","EMP_TEMP_SEX_OCU_NB","SEX_T","OCU_ISCO68_3","2000",678.9,,,,"S3:20_S4:33_S5:41_T2:81"
"COL","BA:358","EMP_TEMP_SEX_OCU_NB","SEX_T","OCU_ISCO68_4","2000",1205.3,,,,"S3:20_S4:33_S5:41_T2:81"
"COL","BA:358","EMP_TEMP_SEX_OCU_NB","SEX_T","OCU_ISCO68_5","2000",1296,,,,"S3:20_S4:33_S5:41_T2:81"
"COL","BA:358","EMP_TEMP_SEX_OCU_NB","SEX_T","OCU_ISCO68_6","2000",68.7,,,,"S3:20_S4:33_S5:41_T2:81"
"COL","BA:358","EMP_TEMP_SEX_OCU_NB","SEX_T","OCU_ISCO68_7-9","2000",1705.2,,,,"S3:20_S4:33_S5:41_T2:81"
"COL","BA:358","EMP_TEMP_SEX_OCU_NB","SEX_T","OCU_ISCO68_X","2000",58.5,,,,"S3:20_S4:33_S5:41_T2:81"
"CRI","BA:12883","EMP_TEMP_SEX_OCU_NB","SEX_T","OCU_SKILL_TOTAL","2025",2230.356,,,,"R1:3513"
"CRI","BA:12883","EMP_TEMP_SEX_OCU_NB","SEX_T","OCU_SKILL_L3-4","2025",565.12,,,,"R1:3513"
"CRI","BA:12883","EMP_TEMP_SEX_OCU_NB","SEX_T","OCU_SKILL_L2","2025",1178.972,,,,"R1:3513"
"CRI","BA:12883","EMP_TEMP_SEX_OCU_NB","SEX_T","OCU_SKILL_L1","2025",484.072,,,,"R1:3513"
"CRI","BA:12883","EMP_TEMP_SEX_OCU_NB","SEX_T","OCU_SKILL_X","2025",2.193,,,,"R1:3513"
"CRI","BA:12883","EMP_TEMP_SEX_OCU_NB","SEX_T","OCU_ISCO08_TOTAL","2025",2230.356,,,,"R1:3513"
"CRI","BA:12883","EMP_TEMP_SEX_OCU_NB","SEX_T","OCU_ISCO08_1","2025",32.08,,,,"R1:3513"
"CRI","BA:12883","EMP_TEMP_SEX_OCU_NB","SEX_T","OCU_ISCO08_2","2025",310.896,,,,"R1:3513"
"CRI","BA:12883","EMP_TEMP_SEX_OCU_NB","SEX_T","OCU_ISCO08_3","2025",234.226,,,,"R1:3513"
"CRI","BA:12883","EMP_TEMP_SEX_OCU_NB","SEX_T","OCU_ISCO08_4","2025",175.031,,,,"R1:3513"
"CRI","BA:12883","EMP_TEMP_SEX_OCU_NB","SEX_T","OCU_ISCO08_5","2025",432.581,,,,"R1:3513"
"CRI","BA:12883","EMP_TEMP_SEX_OCU_NB","SEX_T","OCU_ISCO08_6","2025",58.701,,,,"R1:3513"
"CRI","BA:12883","EMP_TEMP_SEX_OCU_NB","SEX_T","OCU_ISCO08_7","2025",250.911,,,,"R1:3513"
"CRI","BA:12883","EMP_TEMP_SEX_OCU_NB","SEX_T","OCU_ISCO08_8","2025",197.511,,,,"R1:3513"
"CRI","BA:12883","EMP_TEMP_SEX_OCU_NB","SEX_T","OCU_ISCO08_9","2025",494.605,,,,"R1:3513"
"CRI","BA:12883","EMP_TEMP_SEX_OCU_NB","SEX_T","OCU_ISCO08_X","2025",43.813,,,,"R1:3513"
"CRI","BA:12883","EMP_TEMP_SEX_OCU_NB","SEX_T","OCU_SKILL_TOTAL","2024",2258.25,,,,"R1:3513"
"CRI","BA:12883","EMP_TEMP_SEX_OCU_NB","SEX_T","OCU_SKILL_L3-4","2024",528.85,,,,"R1:3513"
"CRI","BA:12883","EMP_TEMP_SEX_OCU_NB","SEX_T","OCU_SKILL_L2","2024",1247.499,,,,"R1:3513"
"CRI","BA:12883","EMP_TEMP_SEX_OCU_NB","SEX_T","OCU_SKILL_L1","2024",472.669,,,,"R1:3513"
"CRI","BA:12883","EMP_TEMP_SEX_OCU_NB","SEX_T","OCU_SKILL_X","2024",9.232,,,,"R1:3513"
"CRI","BA:12883","EMP_TEMP_SEX_OCU_NB","SEX_T","OCU_ISCO08_TOTAL","2024",2258.25,,,,"R1:3513"
"CRI","BA:12883","EMP_TEMP_SEX_OCU_NB","SEX_T","OCU_ISCO08_1","2024",25.41,,,,"R1:3513"
"CRI","BA:12883","EMP_TEMP_SEX_OCU_NB","SEX_T","OCU_ISCO08_2","2024",288.534,,,,"R1:3513"
"CRI","BA:12883","EMP_TEMP_SEX_OCU_NB","SEX_T","OCU_ISCO08_3","2024",225.372,,,,"R1:3513"
"CRI","BA:12883","EMP_TEMP_SEX_OCU_NB","SEX_T","OCU_ISCO08_4","2024",181.267,,,,"R1:3513"
"CRI","BA:12883","EMP_TEMP_SEX_OCU_NB","SEX_T","OCU_ISCO08_5","2024",475.843,,,,"R1:3513"
"CRI","BA:12883","EMP_TEMP_SEX_OCU_NB","SEX_T","OCU_ISCO08_6","2024",60.508,,,,"R1:3513"
"CRI","BA:12883","EMP_TEMP_SEX_OCU_NB","SEX_T","OCU_ISCO08_7","2024",246.965,,,,"R1:3513"
"CRI","BA:12883","EMP_TEMP_SEX_OCU_NB","SEX_T","OCU_ISCO08_8","2024",200.827,,,,"R1:3513"
"CRI","BA:12883","EMP_TEMP_SEX_OCU_NB","SEX_T","OCU_ISCO08_9","2024",486.494,,,,"R1:3513"
"CRI","BA:12883","EMP_TEMP_SEX_OCU_NB","SEX_T","OCU_ISCO08_X","2024",67.03,,,,"R1:3513"
"CRI","BA:12883","EMP_TEMP_SEX_OCU_NB","SEX_T","OCU_SKILL_TOTAL","2023",2163.953,,,,"R1:3513"
"CRI","BA:12883","EMP_TEMP_SEX_OCU_NB","SEX_T","OCU_SKILL_L3-4","2023",477.868,,,,"R1:3513"
"CRI","BA:12883","EMP_TEMP_SEX_OCU_NB","SEX_T","OCU_SKILL_L2","2023",1206.497,,,,"R1:3513"
"CRI","BA:12883","EMP_TEMP_SEX_OCU_NB","SEX_T","OCU_SKILL_L1","2023",472.388,,,,"R1:3513"
"CRI","BA:12883","EMP_TEMP_SEX_OCU_NB","SEX_T","OCU_SKILL_X","2023",7.2,,,,"R1:3513"
"CRI","BA:12883","EMP_TEMP_SEX_OCU_NB","SEX_T","OCU_ISCO08_TOTAL","2023",2163.953,,,,"R1:3513"
"CRI","BA:12883","EMP_TEMP_SEX_OCU_NB","SEX_T","OCU_ISCO08_1","2023",25.3,,,,"R1:3513"
"CRI","BA:12883","EMP_TEMP_SEX_OCU_NB","SEX_T","OCU_ISCO08_2","2023",261.83,,,,"R1:3513"
"CRI","BA:12883","EMP_TEMP_SEX_OCU_NB","SEX_T","OCU_ISCO08_3","2023",200.427,,,,"R1:3513"
"CRI","BA:12883","EMP_TEMP_SEX_OCU_NB","SEX_T","OCU_ISCO08_4","2023",170.512,,,,"R1:3513"
"CRI","BA:12883","EMP_TEMP_SEX_OCU_NB","SEX_T","OCU_ISCO08_5","2023",444.179,,,,"R1:3513"
"CRI","BA:12883","EMP_TEMP_SEX_OCU_NB","SEX_T","OCU_ISCO08_6","2023",65.766,,,,"R1:3513"
"CRI","BA:12883","EMP_TEMP_SEX_OCU_NB","SEX_T","OCU_ISCO08_7","2023",247.161,,,,"R1:3513"
"CRI","BA:12883","EMP_TEMP_SEX_OCU_NB","SEX_T","OCU_ISCO08_8","2023",182.365,,,,"R1:3513"
"CRI","BA:12883","EMP_TEMP_SEX_OCU_NB","SEX_T","OCU_ISCO08_9","2023",490.099,,,,"R1:3513"
"CRI","BA:12883","EMP_TEMP_SEX_OCU_NB","SEX_T","OCU_ISCO08_X","2023",76.314,,,,"R1:3513"
"CRI","BA:12883","EMP_TEMP_SEX_OCU_NB","SEX_T","OCU_SKILL_TOTAL","2022",2235.855,,,,"R1:3513"
"CRI","BA:12883","EMP_TEMP_SEX_OCU_NB","SEX_T","OCU_SKILL_L3-4","2022",486.923,,,,"R1:3513"
"CRI","BA:12883","EMP_TEMP_SEX_OCU_NB","SEX_T","OCU_SKILL_L2","2022",1243.515,,,,"R1:3513"
"CRI","BA:12883","EMP_TEMP_SEX_OCU_NB","SEX_T","OCU_SKILL_L1","2022",491.539,,,,"R1:3513"
"CRI","BA:12883","EMP_TEMP_SEX_OCU_NB","SEX_T","OCU_SKILL_X","2022",13.878,,,,"R1:3513"
"CRI","BA:12883","EMP_TEMP_SEX_OCU_NB","SEX_T","OCU_ISCO08_TOTAL","2022",2235.855,,,,"R1:3513"
"CRI","BA:12883","EMP_TEMP_SEX_OCU_NB","SEX_T","OCU_ISCO08_1","2022",24.799,,,,"R1:3513"
"CRI","BA:12883","EMP_TEMP_SEX_OCU_NB","SEX_T","OCU_ISCO08_2","2022",253.061,,,,"R1:3513"
"CRI","BA:12883","EMP_TEMP_SEX_OCU_NB","SEX_T","OCU_ISCO08_3","2022",222.955,,,,"R1:3513"
"CRI","BA:12883","EMP_TEMP_SEX_OCU_NB","SEX_T","OCU_ISCO08_4","2022",162.931,,,,"R1:3513"
"CRI","BA:12883","EMP_TEMP_SEX_OCU_NB","SEX_T","OCU_ISCO08_5","2022",452.472,,,,"R1:3513"
"CRI","BA:12883","EMP_TEMP_SEX_OCU_NB","SEX_T","OCU_ISCO08_6","2022",60.972,,,,"R1:3513"
"CRI","BA:12883","EMP_TEMP_SEX_OCU_NB","SEX_T","OCU_ISCO08_7","2022",262.745,,,,"R1:3513"
"CRI","BA:12883","EMP_TEMP_SEX_OCU_NB","SEX_T","OCU_ISCO08_8","2022",179.958,,,,"R1:3513"
"CRI","BA:12883","EMP_TEMP_SEX_OCU_NB","SEX_T","OCU_ISCO08_9","2022",520.445,,,,"R1:3513"
"CRI","BA:12883","EMP_TEMP_SEX_OCU_NB","SEX_T","OCU_ISCO08_X","2022",95.517,,,,"R1:3513"
"CRI","BA:12883","EMP_TEMP_SEX_OCU_NB","SEX_T","OCU_SKILL_TOTAL","2021",2122.234,,,,"R1:3513"
"CRI","BA:12883","EMP_TEMP_SEX_OCU_NB","SEX_T","OCU_SKILL_L3-4","2021",469.735,,,,"R1:3513"
"CRI","BA:12883","EMP_TEMP_SEX_OCU_NB","SEX_T","OCU_SKILL_L2","2021",1149.525,,,,"R1:3513"
"CRI","BA:12883","EMP_TEMP_SEX_OCU_NB","SEX_T","OCU_SKILL_L1","2021",487.29,,,,"R1:3513"
"CRI","BA:12883","EMP_TEMP_SEX_OCU_NB","SEX_T","OCU_SKILL_X","2021",15.684,,,,"R1:3513"
"CRI","BA:12883","EMP_TEMP_SEX_OCU_NB","SEX_T","OCU_ISCO08_TOTAL","2021",2122.234,,,,"R1:3513"
"CRI","BA:12883","EMP_TEMP_SEX_OCU_NB","SEX_T","OCU_ISCO08_1","2021",24.47,,,,"R1:3513"
"CRI","BA:12883","EMP_TEMP_SEX_OCU_NB","SEX_T","OCU_ISCO08_2","2021",252.344,,,,"R1:3513"
"CRI","BA:12883","EMP_TEMP_SEX_OCU_NB","SEX_T","OCU_ISCO08_3","2021",205.643,,,,"R1:3513"
"CRI","BA:12883","EMP_TEMP_SEX_OCU_NB","SEX_T","OCU_ISCO08_4","2021",137.345,,,,"R1:3513"
"CRI","BA:12883","EMP_TEMP_SEX_OCU_NB","SEX_T","OCU_ISCO08_5","2021",408.377,,,,"R1:3513"
"CRI","BA:12883","EMP_TEMP_SEX_OCU_NB","SEX_T","OCU_ISCO08_6","2021",70.868,,,,"R1:3513"
"CRI","BA:12883","EMP_TEMP_SEX_OCU_NB","SEX_T","OCU_ISCO08_7","2021",250.698,,,,"R1:3513"
"CRI","BA:12883","EMP_TEMP_SEX_OCU_NB","SEX_T","OCU_ISCO08_8","2021",159.196,,,,"R1:3513"
"CRI","BA:12883","EMP_TEMP_SEX_OCU_NB","SEX_T","OCU_ISCO08_9","2021",515.206,,,,"R1:3513"
"CRI","BA:12883","EMP_TEMP_SEX_OCU_NB","SEX_T","OCU_ISCO08_X","2021",98.087,,,,"R1:3513"
"CRI","BA:12883","EMP_TEMP_SEX_OCU_NB","SEX_T","OCU_SKILL_TOTAL","2020",2024.586,,,,"R1:3513"
"CRI","BA:12883","EMP_TEMP_SEX_OCU_NB","SEX_T","OCU_SKILL_L3-4","2020",416.837,,,,"R1:3513"
"CRI","BA:12883","EMP_TEMP_SEX_OCU_NB","SEX_T","OCU_SKILL_L2","2020",1157.359,,,,"R1:3513"
"CRI","BA:12883","EMP_TEMP_SEX_OCU_NB","SEX_T","OCU_SKILL_L1","2020",442.342,,,,"R1:3513"
"CRI","BA:12883","EMP_TEMP_SEX_OCU_NB","SEX_T","OCU_SKILL_X","2020",8.048,,,,"R1:3513"
"CRI","BA:12883","EMP_TEMP_SEX_OCU_NB","SEX_T","OCU_ISCO08_TOTAL","2020",2024.586,,,,"R1:3513"
"CRI","BA:12883","EMP_TEMP_SEX_OCU_NB","SEX_T","OCU_ISCO08_1","2020",19.374,,,,"R1:3513"
"CRI","BA:12883","EMP_TEMP_SEX_OCU_NB","SEX_T","OCU_ISCO08_2","2020",241.947,,,,"R1:3513"
"CRI","BA:12883","EMP_TEMP_SEX_OCU_NB","SEX_T","OCU_ISCO08_3","2020",169.522,,,,"R1:3513"
"CRI","BA:12883","EMP_TEMP_SEX_OCU_NB","SEX_T","OCU_ISCO08_4","2020",153.672,,,,"R1:3513"
"CRI","BA:12883","EMP_TEMP_SEX_OCU_NB","SEX_T","OCU_ISCO08_5","2020",389.741,,,,"R1:3513"
"CRI","BA:12883","EMP_TEMP_SEX_OCU_NB","SEX_T","OCU_ISCO08_6","2020",75.455,,,,"R1:3513"
"CRI","BA:12883","EMP_TEMP_SEX_OCU_NB","SEX_T","OCU_ISCO08_7","2020",251.21,,,,"R1:3513"
"CRI","BA:12883","EMP_TEMP_SEX_OCU_NB","SEX_T","OCU_ISCO08_8","2020",160.262,,,,"R1:3513"
"CRI","BA:12883","EMP_TEMP_SEX_OCU_NB","SEX_T","OCU_ISCO08_9","2020",468.892,,,,"R1:3513"
"CRI","BA:12883","EMP_TEMP_SEX_OCU_NB","SEX_T","OCU_ISCO08_X","2020",94.511,,,,"R1:3513"
"CRI","BA:12883","EMP_TEMP_SEX_OCU_NB","SEX_T","OCU_SKILL_TOTAL","2019",2260.413,,,,"R1:3513"
"CRI","BA:12883","EMP_TEMP_SEX_OCU_NB","SEX_T","OCU_SKILL_L3-4","2019",474.186,,,,"R1:3513"
"CRI","BA:12883","EMP_TEMP_SEX_OCU_NB","SEX_T","OCU_SKILL_L2","2019",1292.426,,,,"R1:3513"
"CRI","BA:12883","EMP_TEMP_SEX_OCU_NB","SEX_T","OCU_SKILL_L1","2019",483.126,,,,"R1:3513"
"CRI","BA:12883","EMP_TEMP_SEX_OCU_NB","SEX_T","OCU_SKILL_X","2019",10.674,,,,"R1:3513"
"CRI","BA:12883","EMP_TEMP_SEX_OCU_NB","SEX_T","OCU_ISCO08_TOTAL","2019",2260.413,,,,"R1:3513"
"CRI","BA:12883","EMP_TEMP_SEX_OCU_NB","SEX_T","OCU_ISCO08_1","2019",26.491,,,,"R1:3513"
"CRI","BA:12883","EMP_TEMP_SEX_OCU_NB","SEX_T","OCU_ISCO08_2","2019",270.432,,,,"R1:3513"
"CRI","BA:12883","EMP_TEMP_SEX_OCU_NB","SEX_T","OCU_ISCO08_3","2019",192.273,,,,"R1:3513"
"CRI","BA:12883","EMP_TEMP_SEX_OCU_NB","SEX_T","OCU_ISCO08_4","2019",175.789,,,,"R1:3513"
"CRI","BA:12883","EMP_TEMP_SEX_OCU_NB","SEX_T","OCU_ISCO08_5","2019",458.604,,,,"R1:3513"
"CRI","BA:12883","EMP_TEMP_SEX_OCU_NB","SEX_T","OCU_ISCO08_6","2019",78.906,,,,"R1:3513"
"CRI","BA:12883","EMP_TEMP_SEX_OCU_NB","SEX_T","OCU_ISCO08_7","2019",255.759,,,,"R1:3513"
"CRI","BA:12883","EMP_TEMP_SEX_OCU_NB","SEX_T","OCU_ISCO08_8","2019",190.725,,,,"R1:3513"
"CRI","BA:12883","EMP_TEMP_SEX_OCU_NB","SEX_T","OCU_ISCO08_9","2019",515.446,,,,"R1:3513"
"CRI","BA:12883","EMP_TEMP_SEX_OCU_NB","SEX_T","OCU_ISCO08_X","2019",95.989,,,,"R1:3513"
"CRI","BA:12883","EMP_TEMP_SEX_OCU_NB","SEX_T","OCU_SKILL_TOTAL","2018",2201.777,,,,"R1:3513"
"CRI","BA:12883","EMP_TEMP_SEX_OCU_NB","SEX_T","OCU_SKILL_L3-4","2018",405.429,,,,"R1:3513"
"CRI","BA:12883","EMP_TEMP_SEX_OCU_NB","SEX_T","OCU_SKILL_L2","2018",1265.885,,,,"R1:3513"
"CRI","BA:12883","EMP_TEMP_SEX_OCU_NB","SEX_T","OCU_SKILL_L1","2018",514.265,,,,"R1:3513"
"CRI","BA:12883","EMP_TEMP_SEX_OCU_NB","SEX_T","OCU_SKILL_X","2018",16.198,,,,"R1:3513"
"CRI","BA:12883","EMP_TEMP_SEX_OCU_NB","SEX_T","OCU_ISCO08_TOTAL","2018",2201.777,,,,"R1:3513"
"CRI","BA:12883","EMP_TEMP_SEX_OCU_NB","SEX_T","OCU_ISCO08_1","2018",26.747,,,,"R1:3513"
"CRI","BA:12883","EMP_TEMP_SEX_OCU_NB","SEX_T","OCU_ISCO08_2","2018",226.876,,,,"R1:3513"
"CRI","BA:12883","EMP_TEMP_SEX_OCU_NB","SEX_T","OCU_ISCO08_3","2018",163.058,,,,"R1:3513"
"CRI","BA:12883","EMP_TEMP_SEX_OCU_NB","SEX_T","OCU_ISCO08_4","2018",176.932,,,,"R1:3513"
"CRI","BA:12883","EMP_TEMP_SEX_OCU_NB","SEX_T","OCU_ISCO08_5","2018",465.41,,,,"R1:3513"
"CRI","BA:12883","EMP_TEMP_SEX_OCU_NB","SEX_T","OCU_ISCO08_6","2018",76.969,,,,"R1:3513"
"CRI","BA:12883","EMP_TEMP_SEX_OCU_NB","SEX_T","OCU_ISCO08_7","2018",239.319,,,,"R1:3513"
"CRI","BA:12883","EMP_TEMP_SEX_OCU_NB","SEX_T","OCU_ISCO08_8","2018",179.727,,,,"R1:3513"
"CRI","BA:12883","EMP_TEMP_SEX_OCU_NB","SEX_T","OCU_ISCO08_9","2018",545.818,,,,"R1:3513"
"CRI","BA:12883","EMP_TEMP_SEX_OCU_NB","SEX_T","OCU_ISCO08_X","2018",100.922,,,,"R1:3513"
"CRI","BA:12883","EMP_TEMP_SEX_OCU_NB","SEX_T","OCU_SKILL_TOTAL","2017",2118.331,,,,"R1:3513"
"CRI","BA:12883","EMP_TEMP_SEX_OCU_NB","SEX_T","OCU_SKILL_L3-4","2017",398.381,,,,"R1:3513"
"CRI","BA:12883","EMP_TEMP_SEX_OCU_NB","SEX_T","OCU_SKILL_L2","2017",1189.133,,,,"R1:3513"
"CRI","BA:12883","EMP_TEMP_SEX_OCU_NB","SEX_T","OCU_SKILL_L1","2017",512.081,,,,"R1:3513"
"CRI","BA:12883","EMP_TEMP_SEX_OCU_NB","SEX_T","OCU_SKILL_X","2017",18.736,,,,"R1:3513"
"CRI","BA:12883","EMP_TEMP_SEX_OCU_NB","SEX_T","OCU_ISCO08_TOTAL","2017",2118.331,,,,"R1:3513"
"CRI","BA:12883","EMP_TEMP_SEX_OCU_NB","SEX_T","OCU_ISCO08_1","2017",36.778,,,,"R1:3513"
"CRI","BA:12883","EMP_TEMP_SEX_OCU_NB","SEX_T","OCU_ISCO08_2","2017",199.267,,,,"R1:3513"
"CRI","BA:12883","EMP_TEMP_SEX_OCU_NB","SEX_T","OCU_ISCO08_3","2017",175.025,,,,"R1:3513"
"CRI","BA:12883","EMP_TEMP_SEX_OCU_NB","SEX_T","OCU_ISCO08_4","2017",168.086,,,,"R1:3513"
"CRI","BA:12883","EMP_TEMP_SEX_OCU_NB","SEX_T","OCU_ISCO08_5","2017",477.96,,,,"R1:3513"
"CRI","BA:12883","EMP_TEMP_SEX_OCU_NB","SEX_T","OCU_ISCO08_6","2017",82.086,,,,"R1:3513"
"CRI","BA:12883","EMP_TEMP_SEX_OCU_NB","SEX_T","OCU_ISCO08_7","2017",196.37,,,,"R1:3513"
"CRI","BA:12883","EMP_TEMP_SEX_OCU_NB","SEX_T","OCU_ISCO08_8","2017",160.07,,,,"R1:3513"
"CRI","BA:12883","EMP_TEMP_SEX_OCU_NB","SEX_T","OCU_ISCO08_9","2017",536.858,,,,"R1:3513"
"CRI","BA:12883","EMP_TEMP_SEX_OCU_NB","SEX_T","OCU_ISCO08_X","2017",85.831,,,,"R1:3513"
"CRI","BA:12883","EMP_TEMP_SEX_OCU_NB","SEX_T","OCU_SKILL_TOTAL","2016",2072.883,,,,"R1:3513"
"CRI","BA:12883","EMP_TEMP_SEX_OCU_NB","SEX_T","OCU_SKILL_L3-4","2016",430.944,,,,"R1:3513"
"CRI","BA:12883","EMP_TEMP_SEX_OCU_NB","SEX_T","OCU_SKILL_L2","2016",1144.246,,,,"R1:3513"
"CRI","BA:12883","EMP_TEMP_SEX_OCU_NB","SEX_T","OCU_SKILL_L1","2016",492.387,,,,"R1:3513"
"CRI","BA:12883","EMP_TEMP_SEX_OCU_NB","SEX_T","OCU_SKILL_X","2016",5.306,,,,"R1:3513"
"CRI","BA:12883","EMP_TEMP_SEX_OCU_NB","SEX_T","OCU_SKILL_TOTAL","2015",2137.792,,,,"R1:3513"
"CRI","BA:12883","EMP_TEMP_SEX_OCU_NB","SEX_T","OCU_SKILL_L3-4","2015",435.711,,,,"R1:3513"
"CRI","BA:12883","EMP_TEMP_SEX_OCU_NB","SEX_T","OCU_SKILL_L2","2015",1188.613,,,,"R1:3513"
"CRI","BA:12883","EMP_TEMP_SEX_OCU_NB","SEX_T","OCU_SKILL_L1","2015",508.336,,,,"R1:3513"
"CRI","BA:12883","EMP_TEMP_SEX_OCU_NB","SEX_T","OCU_SKILL_X","2015",5.132,,,,"R1:3513"
"CRI","BA:12883","EMP_TEMP_SEX_OCU_NB","SEX_T","OCU_SKILL_TOTAL","2014",2145.535,,,,"R1:3513"
"CRI","BA:12883","EMP_TEMP_SEX_OCU_NB","SEX_T","OCU_SKILL_L3-4","2014",423.221,,,,"R1:3513"
"CRI","BA:12883","EMP_TEMP_SEX_OCU_NB","SEX_T","OCU_SKILL_L2","2014",1231.285,,,,"R1:3513"
"CRI","BA:12883","EMP_TEMP_SEX_OCU_NB","SEX_T","OCU_SKILL_L1","2014",485.672,,,,"R1:3513"
"CRI","BA:12883","EMP_TEMP_SEX_OCU_NB","SEX_T","OCU_SKILL_X","2014",5.356,,,,"R1:3513"
"CRI","BA:12883","EMP_TEMP_SEX_OCU_NB","SEX_T","OCU_SKILL_TOTAL","2013",2097.462,,,,"R1:3513"
"CRI","BA:12883","EMP_TEMP_SEX_OCU_NB","SEX_T","OCU_SKILL_L3-4","2013",444.45,,,,"R1:3513"
"CRI","BA:12883","EMP_TEMP_SEX_OCU_NB","SEX_T","OCU_SKILL_L2","2013",1200.788,,,,"R1:3513"
"CRI","BA:12883","EMP_TEMP_SEX_OCU_NB","SEX_T","OCU_SKILL_L1","2013",446.777,,,,"R1:3513"
"CRI","BA:12883","EMP_TEMP_SEX_OCU_NB","SEX_T","OCU_SKILL_X","2013",5.447,,,,"R1:3513"
"CRI","BA:12883","EMP_TEMP_SEX_OCU_NB","SEX_T","OCU_SKILL_TOTAL","2012",2061.816,,,,"R1:3513"
"CRI","BA:12883","EMP_TEMP_SEX_OCU_NB","SEX_T","OCU_SKILL_L3-4","2012",485.439,,,,"R1:3513"
"CRI","BA:12883","EMP_TEMP_SEX_OCU_NB","SEX_T","OCU_SKILL_L2","2012",1144.864,,,,"R1:3513"
"CRI","BA:12883","EMP_TEMP_SEX_OCU_NB","SEX_T","OCU_SKILL_L1","2012",427.253,,,,"R1:3513"
"CRI","BA:12883","EMP_TEMP_SEX_OCU_NB","SEX_T","OCU_SKILL_X","2012",4.26,,,,"R1:3513"
"CRI","BA:12883","EMP_TEMP_SEX_OCU_NB","SEX_T","OCU_SKILL_TOTAL","2011",1897.319,"B",,"I11:264","R1:3513"
"CRI","BA:12883","EMP_TEMP_SEX_OCU_NB","SEX_T","OCU_SKILL_L3-4","2011",474.709,"B",,"I11:264","R1:3513"
"CRI","BA:12883","EMP_TEMP_SEX_OCU_NB","SEX_T","OCU_SKILL_L2","2011",1042.189,"B",,"I11:264","R1:3513"
"CRI","BA:12883","EMP_TEMP_SEX_OCU_NB","SEX_T","OCU_SKILL_L1","2011",372.988,"B",,"I11:264","R1:3513"
"CRI","BA:12883","EMP_TEMP_SEX_OCU_NB","SEX_T","OCU_SKILL_X","2011",7.433,"B",,"I11:264","R1:3513"
"CRI","BX:142","EMP_TEMP_SEX_OCU_NB","SEX_T","OCU_SKILL_TOTAL","2010",1907.507,,,,"R1:3513"
"CRI","BX:142","EMP_TEMP_SEX_OCU_NB","SEX_T","OCU_SKILL_L3-4","2010",522.33,,,,"R1:3513"
"CRI","BX:142","EMP_TEMP_SEX_OCU_NB","SEX_T","OCU_SKILL_L2","2010",894.456,,,,"R1:3513"
"CRI","BX:142","EMP_TEMP_SEX_OCU_NB","SEX_T","OCU_SKILL_L1","2010",479.38,,,,"R1:3513"
"CRI","BX:142","EMP_TEMP_SEX_OCU_NB","SEX_T","OCU_SKILL_X","2010",11.341,,,,"R1:3513"
"CRI","BX:142","EMP_TEMP_SEX_OCU_NB","SEX_T","OCU_ISCO88_TOTAL","2010",1907.507,,,,"R1:3513"
"CRI","BX:142","EMP_TEMP_SEX_OCU_NB","SEX_T","OCU_ISCO88_1","2010",73.621,,,,"R1:3513"
"CRI","BX:142","EMP_TEMP_SEX_OCU_NB","SEX_T","OCU_ISCO88_2","2010",204.465,,,,"R1:3513"
"CRI","BX:142","EMP_TEMP_SEX_OCU_NB","SEX_T","OCU_ISCO88_3","2010",244.244,,,,"R1:3513"
"CRI","BX:142","EMP_TEMP_SEX_OCU_NB","SEX_T","OCU_ISCO88_4","2010",167.775,,,,"R1:3513"
"CRI","BX:142","EMP_TEMP_SEX_OCU_NB","SEX_T","OCU_ISCO88_5","2010",308.541,,,,"R1:3513"
"CRI","BX:142","EMP_TEMP_SEX_OCU_NB","SEX_T","OCU_ISCO88_6","2010",72.994,,,,"R1:3513"
"CRI","BX:142","EMP_TEMP_SEX_OCU_NB","SEX_T","OCU_ISCO88_7","2010",193.826,,,,"R1:3513"
"CRI","BX:142","EMP_TEMP_SEX_OCU_NB","SEX_T","OCU_ISCO88_8","2010",151.32,,,,"R1:3513"
"CRI","BX:142","EMP_TEMP_SEX_OCU_NB","SEX_T","OCU_ISCO88_9","2010",479.38,,,,"R1:3513"
"CRI","BX:142","EMP_TEMP_SEX_OCU_NB","SEX_T","OCU_ISCO88_X","2010",11.341,,,,"R1:3513"
"CRI","BX:7407","EMP_TEMP_SEX_OCU_NB","SEX_T","OCU_SKILL_TOTAL","2009",1950.014,"B",,"I11:264","R1:3513"
"CRI","BX:7407","EMP_TEMP_SEX_OCU_NB","SEX_T","OCU_SKILL_L3-4","2009",421.495,"B",,"I11:264","R1:3513"
"CRI","BX:7407","EMP_TEMP_SEX_OCU_NB","SEX_T","OCU_SKILL_L2","2009",925.081,"B",,"I11:264","R1:3513"
"CRI","BX:7407","EMP_TEMP_SEX_OCU_NB","SEX_T","OCU_SKILL_L1","2009",479.605,"B",,"I11:264","R1:3513"
"CRI","BX:7407","EMP_TEMP_SEX_OCU_NB","SEX_T","OCU_SKILL_X","2009",123.833,"B",,"I11:264","R1:3513"
"CRI","BX:7407","EMP_TEMP_SEX_OCU_NB","SEX_T","OCU_ISCO88_TOTAL","2009",1950.014,"B",,"I11:264","R1:3513"
"CRI","BX:7407","EMP_TEMP_SEX_OCU_NB","SEX_T","OCU_ISCO88_1","2009",,"U",,"I11:264","R1:3513"
"CRI","BX:7407","EMP_TEMP_SEX_OCU_NB","SEX_T","OCU_ISCO88_2","2009",209.16,"B",,"I11:264","R1:3513"
"CRI","BX:7407","EMP_TEMP_SEX_OCU_NB","SEX_T","OCU_ISCO88_3","2009",212.086,"B",,"I11:264","R1:3513"
"CRI","BX:7407","EMP_TEMP_SEX_OCU_NB","SEX_T","OCU_ISCO88_4","2009",173.6,"B",,"I11:264","R1:3513"
"CRI","BX:7407","EMP_TEMP_SEX_OCU_NB","SEX_T","OCU_ISCO88_5","2009",308.884,"B",,"I11:264","R1:3513"
"CRI","BX:7407","EMP_TEMP_SEX_OCU_NB","SEX_T","OCU_ISCO88_6","2009",72.432,"B",,"I11:264","R1:3513"
"CRI","BX:7407","EMP_TEMP_SEX_OCU_NB","SEX_T","OCU_ISCO88_7","2009",198.267,"B",,"I11:264","R1:3513"
"CRI","BX:7407","EMP_TEMP_SEX_OCU_NB","SEX_T","OCU_ISCO88_8","2009",171.898,"B",,"I11:264","R1:3513"
"CRI","BX:7407","EMP_TEMP_SEX_OCU_NB","SEX_T","OCU_ISCO88_9","2009",479.605,"B",,"I11:264","R1:3513"
"CRI","BX:7407","EMP_TEMP_SEX_OCU_NB","SEX_T","OCU_ISCO88_0","2009",2.342,"B",,"I11:264","R1:3513"
"CRI","BX:7407","EMP_TEMP_SEX_OCU_NB","SEX_T","OCU_ISCO88_X","2009",121.491,"B",,"I11:264","R1:3513"
"CRI","BX:142","EMP_TEMP_SEX_OCU_NB","SEX_T","OCU_SKILL_TOTAL","2008",1957.708,,,,"S3:18_T2:81"
"CRI","BX:142","EMP_TEMP_SEX_OCU_NB","SEX_T","OCU_SKILL_L3-4","2008",536.981,,,,"S3:18_T2:81"
"CRI","BX:142","EMP_TEMP_SEX_OCU_NB","SEX_T","OCU_SKILL_L2","2008",937.317,,,,"S3:18_T2:81"
"CRI","BX:142","EMP_TEMP_SEX_OCU_NB","SEX_T","OCU_SKILL_L1","2008",477.76,,,,"S3:18_T2:81"
"CRI","BX:142","EMP_TEMP_SEX_OCU_NB","SEX_T","OCU_ISCO88_TOTAL","2008",1957.708,,,,"S3:18_T2:81"
"CRI","BX:142","EMP_TEMP_SEX_OCU_NB","SEX_T","OCU_ISCO88_1","2008",65.769,,,,"S3:18_T2:81"
"CRI","BX:142","EMP_TEMP_SEX_OCU_NB","SEX_T","OCU_ISCO88_2","2008",209.281,,,,"S3:18_T2:81"
"CRI","BX:142","EMP_TEMP_SEX_OCU_NB","SEX_T","OCU_ISCO88_3","2008",261.931,,,,"S3:18_T2:81"
"CRI","BX:142","EMP_TEMP_SEX_OCU_NB","SEX_T","OCU_ISCO88_4","2008",162.689,,,,"S3:18_T2:81"
"CRI","BX:142","EMP_TEMP_SEX_OCU_NB","SEX_T","OCU_ISCO88_5","2008",302.02,,,,"S3:18_T2:81"
"CRI","BX:142","EMP_TEMP_SEX_OCU_NB","SEX_T","OCU_ISCO88_6","2008",78.291,,,,"S3:18_T2:81"
"CRI","BX:142","EMP_TEMP_SEX_OCU_NB","SEX_T","OCU_ISCO88_7","2008",222.271,,,,"S3:18_T2:81"
"CRI","BX:142","EMP_TEMP_SEX_OCU_NB","SEX_T","OCU_ISCO88_8","2008",172.046,,,,"S3:18_T2:81"
"CRI","BX:142","EMP_TEMP_SEX_OCU_NB","SEX_T","OCU_ISCO88_9","2008",477.76,,,,"S3:18_T2:81"
"CRI","BX:142","EMP_TEMP_SEX_OCU_NB","SEX_T","OCU_ISCO88_X","2008",5.65,,,,"S3:18_T2:81"
"CRI","BX:142","EMP_TEMP_SEX_OCU_NB","SEX_T","OCU_SKILL_TOTAL","2007",1925.7,,,,"S3:18_T2:81"
"CRI","BX:142","EMP_TEMP_SEX_OCU_NB","SEX_T","OCU_SKILL_L3-4","2007",484.2,,,,"S3:18_T2:81"
"CRI","BX:142","EMP_TEMP_SEX_OCU_NB","SEX_T","OCU_SKILL_L2","2007",914.9,,,,"S3:18_T2:81"
"CRI","BX:142","EMP_TEMP_SEX_OCU_NB","SEX_T","OCU_SKILL_L1","2007",521.3,,,,"S3:18_T2:81"
"CRI","BX:142","EMP_TEMP_SEX_OCU_NB","SEX_T","OCU_ISCO88_TOTAL","2007",1925.7,,,,"S3:18_T2:81"
"CRI","BX:142","EMP_TEMP_SEX_OCU_NB","SEX_T","OCU_ISCO88_1","2007",65.2,,,,"S3:18_T2:81"
"CRI","BX:142","EMP_TEMP_SEX_OCU_NB","SEX_T","OCU_ISCO88_2","2007",190.6,,,,"S3:18_T2:81"
"CRI","BX:142","EMP_TEMP_SEX_OCU_NB","SEX_T","OCU_ISCO88_3","2007",228.4,,,,"S3:18_T2:81"
"CRI","BX:142","EMP_TEMP_SEX_OCU_NB","SEX_T","OCU_ISCO88_4","2007",162.4,,,,"S3:18_T2:81"
"CRI","BX:142","EMP_TEMP_SEX_OCU_NB","SEX_T","OCU_ISCO88_5","2007",282.4,,,,"S3:18_T2:81"
"CRI","BX:142","EMP_TEMP_SEX_OCU_NB","SEX_T","OCU_ISCO88_6","2007",81.2,,,,"S3:18_T2:81"
"CRI","BX:142","EMP_TEMP_SEX_OCU_NB","SEX_T","OCU_ISCO88_7","2007",219.6,,,,"S3:18_T2:81"
"CRI","BX:142","EMP_TEMP_SEX_OCU_NB","SEX_T","OCU_ISCO88_8","2007",169.3,,,,"S3:18_T2:81"
"CRI","BX:142","EMP_TEMP_SEX_OCU_NB","SEX_T","OCU_ISCO88_9","2007",521.3,,,,"S3:18_T2:81"
"CRI","BX:142","EMP_TEMP_SEX_OCU_NB","SEX_T","OCU_ISCO88_X","2007",5.2,,,,"S3:18_T2:81"
"CRI","BX:142","EMP_TEMP_SEX_OCU_NB","SEX_T","OCU_SKILL_TOTAL","2006",1829.928,,,,"S3:18_T2:81"
"CRI","BX:142","EMP_TEMP_SEX_OCU_NB","SEX_T","OCU_SKILL_L3-4","2006",451.779,,,,"S3:18_T2:81"
"CRI","BX:142","EMP_TEMP_SEX_OCU_NB","SEX_T","OCU_SKILL_L2","2006",877.872,,,,"S3:18_T2:81"
"CRI","BX:142","EMP_TEMP_SEX_OCU_NB","SEX_T","OCU_SKILL_L1","2006",497.535,,,,"S3:18_T2:81"
"CRI","BX:142","EMP_TEMP_SEX_OCU_NB","SEX_T","OCU_ISCO88_TOTAL","2006",1829.928,,,,"S3:18_T2:81"
"CRI","BX:142","EMP_TEMP_SEX_OCU_NB","SEX_T","OCU_ISCO88_1","2006",49.57,,,,"S3:18_T2:81"
"CRI","BX:142","EMP_TEMP_SEX_OCU_NB","SEX_T","OCU_ISCO88_2","2006",190.829,,,,"S3:18_T2:81"
"CRI","BX:142","EMP_TEMP_SEX_OCU_NB","SEX_T","OCU_ISCO88_3","2006",211.38,,,,"S3:18_T2:81"
"CRI","BX:142","EMP_TEMP_SEX_OCU_NB","SEX_T","OCU_ISCO88_4","2006",138.855,,,,"S3:18_T2:81"
"CRI","BX:142","EMP_TEMP_SEX_OCU_NB","SEX_T","OCU_ISCO88_5","2006",286.13,,,,"S3:18_T2:81"
"CRI","BX:142","EMP_TEMP_SEX_OCU_NB","SEX_T","OCU_ISCO88_6","2006",72.373,,,,"S3:18_T2:81"
"CRI","BX:142","EMP_TEMP_SEX_OCU_NB","SEX_T","OCU_ISCO88_7","2006",220.499,,,,"S3:18_T2:81"
"CRI","BX:142","EMP_TEMP_SEX_OCU_NB","SEX_T","OCU_ISCO88_8","2006",160.015,,,,"S3:18_T2:81"
"CRI","BX:142","EMP_TEMP_SEX_OCU_NB","SEX_T","OCU_ISCO88_9","2006",497.535,,,,"S3:18_T2:81"
"CRI","BX:142","EMP_TEMP_SEX_OCU_NB","SEX_T","OCU_ISCO88_X","2006",2.742,,,,"S3:18_T2:81"
"CRI","BX:142","EMP_TEMP_SEX_OCU_NB","SEX_T","OCU_SKILL_TOTAL","2005",1776.73,,,,"S3:18_T2:81"
"CRI","BX:142","EMP_TEMP_SEX_OCU_NB","SEX_T","OCU_SKILL_L3-4","2005",432.07,,,,"S3:18_T2:81"
"CRI","BX:142","EMP_TEMP_SEX_OCU_NB","SEX_T","OCU_SKILL_L2","2005",857.681,,,,"S3:18_T2:81"
"CRI","BX:142","EMP_TEMP_SEX_OCU_NB","SEX_T","OCU_SKILL_L1","2005",483.555,,,,"S3:18_T2:81"
"CRI","BX:142","EMP_TEMP_SEX_OCU_NB","SEX_T","OCU_ISCO88_TOTAL","2005",1776.73,,,,"S3:18_T2:81"
"CRI","BX:142","EMP_TEMP_SEX_OCU_NB","SEX_T","OCU_ISCO88_1","2005",50.37,,,,"S3:18_T2:81"
"CRI","BX:142","EMP_TEMP_SEX_OCU_NB","SEX_T","OCU_ISCO88_2","2005",177.56,,,,"S3:18_T2:81"
"CRI","BX:142","EMP_TEMP_SEX_OCU_NB","SEX_T","OCU_ISCO88_3","2005",204.14,,,,"S3:18_T2:81"
"CRI","BX:142","EMP_TEMP_SEX_OCU_NB","SEX_T","OCU_ISCO88_4","2005",133.146,,,,"S3:18_T2:81"
"CRI","BX:142","EMP_TEMP_SEX_OCU_NB","SEX_T","OCU_ISCO88_5","2005",284.441,,,,"S3:18_T2:81"
"CRI","BX:142","EMP_TEMP_SEX_OCU_NB","SEX_T","OCU_ISCO88_6","2005",77.882,,,,"S3:18_T2:81"
"CRI","BX:142","EMP_TEMP_SEX_OCU_NB","SEX_T","OCU_ISCO88_7","2005",207.632,,,,"S3:18_T2:81"
"CRI","BX:142","EMP_TEMP_SEX_OCU_NB","SEX_T","OCU_ISCO88_8","2005",154.58,,,,"S3:18_T2:81"
"CRI","BX:142","EMP_TEMP_SEX_OCU_NB","SEX_T","OCU_ISCO88_9","2005",483.555,,,,"S3:18_T2:81"
"CRI","BX:142","EMP_TEMP_SEX_OCU_NB","SEX_T","OCU_ISCO88_X","2005",3.6,,,,"S3:18_T2:81"
"CRI","BX:142","EMP_TEMP_SEX_OCU_NB","SEX_T","OCU_SKILL_TOTAL","2004",1653.879,,,,"S3:18_T2:81"
"CRI","BX:142","EMP_TEMP_SEX_OCU_NB","SEX_T","OCU_SKILL_L3-4","2004",401.19,,,,"S3:18_T2:81"
"CRI","BX:142","EMP_TEMP_SEX_OCU_NB","SEX_T","OCU_SKILL_L2","2004",807.6,,,,"S3:18_T2:81"
"CRI","BX:142","EMP_TEMP_SEX_OCU_NB","SEX_T","OCU_SKILL_L1","2004",442.91,,,,"S3:18_T2:81"
"CRI","BX:142","EMP_TEMP_SEX_OCU_NB","SEX_T","OCU_ISCO88_TOTAL","2004",1653.879,,,,"S3:18_T2:81"
"CRI","BX:142","EMP_TEMP_SEX_OCU_NB","SEX_T","OCU_ISCO88_1","2004",44.77,,,,"S3:18_T2:81"
"CRI","BX:142","EMP_TEMP_SEX_OCU_NB","SEX_T","OCU_ISCO88_2","2004",165.73,,,,"S3:18_T2:81"
"CRI","BX:142","EMP_TEMP_SEX_OCU_NB","SEX_T","OCU_ISCO88_3","2004",190.69,,,,"S3:18_T2:81"
"CRI","BX:142","EMP_TEMP_SEX_OCU_NB","SEX_T","OCU_ISCO88_4","2004",126.93,,,,"S3:18_T2:81"
"CRI","BX:142","EMP_TEMP_SEX_OCU_NB","SEX_T","OCU_ISCO88_5","2004",258.19,,,,"S3:18_T2:81"
"CRI","BX:142","EMP_TEMP_SEX_OCU_NB","SEX_T","OCU_ISCO88_6","2004",80.79,,,,"S3:18_T2:81"
"CRI","BX:142","EMP_TEMP_SEX_OCU_NB","SEX_T","OCU_ISCO88_7","2004",197.31,,,,"S3:18_T2:81"
"CRI","BX:142","EMP_TEMP_SEX_OCU_NB","SEX_T","OCU_ISCO88_8","2004",144.38,,,,"S3:18_T2:81"
"CRI","BX:142","EMP_TEMP_SEX_OCU_NB","SEX_T","OCU_ISCO88_9","2004",442.91,,,,"S3:18_T2:81"
"CRI","BX:142","EMP_TEMP_SEX_OCU_NB","SEX_T","OCU_ISCO88_X","2004",2.2,,,,"S3:18_T2:81"
"CRI","BX:142","EMP_TEMP_SEX_OCU_NB","SEX_T","OCU_SKILL_TOTAL","2003",1640.387,,,,"S3:18_T2:81"
"CRI","BX:142","EMP_TEMP_SEX_OCU_NB","SEX_T","OCU_SKILL_L3-4","2003",398.569,,,,"S3:18_T2:81"
"CRI","BX:142","EMP_TEMP_SEX_OCU_NB","SEX_T","OCU_SKILL_L2","2003",788.251,,,,"S3:18_T2:81"
"CRI","BX:142","EMP_TEMP_SEX_OCU_NB","SEX_T","OCU_SKILL_L1","2003",448.957,,,,"S3:18_T2:81"
"CRI","BX:142","EMP_TEMP_SEX_OCU_NB","SEX_T","OCU_ISCO88_TOTAL","2003",1640.387,,,,"S3:18_T2:81"
"CRI","BX:142","EMP_TEMP_SEX_OCU_NB","SEX_T","OCU_ISCO88_1","2003",40.389,,,,"S3:18_T2:81"
"CRI","BX:142","EMP_TEMP_SEX_OCU_NB","SEX_T","OCU_ISCO88_2","2003",164.523,,,,"S3:18_T2:81"
"CRI","BX:142","EMP_TEMP_SEX_OCU_NB","SEX_T","OCU_ISCO88_3","2003",193.657,,,,"S3:18_T2:81"
"CRI","BX:142","EMP_TEMP_SEX_OCU_NB","SEX_T","OCU_ISCO88_4","2003",122.177,,,,"S3:18_T2:81"
"CRI","BX:142","EMP_TEMP_SEX_OCU_NB","SEX_T","OCU_ISCO88_5","2003",262.227,,,,"S3:18_T2:81"
"CRI","BX:142","EMP_TEMP_SEX_OCU_NB","SEX_T","OCU_ISCO88_6","2003",75.204,,,,"S3:18_T2:81"
"CRI","BX:142","EMP_TEMP_SEX_OCU_NB","SEX_T","OCU_ISCO88_7","2003",189.547,,,,"S3:18_T2:81"
"CRI","BX:142","EMP_TEMP_SEX_OCU_NB","SEX_T","OCU_ISCO88_8","2003",139.096,,,,"S3:18_T2:81"
"CRI","BX:142","EMP_TEMP_SEX_OCU_NB","SEX_T","OCU_ISCO88_9","2003",448.957,,,,"S3:18_T2:81"
"CRI","BX:142","EMP_TEMP_SEX_OCU_NB","SEX_T","OCU_ISCO88_X","2003",4.679,,,,"S3:18_T2:81"
"CRI","BX:142","EMP_TEMP_SEX_OCU_NB","SEX_T","OCU_SKILL_TOTAL","2002",1586.491,,,,"S3:18_T2:81"
"CRI","BX:142","EMP_TEMP_SEX_OCU_NB","SEX_T","OCU_SKILL_L3-4","2002",367.741,,,,"S3:18_T2:81"
"CRI","BX:142","EMP_TEMP_SEX_OCU_NB","SEX_T","OCU_SKILL_L2","2002",780.008,,,,"S3:18_T2:81"
"CRI","BX:142","EMP_TEMP_SEX_OCU_NB","SEX_T","OCU_SKILL_L1","2002",432.197,,,,"S3:18_T2:81"
"CRI","BX:142","EMP_TEMP_SEX_OCU_NB","SEX_T","OCU_ISCO88_TOTAL","2002",1586.491,,,,"S3:18_T2:81"
"CRI","BX:142","EMP_TEMP_SEX_OCU_NB","SEX_T","OCU_ISCO88_1","2002",36.279,,,,"S3:18_T2:81"
"CRI","BX:142","EMP_TEMP_SEX_OCU_NB","SEX_T","OCU_ISCO88_2","2002",151.061,,,,"S3:18_T2:81"
"CRI","BX:142","EMP_TEMP_SEX_OCU_NB","SEX_T","OCU_ISCO88_3","2002",180.401,,,,"S3:18_T2:81"
"CRI","BX:142","EMP_TEMP_SEX_OCU_NB","SEX_T","OCU_ISCO88_4","2002",113.039,,,,"S3:18_T2:81"
"CRI","BX:142","EMP_TEMP_SEX_OCU_NB","SEX_T","OCU_ISCO88_5","2002",257.418,,,,"S3:18_T2:81"
"CRI","BX:142","EMP_TEMP_SEX_OCU_NB","SEX_T","OCU_ISCO88_6","2002",76.369,,,,"S3:18_T2:81"
"CRI","BX:142","EMP_TEMP_SEX_OCU_NB","SEX_T","OCU_ISCO88_7","2002",190.771,,,,"S3:18_T2:81"
"CRI","BX:142","EMP_TEMP_SEX_OCU_NB","SEX_T","OCU_ISCO88_8","2002",142.411,,,,"S3:18_T2:81"
"CRI","BX:142","EMP_TEMP_SEX_OCU_NB","SEX_T","OCU_ISCO88_9","2002",432.197,,,,"S3:18_T2:81"
"CRI","BX:142","EMP_TEMP_SEX_OCU_NB","SEX_T","OCU_ISCO88_X","2002",6.554,,,,"S3:18_T2:81"
"CRI","BX:142","EMP_TEMP_SEX_OCU_NB","SEX_T","OCU_SKILL_TOTAL","2001",1552.924,,,,"S3:18_T2:81"
"CRI","BX:142","EMP_TEMP_SEX_OCU_NB","SEX_T","OCU_SKILL_L3-4","2001",364.593,,,,"S3:18_T2:81"
"CRI","BX:142","EMP_TEMP_SEX_OCU_NB","SEX_T","OCU_SKILL_L2","2001",759.817,,,,"S3:18_T2:81"
"CRI","BX:142","EMP_TEMP_SEX_OCU_NB","SEX_T","OCU_SKILL_L1","2001",423.333,,,,"S3:18_T2:81"
"CRI","BX:142","EMP_TEMP_SEX_OCU_NB","SEX_T","OCU_ISCO88_TOTAL","2001",1552.924,,,,"S3:18_T2:81"
"CRI","BX:142","EMP_TEMP_SEX_OCU_NB","SEX_T","OCU_ISCO88_1","2001",37.149,,,,"S3:18_T2:81"
"CRI","BX:142","EMP_TEMP_SEX_OCU_NB","SEX_T","OCU_ISCO88_2","2001",146.839,,,,"S3:18_T2:81"
"CRI","BX:142","EMP_TEMP_SEX_OCU_NB","SEX_T","OCU_ISCO88_3","2001",180.605,,,,"S3:18_T2:81"
"CRI","BX:142","EMP_TEMP_SEX_OCU_NB","SEX_T","OCU_ISCO88_4","2001",111.523,,,,"S3:18_T2:81"
"CRI","BX:142","EMP_TEMP_SEX_OCU_NB","SEX_T","OCU_ISCO88_5","2001",239.883,,,,"S3:18_T2:81"
"CRI","BX:142","EMP_TEMP_SEX_OCU_NB","SEX_T","OCU_ISCO88_6","2001",77.451,,,,"S3:18_T2:81"
"CRI","BX:142","EMP_TEMP_SEX_OCU_NB","SEX_T","OCU_ISCO88_7","2001",182.825,,,,"S3:18_T2:81"
"CRI","BX:142","EMP_TEMP_SEX_OCU_NB","SEX_T","OCU_ISCO88_8","2001",148.135,,,,"S3:18_T2:81"
"CRI","BX:142","EMP_TEMP_SEX_OCU_NB","SEX_T","OCU_ISCO88_9","2001",423.333,,,,"S3:18_T2:81"
"CRI","BX:142","EMP_TEMP_SEX_OCU_NB","SEX_T","OCU_ISCO88_X","2001",5.181,,,,"S3:18_T2:81"
"CRI","BX:142","EMP_TEMP_SEX_OCU_NB","SEX_T","OCU_SKILL_TOTAL","2000",1318.625,,,,"S3:18_T2:81"
"CRI","BX:142","EMP_TEMP_SEX_OCU_NB","SEX_T","OCU_SKILL_L3-4","2000",230.14,,,,"S3:18_T2:81"
"CRI","BX:142","EMP_TEMP_SEX_OCU_NB","SEX_T","OCU_SKILL_L2","2000",1038.23,,,,"S3:18_T2:81"
"CRI","BX:142","EMP_TEMP_SEX_OCU_NB","SEX_T","OCU_SKILL_L1","2000",43.91,,,,"S3:18_T2:81"
"CRI","BX:142","EMP_TEMP_SEX_OCU_NB","SEX_T","OCU_ISCO88_TOTAL","2000",1318.625,,,,"S3:18_T2:81"
"CRI","BX:142","EMP_TEMP_SEX_OCU_NB","SEX_T","OCU_ISCO88_1","2000",74.68,,,,"S3:18_T2:81"
"CRI","BX:142","EMP_TEMP_SEX_OCU_NB","SEX_T","OCU_ISCO88_2","2000",91.94,,,,"S3:18_T2:81"
"CRI","BX:142","EMP_TEMP_SEX_OCU_NB","SEX_T","OCU_ISCO88_3","2000",63.52,,,,"S3:18_T2:81"
"CRI","BX:142","EMP_TEMP_SEX_OCU_NB","SEX_T","OCU_ISCO88_4","2000",48.09,,,,"S3:18_T2:81"
"CRI","BX:142","EMP_TEMP_SEX_OCU_NB","SEX_T","OCU_ISCO88_5","2000",410.88,,,,"S3:18_T2:81"
"CRI","BX:142","EMP_TEMP_SEX_OCU_NB","SEX_T","OCU_ISCO88_6","2000",66.86,,,,"S3:18_T2:81"
"CRI","BX:142","EMP_TEMP_SEX_OCU_NB","SEX_T","OCU_ISCO88_7","2000",248.94,,,,"S3:18_T2:81"
"CRI","BX:142","EMP_TEMP_SEX_OCU_NB","SEX_T","OCU_ISCO88_8","2000",263.46,,,,"S3:18_T2:81"
"CRI","BX:142","EMP_TEMP_SEX_OCU_NB","SEX_T","OCU_ISCO88_9","2000",43.91,,,,"S3:18_T2:81"
"CRI","BX:142","EMP_TEMP_SEX_OCU_NB","SEX_T","OCU_ISCO88_X","2000",6.3,,,,"S3:18_T2:81"
"DOM","BA:13413","EMP_TEMP_SEX_OCU_NB","SEX_T","OCU_SKILL_TOTAL","2025",5139.951,,,,"R1:3513"
"DOM","BA:13413","EMP_TEMP_SEX_OCU_NB","SEX_T","OCU_SKILL_L3-4","2025",949.202,,,,"R1:3513"
"DOM","BA:13413","EMP_TEMP_SEX_OCU_NB","SEX_T","OCU_SKILL_L2","2025",3245.091,,,,"R1:3513"
"DOM","BA:13413","EMP_TEMP_SEX_OCU_NB","SEX_T","OCU_SKILL_L1","2025",903.959,,,,"R1:3513"
"DOM","BA:13413","EMP_TEMP_SEX_OCU_NB","SEX_T","OCU_SKILL_X","2025",41.699,,,,"R1:3513"
"DOM","BA:13413","EMP_TEMP_SEX_OCU_NB","SEX_T","OCU_ISCO08_TOTAL","2025",5139.951,,,,"R1:3513"
"DOM","BA:13413","EMP_TEMP_SEX_OCU_NB","SEX_T","OCU_ISCO08_1","2025",142.849,,,,"R1:3513"
"DOM","BA:13413","EMP_TEMP_SEX_OCU_NB","SEX_T","OCU_ISCO08_2","2025",460.668,,,,"R1:3513"
"DOM","BA:13413","EMP_TEMP_SEX_OCU_NB","SEX_T","OCU_ISCO08_3","2025",345.685,,,,"R1:3513"
"DOM","BA:13413","EMP_TEMP_SEX_OCU_NB","SEX_T","OCU_ISCO08_4","2025",444.891,,,,"R1:3513"
"DOM","BA:13413","EMP_TEMP_SEX_OCU_NB","SEX_T","OCU_ISCO08_5","2025",1300.374,,,,"R1:3513"
"DOM","BA:13413","EMP_TEMP_SEX_OCU_NB","SEX_T","OCU_ISCO08_6","2025",217.695,,,,"R1:3513"
"DOM","BA:13413","EMP_TEMP_SEX_OCU_NB","SEX_T","OCU_ISCO08_7","2025",777.049,,,,"R1:3513"
"DOM","BA:13413","EMP_TEMP_SEX_OCU_NB","SEX_T","OCU_ISCO08_8","2025",505.082,,,,"R1:3513"
"DOM","BA:13413","EMP_TEMP_SEX_OCU_NB","SEX_T","OCU_ISCO08_9","2025",903.959,,,,"R1:3513"
"DOM","BA:13413","EMP_TEMP_SEX_OCU_NB","SEX_T","OCU_ISCO08_0","2025",41.699,,,,"R1:3513"
"DOM","BA:13413","EMP_TEMP_SEX_OCU_NB","SEX_T","OCU_SKILL_TOTAL","2024",5006.036,,,,"R1:3513"
"DOM","BA:13413","EMP_TEMP_SEX_OCU_NB","SEX_T","OCU_SKILL_L3-4","2024",878.803,,,,"R1:3513"
"DOM","BA:13413","EMP_TEMP_SEX_OCU_NB","SEX_T","OCU_SKILL_L2","2024",3200.303,,,,"R1:3513"
"DOM","BA:13413","EMP_TEMP_SEX_OCU_NB","SEX_T","OCU_SKILL_L1","2024",881.983,,,,"R1:3513"
"DOM","BA:13413","EMP_TEMP_SEX_OCU_NB","SEX_T","OCU_SKILL_X","2024",44.947,,,,"R1:3513"
"DOM","BA:13413","EMP_TEMP_SEX_OCU_NB","SEX_T","OCU_ISCO08_TOTAL","2024",5006.036,,,,"R1:3513"
"DOM","BA:13413","EMP_TEMP_SEX_OCU_NB","SEX_T","OCU_ISCO08_1","2024",124.753,,,,"R1:3513"
"DOM","BA:13413","EMP_TEMP_SEX_OCU_NB","SEX_T","OCU_ISCO08_2","2024",424.938,,,,"R1:3513"
"DOM","BA:13413","EMP_TEMP_SEX_OCU_NB","SEX_T","OCU_ISCO08_3","2024",329.112,,,,"R1:3513"
"DOM","BA:13413","EMP_TEMP_SEX_OCU_NB","SEX_T","OCU_ISCO08_4","2024",438.947,,,,"R1:3513"
"DOM","BA:13413","EMP_TEMP_SEX_OCU_NB","SEX_T","OCU_ISCO08_5","2024",1290.888,,,,"R1:3513"
"DOM","BA:13413","EMP_TEMP_SEX_OCU_NB","SEX_T","OCU_ISCO08_6","2024",222.309,,,,"R1:3513"
"DOM","BA:13413","EMP_TEMP_SEX_OCU_NB","SEX_T","OCU_ISCO08_7","2024",770.073,,,,"R1:3513"
"DOM","BA:13413","EMP_TEMP_SEX_OCU_NB","SEX_T","OCU_ISCO08_8","2024",478.086,,,,"R1:3513"
"DOM","BA:13413","EMP_TEMP_SEX_OCU_NB","SEX_T","OCU_ISCO08_9","2024",881.983,,,,"R1:3513"
"DOM","BA:13413","EMP_TEMP_SEX_OCU_NB","SEX_T","OCU_ISCO08_0","2024",44.947,,,,"R1:3513"
"DOM","BA:13413","EMP_TEMP_SEX_OCU_NB","SEX_T","OCU_SKILL_TOTAL","2023",4835.318,,,,"R1:3513"
"DOM","BA:13413","EMP_TEMP_SEX_OCU_NB","SEX_T","OCU_SKILL_L3-4","2023",819.252,,,,"R1:3513"
"DOM","BA:13413","EMP_TEMP_SEX_OCU_NB","SEX_T","OCU_SKILL_L2","2023",3088.164,,,,"R1:3513"
"DOM","BA:13413","EMP_TEMP_SEX_OCU_NB","SEX_T","OCU_SKILL_L1","2023",889.272,,,,"R1:3513"
"DOM","BA:13413","EMP_TEMP_SEX_OCU_NB","SEX_T","OCU_SKILL_X","2023",38.63,,,,"R1:3513"
"DOM","BA:13413","EMP_TEMP_SEX_OCU_NB","SEX_T","OCU_ISCO08_TOTAL","2023",4835.318,,,,"R1:3513"
"DOM","BA:13413","EMP_TEMP_SEX_OCU_NB","SEX_T","OCU_ISCO08_1","2023",104.955,,,,"R1:3513"
"DOM","BA:13413","EMP_TEMP_SEX_OCU_NB","SEX_T","OCU_ISCO08_2","2023",416.327,,,,"R1:3513"
"DOM","BA:13413","EMP_TEMP_SEX_OCU_NB","SEX_T","OCU_ISCO08_3","2023",297.969,,,,"R1:3513"
"DOM","BA:13413","EMP_TEMP_SEX_OCU_NB","SEX_T","OCU_ISCO08_4","2023",389.032,,,,"R1:3513"
"DOM","BA:13413","EMP_TEMP_SEX_OCU_NB","SEX_T","OCU_ISCO08_5","2023",1274.497,,,,"R1:3513"
"DOM","BA:13413","EMP_TEMP_SEX_OCU_NB","SEX_T","OCU_ISCO08_6","2023",205.029,,,,"R1:3513"
"DOM","BA:13413","EMP_TEMP_SEX_OCU_NB","SEX_T","OCU_ISCO08_7","2023",755.657,,,,"R1:3513"
"DOM","BA:13413","EMP_TEMP_SEX_OCU_NB","SEX_T","OCU_ISCO08_8","2023",463.949,,,,"R1:3513"
"DOM","BA:13413","EMP_TEMP_SEX_OCU_NB","SEX_T","OCU_ISCO08_9","2023",889.272,,,,"R1:3513"
"DOM","BA:13413","EMP_TEMP_SEX_OCU_NB","SEX_T","OCU_ISCO08_0","2023",38.63,,,,"R1:3513"
"DOM","BA:13413","EMP_TEMP_SEX_OCU_NB","SEX_T","OCU_SKILL_TOTAL","2022",4687.379,,,,"R1:3513"
"DOM","BA:13413","EMP_TEMP_SEX_OCU_NB","SEX_T","OCU_SKILL_L3-4","2022",740.903,,,,"R1:3513"
"DOM","BA:13413","EMP_TEMP_SEX_OCU_NB","SEX_T","OCU_SKILL_L2","2022",3047.803,,,,"R1:3513"
"DOM","BA:13413","EMP_TEMP_SEX_OCU_NB","SEX_T","OCU_SKILL_L1","2022",855.525,,,,"R1:3513"
"DOM","BA:13413","EMP_TEMP_SEX_OCU_NB","SEX_T","OCU_SKILL_X","2022",43.148,,,,"R1:3513"
"DOM","BA:13413","EMP_TEMP_SEX_OCU_NB","SEX_T","OCU_ISCO08_TOTAL","2022",4687.379,,,,"R1:3513"
"DOM","BA:13413","EMP_TEMP_SEX_OCU_NB","SEX_T","OCU_ISCO08_1","2022",89.994,,,,"R1:3513"
"DOM","BA:13413","EMP_TEMP_SEX_OCU_NB","SEX_T","OCU_ISCO08_2","2022",361.248,,,,"R1:3513"
"DOM","BA:13413","EMP_TEMP_SEX_OCU_NB","SEX_T","OCU_ISCO08_3","2022",289.662,,,,"R1:3513"
"DOM","BA:13413","EMP_TEMP_SEX_OCU_NB","SEX_T","OCU_ISCO08_4","2022",381.987,,,,"R1:3513"
"DOM","BA:13413","EMP_TEMP_SEX_OCU_NB","SEX_T","OCU_ISCO08_5","2022",1249.509,,,,"R1:3513"
"DOM","BA:13413","EMP_TEMP_SEX_OCU_NB","SEX_T","OCU_ISCO08_6","2022",227.759,,,,"R1:3513"
"DOM","BA:13413","EMP_TEMP_SEX_OCU_NB","SEX_T","OCU_ISCO08_7","2022",719.609,,,,"R1:3513"
"DOM","BA:13413","EMP_TEMP_SEX_OCU_NB","SEX_T","OCU_ISCO08_8","2022",468.939,,,,"R1:3513"
"DOM","BA:13413","EMP_TEMP_SEX_OCU_NB","SEX_T","OCU_ISCO08_9","2022",855.525,,,,"R1:3513"
"DOM","BA:13413","EMP_TEMP_SEX_OCU_NB","SEX_T","OCU_ISCO08_0","2022",43.148,,,,"R1:3513"
"DOM","BA:13413","EMP_TEMP_SEX_OCU_NB","SEX_T","OCU_SKILL_TOTAL","2021",4556.645,,,,"R1:3513"
"DOM","BA:13413","EMP_TEMP_SEX_OCU_NB","SEX_T","OCU_SKILL_L3-4","2021",692.076,,,,"R1:3513"
"DOM","BA:13413","EMP_TEMP_SEX_OCU_NB","SEX_T","OCU_SKILL_L2","2021",2950.146,,,,"R1:3513"
"DOM","BA:13413","EMP_TEMP_SEX_OCU_NB","SEX_T","OCU_SKILL_L1","2021",870.396,,,,"R1:3513"
"DOM","BA:13413","EMP_TEMP_SEX_OCU_NB","SEX_T","OCU_SKILL_X","2021",44.027,,,,"R1:3513"
"DOM","BA:13413","EMP_TEMP_SEX_OCU_NB","SEX_T","OCU_ISCO08_TOTAL","2021",4556.645,,,,"R1:3513"
"DOM","BA:13413","EMP_TEMP_SEX_OCU_NB","SEX_T","OCU_ISCO08_1","2021",97.649,,,,"R1:3513"
"DOM","BA:13413","EMP_TEMP_SEX_OCU_NB","SEX_T","OCU_ISCO08_2","2021",352.148,,,,"R1:3513"
"DOM","BA:13413","EMP_TEMP_SEX_OCU_NB","SEX_T","OCU_ISCO08_3","2021",242.279,,,,"R1:3513"
"DOM","BA:13413","EMP_TEMP_SEX_OCU_NB","SEX_T","OCU_ISCO08_4","2021",370.024,,,,"R1:3513"
"DOM","BA:13413","EMP_TEMP_SEX_OCU_NB","SEX_T","OCU_ISCO08_5","2021",1162.359,,,,"R1:3513"
"DOM","BA:13413","EMP_TEMP_SEX_OCU_NB","SEX_T","OCU_ISCO08_6","2021",231.926,,,,"R1:3513"
"DOM","BA:13413","EMP_TEMP_SEX_OCU_NB","SEX_T","OCU_ISCO08_7","2021",702.463,,,,"R1:3513"
"DOM","BA:13413","EMP_TEMP_SEX_OCU_NB","SEX_T","OCU_ISCO08_8","2021",483.373,,,,"R1:3513"
"DOM","BA:13413","EMP_TEMP_SEX_OCU_NB","SEX_T","OCU_ISCO08_9","2021",870.396,,,,"R1:3513"
"DOM","BA:13413","EMP_TEMP_SEX_OCU_NB","SEX_T","OCU_ISCO08_0","2021",44.027,,,,"R1:3513"
"DOM","BA:13413","EMP_TEMP_SEX_OCU_NB","SEX_T","OCU_SKILL_TOTAL","2020",4390.655,"B",,"I11:264","R1:3513"
"DOM","BA:13413","EMP_TEMP_SEX_OCU_NB","SEX_T","OCU_SKILL_L3-4","2020",684.005,"B",,"I11:264","R1:3513"
"DOM","BA:13413","EMP_TEMP_SEX_OCU_NB","SEX_T","OCU_SKILL_L2","2020",2810.039,"B",,"I11:264","R1:3513"
"DOM","BA:13413","EMP_TEMP_SEX_OCU_NB","SEX_T","OCU_SKILL_L1","2020",857.94,"B",,"I11:264","R1:3513"
"DOM","BA:13413","EMP_TEMP_SEX_OCU_NB","SEX_T","OCU_SKILL_X","2020",38.671,"B",,"I11:264","R1:3513"
"DOM","BA:13413","EMP_TEMP_SEX_OCU_NB","SEX_T","OCU_ISCO08_TOTAL","2020",4390.655,"B",,"I11:264","R1:3513"
"DOM","BA:13413","EMP_TEMP_SEX_OCU_NB","SEX_T","OCU_ISCO08_1","2020",104.943,"B",,"I11:264","R1:3513"
"DOM","BA:13413","EMP_TEMP_SEX_OCU_NB","SEX_T","OCU_ISCO08_2","2020",340.947,"B",,"I11:264","R1:3513"
"DOM","BA:13413","EMP_TEMP_SEX_OCU_NB","SEX_T","OCU_ISCO08_3","2020",238.115,"B",,"I11:264","R1:3513"
"DOM","BA:13413","EMP_TEMP_SEX_OCU_NB","SEX_T","OCU_ISCO08_4","2020",347.272,"B",,"I11:264","R1:3513"
"DOM","BA:13413","EMP_TEMP_SEX_OCU_NB","SEX_T","OCU_ISCO08_5","2020",1090.548,"B",,"I11:264","R1:3513"
"DOM","BA:13413","EMP_TEMP_SEX_OCU_NB","SEX_T","OCU_ISCO08_6","2020",232.299,"B",,"I11:264","R1:3513"
"DOM","BA:13413","EMP_TEMP_SEX_OCU_NB","SEX_T","OCU_ISCO08_7","2020",641.652,"B",,"I11:264","R1:3513"
"DOM","BA:13413","EMP_TEMP_SEX_OCU_NB","SEX_T","OCU_ISCO08_8","2020",498.267,"B",,"I11:264","R1:3513"
"DOM","BA:13413","EMP_TEMP_SEX_OCU_NB","SEX_T","OCU_ISCO08_9","2020",857.94,"B",,"I11:264","R1:3513"
"DOM","BA:13413","EMP_TEMP_SEX_OCU_NB","SEX_T","OCU_ISCO08_0","2020",38.671,"B",,"I11:264","R1:3513"
"DOM","BA:13413","EMP_TEMP_SEX_OCU_NB","SEX_T","OCU_SKILL_TOTAL","2019",4663.268,,,,"R1:3513"
"DOM","BA:13413","EMP_TEMP_SEX_OCU_NB","SEX_T","OCU_SKILL_L3-4","2019",778.516,,,,"R1:3513"
"DOM","BA:13413","EMP_TEMP_SEX_OCU_NB","SEX_T","OCU_SKILL_L2","2019",2957.025,,,,"R1:3513"
"DOM","BA:13413","EMP_TEMP_SEX_OCU_NB","SEX_T","OCU_SKILL_L1","2019",886.245,,,,"R1:3513"
"DOM","BA:13413","EMP_TEMP_SEX_OCU_NB","SEX_T","OCU_SKILL_X","2019",41.482,,,,"R1:3513"
"DOM","BA:13413","EMP_TEMP_SEX_OCU_NB","SEX_T","OCU_ISCO08_TOTAL","2019",4663.268,,,,"R1:3513"
"DOM","BA:13413","EMP_TEMP_SEX_OCU_NB","SEX_T","OCU_ISCO08_1","2019",118.632,,,,"R1:3513"
"DOM","BA:13413","EMP_TEMP_SEX_OCU_NB","SEX_T","OCU_ISCO08_2","2019",382.006,,,,"R1:3513"
"DOM","BA:13413","EMP_TEMP_SEX_OCU_NB","SEX_T","OCU_ISCO08_3","2019",277.878,,,,"R1:3513"
"DOM","BA:13413","EMP_TEMP_SEX_OCU_NB","SEX_T","OCU_ISCO08_4","2019",384.424,,,,"R1:3513"
"DOM","BA:13413","EMP_TEMP_SEX_OCU_NB","SEX_T","OCU_ISCO08_5","2019",1212.253,,,,"R1:3513"
"DOM","BA:13413","EMP_TEMP_SEX_OCU_NB","SEX_T","OCU_ISCO08_6","2019",249.904,,,,"R1:3513"
"DOM","BA:13413","EMP_TEMP_SEX_OCU_NB","SEX_T","OCU_ISCO08_7","2019",668.862,,,,"R1:3513"
"DOM","BA:13413","EMP_TEMP_SEX_OCU_NB","SEX_T","OCU_ISCO08_8","2019",441.582,,,,"R1:3513"
"DOM","BA:13413","EMP_TEMP_SEX_OCU_NB","SEX_T","OCU_ISCO08_9","2019",886.245,,,,"R1:3513"
"DOM","BA:13413","EMP_TEMP_SEX_OCU_NB","SEX_T","OCU_ISCO08_0","2019",39.877,,,,"R1:3513"
"DOM","BA:13413","EMP_TEMP_SEX_OCU_NB","SEX_T","OCU_ISCO08_X","2019",1.605,,,,"R1:3513"
"DOM","BA:13413","EMP_TEMP_SEX_OCU_NB","SEX_T","OCU_SKILL_TOTAL","2018",4539.256,,,,"R1:3513"
"DOM","BA:13413","EMP_TEMP_SEX_OCU_NB","SEX_T","OCU_SKILL_L3-4","2018",743.664,,,,"R1:3513"
"DOM","BA:13413","EMP_TEMP_SEX_OCU_NB","SEX_T","OCU_SKILL_L2","2018",2881.682,,,,"R1:3513"
"DOM","BA:13413","EMP_TEMP_SEX_OCU_NB","SEX_T","OCU_SKILL_L1","2018",884.186,,,,"R1:3513"
"DOM","BA:13413","EMP_TEMP_SEX_OCU_NB","SEX_T","OCU_SKILL_X","2018",29.724,,,,"R1:3513"
"DOM","BA:13413","EMP_TEMP_SEX_OCU_NB","SEX_T","OCU_ISCO08_TOTAL","2018",4539.256,,,,"R1:3513"
"DOM","BA:13413","EMP_TEMP_SEX_OCU_NB","SEX_T","OCU_ISCO08_1","2018",93.035,,,,"R1:3513"
"DOM","BA:13413","EMP_TEMP_SEX_OCU_NB","SEX_T","OCU_ISCO08_2","2018",391.903,,,,"R1:3513"
"DOM","BA:13413","EMP_TEMP_SEX_OCU_NB","SEX_T","OCU_ISCO08_3","2018",258.726,,,,"R1:3513"
"DOM","BA:13413","EMP_TEMP_SEX_OCU_NB","SEX_T","OCU_ISCO08_4","2018",357.338,,,,"R1:3513"
"DOM","BA:13413","EMP_TEMP_SEX_OCU_NB","SEX_T","OCU_ISCO08_5","2018",1167.711,,,,"R1:3513"
"DOM","BA:13413","EMP_TEMP_SEX_OCU_NB","SEX_T","OCU_ISCO08_6","2018",259.559,,,,"R1:3513"
"DOM","BA:13413","EMP_TEMP_SEX_OCU_NB","SEX_T","OCU_ISCO08_7","2018",684.328,,,,"R1:3513"
"DOM","BA:13413","EMP_TEMP_SEX_OCU_NB","SEX_T","OCU_ISCO08_8","2018",412.747,,,,"R1:3513"
"DOM","BA:13413","EMP_TEMP_SEX_OCU_NB","SEX_T","OCU_ISCO08_9","2018",884.186,,,,"R1:3513"
"DOM","BA:13413","EMP_TEMP_SEX_OCU_NB","SEX_T","OCU_ISCO08_0","2018",28.106,,,,"R1:3513"
"DOM","BA:13413","EMP_TEMP_SEX_OCU_NB","SEX_T","OCU_ISCO08_X","2018",1.617,,,,"R1:3513"
"DOM","BA:13413","EMP_TEMP_SEX_OCU_NB","SEX_T","OCU_SKILL_TOTAL","2017",4382.658,,,,"R1:3513"
"DOM","BA:13413","EMP_TEMP_SEX_OCU_NB","SEX_T","OCU_SKILL_L3-4","2017",700.822,,,,"R1:3513"
"DOM","BA:13413","EMP_TEMP_SEX_OCU_NB","SEX_T","OCU_SKILL_L2","2017",2749.719,,,,"R1:3513"
"DOM","BA:13413","EMP_TEMP_SEX_OCU_NB","SEX_T","OCU_SKILL_L1","2017",903.374,,,,"R1:3513"
"DOM","BA:13413","EMP_TEMP_SEX_OCU_NB","SEX_T","OCU_SKILL_X","2017",28.743,,,,"R1:3513"
"DOM","BA:13413","EMP_TEMP_SEX_OCU_NB","SEX_T","OCU_ISCO08_TOTAL","2017",4382.658,,,,"R1:3513"
"DOM","BA:13413","EMP_TEMP_SEX_OCU_NB","SEX_T","OCU_ISCO08_1","2017",93.593,,,,"R1:3513"
"DOM","BA:13413","EMP_TEMP_SEX_OCU_NB","SEX_T","OCU_ISCO08_2","2017",341.283,,,,"R1:3513"
"DOM","BA:13413","EMP_TEMP_SEX_OCU_NB","SEX_T","OCU_ISCO08_3","2017",265.945,,,,"R1:3513"
"DOM","BA:13413","EMP_TEMP_SEX_OCU_NB","SEX_T","OCU_ISCO08_4","2017",318.55,,,,"R1:3513"
"DOM","BA:13413","EMP_TEMP_SEX_OCU_NB","SEX_T","OCU_ISCO08_5","2017",1137.665,,,,"R1:3513"
"DOM","BA:13413","EMP_TEMP_SEX_OCU_NB","SEX_T","OCU_ISCO08_6","2017",242.686,,,,"R1:3513"
"DOM","BA:13413","EMP_TEMP_SEX_OCU_NB","SEX_T","OCU_ISCO08_7","2017",659.719,,,,"R1:3513"
"DOM","BA:13413","EMP_TEMP_SEX_OCU_NB","SEX_T","OCU_ISCO08_8","2017",391.098,,,,"R1:3513"
"DOM","BA:13413","EMP_TEMP_SEX_OCU_NB","SEX_T","OCU_ISCO08_9","2017",903.374,,,,"R1:3513"
"DOM","BA:13413","EMP_TEMP_SEX_OCU_NB","SEX_T","OCU_ISCO08_0","2017",27.913,,,,"R1:3513"
"DOM","BA:13413","EMP_TEMP_SEX_OCU_NB","SEX_T","OCU_ISCO08_X","2017",0.83,"U",,,"R1:3513"
"DOM","BA:13413","EMP_TEMP_SEX_OCU_NB","SEX_T","OCU_SKILL_TOTAL","2016",4262.42,,,,"R1:3513"
"DOM","BA:13413","EMP_TEMP_SEX_OCU_NB","SEX_T","OCU_SKILL_L3-4","2016",708.806,,,,"R1:3513"
"DOM","BA:13413","EMP_TEMP_SEX_OCU_NB","SEX_T","OCU_SKILL_L2","2016",2656.119,,,,"R1:3513"
"DOM","BA:13413","EMP_TEMP_SEX_OCU_NB","SEX_T","OCU_SKILL_L1","2016",861.287,,,,"R1:3513"
"DOM","BA:13413","EMP_TEMP_SEX_OCU_NB","SEX_T","OCU_SKILL_X","2016",36.208,,,,"R1:3513"
"DOM","BA:13413","EMP_TEMP_SEX_OCU_NB","SEX_T","OCU_ISCO08_TOTAL","2016",4262.42,,,,"R1:3513"
"DOM","BA:13413","EMP_TEMP_SEX_OCU_NB","SEX_T","OCU_ISCO08_1","2016",100.256,,,,"R1:3513"
"DOM","BA:13413","EMP_TEMP_SEX_OCU_NB","SEX_T","OCU_ISCO08_2","2016",336.902,,,,"R1:3513"
"DOM","BA:13413","EMP_TEMP_SEX_OCU_NB","SEX_T","OCU_ISCO08_3","2016",271.647,,,,"R1:3513"
"DOM","BA:13413","EMP_TEMP_SEX_OCU_NB","SEX_T","OCU_ISCO08_4","2016",326.571,,,,"R1:3513"
"DOM","BA:13413","EMP_TEMP_SEX_OCU_NB","SEX_T","OCU_ISCO08_5","2016",1137.953,,,,"R1:3513"
"DOM","BA:13413","EMP_TEMP_SEX_OCU_NB","SEX_T","OCU_ISCO08_6","2016",218.518,,,,"R1:3513"
"DOM","BA:13413","EMP_TEMP_SEX_OCU_NB","SEX_T","OCU_ISCO08_7","2016",591.247,,,,"R1:3513"
"DOM","BA:13413","EMP_TEMP_SEX_OCU_NB","SEX_T","OCU_ISCO08_8","2016",381.829,,,,"R1:3513"
"DOM","BA:13413","EMP_TEMP_SEX_OCU_NB","SEX_T","OCU_ISCO08_9","2016",861.287,,,,"R1:3513"
"DOM","BA:13413","EMP_TEMP_SEX_OCU_NB","SEX_T","OCU_ISCO08_0","2016",35.663,,,,"R1:3513"
"DOM","BA:13413","EMP_TEMP_SEX_OCU_NB","SEX_T","OCU_ISCO08_X","2016",0.546,"U",,,"R1:3513"
"DOM","BA:13413","EMP_TEMP_SEX_OCU_NB","SEX_T","OCU_SKILL_TOTAL","2015",4113.889,"B",,"I11:264","R1:3513"
"DOM","BA:13413","EMP_TEMP_SEX_OCU_NB","SEX_T","OCU_SKILL_L3-4","2015",671.113,"B",,"I11:264","R1:3513"
"DOM","BA:13413","EMP_TEMP_SEX_OCU_NB","SEX_T","OCU_SKILL_L2","2015",2546.757,"B",,"I11:264","R1:3513"
"DOM","BA:13413","EMP_TEMP_SEX_OCU_NB","SEX_T","OCU_SKILL_L1","2015",862.832,"B",,"I11:264","R1:3513"
"DOM","BA:13413","EMP_TEMP_SEX_OCU_NB","SEX_T","OCU_SKILL_X","2015",33.186,"B",,"I11:264","R1:3513"
"DOM","BA:13413","EMP_TEMP_SEX_OCU_NB","SEX_T","OCU_ISCO08_TOTAL","2015",4113.889,"B",,"I11:264","R1:3513"
"DOM","BA:13413","EMP_TEMP_SEX_OCU_NB","SEX_T","OCU_ISCO08_1","2015",99.098,"B",,"I11:264","R1:3513"
"DOM","BA:13413","EMP_TEMP_SEX_OCU_NB","SEX_T","OCU_ISCO08_2","2015",334.578,"B",,"I11:264","R1:3513"
"DOM","BA:13413","EMP_TEMP_SEX_OCU_NB","SEX_T","OCU_ISCO08_3","2015",237.437,"B",,"I11:264","R1:3513"
"DOM","BA:13413","EMP_TEMP_SEX_OCU_NB","SEX_T","OCU_ISCO08_4","2015",297.66,"B",,"I11:264","R1:3513"
"DOM","BA:13413","EMP_TEMP_SEX_OCU_NB","SEX_T","OCU_ISCO08_5","2015",1073.825,"B",,"I11:264","R1:3513"
"DOM","BA:13413","EMP_TEMP_SEX_OCU_NB","SEX_T","OCU_ISCO08_6","2015",241.084,"B",,"I11:264","R1:3513"
"DOM","BA:13413","EMP_TEMP_SEX_OCU_NB","SEX_T","OCU_ISCO08_7","2015",570.767,"B",,"I11:264","R1:3513"
"DOM","BA:13413","EMP_TEMP_SEX_OCU_NB","SEX_T","OCU_ISCO08_8","2015",363.422,"B",,"I11:264","R1:3513"
"DOM","BA:13413","EMP_TEMP_SEX_OCU_NB","SEX_T","OCU_ISCO08_9","2015",862.832,"B",,"I11:264","R1:3513"
"DOM","BA:13413","EMP_TEMP_SEX_OCU_NB","SEX_T","OCU_ISCO08_0","2015",30.978,"B",,"I11:264","R1:3513"
"DOM","BA:13413","EMP_TEMP_SEX_OCU_NB","SEX_T","OCU_ISCO08_X","2015",2.208,"U",,"I11:264","R1:3513"
"DOM","BA:3","EMP_TEMP_SEX_OCU_NB","SEX_T","OCU_SKILL_TOTAL","2014",4015.581,,,,"R1:3513"
"DOM","BA:3","EMP_TEMP_SEX_OCU_NB","SEX_T","OCU_SKILL_L3-4","2014",724.076,,,,"R1:3513"
"DOM","BA:3","EMP_TEMP_SEX_OCU_NB","SEX_T","OCU_SKILL_L2","2014",2374.889,,,,"R1:3513"
"DOM","BA:3","EMP_TEMP_SEX_OCU_NB","SEX_T","OCU_SKILL_L1","2014",892.718,,,,"R1:3513"
"DOM","BA:3","EMP_TEMP_SEX_OCU_NB","SEX_T","OCU_SKILL_X","2014",23.898,,,,"R1:3513"
"DOM","BA:3","EMP_TEMP_SEX_OCU_NB","SEX_T","OCU_ISCO88_TOTAL","2014",4015.581,,,,"R1:3513"
"DOM","BA:3","EMP_TEMP_SEX_OCU_NB","SEX_T","OCU_ISCO88_1","2014",113.849,,,,"R1:3513"
"DOM","BA:3","EMP_TEMP_SEX_OCU_NB","SEX_T","OCU_ISCO88_2","2014",318.182,,,,"R1:3513"
"DOM","BA:3","EMP_TEMP_SEX_OCU_NB","SEX_T","OCU_ISCO88_3","2014",292.046,,,,"R1:3513"
"DOM","BA:3","EMP_TEMP_SEX_OCU_NB","SEX_T","OCU_ISCO88_4","2014",358.344,,,,"R1:3513"
"DOM","BA:3","EMP_TEMP_SEX_OCU_NB","SEX_T","OCU_ISCO88_5","2014",817.884,,,,"R1:3513"
"DOM","BA:3","EMP_TEMP_SEX_OCU_NB","SEX_T","OCU_ISCO88_6","2014",263.964,,,,"R1:3513"
"DOM","BA:3","EMP_TEMP_SEX_OCU_NB","SEX_T","OCU_ISCO88_7","2014",558.528,,,,"R1:3513"
"DOM","BA:3","EMP_TEMP_SEX_OCU_NB","SEX_T","OCU_ISCO88_8","2014",376.168,,,,"R1:3513"
"DOM","BA:3","EMP_TEMP_SEX_OCU_NB","SEX_T","OCU_ISCO88_9","2014",892.718,,,,"R1:3513"
"DOM","BA:3","EMP_TEMP_SEX_OCU_NB","SEX_T","OCU_ISCO88_0","2014",23.898,,,,"R1:3513"
"DOM","BA:3","EMP_TEMP_SEX_OCU_NB","SEX_T","OCU_SKILL_TOTAL","2013",3869.153,,,,"R1:3513"
"DOM","BA:3","EMP_TEMP_SEX_OCU_NB","SEX_T","OCU_SKILL_L3-4","2013",727.972,,,,"R1:3513"
"DOM","BA:3","EMP_TEMP_SEX_OCU_NB","SEX_T","OCU_SKILL_L2","2013",2217.249,,,,"R1:3513"
"DOM","BA:3","EMP_TEMP_SEX_OCU_NB","SEX_T","OCU_SKILL_L1","2013",892.689,,,,"R1:3513"
"DOM","BA:3","EMP_TEMP_SEX_OCU_NB","SEX_T","OCU_SKILL_X","2013",31.242,,,,"R1:3513"
"DOM","BA:3","EMP_TEMP_SEX_OCU_NB","SEX_T","OCU_ISCO88_TOTAL","2013",3869.153,,,,"R1:3513"
"DOM","BA:3","EMP_TEMP_SEX_OCU_NB","SEX_T","OCU_ISCO88_1","2013",128.529,,,,"R1:3513"
"DOM","BA:3","EMP_TEMP_SEX_OCU_NB","SEX_T","OCU_ISCO88_2","2013",305.397,,,,"R1:3513"
"DOM","BA:3","EMP_TEMP_SEX_OCU_NB","SEX_T","OCU_ISCO88_3","2013",294.046,,,,"R1:3513"
"DOM","BA:3","EMP_TEMP_SEX_OCU_NB","SEX_T","OCU_ISCO88_4","2013",320.132,,,,"R1:3513"
"DOM","BA:3","EMP_TEMP_SEX_OCU_NB","SEX_T","OCU_ISCO88_5","2013",774.318,,,,"R1:3513"
"DOM","BA:3","EMP_TEMP_SEX_OCU_NB","SEX_T","OCU_ISCO88_6","2013",261.197,,,,"R1:3513"
"DOM","BA:3","EMP_TEMP_SEX_OCU_NB","SEX_T","OCU_ISCO88_7","2013",510.522,,,,"R1:3513"
"DOM","BA:3","EMP_TEMP_SEX_OCU_NB","SEX_T","OCU_ISCO88_8","2013",351.079,,,,"R1:3513"
"DOM","BA:3","EMP_TEMP_SEX_OCU_NB","SEX_T","OCU_ISCO88_9","2013",892.689,,,,"R1:3513"
"DOM","BA:3","EMP_TEMP_SEX_OCU_NB","SEX_T","OCU_ISCO88_0","2013",31.242,,,,"R1:3513"
"DOM","BA:3","EMP_TEMP_SEX_OCU_NB","SEX_T","OCU_SKILL_TOTAL","2012",3840.56,,,,"R1:3513"
"DOM","BA:3","EMP_TEMP_SEX_OCU_NB","SEX_T","OCU_SKILL_L3-4","2012",717.574,,,,"R1:3513"
"DOM","BA:3","EMP_TEMP_SEX_OCU_NB","SEX_T","OCU_SKILL_L2","2012",2204.825,,,,"R1:3513"
"DOM","BA:3","EMP_TEMP_SEX_OCU_NB","SEX_T","OCU_SKILL_L1","2012",888.38,,,,"R1:3513"
"DOM","BA:3","EMP_TEMP_SEX_OCU_NB","SEX_T","OCU_SKILL_X","2012",29.78,,,,"R1:3513"
"DOM","BA:3","EMP_TEMP_SEX_OCU_NB","SEX_T","OCU_ISCO88_TOTAL","2012",3840.56,,,,"R1:3513"
"DOM","BA:3","EMP_TEMP_SEX_OCU_NB","SEX_T","OCU_ISCO88_1","2012",135.437,,,,"R1:3513"
"DOM","BA:3","EMP_TEMP_SEX_OCU_NB","SEX_T","OCU_ISCO88_2","2012",276.812,,,,"R1:3513"
"DOM","BA:3","EMP_TEMP_SEX_OCU_NB","SEX_T","OCU_ISCO88_3","2012",305.325,,,,"R1:3513"
"DOM","BA:3","EMP_TEMP_SEX_OCU_NB","SEX_T","OCU_ISCO88_4","2012",285.021,,,,"R1:3513"
"DOM","BA:3","EMP_TEMP_SEX_OCU_NB","SEX_T","OCU_ISCO88_5","2012",764.604,,,,"R1:3513"
"DOM","BA:3","EMP_TEMP_SEX_OCU_NB","SEX_T","OCU_ISCO88_6","2012",262.792,,,,"R1:3513"
"DOM","BA:3","EMP_TEMP_SEX_OCU_NB","SEX_T","OCU_ISCO88_7","2012",529.476,,,,"R1:3513"
"DOM","BA:3","EMP_TEMP_SEX_OCU_NB","SEX_T","OCU_ISCO88_8","2012",362.932,,,,"R1:3513"
"DOM","BA:3","EMP_TEMP_SEX_OCU_NB","SEX_T","OCU_ISCO88_9","2012",888.38,,,,"R1:3513"
"DOM","BA:3","EMP_TEMP_SEX_OCU_NB","SEX_T","OCU_ISCO88_0","2012",29.78,,,,"R1:3513"
"DOM","BA:3","EMP_TEMP_SEX_OCU_NB","SEX_T","OCU_SKILL_TOTAL","2011",3759.942,,,,"R1:3513"
"DOM","BA:3","EMP_TEMP_SEX_OCU_NB","SEX_T","OCU_SKILL_L3-4","2011",669.214,,,,"R1:3513"
"DOM","BA:3","EMP_TEMP_SEX_OCU_NB","SEX_T","OCU_SKILL_L2","2011",2184.965,,,,"R1:3513"
"DOM","BA:3","EMP_TEMP_SEX_OCU_NB","SEX_T","OCU_SKILL_L1","2011",868.044,,,,"R1:3513"
"DOM","BA:3","EMP_TEMP_SEX_OCU_NB","SEX_T","OCU_SKILL_X","2011",37.719,,,,"R1:3513"
"DOM","BA:3","EMP_TEMP_SEX_OCU_NB","SEX_T","OCU_ISCO88_TOTAL","2011",3759.942,,,,"R1:3513"
"DOM","BA:3","EMP_TEMP_SEX_OCU_NB","SEX_T","OCU_ISCO88_1","2011",147.81,,,,"R1:3513"
"DOM","BA:3","EMP_TEMP_SEX_OCU_NB","SEX_T","OCU_ISCO88_2","2011",255.464,,,,"R1:3513"
"DOM","BA:3","EMP_TEMP_SEX_OCU_NB","SEX_T","OCU_ISCO88_3","2011",265.94,,,,"R1:3513"
"DOM","BA:3","EMP_TEMP_SEX_OCU_NB","SEX_T","OCU_ISCO88_4","2011",270.409,,,,"R1:3513"
"DOM","BA:3","EMP_TEMP_SEX_OCU_NB","SEX_T","OCU_ISCO88_5","2011",752.378,,,,"R1:3513"
"DOM","BA:3","EMP_TEMP_SEX_OCU_NB","SEX_T","OCU_ISCO88_6","2011",278.606,,,,"R1:3513"
"DOM","BA:3","EMP_TEMP_SEX_OCU_NB","SEX_T","OCU_ISCO88_7","2011",520.241,,,,"R1:3513"
"DOM","BA:3","EMP_TEMP_SEX_OCU_NB","SEX_T","OCU_ISCO88_8","2011",363.33,,,,"R1:3513"
"DOM","BA:3","EMP_TEMP_SEX_OCU_NB","SEX_T","OCU_ISCO88_9","2011",868.044,,,,"R1:3513"
"DOM","BA:3","EMP_TEMP_SEX_OCU_NB","SEX_T","OCU_ISCO88_0","2011",37.719,,,,"R1:3513"
"DOM","BA:3","EMP_TEMP_SEX_OCU_NB","SEX_T","OCU_SKILL_TOTAL","2010",3625.662,,,,"R1:3513"
"DOM","BA:3","EMP_TEMP_SEX_OCU_NB","SEX_T","OCU_SKILL_L3-4","2010",655.069,,,,"R1:3513"
"DOM","BA:3","EMP_TEMP_SEX_OCU_NB","SEX_T","OCU_SKILL_L2","2010",2127.606,,,,"R1:3513"
"DOM","BA:3","EMP_TEMP_SEX_OCU_NB","SEX_T","OCU_SKILL_L1","2010",814.144,,,,"R1:3513"
"DOM","BA:3","EMP_TEMP_SEX_OCU_NB","SEX_T","OCU_SKILL_X","2010",28.843,,,,"R1:3513"
"DOM","BA:3","EMP_TEMP_SEX_OCU_NB","SEX_T","OCU_ISCO88_TOTAL","2010",3625.662,,,,"R1:3513"
"DOM","BA:3","EMP_TEMP_SEX_OCU_NB","SEX_T","OCU_ISCO88_1","2010",129.089,,,,"R1:3513"
"DOM","BA:3","EMP_TEMP_SEX_OCU_NB","SEX_T","OCU_ISCO88_2","2010",283.375,,,,"R1:3513"
"DOM","BA:3","EMP_TEMP_SEX_OCU_NB","SEX_T","OCU_ISCO88_3","2010",242.605,,,,"R1:3513"
"DOM","BA:3","EMP_TEMP_SEX_OCU_NB","SEX_T","OCU_ISCO88_4","2010",268.247,,,,"R1:3513"
"DOM","BA:3","EMP_TEMP_SEX_OCU_NB","SEX_T","OCU_ISCO88_5","2010",711.861,,,,"R1:3513"
"DOM","BA:3","EMP_TEMP_SEX_OCU_NB","SEX_T","OCU_ISCO88_6","2010",289.51,,,,"R1:3513"
"DOM","BA:3","EMP_TEMP_SEX_OCU_NB","SEX_T","OCU_ISCO88_7","2010",495.19,,,,"R1:3513"
"DOM","BA:3","EMP_TEMP_SEX_OCU_NB","SEX_T","OCU_ISCO88_8","2010",362.798,,,,"R1:3513"
"DOM","BA:3","EMP_TEMP_SEX_OCU_NB","SEX_T","OCU_ISCO88_9","2010",814.144,,,,"R1:3513"
"DOM","BA:3","EMP_TEMP_SEX_OCU_NB","SEX_T","OCU_ISCO88_0","2010",28.843,,,,"R1:3513"
"DOM","BA:3","EMP_TEMP_SEX_OCU_NB","SEX_T","OCU_SKILL_TOTAL","2009",3481.826,,,,"R1:3513"
"DOM","BA:3","EMP_TEMP_SEX_OCU_NB","SEX_T","OCU_SKILL_L3-4","2009",654.364,,,,"R1:3513"
"DOM","BA:3","EMP_TEMP_SEX_OCU_NB","SEX_T","OCU_SKILL_L2","2009",1988.104,,,,"R1:3513"
"DOM","BA:3","EMP_TEMP_SEX_OCU_NB","SEX_T","OCU_SKILL_L1","2009",811.996,,,,"R1:3513"
"DOM","BA:3","EMP_TEMP_SEX_OCU_NB","SEX_T","OCU_SKILL_X","2009",27.362,,,,"R1:3513"
"DOM","BA:3","EMP_TEMP_SEX_OCU_NB","SEX_T","OCU_ISCO88_TOTAL","2009",3481.826,,,,"R1:3513"
"DOM","BA:3","EMP_TEMP_SEX_OCU_NB","SEX_T","OCU_ISCO88_1","2009",127.138,,,,"R1:3513"
"DOM","BA:3","EMP_TEMP_SEX_OCU_NB","SEX_T","OCU_ISCO88_2","2009",264.884,,,,"R1:3513"
"DOM","BA:3","EMP_TEMP_SEX_OCU_NB","SEX_T","OCU_ISCO88_3","2009",262.341,,,,"R1:3513"
"DOM","BA:3","EMP_TEMP_SEX_OCU_NB","SEX_T","OCU_ISCO88_4","2009",244.516,,,,"R1:3513"
"DOM","BA:3","EMP_TEMP_SEX_OCU_NB","SEX_T","OCU_ISCO88_5","2009",652.314,,,,"R1:3513"
"DOM","BA:3","EMP_TEMP_SEX_OCU_NB","SEX_T","OCU_ISCO88_6","2009",283.772,,,,"R1:3513"
"DOM","BA:3","EMP_TEMP_SEX_OCU_NB","SEX_T","OCU_ISCO88_7","2009",471.994,,,,"R1:3513"
"DOM","BA:3","EMP_TEMP_SEX_OCU_NB","SEX_T","OCU_ISCO88_8","2009",335.509,,,,"R1:3513"
"DOM","BA:3","EMP_TEMP_SEX_OCU_NB","SEX_T","OCU_ISCO88_9","2009",811.996,,,,"R1:3513"
"DOM","BA:3","EMP_TEMP_SEX_OCU_NB","SEX_T","OCU_ISCO88_0","2009",27.362,,,,"R1:3513"
"DOM","BA:3","EMP_TEMP_SEX_OCU_NB","SEX_T","OCU_SKILL_TOTAL","2008",3554.379,,,,"R1:3513"
"DOM","BA:3","EMP_TEMP_SEX_OCU_NB","SEX_T","OCU_SKILL_L3-4","2008",618.136,,,,"R1:3513"
"DOM","BA:3","EMP_TEMP_SEX_OCU_NB","SEX_T","OCU_SKILL_L2","2008",2177.079,,,,"R1:3513"
"DOM","BA:3","EMP_TEMP_SEX_OCU_NB","SEX_T","OCU_SKILL_L1","2008",736.608,,,,"R1:3513"
"DOM","BA:3","EMP_TEMP_SEX_OCU_NB","SEX_T","OCU_SKILL_X","2008",22.556,,,,"R1:3513"
"DOM","BA:3","EMP_TEMP_SEX_OCU_NB","SEX_T","OCU_ISCO88_TOTAL","2008",3554.379,,,,"R1:3513"
"DOM","BA:3","EMP_TEMP_SEX_OCU_NB","SEX_T","OCU_ISCO88_1","2008",129.857,,,,"R1:3513"
"DOM","BA:3","EMP_TEMP_SEX_OCU_NB","SEX_T","OCU_ISCO88_2","2008",253.227,,,,"R1:3513"
"DOM","BA:3","EMP_TEMP_SEX_OCU_NB","SEX_T","OCU_ISCO88_3","2008",235.052,,,,"R1:3513"
"DOM","BA:3","EMP_TEMP_SEX_OCU_NB","SEX_T","OCU_ISCO88_4","2008",254.853,,,,"R1:3513"
"DOM","BA:3","EMP_TEMP_SEX_OCU_NB","SEX_T","OCU_ISCO88_5","2008",687.231,,,,"R1:3513"
"DOM","BA:3","EMP_TEMP_SEX_OCU_NB","SEX_T","OCU_ISCO88_6","2008",294.943,,,,"R1:3513"
"DOM","BA:3","EMP_TEMP_SEX_OCU_NB","SEX_T","OCU_ISCO88_7","2008",560.628,,,,"R1:3513"
"DOM","BA:3","EMP_TEMP_SEX_OCU_NB","SEX_T","OCU_ISCO88_8","2008",379.424,,,,"R1:3513"
"DOM","BA:3","EMP_TEMP_SEX_OCU_NB","SEX_T","OCU_ISCO88_9","2008",736.608,,,,"R1:3513"
"DOM","BA:3","EMP_TEMP_SEX_OCU_NB","SEX_T","OCU_ISCO88_0","2008",22.556,,,,"R1:3513"
"DOM","BA:3","EMP_TEMP_SEX_OCU_NB","SEX_T","OCU_SKILL_TOTAL","2007",3459.575,,,,"R1:3513"
"DOM","BA:3","EMP_TEMP_SEX_OCU_NB","SEX_T","OCU_SKILL_L3-4","2007",579.816,,,,"R1:3513"
"DOM","BA:3","EMP_TEMP_SEX_OCU_NB","SEX_T","OCU_SKILL_L2","2007",2150.41,,,,"R1:3513"
"DOM","BA:3","EMP_TEMP_SEX_OCU_NB","SEX_T","OCU_SKILL_L1","2007",699.614,,,,"R1:3513"
"DOM","BA:3","EMP_TEMP_SEX_OCU_NB","SEX_T","OCU_SKILL_X","2007",29.735,,,,"R1:3513"
"DOM","BA:3","EMP_TEMP_SEX_OCU_NB","SEX_T","OCU_ISCO88_TOTAL","2007",3459.575,,,,"R1:3513"
"DOM","BA:3","EMP_TEMP_SEX_OCU_NB","SEX_T","OCU_ISCO88_1","2007",111.232,,,,"R1:3513"
"DOM","BA:3","EMP_TEMP_SEX_OCU_NB","SEX_T","OCU_ISCO88_2","2007",231.571,,,,"R1:3513"
"DOM","BA:3","EMP_TEMP_SEX_OCU_NB","SEX_T","OCU_ISCO88_3","2007",237.012,,,,"R1:3513"
"DOM","BA:3","EMP_TEMP_SEX_OCU_NB","SEX_T","OCU_ISCO88_4","2007",240.832,,,,"R1:3513"
"DOM","BA:3","EMP_TEMP_SEX_OCU_NB","SEX_T","OCU_ISCO88_5","2007",672.386,,,,"R1:3513"
"DOM","BA:3","EMP_TEMP_SEX_OCU_NB","SEX_T","OCU_ISCO88_6","2007",316.535,,,,"R1:3513"
"DOM","BA:3","EMP_TEMP_SEX_OCU_NB","SEX_T","OCU_ISCO88_7","2007",532.828,,,,"R1:3513"
"DOM","BA:3","EMP_TEMP_SEX_OCU_NB","SEX_T","OCU_ISCO88_8","2007",387.828,,,,"R1:3513"
"DOM","BA:3","EMP_TEMP_SEX_OCU_NB","SEX_T","OCU_ISCO88_9","2007",699.614,,,,"R1:3513"
"DOM","BA:3","EMP_TEMP_SEX_OCU_NB","SEX_T","OCU_ISCO88_0","2007",29.735,,,,"R1:3513"
"DOM","BA:3","EMP_TEMP_SEX_OCU_NB","SEX_T","OCU_SKILL_TOTAL","2006",3370.695,,,,"R1:3513"
"DOM","BA:3","EMP_TEMP_SEX_OCU_NB","SEX_T","OCU_SKILL_L3-4","2006",557.027,,,,"R1:3513"
"DOM","BA:3","EMP_TEMP_SEX_OCU_NB","SEX_T","OCU_SKILL_L2","2006",2091.951,,,,"R1:3513"
"DOM","BA:3","EMP_TEMP_SEX_OCU_NB","SEX_T","OCU_SKILL_L1","2006",693.285,,,,"R1:3513"
"DOM","BA:3","EMP_TEMP_SEX_OCU_NB","SEX_T","OCU_SKILL_X","2006",28.432,,,,"R1:3513"
"DOM","BA:3","EMP_TEMP_SEX_OCU_NB","SEX_T","OCU_ISCO88_TOTAL","2006",3370.695,,,,"R1:3513"
"DOM","BA:3","EMP_TEMP_SEX_OCU_NB","SEX_T","OCU_ISCO88_1","2006",109.791,,,,"R1:3513"
"DOM","BA:3","EMP_TEMP_SEX_OCU_NB","SEX_T","OCU_ISCO88_2","2006",216.969,,,,"R1:3513"
"DOM","BA:3","EMP_TEMP_SEX_OCU_NB","SEX_T","OCU_ISCO88_3","2006",230.268,,,,"R1:3513"
"DOM","BA:3","EMP_TEMP_SEX_OCU_NB","SEX_T","OCU_ISCO88_4","2006",231.63,,,,"R1:3513"
"DOM","BA:3","EMP_TEMP_SEX_OCU_NB","SEX_T","OCU_ISCO88_5","2006",631.872,,,,"R1:3513"
"DOM","BA:3","EMP_TEMP_SEX_OCU_NB","SEX_T","OCU_ISCO88_6","2006",310.213,,,,"R1:3513"
"DOM","BA:3","EMP_TEMP_SEX_OCU_NB","SEX_T","OCU_ISCO88_7","2006",548.83,,,,"R1:3513"
"DOM","BA:3","EMP_TEMP_SEX_OCU_NB","SEX_T","OCU_ISCO88_8","2006",369.406,,,,"R1:3513"
"DOM","BA:3","EMP_TEMP_SEX_OCU_NB","SEX_T","OCU_ISCO88_9","2006",693.285,,,,"R1:3513"
"DOM","BA:3","EMP_TEMP_SEX_OCU_NB","SEX_T","OCU_ISCO88_0","2006",28.432,,,,"R1:3513"
"DOM","BA:3","EMP_TEMP_SEX_OCU_NB","SEX_T","OCU_SKILL_TOTAL","2005",3238.053,,,,"R1:3513"
"DOM","BA:3","EMP_TEMP_SEX_OCU_NB","SEX_T","OCU_SKILL_L3-4","2005",540.751,,,,"R1:3513"
"DOM","BA:3","EMP_TEMP_SEX_OCU_NB","SEX_T","OCU_SKILL_L2","2005",2031.157,,,,"R1:3513"
"DOM","BA:3","EMP_TEMP_SEX_OCU_NB","SEX_T","OCU_SKILL_L1","2005",637.962,,,,"R1:3513"
"DOM","BA:3","EMP_TEMP_SEX_OCU_NB","SEX_T","OCU_SKILL_X","2005",28.183,,,,"R1:3513"
"DOM","BA:3","EMP_TEMP_SEX_OCU_NB","SEX_T","OCU_ISCO88_TOTAL","2005",3238.053,,,,"R1:3513"
"DOM","BA:3","EMP_TEMP_SEX_OCU_NB","SEX_T","OCU_ISCO88_1","2005",101.743,,,,"R1:3513"
"DOM","BA:3","EMP_TEMP_SEX_OCU_NB","SEX_T","OCU_ISCO88_2","2005",208.56,,,,"R1:3513"
"DOM","BA:3","EMP_TEMP_SEX_OCU_NB","SEX_T","OCU_ISCO88_3","2005",230.448,,,,"R1:3513"
"DOM","BA:3","EMP_TEMP_SEX_OCU_NB","SEX_T","OCU_ISCO88_4","2005",227.191,,,,"R1:3513"
"DOM","BA:3","EMP_TEMP_SEX_OCU_NB","SEX_T","OCU_ISCO88_5","2005",590.748,,,,"R1:3513"
"DOM","BA:3","EMP_TEMP_SEX_OCU_NB","SEX_T","OCU_ISCO88_6","2005",306.138,,,,"R1:3513"
"DOM","BA:3","EMP_TEMP_SEX_OCU_NB","SEX_T","OCU_ISCO88_7","2005",529.228,,,,"R1:3513"
"DOM","BA:3","EMP_TEMP_SEX_OCU_NB","SEX_T","OCU_ISCO88_8","2005",377.852,,,,"R1:3513"
"DOM","BA:3","EMP_TEMP_SEX_OCU_NB","SEX_T","OCU_ISCO88_9","2005",637.962,,,,"R1:3513"
"DOM","BA:3","EMP_TEMP_SEX_OCU_NB","SEX_T","OCU_ISCO88_0","2005",28.183,,,,"R1:3513"
"DOM","BA:3","EMP_TEMP_SEX_OCU_NB","SEX_T","OCU_SKILL_TOTAL","2004",3177.169,,,,"R1:3513"
"DOM","BA:3","EMP_TEMP_SEX_OCU_NB","SEX_T","OCU_SKILL_L3-4","2004",523.426,,,,"R1:3513"
"DOM","BA:3","EMP_TEMP_SEX_OCU_NB","SEX_T","OCU_SKILL_L2","2004",1987.276,,,,"R1:3513"
"DOM","BA:3","EMP_TEMP_SEX_OCU_NB","SEX_T","OCU_SKILL_L1","2004",638.75,,,,"R1:3513"
"DOM","BA:3","EMP_TEMP_SEX_OCU_NB","SEX_T","OCU_SKILL_X","2004",27.715,,,,"R1:3513"
"DOM","BA:3","EMP_TEMP_SEX_OCU_NB","SEX_T","OCU_ISCO88_TOTAL","2004",3177.169,,,,"R1:3513"
"DOM","BA:3","EMP_TEMP_SEX_OCU_NB","SEX_T","OCU_ISCO88_1","2004",92.476,,,,"R1:3513"
"DOM","BA:3","EMP_TEMP_SEX_OCU_NB","SEX_T","OCU_ISCO88_2","2004",210.178,,,,"R1:3513"
"DOM","BA:3","EMP_TEMP_SEX_OCU_NB","SEX_T","OCU_ISCO88_3","2004",220.773,,,,"R1:3513"
"DOM","BA:3","EMP_TEMP_SEX_OCU_NB","SEX_T","OCU_ISCO88_4","2004",211.399,,,,"R1:3513"
"DOM","BA:3","EMP_TEMP_SEX_OCU_NB","SEX_T","OCU_ISCO88_5","2004",562.174,,,,"R1:3513"
"DOM","BA:3","EMP_TEMP_SEX_OCU_NB","SEX_T","OCU_ISCO88_6","2004",322.139,,,,"R1:3513"
"DOM","BA:3","EMP_TEMP_SEX_OCU_NB","SEX_T","OCU_ISCO88_7","2004",493.502,,,,"R1:3513"
"DOM","BA:3","EMP_TEMP_SEX_OCU_NB","SEX_T","OCU_ISCO88_8","2004",398.062,,,,"R1:3513"
"DOM","BA:3","EMP_TEMP_SEX_OCU_NB","SEX_T","OCU_ISCO88_9","2004",638.75,,,,"R1:3513"
"DOM","BA:3","EMP_TEMP_SEX_OCU_NB","SEX_T","OCU_ISCO88_0","2004",27.715,,,,"R1:3513"
"DOM","BA:3","EMP_TEMP_SEX_OCU_NB","SEX_T","OCU_SKILL_TOTAL","2003",3094.868,,,,"R1:3513"
"DOM","BA:3","EMP_TEMP_SEX_OCU_NB","SEX_T","OCU_SKILL_L3-4","2003",515.739,,,,"R1:3513"
"DOM","BA:3","EMP_TEMP_SEX_OCU_NB","SEX_T","OCU_SKILL_L2","2003",1913.381,,,,"R1:3513"
"DOM","BA:3","EMP_TEMP_SEX_OCU_NB","SEX_T","OCU_SKILL_L1","2003",632.648,,,,"R1:3513"
"DOM","BA:3","EMP_TEMP_SEX_OCU_NB","SEX_T","OCU_SKILL_X","2003",33.101,,,,"R1:3513"
"DOM","BA:3","EMP_TEMP_SEX_OCU_NB","SEX_T","OCU_ISCO88_TOTAL","2003",3094.868,,,,"R1:3513"
"DOM","BA:3","EMP_TEMP_SEX_OCU_NB","SEX_T","OCU_ISCO88_1","2003",92.959,,,,"R1:3513"
"DOM","BA:3","EMP_TEMP_SEX_OCU_NB","SEX_T","OCU_ISCO88_2","2003",193.99,,,,"R1:3513"
"DOM","BA:3","EMP_TEMP_SEX_OCU_NB","SEX_T","OCU_ISCO88_3","2003",228.79,,,,"R1:3513"
"DOM","BA:3","EMP_TEMP_SEX_OCU_NB","SEX_T","OCU_ISCO88_4","2003",208.635,,,,"R1:3513"
"DOM","BA:3","EMP_TEMP_SEX_OCU_NB","SEX_T","OCU_ISCO88_5","2003",559.654,,,,"R1:3513"
"DOM","BA:3","EMP_TEMP_SEX_OCU_NB","SEX_T","OCU_ISCO88_6","2003",294.151,,,,"R1:3513"
"DOM","BA:3","EMP_TEMP_SEX_OCU_NB","SEX_T","OCU_ISCO88_7","2003",463.535,,,,"R1:3513"
"DOM","BA:3","EMP_TEMP_SEX_OCU_NB","SEX_T","OCU_ISCO88_8","2003",387.406,,,,"R1:3513"
"DOM","BA:3","EMP_TEMP_SEX_OCU_NB","SEX_T","OCU_ISCO88_9","2003",632.648,,,,"R1:3513"
"DOM","BA:3","EMP_TEMP_SEX_OCU_NB","SEX_T","OCU_ISCO88_0","2003",33.101,,,,"R1:3513"
"DOM","BA:3","EMP_TEMP_SEX_OCU_NB","SEX_T","OCU_SKILL_TOTAL","2002",3116.858,,,,"R1:3513"
"DOM","BA:3","EMP_TEMP_SEX_OCU_NB","SEX_T","OCU_SKILL_L3-4","2002",471.433,,,,"R1:3513"
"DOM","BA:3","EMP_TEMP_SEX_OCU_NB","SEX_T","OCU_SKILL_L2","2002",1968.505,,,,"R1:3513"
"DOM","BA:3","EMP_TEMP_SEX_OCU_NB","SEX_T","OCU_SKILL_L1","2002",643.58,,,,"R1:3513"
"DOM","BA:3","EMP_TEMP_SEX_OCU_NB","SEX_T","OCU_SKILL_X","2002",33.338,,,,"R1:3513"
"DOM","BA:3","EMP_TEMP_SEX_OCU_NB","SEX_T","OCU_ISCO88_TOTAL","2002",3116.858,,,,"R1:3513"
"DOM","BA:3","EMP_TEMP_SEX_OCU_NB","SEX_T","OCU_ISCO88_1","2002",93.244,,,,"R1:3513"
"DOM","BA:3","EMP_TEMP_SEX_OCU_NB","SEX_T","OCU_ISCO88_2","2002",181.773,,,,"R1:3513"
"DOM","BA:3","EMP_TEMP_SEX_OCU_NB","SEX_T","OCU_ISCO88_3","2002",196.417,,,,"R1:3513"
"DOM","BA:3","EMP_TEMP_SEX_OCU_NB","SEX_T","OCU_ISCO88_4","2002",231.984,,,,"R1:3513"
"DOM","BA:3","EMP_TEMP_SEX_OCU_NB","SEX_T","OCU_ISCO88_5","2002",572.722,,,,"R1:3513"
"DOM","BA:3","EMP_TEMP_SEX_OCU_NB","SEX_T","OCU_ISCO88_6","2002",328.521,,,,"R1:3513"
"DOM","BA:3","EMP_TEMP_SEX_OCU_NB","SEX_T","OCU_ISCO88_7","2002",446.704,,,,"R1:3513"
"DOM","BA:3","EMP_TEMP_SEX_OCU_NB","SEX_T","OCU_ISCO88_8","2002",388.574,,,,"R1:3513"
"DOM","BA:3","EMP_TEMP_SEX_OCU_NB","SEX_T","OCU_ISCO88_9","2002",643.58,,,,"R1:3513"
"DOM","BA:3","EMP_TEMP_SEX_OCU_NB","SEX_T","OCU_ISCO88_0","2002",33.338,,,,"R1:3513"
"DOM","BA:3","EMP_TEMP_SEX_OCU_NB","SEX_T","OCU_SKILL_TOTAL","2001",3010.266,,,,"R1:3513"
"DOM","BA:3","EMP_TEMP_SEX_OCU_NB","SEX_T","OCU_SKILL_L3-4","2001",446.87,,,,"R1:3513"
"DOM","BA:3","EMP_TEMP_SEX_OCU_NB","SEX_T","OCU_SKILL_L2","2001",1933.883,,,,"R1:3513"
"DOM","BA:3","EMP_TEMP_SEX_OCU_NB","SEX_T","OCU_SKILL_L1","2001",597.182,,,,"R1:3513"
"DOM","BA:3","EMP_TEMP_SEX_OCU_NB","SEX_T","OCU_SKILL_X","2001",32.331,,,,"R1:3513"
"DOM","BA:3","EMP_TEMP_SEX_OCU_NB","SEX_T","OCU_ISCO88_TOTAL","2001",3010.266,,,,"R1:3513"
"DOM","BA:3","EMP_TEMP_SEX_OCU_NB","SEX_T","OCU_ISCO88_1","2001",96.013,,,,"R1:3513"
"DOM","BA:3","EMP_TEMP_SEX_OCU_NB","SEX_T","OCU_ISCO88_2","2001",159.633,,,,"R1:3513"
"DOM","BA:3","EMP_TEMP_SEX_OCU_NB","SEX_T","OCU_ISCO88_3","2001",191.223,,,,"R1:3513"
"DOM","BA:3","EMP_TEMP_SEX_OCU_NB","SEX_T","OCU_ISCO88_4","2001",213.332,,,,"R1:3513"
"DOM","BA:3","EMP_TEMP_SEX_OCU_NB","SEX_T","OCU_ISCO88_5","2001",553.098,,,,"R1:3513"
"DOM","BA:3","EMP_TEMP_SEX_OCU_NB","SEX_T","OCU_ISCO88_6","2001",304.812,,,,"R1:3513"
"DOM","BA:3","EMP_TEMP_SEX_OCU_NB","SEX_T","OCU_ISCO88_7","2001",473.244,,,,"R1:3513"
"DOM","BA:3","EMP_TEMP_SEX_OCU_NB","SEX_T","OCU_ISCO88_8","2001",389.396,,,,"R1:3513"
"DOM","BA:3","EMP_TEMP_SEX_OCU_NB","SEX_T","OCU_ISCO88_9","2001",597.182,,,,"R1:3513"
"DOM","BA:3","EMP_TEMP_SEX_OCU_NB","SEX_T","OCU_ISCO88_0","2001",32.331,,,,"R1:3513"
"DOM","BA:3","EMP_TEMP_SEX_OCU_NB","SEX_T","OCU_SKILL_TOTAL","2000",3050.794,"B",,"I11:264","R1:3513"
"DOM","BA:3","EMP_TEMP_SEX_OCU_NB","SEX_T","OCU_SKILL_L3-4","2000",451.151,"B",,"I11:264","R1:3513"
"DOM","BA:3","EMP_TEMP_SEX_OCU_NB","SEX_T","OCU_SKILL_L2","2000",1964.218,"B",,"I11:264","R1:3513"
"DOM","BA:3","EMP_TEMP_SEX_OCU_NB","SEX_T","OCU_SKILL_L1","2000",611.466,"B",,"I11:264","R1:3513"
"DOM","BA:3","EMP_TEMP_SEX_OCU_NB","SEX_T","OCU_SKILL_X","2000",23.958,"B",,"I11:264","R1:3513"
"DOM","BA:3","EMP_TEMP_SEX_OCU_NB","SEX_T","OCU_ISCO88_TOTAL","2000",3050.794,"B",,"I11:264","R1:3513"
"DOM","BA:3","EMP_TEMP_SEX_OCU_NB","SEX_T","OCU_ISCO88_1","2000",83.832,"B",,"I11:264","R1:3513"
"DOM","BA:3","EMP_TEMP_SEX_OCU_NB","SEX_T","OCU_ISCO88_2","2000",178.297,"B",,"I11:264","R1:3513"
"DOM","BA:3","EMP_TEMP_SEX_OCU_NB","SEX_T","OCU_ISCO88_3","2000",189.023,"B",,"I11:264","R1:3513"
"DOM","BA:3","EMP_TEMP_SEX_OCU_NB","SEX_T","OCU_ISCO88_4","2000",219.64,"B",,"I11:264","R1:3513"
"DOM","BA:3","EMP_TEMP_SEX_OCU_NB","SEX_T","OCU_ISCO88_5","2000",554.912,"B",,"I11:264","R1:3513"
"DOM","BA:3","EMP_TEMP_SEX_OCU_NB","SEX_T","OCU_ISCO88_6","2000",311.361,"B",,"I11:264","R1:3513"
"DOM","BA:3","EMP_TEMP_SEX_OCU_NB","SEX_T","OCU_ISCO88_7","2000",488.417,"B",,"I11:264","R1:3513"
"DOM","BA:3","EMP_TEMP_SEX_OCU_NB","SEX_T","OCU_ISCO88_8","2000",389.889,"B",,"I11:264","R1:3513"
"DOM","BA:3","EMP_TEMP_SEX_OCU_NB","SEX_T","OCU_ISCO88_9","2000",611.466,"B",,"I11:264","R1:3513"
"DOM","BA:3","EMP_TEMP_SEX_OCU_NB","SEX_T","OCU_ISCO88_0","2000",23.958,"B",,"I11:264","R1:3513"
"MEX","BA:463","EMP_TEMP_SEX_OCU_NB","SEX_T","OCU_SKILL_TOTAL","2026",60711.774,,,,"R1:3513"
"MEX","BA:463","EMP_TEMP_SEX_OCU_NB","SEX_T","OCU_SKILL_L3-4","2026",12748.538,,,,"R1:3513"
"MEX","BA:463","EMP_TEMP_SEX_OCU_NB","SEX_T","OCU_SKILL_L2","2026",34564.49,,,,"R1:3513"
"MEX","BA:463","EMP_TEMP_SEX_OCU_NB","SEX_T","OCU_SKILL_L1","2026",12130.662,,,,"R1:3513"
"MEX","BA:463","EMP_TEMP_SEX_OCU_NB","SEX_T","OCU_SKILL_X","2026",1268.084,,,,"R1:3513"
"MEX","BA:463","EMP_TEMP_SEX_OCU_NB","SEX_T","OCU_ISCO08_TOTAL","2026",60711.774,,,,"R1:3513"
"MEX","BA:463","EMP_TEMP_SEX_OCU_NB","SEX_T","OCU_ISCO08_1","2026",1783.428,,,,"R1:3513"
"MEX","BA:463","EMP_TEMP_SEX_OCU_NB","SEX_T","OCU_ISCO08_2","2026",6341.476,,,,"R1:3513"
"MEX","BA:463","EMP_TEMP_SEX_OCU_NB","SEX_T","OCU_ISCO08_3","2026",4623.634,,,,"R1:3513"
"MEX","BA:463","EMP_TEMP_SEX_OCU_NB","SEX_T","OCU_ISCO08_4","2026",3780.071,,,,"R1:3513"
"MEX","BA:463","EMP_TEMP_SEX_OCU_NB","SEX_T","OCU_ISCO08_5","2026",12447.357,,,,"R1:3513"
"MEX","BA:463","EMP_TEMP_SEX_OCU_NB","SEX_T","OCU_ISCO08_6","2026",3847.959,,,,"R1:3513"
"MEX","BA:463","EMP_TEMP_SEX_OCU_NB","SEX_T","OCU_ISCO08_7","2026",8250.05,,,,"R1:3513"
"MEX","BA:463","EMP_TEMP_SEX_OCU_NB","SEX_T","OCU_ISCO08_8","2026",6239.052,,,,"R1:3513"
"MEX","BA:463","EMP_TEMP_SEX_OCU_NB","SEX_T","OCU_ISCO08_9","2026",12130.662,,,,"R1:3513"
"MEX","BA:463","EMP_TEMP_SEX_OCU_NB","SEX_T","OCU_ISCO08_0","2026",60.278,,,,"R1:3513"
"MEX","BA:463","EMP_TEMP_SEX_OCU_NB","SEX_T","OCU_ISCO08_X","2026",1207.806,,,,"R1:3513"
"MEX","BA:463","EMP_TEMP_SEX_OCU_NB","SEX_T","OCU_SKILL_TOTAL","2025",60478.041,,,,"R1:3513"
"MEX","BA:463","EMP_TEMP_SEX_OCU_NB","SEX_T","OCU_SKILL_L3-4","2025",12823.504,,,,"R1:3513"
"MEX","BA:463","EMP_TEMP_SEX_OCU_NB","SEX_T","OCU_SKILL_L2","2025",34228.807,,,,"R1:3513"
"MEX","BA:463","EMP_TEMP_SEX_OCU_NB","SEX_T","OCU_SKILL_L1","2025",11901.672,,,,"R1:3513"
"MEX","BA:463","EMP_TEMP_SEX_OCU_NB","SEX_T","OCU_SKILL_X","2025",1524.058,,,,"R1:3513"
"MEX","BA:463","EMP_TEMP_SEX_OCU_NB","SEX_T","OCU_ISCO08_TOTAL","2025",60478.041,,,,"R1:3513"
"MEX","BA:463","EMP_TEMP_SEX_OCU_NB","SEX_T","OCU_ISCO08_1","2025",1943.099,,,,"R1:3513"
"MEX","BA:463","EMP_TEMP_SEX_OCU_NB","SEX_T","OCU_ISCO08_2","2025",6228.894,,,,"R1:3513"
"MEX","BA:463","EMP_TEMP_SEX_OCU_NB","SEX_T","OCU_ISCO08_3","2025",4651.511,,,,"R1:3513"
"MEX","BA:463","EMP_TEMP_SEX_OCU_NB","SEX_T","OCU_ISCO08_4","2025",3682.438,,,,"R1:3513"
"MEX","BA:463","EMP_TEMP_SEX_OCU_NB","SEX_T","OCU_ISCO08_5","2025",12345.626,,,,"R1:3513"
"MEX","BA:463","EMP_TEMP_SEX_OCU_NB","SEX_T","OCU_ISCO08_6","2025",3912.402,,,,"R1:3513"
"MEX","BA:463","EMP_TEMP_SEX_OCU_NB","SEX_T","OCU_ISCO08_7","2025",8132.511,,,,"R1:3513"
"MEX","BA:463","EMP_TEMP_SEX_OCU_NB","SEX_T","OCU_ISCO08_8","2025",6155.829,,,,"R1:3513"
"MEX","BA:463","EMP_TEMP_SEX_OCU_NB","SEX_T","OCU_ISCO08_9","2025",11901.672,,,,"R1:3513"
"MEX","BA:463","EMP_TEMP_SEX_OCU_NB","SEX_T","OCU_ISCO08_0","2025",72.499,,,,"R1:3513"
"MEX","BA:463","EMP_TEMP_SEX_OCU_NB","SEX_T","OCU_ISCO08_X","2025",1451.56,,,,"R1:3513"
"MEX","BA:463","EMP_TEMP_SEX_OCU_NB","SEX_T","OCU_SKILL_TOTAL","2024",60336.446,,,,"R1:3513"
"MEX","BA:463","EMP_TEMP_SEX_OCU_NB","SEX_T","OCU_SKILL_L3-4","2024",12992.403,,,,"R1:3513"
"MEX","BA:463","EMP_TEMP_SEX_OCU_NB","SEX_T","OCU_SKILL_L2","2024",33814.214,,,,"R1:3513"
"MEX","BA:463","EMP_TEMP_SEX_OCU_NB","SEX_T","OCU_SKILL_L1","2024",12089.09,,,,"R1:3513"
"MEX","BA:463","EMP_TEMP_SEX_OCU_NB","SEX_T","OCU_SKILL_X","2024",1440.738,,,,"R1:3513"
"MEX","BA:463","EMP_TEMP_SEX_OCU_NB","SEX_T","OCU_ISCO08_TOTAL","2024",60336.446,,,,"R1:3513"
"MEX","BA:463","EMP_TEMP_SEX_OCU_NB","SEX_T","OCU_ISCO08_1","2024",1919.402,,,,"R1:3513"
"MEX","BA:463","EMP_TEMP_SEX_OCU_NB","SEX_T","OCU_ISCO08_2","2024",6340.978,,,,"R1:3513"
"MEX","BA:463","EMP_TEMP_SEX_OCU_NB","SEX_T","OCU_ISCO08_3","2024",4732.024,,,,"R1:3513"
"MEX","BA:463","EMP_TEMP_SEX_OCU_NB","SEX_T","OCU_ISCO08_4","2024",3543.584,,,,"R1:3513"
"MEX","BA:463","EMP_TEMP_SEX_OCU_NB","SEX_T","OCU_ISCO08_5","2024",12138.404,,,,"R1:3513"
"MEX","BA:463","EMP_TEMP_SEX_OCU_NB","SEX_T","OCU_ISCO08_6","2024",4014.073,,,,"R1:3513"
"MEX","BA:463","EMP_TEMP_SEX_OCU_NB","SEX_T","OCU_ISCO08_7","2024",8061.431,,,,"R1:3513"
"MEX","BA:463","EMP_TEMP_SEX_OCU_NB","SEX_T","OCU_ISCO08_8","2024",6056.723,,,,"R1:3513"
"MEX","BA:463","EMP_TEMP_SEX_OCU_NB","SEX_T","OCU_ISCO08_9","2024",12089.09,,,,"R1:3513"
"MEX","BA:463","EMP_TEMP_SEX_OCU_NB","SEX_T","OCU_ISCO08_0","2024",76.907,,,,"R1:3513"
"MEX","BA:463","EMP_TEMP_SEX_OCU_NB","SEX_T","OCU_ISCO08_X","2024",1363.831,,,,"R1:3513"
"MEX","BA:463","EMP_TEMP_SEX_OCU_NB","SEX_T","OCU_SKILL_TOTAL","2023",59810.052,,,,"R1:3513"
"MEX","BA:463","EMP_TEMP_SEX_OCU_NB","SEX_T","OCU_SKILL_L3-4","2023",12545.892,,,,"R1:3513"
"MEX","BA:463","EMP_TEMP_SEX_OCU_NB","SEX_T","OCU_SKILL_L2","2023",33530.18,,,,"R1:3513"
"MEX","BA:463","EMP_TEMP_SEX_OCU_NB","SEX_T","OCU_SKILL_L1","2023",12355.452,,,,"R1:3513"
"MEX","BA:463","EMP_TEMP_SEX_OCU_NB","SEX_T","OCU_SKILL_X","2023",1378.528,,,,"R1:3513"
"MEX","BA:463","EMP_TEMP_SEX_OCU_NB","SEX_T","OCU_ISCO08_TOTAL","2023",59810.052,,,,"R1:3513"
"MEX","BA:463","EMP_TEMP_SEX_OCU_NB","SEX_T","OCU_ISCO08_1","2023",1782.281,,,,"R1:3513"
"MEX","BA:463","EMP_TEMP_SEX_OCU_NB","SEX_T","OCU_ISCO08_2","2023",6113.156,,,,"R1:3513"
"MEX","BA:463","EMP_TEMP_SEX_OCU_NB","SEX_T","OCU_ISCO08_3","2023",4650.455,,,,"R1:3513"
"MEX","BA:463","EMP_TEMP_SEX_OCU_NB","SEX_T","OCU_ISCO08_4","2023",3388.82,,,,"R1:3513"
"MEX","BA:463","EMP_TEMP_SEX_OCU_NB","SEX_T","OCU_ISCO08_5","2023",11956.522,,,,"R1:3513"
"MEX","BA:463","EMP_TEMP_SEX_OCU_NB","SEX_T","OCU_ISCO08_6","2023",4111.685,,,,"R1:3513"
"MEX","BA:463","EMP_TEMP_SEX_OCU_NB","SEX_T","OCU_ISCO08_7","2023",8145.049,,,,"R1:3513"
"MEX","BA:463","EMP_TEMP_SEX_OCU_NB","SEX_T","OCU_ISCO08_8","2023",5928.104,,,,"R1:3513"
"MEX","BA:463","EMP_TEMP_SEX_OCU_NB","SEX_T","OCU_ISCO08_9","2023",12355.452,,,,"R1:3513"
"MEX","BA:463","EMP_TEMP_SEX_OCU_NB","SEX_T","OCU_ISCO08_0","2023",68.455,,,,"R1:3513"
"MEX","BA:463","EMP_TEMP_SEX_OCU_NB","SEX_T","OCU_ISCO08_X","2023",1310.074,,,,"R1:3513"
"MEX","BA:463","EMP_TEMP_SEX_OCU_NB","SEX_T","OCU_SKILL_TOTAL","2022",58314.144,,,,"R1:3513"
"MEX","BA:463","EMP_TEMP_SEX_OCU_NB","SEX_T","OCU_SKILL_L3-4","2022",12245.735,,,,"R1:3513"
"MEX","BA:463","EMP_TEMP_SEX_OCU_NB","SEX_T","OCU_SKILL_L2","2022",32615.277,,,,"R1:3513"
"MEX","BA:463","EMP_TEMP_SEX_OCU_NB","SEX_T","OCU_SKILL_L1","2022",12032.944,,,,"R1:3513"
"MEX","BA:463","EMP_TEMP_SEX_OCU_NB","SEX_T","OCU_SKILL_X","2022",1420.188,,,,"R1:3513"
"MEX","BA:463","EMP_TEMP_SEX_OCU_NB","SEX_T","OCU_ISCO08_TOTAL","2022",58314.144,,,,"R1:3513"
"MEX","BA:463","EMP_TEMP_SEX_OCU_NB","SEX_T","OCU_ISCO08_1","2022",1727.806,,,,"R1:3513"
"MEX","BA:463","EMP_TEMP_SEX_OCU_NB","SEX_T","OCU_ISCO08_2","2022",5941.444,,,,"R1:3513"
"MEX","BA:463","EMP_TEMP_SEX_OCU_NB","SEX_T","OCU_ISCO08_3","2022",4576.485,,,,"R1:3513"
"MEX","BA:463","EMP_TEMP_SEX_OCU_NB","SEX_T","OCU_ISCO08_4","2022",3261.93,,,,"R1:3513"
"MEX","BA:463","EMP_TEMP_SEX_OCU_NB","SEX_T","OCU_ISCO08_5","2022",11541.78,,,,"R1:3513"
"MEX","BA:463","EMP_TEMP_SEX_OCU_NB","SEX_T","OCU_ISCO08_6","2022",4169.631,,,,"R1:3513"
"MEX","BA:463","EMP_TEMP_SEX_OCU_NB","SEX_T","OCU_ISCO08_7","2022",7895.746,,,,"R1:3513"
"MEX","BA:463","EMP_TEMP_SEX_OCU_NB","SEX_T","OCU_ISCO08_8","2022",5746.189,,,,"R1:3513"
"MEX","BA:463","EMP_TEMP_SEX_OCU_NB","SEX_T","OCU_ISCO08_9","2022",12032.944,,,,"R1:3513"
"MEX","BA:463","EMP_TEMP_SEX_OCU_NB","SEX_T","OCU_ISCO08_0","2022",64.813,,,,"R1:3513"
"MEX","BA:463","EMP_TEMP_SEX_OCU_NB","SEX_T","OCU_ISCO08_X","2022",1355.375,,,,"R1:3513"
"MEX","BA:463","EMP_TEMP_SEX_OCU_NB","SEX_T","OCU_SKILL_TOTAL","2021",54172.811,,,,"R1:3513"
"MEX","BA:463","EMP_TEMP_SEX_OCU_NB","SEX_T","OCU_SKILL_L3-4","2021",11130.014,,,,"R1:3513"
"MEX","BA:463","EMP_TEMP_SEX_OCU_NB","SEX_T","OCU_SKILL_L2","2021",30642.729,,,,"R1:3513"
"MEX","BA:463","EMP_TEMP_SEX_OCU_NB","SEX_T","OCU_SKILL_L1","2021",10863.192,,,,"R1:3513"
"MEX","BA:463","EMP_TEMP_SEX_OCU_NB","SEX_T","OCU_SKILL_X","2021",1536.876,,,,"R1:3513"
"MEX","BA:463","EMP_TEMP_SEX_OCU_NB","SEX_T","OCU_ISCO08_TOTAL","2021",54172.811,,,,"R1:3513"
"MEX","BA:463","EMP_TEMP_SEX_OCU_NB","SEX_T","OCU_ISCO08_1","2021",1623.287,,,,"R1:3513"
"MEX","BA:463","EMP_TEMP_SEX_OCU_NB","SEX_T","OCU_ISCO08_2","2021",5442.446,,,,"R1:3513"
"MEX","BA:463","EMP_TEMP_SEX_OCU_NB","SEX_T","OCU_ISCO08_3","2021",4064.28,,,,"R1:3513"
"MEX","BA:463","EMP_TEMP_SEX_OCU_NB","SEX_T","OCU_ISCO08_4","2021",3192.71,,,,"R1:3513"
"MEX","BA:463","EMP_TEMP_SEX_OCU_NB","SEX_T","OCU_ISCO08_5","2021",11053.14,,,,"R1:3513"
"MEX","BA:463","EMP_TEMP_SEX_OCU_NB","SEX_T","OCU_ISCO08_6","2021",3941.143,,,,"R1:3513"
"MEX","BA:463","EMP_TEMP_SEX_OCU_NB","SEX_T","OCU_ISCO08_7","2021",7204.182,,,,"R1:3513"
"MEX","BA:463","EMP_TEMP_SEX_OCU_NB","SEX_T","OCU_ISCO08_8","2021",5251.555,,,,"R1:3513"
"MEX","BA:463","EMP_TEMP_SEX_OCU_NB","SEX_T","OCU_ISCO08_9","2021",10863.192,,,,"R1:3513"
"MEX","BA:463","EMP_TEMP_SEX_OCU_NB","SEX_T","OCU_ISCO08_0","2021",71.704,,,,"R1:3513"
"MEX","BA:463","EMP_TEMP_SEX_OCU_NB","SEX_T","OCU_ISCO08_X","2021",1465.172,,,,"R1:3513"
"MEX","BA:463","EMP_TEMP_SEX_OCU_NB","SEX_T","OCU_SKILL_TOTAL","2020",51420.181,"B",,"I11:264","R1:3513"
"MEX","BA:463","EMP_TEMP_SEX_OCU_NB","SEX_T","OCU_SKILL_L3-4","2020",10163.724,"B",,"I11:264","R1:3513"
"MEX","BA:463","EMP_TEMP_SEX_OCU_NB","SEX_T","OCU_SKILL_L2","2020",30003.967,"B",,"I11:264","R1:3513"
"MEX","BA:463","EMP_TEMP_SEX_OCU_NB","SEX_T","OCU_SKILL_L1","2020",9727.241,"B",,"I11:264","R1:3513"
"MEX","BA:463","EMP_TEMP_SEX_OCU_NB","SEX_T","OCU_SKILL_X","2020",1525.249,"B",,"I11:264","R1:3513"
"MEX","BA:463","EMP_TEMP_SEX_OCU_NB","SEX_T","OCU_ISCO08_TOTAL","2020",51420.181,"B",,"I11:264","R1:3513"
"MEX","BA:463","EMP_TEMP_SEX_OCU_NB","SEX_T","OCU_ISCO08_1","2020",1523.222,"B",,"I11:264","R1:3513"
"MEX","BA:463","EMP_TEMP_SEX_OCU_NB","SEX_T","OCU_ISCO08_2","2020",4992.788,"B",,"I11:264","R1:3513"
"MEX","BA:463","EMP_TEMP_SEX_OCU_NB","SEX_T","OCU_ISCO08_3","2020",3647.713,"B",,"I11:264","R1:3513"
"MEX","BA:463","EMP_TEMP_SEX_OCU_NB","SEX_T","OCU_ISCO08_4","2020",3386.463,"B",,"I11:264","R1:3513"
"MEX","BA:463","EMP_TEMP_SEX_OCU_NB","SEX_T","OCU_ISCO08_5","2020",11009.977,"B",,"I11:264","R1:3513"
"MEX","BA:463","EMP_TEMP_SEX_OCU_NB","SEX_T","OCU_ISCO08_6","2020",3785.284,"B",,"I11:264","R1:3513"
"MEX","BA:463","EMP_TEMP_SEX_OCU_NB","SEX_T","OCU_ISCO08_7","2020",6677.953,"B",,"I11:264","R1:3513"
"MEX","BA:463","EMP_TEMP_SEX_OCU_NB","SEX_T","OCU_ISCO08_8","2020",5144.29,"B",,"I11:264","R1:3513"
"MEX","BA:463","EMP_TEMP_SEX_OCU_NB","SEX_T","OCU_ISCO08_9","2020",9727.241,"B",,"I11:264","R1:3513"
"MEX","BA:463","EMP_TEMP_SEX_OCU_NB","SEX_T","OCU_ISCO08_0","2020",76.64,"B",,"I11:264","R1:3513"
"MEX","BA:463","EMP_TEMP_SEX_OCU_NB","SEX_T","OCU_ISCO08_X","2020",1448.61,"B",,"I11:264","R1:3513"
"MEX","BA:463","EMP_TEMP_SEX_OCU_NB","SEX_T","OCU_SKILL_TOTAL","2019",54614.549,,,,"R1:3513"
"MEX","BA:463","EMP_TEMP_SEX_OCU_NB","SEX_T","OCU_SKILL_L3-4","2019",10610.931,,,,"R1:3513"
"MEX","BA:463","EMP_TEMP_SEX_OCU_NB","SEX_T","OCU_SKILL_L2","2019",32266.035,,,,"R1:3513"
"MEX","BA:463","EMP_TEMP_SEX_OCU_NB","SEX_T","OCU_SKILL_L1","2019",10767.002,,,,"R1:3513"
"MEX","BA:463","EMP_TEMP_SEX_OCU_NB","SEX_T","OCU_SKILL_X","2019",970.58,,,,"R1:3513"
"MEX","BA:463","EMP_TEMP_SEX_OCU_NB","SEX_T","OCU_ISCO08_TOTAL","2019",54614.549,,,,"R1:3513"
"MEX","BA:463","EMP_TEMP_SEX_OCU_NB","SEX_T","OCU_ISCO08_1","2019",1598.978,,,,"R1:3513"
"MEX","BA:463","EMP_TEMP_SEX_OCU_NB","SEX_T","OCU_ISCO08_2","2019",5117.017,,,,"R1:3513"
"MEX","BA:463","EMP_TEMP_SEX_OCU_NB","SEX_T","OCU_ISCO08_3","2019",3894.935,,,,"R1:3513"
"MEX","BA:463","EMP_TEMP_SEX_OCU_NB","SEX_T","OCU_ISCO08_4","2019",3338.2,,,,"R1:3513"
"MEX","BA:463","EMP_TEMP_SEX_OCU_NB","SEX_T","OCU_ISCO08_5","2019",12324.986,,,,"R1:3513"
"MEX","BA:463","EMP_TEMP_SEX_OCU_NB","SEX_T","OCU_ISCO08_6","2019",3998.778,,,,"R1:3513"
"MEX","BA:463","EMP_TEMP_SEX_OCU_NB","SEX_T","OCU_ISCO08_7","2019",7140.561,,,,"R1:3513"
"MEX","BA:463","EMP_TEMP_SEX_OCU_NB","SEX_T","OCU_ISCO08_8","2019",5463.51,,,,"R1:3513"
"MEX","BA:463","EMP_TEMP_SEX_OCU_NB","SEX_T","OCU_ISCO08_9","2019",10767.002,,,,"R1:3513"
"MEX","BA:463","EMP_TEMP_SEX_OCU_NB","SEX_T","OCU_ISCO08_0","2019",58.106,,,,"R1:3513"
"MEX","BA:463","EMP_TEMP_SEX_OCU_NB","SEX_T","OCU_ISCO08_X","2019",912.474,,,,"R1:3513"
"MEX","BA:463","EMP_TEMP_SEX_OCU_NB","SEX_T","OCU_SKILL_TOTAL","2018",53161.791,,,,"R1:3513"
"MEX","BA:463","EMP_TEMP_SEX_OCU_NB","SEX_T","OCU_SKILL_L3-4","2018",10530.177,,,,"R1:3513"
"MEX","BA:463","EMP_TEMP_SEX_OCU_NB","SEX_T","OCU_SKILL_L2","2018",31221.899,,,,"R1:3513"
"MEX","BA:463","EMP_TEMP_SEX_OCU_NB","SEX_T","OCU_SKILL_L1","2018",10416.25,,,,"R1:3513"
"MEX","BA:463","EMP_TEMP_SEX_OCU_NB","SEX_T","OCU_SKILL_X","2018",993.464,,,,"R1:3513"
"MEX","BA:463","EMP_TEMP_SEX_OCU_NB","SEX_T","OCU_ISCO08_TOTAL","2018",53161.791,,,,"R1:3513"
"MEX","BA:463","EMP_TEMP_SEX_OCU_NB","SEX_T","OCU_ISCO08_1","2018",1646.492,,,,"R1:3513"
"MEX","BA:463","EMP_TEMP_SEX_OCU_NB","SEX_T","OCU_ISCO08_2","2018",5083.081,,,,"R1:3513"
"MEX","BA:463","EMP_TEMP_SEX_OCU_NB","SEX_T","OCU_ISCO08_3","2018",3800.604,,,,"R1:3513"
"MEX","BA:463","EMP_TEMP_SEX_OCU_NB","SEX_T","OCU_ISCO08_4","2018",3194.287,,,,"R1:3513"
"MEX","BA:463","EMP_TEMP_SEX_OCU_NB","SEX_T","OCU_ISCO08_5","2018",11484.5,,,,"R1:3513"
"MEX","BA:463","EMP_TEMP_SEX_OCU_NB","SEX_T","OCU_ISCO08_6","2018",3929.606,,,,"R1:3513"
"MEX","BA:463","EMP_TEMP_SEX_OCU_NB","SEX_T","OCU_ISCO08_7","2018",7256.054,,,,"R1:3513"
"MEX","BA:463","EMP_TEMP_SEX_OCU_NB","SEX_T","OCU_ISCO08_8","2018",5357.451,,,,"R1:3513"
"MEX","BA:463","EMP_TEMP_SEX_OCU_NB","SEX_T","OCU_ISCO08_9","2018",10416.25,,,,"R1:3513"
"MEX","BA:463","EMP_TEMP_SEX_OCU_NB","SEX_T","OCU_ISCO08_0","2018",55.539,,,,"R1:3513"
"MEX","BA:463","EMP_TEMP_SEX_OCU_NB","SEX_T","OCU_ISCO08_X","2018",937.926,,,,"R1:3513"
"MEX","BA:463","EMP_TEMP_SEX_OCU_NB","SEX_T","OCU_SKILL_TOTAL","2017",51680.279,,,,"R1:3513"
"MEX","BA:463","EMP_TEMP_SEX_OCU_NB","SEX_T","OCU_SKILL_L3-4","2017",10104.835,,,,"R1:3513"
"MEX","BA:463","EMP_TEMP_SEX_OCU_NB","SEX_T","OCU_SKILL_L2","2017",30204.367,,,,"R1:3513"
"MEX","BA:463","EMP_TEMP_SEX_OCU_NB","SEX_T","OCU_SKILL_L1","2017",10390.898,,,,"R1:3513"
"MEX","BA:463","EMP_TEMP_SEX_OCU_NB","SEX_T","OCU_SKILL_X","2017",980.18,,,,"R1:3513"
"MEX","BA:463","EMP_TEMP_SEX_OCU_NB","SEX_T","OCU_ISCO08_TOTAL","2017",51680.279,,,,"R1:3513"
"MEX","BA:463","EMP_TEMP_SEX_OCU_NB","SEX_T","OCU_ISCO08_1","2017",1616.242,,,,"R1:3513"
"MEX","BA:463","EMP_TEMP_SEX_OCU_NB","SEX_T","OCU_ISCO08_2","2017",4770.931,,,,"R1:3513"
"MEX","BA:463","EMP_TEMP_SEX_OCU_NB","SEX_T","OCU_ISCO08_3","2017",3717.662,,,,"R1:3513"
"MEX","BA:463","EMP_TEMP_SEX_OCU_NB","SEX_T","OCU_ISCO08_4","2017",3016.045,,,,"R1:3513"
"MEX","BA:463","EMP_TEMP_SEX_OCU_NB","SEX_T","OCU_ISCO08_5","2017",11247.852,,,,"R1:3513"
"MEX","BA:463","EMP_TEMP_SEX_OCU_NB","SEX_T","OCU_ISCO08_6","2017",3849.771,,,,"R1:3513"
"MEX","BA:463","EMP_TEMP_SEX_OCU_NB","SEX_T","OCU_ISCO08_7","2017",6926.285,,,,"R1:3513"
"MEX","BA:463","EMP_TEMP_SEX_OCU_NB","SEX_T","OCU_ISCO08_8","2017",5164.414,,,,"R1:3513"
"MEX","BA:463","EMP_TEMP_SEX_OCU_NB","SEX_T","OCU_ISCO08_9","2017",10390.898,,,,"R1:3513"
"MEX","BA:463","EMP_TEMP_SEX_OCU_NB","SEX_T","OCU_ISCO08_0","2017",50.728,,,,"R1:3513"
"MEX","BA:463","EMP_TEMP_SEX_OCU_NB","SEX_T","OCU_ISCO08_X","2017",929.451,,,,"R1:3513"
"MEX","BA:463","EMP_TEMP_SEX_OCU_NB","SEX_T","OCU_SKILL_TOTAL","2016",50863.634,,,,"R1:3513"
"MEX","BA:463","EMP_TEMP_SEX_OCU_NB","SEX_T","OCU_SKILL_L3-4","2016",9887.886,,,,"R1:3513"
"MEX","BA:463","EMP_TEMP_SEX_OCU_NB","SEX_T","OCU_SKILL_L2","2016",29591.191,,,,"R1:3513"
"MEX","BA:463","EMP_TEMP_SEX_OCU_NB","SEX_T","OCU_SKILL_L1","2016",10387.325,,,,"R1:3513"
"MEX","BA:463","EMP_TEMP_SEX_OCU_NB","SEX_T","OCU_SKILL_X","2016",997.233,,,,"R1:3513"
"MEX","BA:463","EMP_TEMP_SEX_OCU_NB","SEX_T","OCU_ISCO08_TOTAL","2016",50863.634,,,,"R1:3513"
"MEX","BA:463","EMP_TEMP_SEX_OCU_NB","SEX_T","OCU_ISCO08_1","2016",1532.708,,,,"R1:3513"
"MEX","BA:463","EMP_TEMP_SEX_OCU_NB","SEX_T","OCU_ISCO08_2","2016",4636.027,,,,"R1:3513"
"MEX","BA:463","EMP_TEMP_SEX_OCU_NB","SEX_T","OCU_ISCO08_3","2016",3719.151,,,,"R1:3513"
"MEX","BA:463","EMP_TEMP_SEX_OCU_NB","SEX_T","OCU_ISCO08_4","2016",2951.908,,,,"R1:3513"
"MEX","BA:463","EMP_TEMP_SEX_OCU_NB","SEX_T","OCU_ISCO08_5","2016",11231.63,,,,"R1:3513"
"MEX","BA:463","EMP_TEMP_SEX_OCU_NB","SEX_T","OCU_ISCO08_6","2016",3735.478,,,,"R1:3513"
"MEX","BA:463","EMP_TEMP_SEX_OCU_NB","SEX_T","OCU_ISCO08_7","2016",6662.596,,,,"R1:3513"
"MEX","BA:463","EMP_TEMP_SEX_OCU_NB","SEX_T","OCU_ISCO08_8","2016",5009.579,,,,"R1:3513"
"MEX","BA:463","EMP_TEMP_SEX_OCU_NB","SEX_T","OCU_ISCO08_9","2016",10387.325,,,,"R1:3513"
"MEX","BA:463","EMP_TEMP_SEX_OCU_NB","SEX_T","OCU_ISCO08_0","2016",51.25,,,,"R1:3513"
"MEX","BA:463","EMP_TEMP_SEX_OCU_NB","SEX_T","OCU_ISCO08_X","2016",945.982,,,,"R1:3513"
"MEX","BA:463","EMP_TEMP_SEX_OCU_NB","SEX_T","OCU_SKILL_TOTAL","2015",49828.505,,,,"R1:3513"
"MEX","BA:463","EMP_TEMP_SEX_OCU_NB","SEX_T","OCU_SKILL_L3-4","2015",9680.03,,,,"R1:3513"
"MEX","BA:463","EMP_TEMP_SEX_OCU_NB","SEX_T","OCU_SKILL_L2","2015",28860.109,,,,"R1:3513"
"MEX","BA:463","EMP_TEMP_SEX_OCU_NB","SEX_T","OCU_SKILL_L1","2015",10292.619,,,,"R1:3513"
"MEX","BA:463","EMP_TEMP_SEX_OCU_NB","SEX_T","OCU_SKILL_X","2015",995.747,,,,"R1:3513"
"MEX","BA:463","EMP_TEMP_SEX_OCU_NB","SEX_T","OCU_ISCO08_TOTAL","2015",49828.505,,,,"R1:3513"
"MEX","BA:463","EMP_TEMP_SEX_OCU_NB","SEX_T","OCU_ISCO08_1","2015",1496.166,,,,"R1:3513"
"MEX","BA:463","EMP_TEMP_SEX_OCU_NB","SEX_T","OCU_ISCO08_2","2015",4522.077,,,,"R1:3513"
"MEX","BA:463","EMP_TEMP_SEX_OCU_NB","SEX_T","OCU_ISCO08_3","2015",3661.787,,,,"R1:3513"
"MEX","BA:463","EMP_TEMP_SEX_OCU_NB","SEX_T","OCU_ISCO08_4","2015",2880.818,,,,"R1:3513"
"MEX","BA:463","EMP_TEMP_SEX_OCU_NB","SEX_T","OCU_ISCO08_5","2015",10968.108,,,,"R1:3513"
"MEX","BA:463","EMP_TEMP_SEX_OCU_NB","SEX_T","OCU_ISCO08_6","2015",3800.764,,,,"R1:3513"
"MEX","BA:463","EMP_TEMP_SEX_OCU_NB","SEX_T","OCU_ISCO08_7","2015",6365.432,,,,"R1:3513"
"MEX","BA:463","EMP_TEMP_SEX_OCU_NB","SEX_T","OCU_ISCO08_8","2015",4844.986,,,,"R1:3513"
"MEX","BA:463","EMP_TEMP_SEX_OCU_NB","SEX_T","OCU_ISCO08_9","2015",10292.619,,,,"R1:3513"
"MEX","BA:463","EMP_TEMP_SEX_OCU_NB","SEX_T","OCU_ISCO08_0","2015",45.267,,,,"R1:3513"
"MEX","BA:463","EMP_TEMP_SEX_OCU_NB","SEX_T","OCU_ISCO08_X","2015",950.48,,,,"R1:3513"
"MEX","BA:463","EMP_TEMP_SEX_OCU_NB","SEX_T","OCU_SKILL_TOTAL","2014",48617.093,,,,"R1:3513"
"MEX","BA:463","EMP_TEMP_SEX_OCU_NB","SEX_T","OCU_SKILL_L3-4","2014",9490.274,,,,"R1:3513"
"MEX","BA:463","EMP_TEMP_SEX_OCU_NB","SEX_T","OCU_SKILL_L2","2014",28293.793,,,,"R1:3513"
"MEX","BA:463","EMP_TEMP_SEX_OCU_NB","SEX_T","OCU_SKILL_L1","2014",9894.715,,,,"R1:3513"
"MEX","BA:463","EMP_TEMP_SEX_OCU_NB","SEX_T","OCU_SKILL_X","2014",938.311,,,,"R1:3513"
"MEX","BA:463","EMP_TEMP_SEX_OCU_NB","SEX_T","OCU_ISCO08_TOTAL","2014",48617.093,,,,"R1:3513"
"MEX","BA:463","EMP_TEMP_SEX_OCU_NB","SEX_T","OCU_ISCO08_1","2014",1475.098,,,,"R1:3513"
"MEX","BA:463","EMP_TEMP_SEX_OCU_NB","SEX_T","OCU_ISCO08_2","2014",4391.796,,,,"R1:3513"
"MEX","BA:463","EMP_TEMP_SEX_OCU_NB","SEX_T","OCU_ISCO08_3","2014",3623.381,,,,"R1:3513"
"MEX","BA:463","EMP_TEMP_SEX_OCU_NB","SEX_T","OCU_ISCO08_4","2014",2837.024,,,,"R1:3513"
"MEX","BA:463","EMP_TEMP_SEX_OCU_NB","SEX_T","OCU_ISCO08_5","2014",10797.507,,,,"R1:3513"
"MEX","BA:463","EMP_TEMP_SEX_OCU_NB","SEX_T","OCU_ISCO08_6","2014",3865.314,,,,"R1:3513"
"MEX","BA:463","EMP_TEMP_SEX_OCU_NB","SEX_T","OCU_ISCO08_7","2014",6144.62,,,,"R1:3513"
"MEX","BA:463","EMP_TEMP_SEX_OCU_NB","SEX_T","OCU_ISCO08_8","2014",4649.328,,,,"R1:3513"
"MEX","BA:463","EMP_TEMP_SEX_OCU_NB","SEX_T","OCU_ISCO08_9","2014",9894.715,,,,"R1:3513"
"MEX","BA:463","EMP_TEMP_SEX_OCU_NB","SEX_T","OCU_ISCO08_0","2014",63.092,,,,"R1:3513"
"MEX","BA:463","EMP_TEMP_SEX_OCU_NB","SEX_T","OCU_ISCO08_X","2014",875.219,,,,"R1:3513"
"MEX","BA:463","EMP_TEMP_SEX_OCU_NB","SEX_T","OCU_SKILL_TOTAL","2013",48411.866,,,,"R1:3513"
"MEX","BA:463","EMP_TEMP_SEX_OCU_NB","SEX_T","OCU_SKILL_L3-4","2013",9648.737,,,,"R1:3513"
"MEX","BA:463","EMP_TEMP_SEX_OCU_NB","SEX_T","OCU_SKILL_L2","2013",27945.209,,,,"R1:3513"
"MEX","BA:463","EMP_TEMP_SEX_OCU_NB","SEX_T","OCU_SKILL_L1","2013",9860.762,,,,"R1:3513"
"MEX","BA:463","EMP_TEMP_SEX_OCU_NB","SEX_T","OCU_SKILL_X","2013",957.158,,,,"R1:3513"
"MEX","BA:463","EMP_TEMP_SEX_OCU_NB","SEX_T","OCU_ISCO08_TOTAL","2013",48411.866,,,,"R1:3513"
"MEX","BA:463","EMP_TEMP_SEX_OCU_NB","SEX_T","OCU_ISCO08_1","2013",1586.763,,,,"R1:3513"
"MEX","BA:463","EMP_TEMP_SEX_OCU_NB","SEX_T","OCU_ISCO08_2","2013",4453.663,,,,"R1:3513"
"MEX","BA:463","EMP_TEMP_SEX_OCU_NB","SEX_T","OCU_ISCO08_3","2013",3608.311,,,,"R1:3513"
"MEX","BA:463","EMP_TEMP_SEX_OCU_NB","SEX_T","OCU_ISCO08_4","2013",2783.191,,,,"R1:3513"
"MEX","BA:463","EMP_TEMP_SEX_OCU_NB","SEX_T","OCU_ISCO08_5","2013",10811.32,,,,"R1:3513"
"MEX","BA:463","EMP_TEMP_SEX_OCU_NB","SEX_T","OCU_ISCO08_6","2013",3769.161,,,,"R1:3513"
"MEX","BA:463","EMP_TEMP_SEX_OCU_NB","SEX_T","OCU_ISCO08_7","2013",6237.641,,,,"R1:3513"
"MEX","BA:463","EMP_TEMP_SEX_OCU_NB","SEX_T","OCU_ISCO08_8","2013",4343.897,,,,"R1:3513"
"MEX","BA:463","EMP_TEMP_SEX_OCU_NB","SEX_T","OCU_ISCO08_9","2013",9860.762,,,,"R1:3513"
"MEX","BA:463","EMP_TEMP_SEX_OCU_NB","SEX_T","OCU_ISCO08_0","2013",59.484,,,,"R1:3513"
"MEX","BA:463","EMP_TEMP_SEX_OCU_NB","SEX_T","OCU_ISCO08_X","2013",897.674,,,,"R1:3513"
"MEX","BA:463","EMP_TEMP_SEX_OCU_NB","SEX_T","OCU_SKILL_TOTAL","2012",47886.308,,,,"R1:3513"
"MEX","BA:463","EMP_TEMP_SEX_OCU_NB","SEX_T","OCU_SKILL_L3-4","2012",8268.644,,,,"R1:3513"
"MEX","BA:463","EMP_TEMP_SEX_OCU_NB","SEX_T","OCU_SKILL_L2","2012",29772.551,,,,"R1:3513"
"MEX","BA:463","EMP_TEMP_SEX_OCU_NB","SEX_T","OCU_SKILL_L1","2012",9329.68,,,,"R1:3513"
"MEX","BA:463","EMP_TEMP_SEX_OCU_NB","SEX_T","OCU_SKILL_X","2012",515.433,,,,"R1:3513"
"MEX","BA:463","EMP_TEMP_SEX_OCU_NB","SEX_T","OCU_SKILL_TOTAL","2011",46359.442,,,,"R1:3513"
"MEX","BA:463","EMP_TEMP_SEX_OCU_NB","SEX_T","OCU_SKILL_L3-4","2011",6707.192,,,,"R1:3513"
"MEX","BA:463","EMP_TEMP_SEX_OCU_NB","SEX_T","OCU_SKILL_L2","2011",31383.349,,,,"R1:3513"
"MEX","BA:463","EMP_TEMP_SEX_OCU_NB","SEX_T","OCU_SKILL_L1","2011",8255.368,,,,"R1:3513"
"MEX","BA:463","EMP_TEMP_SEX_OCU_NB","SEX_T","OCU_SKILL_X","2011",13.533,,,,"R1:3513"
"MEX","BA:463","EMP_TEMP_SEX_OCU_NB","SEX_T","OCU_SKILL_TOTAL","2010",46121.621,,,,"R1:3513"
"MEX","BA:463","EMP_TEMP_SEX_OCU_NB","SEX_T","OCU_SKILL_L3-4","2010",6538.848,,,,"R1:3513"
"MEX","BA:463","EMP_TEMP_SEX_OCU_NB","SEX_T","OCU_SKILL_L2","2010",31124.691,,,,"R1:3513"
"MEX","BA:463","EMP_TEMP_SEX_OCU_NB","SEX_T","OCU_SKILL_L1","2010",8452.04,,,,"R1:3513"
"MEX","BA:463","EMP_TEMP_SEX_OCU_NB","SEX_T","OCU_SKILL_X","2010",6.043,,,,"R1:3513"
"MEX","BA:463","EMP_TEMP_SEX_OCU_NB","SEX_T","OCU_SKILL_TOTAL","2009",45435.34,,,,"R1:3513"
"MEX","BA:463","EMP_TEMP_SEX_OCU_NB","SEX_T","OCU_SKILL_L3-4","2009",6449.932,,,,"R1:3513"
"MEX","BA:463","EMP_TEMP_SEX_OCU_NB","SEX_T","OCU_SKILL_L2","2009",30648.337,,,,"R1:3513"
"MEX","BA:463","EMP_TEMP_SEX_OCU_NB","SEX_T","OCU_SKILL_L1","2009",8329.532,,,,"R1:3513"
"MEX","BA:463","EMP_TEMP_SEX_OCU_NB","SEX_T","OCU_SKILL_X","2009",7.538,,,,"R1:3513"
"MEX","BA:463","EMP_TEMP_SEX_OCU_NB","SEX_T","OCU_SKILL_TOTAL","2008",44943.527,,,,"R1:3513"
"MEX","BA:463","EMP_TEMP_SEX_OCU_NB","SEX_T","OCU_SKILL_L3-4","2008",6188.952,,,,"R1:3513"
"MEX","BA:463","EMP_TEMP_SEX_OCU_NB","SEX_T","OCU_SKILL_L2","2008",30643.325,,,,"R1:3513"
"MEX","BA:463","EMP_TEMP_SEX_OCU_NB","SEX_T","OCU_SKILL_L1","2008",8108.663,,,,"R1:3513"
"MEX","BA:463","EMP_TEMP_SEX_OCU_NB","SEX_T","OCU_SKILL_X","2008",2.587,,,,"R1:3513"
"MEX","BA:463","EMP_TEMP_SEX_OCU_NB","SEX_T","OCU_SKILL_TOTAL","2007",44231.248,"B",,"I11:264","R1:3513"
"MEX","BA:463","EMP_TEMP_SEX_OCU_NB","SEX_T","OCU_SKILL_L3-4","2007",6065.39,"B",,"I11:264","R1:3513"
"MEX","BA:463","EMP_TEMP_SEX_OCU_NB","SEX_T","OCU_SKILL_L2","2007",30173.317,"B",,"I11:264","R1:3513"
"MEX","BA:463","EMP_TEMP_SEX_OCU_NB","SEX_T","OCU_SKILL_L1","2007",7991.283,"B",,"I11:264","R1:3513"
"MEX","BA:463","EMP_TEMP_SEX_OCU_NB","SEX_T","OCU_SKILL_X","2007",1.258,"B",,"I11:264","R1:3513"
"MEX","BA:463","EMP_TEMP_SEX_OCU_NB","SEX_T","OCU_SKILL_TOTAL","2006",43378.461,,,,"R1:3513"
"MEX","BA:463","EMP_TEMP_SEX_OCU_NB","SEX_T","OCU_SKILL_L3-4","2006",5930.557,,,,"R1:3513"
"MEX","BA:463","EMP_TEMP_SEX_OCU_NB","SEX_T","OCU_SKILL_L2","2006",29479.119,,,,"R1:3513"
"MEX","BA:463","EMP_TEMP_SEX_OCU_NB","SEX_T","OCU_SKILL_L1","2006",7965.946,,,,"R1:3513"
"MEX","BA:463","EMP_TEMP_SEX_OCU_NB","SEX_T","OCU_SKILL_X","2006",2.84,,,,"R1:3513"
"MEX","BA:463","EMP_TEMP_SEX_OCU_NB","SEX_T","OCU_SKILL_TOTAL","2005",42079.136,"B",,"I11:264","R1:3513"
"MEX","BA:463","EMP_TEMP_SEX_OCU_NB","SEX_T","OCU_SKILL_L3-4","2005",5595.544,"B",,"I11:264","R1:3513"
"MEX","BA:463","EMP_TEMP_SEX_OCU_NB","SEX_T","OCU_SKILL_L2","2005",28420.298,"B",,"I11:264","R1:3513"
"MEX","BA:463","EMP_TEMP_SEX_OCU_NB","SEX_T","OCU_SKILL_L1","2005",8060.033,"B",,"I11:264","R1:3513"
"MEX","BA:463","EMP_TEMP_SEX_OCU_NB","SEX_T","OCU_SKILL_X","2005",3.262,"B",,"I11:264","R1:3513"
"MEX","BA:463","EMP_TEMP_SEX_OCU_NB","SEX_T","OCU_SKILL_TOTAL","2004",40737.107,,,,"R1:3513"
"MEX","BA:463","EMP_TEMP_SEX_OCU_NB","SEX_T","OCU_SKILL_L3-4","2004",7567.46,,,,"R1:3513"
"MEX","BA:463","EMP_TEMP_SEX_OCU_NB","SEX_T","OCU_SKILL_L2","2004",25116.369,,,,"R1:3513"
"MEX","BA:463","EMP_TEMP_SEX_OCU_NB","SEX_T","OCU_SKILL_L1","2004",7982.252,,,,"R1:3513"
"MEX","BA:463","EMP_TEMP_SEX_OCU_NB","SEX_T","OCU_SKILL_X","2004",71.025,,,,"R1:3513"
"MEX","BA:463","EMP_TEMP_SEX_OCU_NB","SEX_T","OCU_ISCO88_TOTAL","2004",40737.107,,,,"R1:3513"
"MEX","BA:463","EMP_TEMP_SEX_OCU_NB","SEX_T","OCU_ISCO88_1","2004",795.391,,,,"R1:3513"
"MEX","BA:463","EMP_TEMP_SEX_OCU_NB","SEX_T","OCU_ISCO88_2","2004",2394.429,,,,"R1:3513"
"MEX","BA:463","EMP_TEMP_SEX_OCU_NB","SEX_T","OCU_ISCO88_3","2004",4377.641,,,,"R1:3513"
"MEX","BA:463","EMP_TEMP_SEX_OCU_NB","SEX_T","OCU_ISCO88_4","2004",2133.664,,,,"R1:3513"
"MEX","BA:463","EMP_TEMP_SEX_OCU_NB","SEX_T","OCU_ISCO88_5","2004",7438.523,,,,"R1:3513"
"MEX","BA:463","EMP_TEMP_SEX_OCU_NB","SEX_T","OCU_ISCO88_6","2004",6176.216,,,,"R1:3513"
"MEX","BA:463","EMP_TEMP_SEX_OCU_NB","SEX_T","OCU_ISCO88_7","2004",5701.934,,,,"R1:3513"
"MEX","BA:463","EMP_TEMP_SEX_OCU_NB","SEX_T","OCU_ISCO88_8","2004",3666.032,,,,"R1:3513"
"MEX","BA:463","EMP_TEMP_SEX_OCU_NB","SEX_T","OCU_ISCO88_9","2004",7982.252,,,,"R1:3513"
"MEX","BA:463","EMP_TEMP_SEX_OCU_NB","SEX_T","OCU_ISCO88_0","2004",62.101,,,,"R1:3513"
"MEX","BA:463","EMP_TEMP_SEX_OCU_NB","SEX_T","OCU_ISCO88_X","2004",8.924,,,,"R1:3513"
"MEX","BA:463","EMP_TEMP_SEX_OCU_NB","SEX_T","OCU_SKILL_TOTAL","2003",39808.134,,,,"R1:3513"
"MEX","BA:463","EMP_TEMP_SEX_OCU_NB","SEX_T","OCU_SKILL_L3-4","2003",7279.124,,,,"R1:3513"
"MEX","BA:463","EMP_TEMP_SEX_OCU_NB","SEX_T","OCU_SKILL_L2","2003",24661.699,,,,"R1:3513"
"MEX","BA:463","EMP_TEMP_SEX_OCU_NB","SEX_T","OCU_SKILL_L1","2003",7793.56,,,,"R1:3513"
"MEX","BA:463","EMP_TEMP_SEX_OCU_NB","SEX_T","OCU_SKILL_X","2003",73.752,,,,"R1:3513"
"MEX","BA:463","EMP_TEMP_SEX_OCU_NB","SEX_T","OCU_ISCO88_TOTAL","2003",39808.134,,,,"R1:3513"
"MEX","BA:463","EMP_TEMP_SEX_OCU_NB","SEX_T","OCU_ISCO88_1","2003",802.509,,,,"R1:3513"
"MEX","BA:463","EMP_TEMP_SEX_OCU_NB","SEX_T","OCU_ISCO88_2","2003",2348.376,,,,"R1:3513"
"MEX","BA:463","EMP_TEMP_SEX_OCU_NB","SEX_T","OCU_ISCO88_3","2003",4128.238,,,,"R1:3513"
"MEX","BA:463","EMP_TEMP_SEX_OCU_NB","SEX_T","OCU_ISCO88_4","2003",2068.648,,,,"R1:3513"
"MEX","BA:463","EMP_TEMP_SEX_OCU_NB","SEX_T","OCU_ISCO88_5","2003",7149.462,,,,"R1:3513"
"MEX","BA:463","EMP_TEMP_SEX_OCU_NB","SEX_T","OCU_ISCO88_6","2003",6386.792,,,,"R1:3513"
"MEX","BA:463","EMP_TEMP_SEX_OCU_NB","SEX_T","OCU_ISCO88_7","2003",5528.05,,,,"R1:3513"
"MEX","BA:463","EMP_TEMP_SEX_OCU_NB","SEX_T","OCU_ISCO88_8","2003",3528.748,,,,"R1:3513"
"MEX","BA:463","EMP_TEMP_SEX_OCU_NB","SEX_T","OCU_ISCO88_9","2003",7793.56,,,,"R1:3513"
"MEX","BA:463","EMP_TEMP_SEX_OCU_NB","SEX_T","OCU_ISCO88_0","2003",62.543,,,,"R1:3513"
"MEX","BA:463","EMP_TEMP_SEX_OCU_NB","SEX_T","OCU_ISCO88_X","2003",11.209,,,,"R1:3513"
"MEX","BA:463","EMP_TEMP_SEX_OCU_NB","SEX_T","OCU_SKILL_TOTAL","2002",39090.086,"B",,"I11:264","R1:3513"
"MEX","BA:463","EMP_TEMP_SEX_OCU_NB","SEX_T","OCU_SKILL_L3-4","2002",7145.16,"B",,"I11:264","R1:3513"
"MEX","BA:463","EMP_TEMP_SEX_OCU_NB","SEX_T","OCU_SKILL_L2","2002",24403.251,"B",,"I11:264","R1:3513"
"MEX","BA:463","EMP_TEMP_SEX_OCU_NB","SEX_T","OCU_SKILL_L1","2002",7471.586,"B",,"I11:264","R1:3513"
"MEX","BA:463","EMP_TEMP_SEX_OCU_NB","SEX_T","OCU_SKILL_X","2002",70.09,"B",,"I11:264","R1:3513"
"MEX","BA:463","EMP_TEMP_SEX_OCU_NB","SEX_T","OCU_ISCO88_TOTAL","2002",39090.086,"B",,"I11:264","R1:3513"
"MEX","BA:463","EMP_TEMP_SEX_OCU_NB","SEX_T","OCU_ISCO88_1","2002",817.135,"B",,"I11:264","R1:3513"
"MEX","BA:463","EMP_TEMP_SEX_OCU_NB","SEX_T","OCU_ISCO88_2","2002",2220.394,"B",,"I11:264","R1:3513"
"MEX","BA:463","EMP_TEMP_SEX_OCU_NB","SEX_T","OCU_ISCO88_3","2002",4107.631,"B",,"I11:264","R1:3513"
"MEX","BA:463","EMP_TEMP_SEX_OCU_NB","SEX_T","OCU_ISCO88_4","2002",2070.174,"B",,"I11:264","R1:3513"
"MEX","BA:463","EMP_TEMP_SEX_OCU_NB","SEX_T","OCU_ISCO88_5","2002",6836.807,"B",,"I11:264","R1:3513"
"MEX","BA:463","EMP_TEMP_SEX_OCU_NB","SEX_T","OCU_ISCO88_6","2002",6594,"B",,"I11:264","R1:3513"
"MEX","BA:463","EMP_TEMP_SEX_OCU_NB","SEX_T","OCU_ISCO88_7","2002",5364.367,"B",,"I11:264","R1:3513"
"MEX","BA:463","EMP_TEMP_SEX_OCU_NB","SEX_T","OCU_ISCO88_8","2002",3537.903,"B",,"I11:264","R1:3513"
"MEX","BA:463","EMP_TEMP_SEX_OCU_NB","SEX_T","OCU_ISCO88_9","2002",7471.586,"B",,"I11:264","R1:3513"
"MEX","BA:463","EMP_TEMP_SEX_OCU_NB","SEX_T","OCU_ISCO88_0","2002",62.054,"B",,"I11:264","R1:3513"
"MEX","BA:463","EMP_TEMP_SEX_OCU_NB","SEX_T","OCU_ISCO88_X","2002",8.035,"B",,"I11:264","R1:3513"
"MEX","BA:463","EMP_TEMP_SEX_OCU_NB","SEX_T","OCU_SKILL_TOTAL","2001",38065.8,,,,"S3:9_T2:83"
"MEX","BA:463","EMP_TEMP_SEX_OCU_NB","SEX_T","OCU_SKILL_L3-4","2001",6780.9,,,,"S3:9_T2:83"
"MEX","BA:463","EMP_TEMP_SEX_OCU_NB","SEX_T","OCU_SKILL_L2","2001",24668.4,,,,"S3:9_T2:83"
"MEX","BA:463","EMP_TEMP_SEX_OCU_NB","SEX_T","OCU_SKILL_L1","2001",6550.4,,,,"S3:9_T2:83"
"MEX","BA:463","EMP_TEMP_SEX_OCU_NB","SEX_T","OCU_SKILL_X","2001",66.2,,,,"S3:9_T2:83"
"MEX","BA:463","EMP_TEMP_SEX_OCU_NB","SEX_T","OCU_ISCO88_TOTAL","2001",38065.8,,,,"S3:9_T2:83"
"MEX","BA:463","EMP_TEMP_SEX_OCU_NB","SEX_T","OCU_ISCO88_1","2001",876.3,,,,"S3:9_T2:83"
"MEX","BA:463","EMP_TEMP_SEX_OCU_NB","SEX_T","OCU_ISCO88_2","2001",2371.2,,,,"S3:9_T2:83"
"MEX","BA:463","EMP_TEMP_SEX_OCU_NB","SEX_T","OCU_ISCO88_3","2001",3533.4,,,,"S3:9_T2:83"
"MEX","BA:463","EMP_TEMP_SEX_OCU_NB","SEX_T","OCU_ISCO88_4","2001",2495.4,,,,"S3:9_T2:83"
"MEX","BA:463","EMP_TEMP_SEX_OCU_NB","SEX_T","OCU_ISCO88_5","2001",6041,,,,"S3:9_T2:83"
"MEX","BA:463","EMP_TEMP_SEX_OCU_NB","SEX_T","OCU_ISCO88_6","2001",6485.5,,,,"S3:9_T2:83"
"MEX","BA:463","EMP_TEMP_SEX_OCU_NB","SEX_T","OCU_ISCO88_7","2001",6057.1,,,,"S3:9_T2:83"
"MEX","BA:463","EMP_TEMP_SEX_OCU_NB","SEX_T","OCU_ISCO88_8","2001",3589.4,,,,"S3:9_T2:83"
"MEX","BA:463","EMP_TEMP_SEX_OCU_NB","SEX_T","OCU_ISCO88_9","2001",6550.4,,,,"S3:9_T2:83"
"MEX","BA:463","EMP_TEMP_SEX_OCU_NB","SEX_T","OCU_ISCO88_0","2001",60.2,,,,"S3:9_T2:83"
"MEX","BA:463","EMP_TEMP_SEX_OCU_NB","SEX_T","OCU_ISCO88_X","2001",6,,,,"S3:9_T2:83"
"MEX","BA:463","EMP_TEMP_SEX_OCU_NB","SEX_T","OCU_SKILL_TOTAL","2000",38044.5,,,,"S3:9_T2:83"
"MEX","BA:463","EMP_TEMP_SEX_OCU_NB","SEX_T","OCU_SKILL_L3-4","2000",6729.2,,,,"S3:9_T2:83"
"MEX","BA:463","EMP_TEMP_SEX_OCU_NB","SEX_T","OCU_SKILL_L2","2000",24677.7,,,,"S3:9_T2:83"
"MEX","BA:463","EMP_TEMP_SEX_OCU_NB","SEX_T","OCU_SKILL_L1","2000",6568.7,,,,"S3:9_T2:83"
"MEX","BA:463","EMP_TEMP_SEX_OCU_NB","SEX_T","OCU_SKILL_X","2000",68.9,,,,"S3:9_T2:83"
"MEX","BA:463","EMP_TEMP_SEX_OCU_NB","SEX_T","OCU_ISCO88_TOTAL","2000",38044.5,,,,"S3:9_T2:83"
"MEX","BA:463","EMP_TEMP_SEX_OCU_NB","SEX_T","OCU_ISCO88_1","2000",893.5,,,,"S3:9_T2:83"
"MEX","BA:463","EMP_TEMP_SEX_OCU_NB","SEX_T","OCU_ISCO88_2","2000",2258,,,,"S3:9_T2:83"
"MEX","BA:463","EMP_TEMP_SEX_OCU_NB","SEX_T","OCU_ISCO88_3","2000",3577.7,,,,"S3:9_T2:83"
"MEX","BA:463","EMP_TEMP_SEX_OCU_NB","SEX_T","OCU_ISCO88_4","2000",2467.1,,,,"S3:9_T2:83"
"MEX","BA:463","EMP_TEMP_SEX_OCU_NB","SEX_T","OCU_ISCO88_5","2000",5937.3,,,,"S3:9_T2:83"
"MEX","BA:463","EMP_TEMP_SEX_OCU_NB","SEX_T","OCU_ISCO88_6","2000",6526.8,,,,"S3:9_T2:83"
"MEX","BA:463","EMP_TEMP_SEX_OCU_NB","SEX_T","OCU_ISCO88_7","2000",6106.1,,,,"S3:9_T2:83"
"MEX","BA:463","EMP_TEMP_SEX_OCU_NB","SEX_T","OCU_ISCO88_8","2000",3640.4,,,,"S3:9_T2:83"
"MEX","BA:463","EMP_TEMP_SEX_OCU_NB","SEX_T","OCU_ISCO88_9","2000",6568.7,,,,"S3:9_T2:83"
"MEX","BA:463","EMP_TEMP_SEX_OCU_NB","SEX_T","OCU_ISCO88_0","2000",58.8,,,,"S3:9_T2:83"
"MEX","BA:463","EMP_TEMP_SEX_OCU_NB","SEX_T","OCU_ISCO88_X","2000",10.1,,,,"S3:9_T2:83"
"PER","BA:16208","EMP_TEMP_SEX_OCU_NB","SEX_T","OCU_SKILL_TOTAL","2025",17836.155,,,,"R1:3513"
"PER","BA:16208","EMP_TEMP_SEX_OCU_NB","SEX_T","OCU_SKILL_L3-4","2025",2966.733,,,,"R1:3513"
"PER","BA:16208","EMP_TEMP_SEX_OCU_NB","SEX_T","OCU_SKILL_L2","2025",9344.249,,,,"R1:3513"
"PER","BA:16208","EMP_TEMP_SEX_OCU_NB","SEX_T","OCU_SKILL_L1","2025",5406.454,,,,"R1:3513"
"PER","BA:16208","EMP_TEMP_SEX_OCU_NB","SEX_T","OCU_SKILL_X","2025",118.719,,,,"R1:3513"
"PER","BA:16208","EMP_TEMP_SEX_OCU_NB","SEX_T","OCU_ISCO08_TOTAL","2025",17836.155,,,,"R1:3513"
"PER","BA:16208","EMP_TEMP_SEX_OCU_NB","SEX_T","OCU_ISCO08_1","2025",119.558,,,,"R1:3513"
"PER","BA:16208","EMP_TEMP_SEX_OCU_NB","SEX_T","OCU_ISCO08_2","2025",1563.318,,,,"R1:3513"
"PER","BA:16208","EMP_TEMP_SEX_OCU_NB","SEX_T","OCU_ISCO08_3","2025",1283.857,,,,"R1:3513"
"PER","BA:16208","EMP_TEMP_SEX_OCU_NB","SEX_T","OCU_ISCO08_4","2025",1015.132,,,,"R1:3513"
"PER","BA:16208","EMP_TEMP_SEX_OCU_NB","SEX_T","OCU_ISCO08_5","2025",3155.942,,,,"R1:3513"
"PER","BA:16208","EMP_TEMP_SEX_OCU_NB","SEX_T","OCU_ISCO08_6","2025",2054.997,,,,"R1:3513"
"PER","BA:16208","EMP_TEMP_SEX_OCU_NB","SEX_T","OCU_ISCO08_7","2025",1659.66,,,,"R1:3513"
"PER","BA:16208","EMP_TEMP_SEX_OCU_NB","SEX_T","OCU_ISCO08_8","2025",1458.518,,,,"R1:3513"
"PER","BA:16208","EMP_TEMP_SEX_OCU_NB","SEX_T","OCU_ISCO08_9","2025",5406.454,,,,"R1:3513"
"PER","BA:16208","EMP_TEMP_SEX_OCU_NB","SEX_T","OCU_ISCO08_0","2025",118.719,,,,"R1:3513"
"PER","BA:16208","EMP_TEMP_SEX_OCU_NB","SEX_T","OCU_SKILL_TOTAL","2024",17695.545,,,,"R1:3513"
"PER","BA:16208","EMP_TEMP_SEX_OCU_NB","SEX_T","OCU_SKILL_L3-4","2024",2788.498,,,,"R1:3513"
"PER","BA:16208","EMP_TEMP_SEX_OCU_NB","SEX_T","OCU_SKILL_L2","2024",9303.389,,,,"R1:3513"
"PER","BA:16208","EMP_TEMP_SEX_OCU_NB","SEX_T","OCU_SKILL_L1","2024",5478.348,,,,"R1:3513"
"PER","BA:16208","EMP_TEMP_SEX_OCU_NB","SEX_T","OCU_SKILL_X","2024",125.309,,,,"R1:3513"
"PER","BA:16208","EMP_TEMP_SEX_OCU_NB","SEX_T","OCU_ISCO08_TOTAL","2024",17695.545,,,,"R1:3513"
"PER","BA:16208","EMP_TEMP_SEX_OCU_NB","SEX_T","OCU_ISCO08_1","2024",114.824,,,,"R1:3513"
"PER","BA:16208","EMP_TEMP_SEX_OCU_NB","SEX_T","OCU_ISCO08_2","2024",1423.308,,,,"R1:3513"
"PER","BA:16208","EMP_TEMP_SEX_OCU_NB","SEX_T","OCU_ISCO08_3","2024",1250.366,,,,"R1:3513"
"PER","BA:16208","EMP_TEMP_SEX_OCU_NB","SEX_T","OCU_ISCO08_4","2024",998.499,,,,"R1:3513"
"PER","BA:16208","EMP_TEMP_SEX_OCU_NB","SEX_T","OCU_ISCO08_5","2024",3129.752,,,,"R1:3513"
"PER","BA:16208","EMP_TEMP_SEX_OCU_NB","SEX_T","OCU_ISCO08_6","2024",2016.09,,,,"R1:3513"
"PER","BA:16208","EMP_TEMP_SEX_OCU_NB","SEX_T","OCU_ISCO08_7","2024",1681.667,,,,"R1:3513"
"PER","BA:16208","EMP_TEMP_SEX_OCU_NB","SEX_T","OCU_ISCO08_8","2024",1477.381,,,,"R1:3513"
"PER","BA:16208","EMP_TEMP_SEX_OCU_NB","SEX_T","OCU_ISCO08_9","2024",5478.348,,,,"R1:3513"
"PER","BA:16208","EMP_TEMP_SEX_OCU_NB","SEX_T","OCU_ISCO08_0","2024",125.309,,,,"R1:3513"
"PER","BA:16208","EMP_TEMP_SEX_OCU_NB","SEX_T","OCU_SKILL_TOTAL","2023",17604.655,,,,"R1:3513"
"PER","BA:16208","EMP_TEMP_SEX_OCU_NB","SEX_T","OCU_SKILL_L3-4","2023",2737.076,,,,"R1:3513"
"PER","BA:16208","EMP_TEMP_SEX_OCU_NB","SEX_T","OCU_SKILL_L2","2023",9260.944,,,,"R1:3513"
"PER","BA:16208","EMP_TEMP_SEX_OCU_NB","SEX_T","OCU_SKILL_L1","2023",5484.672,,,,"R1:3513"
"PER","BA:16208","EMP_TEMP_SEX_OCU_NB","SEX_T","OCU_SKILL_X","2023",121.963,,,,"R1:3513"
"PER","BA:16208","EMP_TEMP_SEX_OCU_NB","SEX_T","OCU_ISCO08_TOTAL","2023",17604.655,,,,"R1:3513"
"PER","BA:16208","EMP_TEMP_SEX_OCU_NB","SEX_T","OCU_ISCO08_1","2023",98.156,,,,"R1:3513"
"PER","BA:16208","EMP_TEMP_SEX_OCU_NB","SEX_T","OCU_ISCO08_2","2023",1372.008,,,,"R1:3513"
"PER","BA:16208","EMP_TEMP_SEX_OCU_NB","SEX_T","OCU_ISCO08_3","2023",1266.912,,,,"R1:3513"
"PER","BA:16208","EMP_TEMP_SEX_OCU_NB","SEX_T","OCU_ISCO08_4","2023",1011.113,,,,"R1:3513"
"PER","BA:16208","EMP_TEMP_SEX_OCU_NB","SEX_T","OCU_ISCO08_5","2023",3184.371,,,,"R1:3513"
"PER","BA:16208","EMP_TEMP_SEX_OCU_NB","SEX_T","OCU_ISCO08_6","2023",2032.56,,,,"R1:3513"
"PER","BA:16208","EMP_TEMP_SEX_OCU_NB","SEX_T","OCU_ISCO08_7","2023",1628.275,,,,"R1:3513"
"PER","BA:16208","EMP_TEMP_SEX_OCU_NB","SEX_T","OCU_ISCO08_8","2023",1404.625,,,,"R1:3513"
"PER","BA:16208","EMP_TEMP_SEX_OCU_NB","SEX_T","OCU_ISCO08_9","2023",5484.672,,,,"R1:3513"
"PER","BA:16208","EMP_TEMP_SEX_OCU_NB","SEX_T","OCU_ISCO08_0","2023",121.963,,,,"R1:3513"
"PER","BA:16208","EMP_TEMP_SEX_OCU_NB","SEX_T","OCU_SKILL_TOTAL","2022",17716.658,"B",,"I11:264","R1:3513"
"PER","BA:16208","EMP_TEMP_SEX_OCU_NB","SEX_T","OCU_SKILL_L3-4","2022",2542.036,"B",,"I11:264","R1:3513"
"PER","BA:16208","EMP_TEMP_SEX_OCU_NB","SEX_T","OCU_SKILL_L2","2022",9348.297,"B",,"I11:264","R1:3513"
"PER","BA:16208","EMP_TEMP_SEX_OCU_NB","SEX_T","OCU_SKILL_L1","2022",5728.323,"B",,"I11:264","R1:3513"
"PER","BA:16208","EMP_TEMP_SEX_OCU_NB","SEX_T","OCU_SKILL_X","2022",98.001,"B",,"I11:264","R1:3513"
"PER","BA:16208","EMP_TEMP_SEX_OCU_NB","SEX_T","OCU_ISCO08_TOTAL","2022",17716.658,"B",,"I11:264","R1:3513"
"PER","BA:16208","EMP_TEMP_SEX_OCU_NB","SEX_T","OCU_ISCO08_1","2022",90.792,"B",,"I11:264","R1:3513"
"PER","BA:16208","EMP_TEMP_SEX_OCU_NB","SEX_T","OCU_ISCO08_2","2022",1201.05,"B",,"I11:264","R1:3513"
"PER","BA:16208","EMP_TEMP_SEX_OCU_NB","SEX_T","OCU_ISCO08_3","2022",1250.194,"B",,"I11:264","R1:3513"
"PER","BA:16208","EMP_TEMP_SEX_OCU_NB","SEX_T","OCU_ISCO08_4","2022",951.241,"B",,"I11:264","R1:3513"
"PER","BA:16208","EMP_TEMP_SEX_OCU_NB","SEX_T","OCU_ISCO08_5","2022",3178.972,"B",,"I11:264","R1:3513"
"PER","BA:16208","EMP_TEMP_SEX_OCU_NB","SEX_T","OCU_ISCO08_6","2022",2094.639,"B",,"I11:264","R1:3513"
"PER","BA:16208","EMP_TEMP_SEX_OCU_NB","SEX_T","OCU_ISCO08_7","2022",1712.371,"B",,"I11:264","R1:3513"
"PER","BA:16208","EMP_TEMP_SEX_OCU_NB","SEX_T","OCU_ISCO08_8","2022",1411.073,"B",,"I11:264","R1:3513"
"PER","BA:16208","EMP_TEMP_SEX_OCU_NB","SEX_T","OCU_ISCO08_9","2022",5728.323,"B",,"I11:264","R1:3513"
"PER","BA:16208","EMP_TEMP_SEX_OCU_NB","SEX_T","OCU_ISCO08_0","2022",98.001,"B",,"I11:264","R1:3513"
"PER","BX:375","EMP_TEMP_SEX_OCU_NB","SEX_T","OCU_SKILL_TOTAL","2021",17758.723,,,,"R1:3513"
"PER","BX:375","EMP_TEMP_SEX_OCU_NB","SEX_T","OCU_SKILL_L3-4","2021",2510.653,,,,"R1:3513"
"PER","BX:375","EMP_TEMP_SEX_OCU_NB","SEX_T","OCU_SKILL_L2","2021",9069.838,,,,"R1:3513"
"PER","BX:375","EMP_TEMP_SEX_OCU_NB","SEX_T","OCU_SKILL_L1","2021",6007.224,,,,"R1:3513"
"PER","BX:375","EMP_TEMP_SEX_OCU_NB","SEX_T","OCU_SKILL_X","2021",171.008,,,,"R1:3513"
"PER","BX:375","EMP_TEMP_SEX_OCU_NB","SEX_T","OCU_ISCO88_TOTAL","2021",17758.723,,,,"R1:3513"
"PER","BX:375","EMP_TEMP_SEX_OCU_NB","SEX_T","OCU_ISCO88_1","2021",65.721,,,,"R1:3513"
"PER","BX:375","EMP_TEMP_SEX_OCU_NB","SEX_T","OCU_ISCO88_2","2021",1233.058,,,,"R1:3513"
"PER","BX:375","EMP_TEMP_SEX_OCU_NB","SEX_T","OCU_ISCO88_3","2021",1211.874,,,,"R1:3513"
"PER","BX:375","EMP_TEMP_SEX_OCU_NB","SEX_T","OCU_ISCO88_4","2021",968.594,,,,"R1:3513"
"PER","BX:375","EMP_TEMP_SEX_OCU_NB","SEX_T","OCU_ISCO88_5","2021",2988.065,,,,"R1:3513"
"PER","BX:375","EMP_TEMP_SEX_OCU_NB","SEX_T","OCU_ISCO88_6","2021",2220.788,,,,"R1:3513"
"PER","BX:375","EMP_TEMP_SEX_OCU_NB","SEX_T","OCU_ISCO88_7","2021",1297.948,,,,"R1:3513"
"PER","BX:375","EMP_TEMP_SEX_OCU_NB","SEX_T","OCU_ISCO88_8","2021",1594.444,,,,"R1:3513"
"PER","BX:375","EMP_TEMP_SEX_OCU_NB","SEX_T","OCU_ISCO88_9","2021",6007.224,,,,"R1:3513"
"PER","BX:375","EMP_TEMP_SEX_OCU_NB","SEX_T","OCU_ISCO88_0","2021",96.718,,,,"R1:3513"
"PER","BX:375","EMP_TEMP_SEX_OCU_NB","SEX_T","OCU_ISCO88_X","2021",74.29,,,,"R1:3513"
"PER","BX:375","EMP_TEMP_SEX_OCU_NB","SEX_T","OCU_SKILL_TOTAL","2020",15736.87,"B",,"I11:264","R1:3513"
"PER","BX:375","EMP_TEMP_SEX_OCU_NB","SEX_T","OCU_SKILL_L3-4","2020",1960.881,"B",,"I11:264","R1:3513"
"PER","BX:375","EMP_TEMP_SEX_OCU_NB","SEX_T","OCU_SKILL_L2","2020",7955.276,"B",,"I11:264","R1:3513"
"PER","BX:375","EMP_TEMP_SEX_OCU_NB","SEX_T","OCU_SKILL_L1","2020",5735.272,"B",,"I11:264","R1:3513"
"PER","BX:375","EMP_TEMP_SEX_OCU_NB","SEX_T","OCU_SKILL_X","2020",85.44,"B",,"I11:264","R1:3513"
"PER","BX:375","EMP_TEMP_SEX_OCU_NB","SEX_T","OCU_ISCO88_TOTAL","2020",15736.87,"B",,"I11:264","R1:3513"
"PER","BX:375","EMP_TEMP_SEX_OCU_NB","SEX_T","OCU_ISCO88_1","2020",41.608,"B",,"I11:264","R1:3513"
"PER","BX:375","EMP_TEMP_SEX_OCU_NB","SEX_T","OCU_ISCO88_2","2020",1013.848,"B",,"I11:264","R1:3513"
"PER","BX:375","EMP_TEMP_SEX_OCU_NB","SEX_T","OCU_ISCO88_3","2020",905.425,"B",,"I11:264","R1:3513"
"PER","BX:375","EMP_TEMP_SEX_OCU_NB","SEX_T","OCU_ISCO88_4","2020",813.928,"B",,"I11:264","R1:3513"
"PER","BX:375","EMP_TEMP_SEX_OCU_NB","SEX_T","OCU_ISCO88_5","2020",2386.267,"B",,"I11:264","R1:3513"
"PER","BX:375","EMP_TEMP_SEX_OCU_NB","SEX_T","OCU_ISCO88_6","2020",2241.594,"B",,"I11:264","R1:3513"
"PER","BX:375","EMP_TEMP_SEX_OCU_NB","SEX_T","OCU_ISCO88_7","2020",1161.944,"B",,"I11:264","R1:3513"
"PER","BX:375","EMP_TEMP_SEX_OCU_NB","SEX_T","OCU_ISCO88_8","2020",1351.545,"B",,"I11:264","R1:3513"
"PER","BX:375","EMP_TEMP_SEX_OCU_NB","SEX_T","OCU_ISCO88_9","2020",5735.272,"B",,"I11:264","R1:3513"
"PER","BX:375","EMP_TEMP_SEX_OCU_NB","SEX_T","OCU_ISCO88_0","2020",85.44,"B",,"I11:264","R1:3513"
"PER","BX:375","EMP_TEMP_SEX_OCU_NB","SEX_T","OCU_SKILL_TOTAL","2019",18049.074,,,,"R1:3513"
"PER","BX:375","EMP_TEMP_SEX_OCU_NB","SEX_T","OCU_SKILL_L3-4","2019",2639.361,,,,"R1:3513"
"PER","BX:375","EMP_TEMP_SEX_OCU_NB","SEX_T","OCU_SKILL_L2","2019",9299.192,,,,"R1:3513"
"PER","BX:375","EMP_TEMP_SEX_OCU_NB","SEX_T","OCU_SKILL_L1","2019",5947.828,,,,"R1:3513"
"PER","BX:375","EMP_TEMP_SEX_OCU_NB","SEX_T","OCU_SKILL_X","2019",162.692,,,,"R1:3513"
"PER","BX:375","EMP_TEMP_SEX_OCU_NB","SEX_T","OCU_ISCO88_TOTAL","2019",18049.074,,,,"R1:3513"
"PER","BX:375","EMP_TEMP_SEX_OCU_NB","SEX_T","OCU_ISCO88_1","2019",85.882,,,,"R1:3513"
"PER","BX:375","EMP_TEMP_SEX_OCU_NB","SEX_T","OCU_ISCO88_2","2019",1330.277,,,,"R1:3513"
"PER","BX:375","EMP_TEMP_SEX_OCU_NB","SEX_T","OCU_ISCO88_3","2019",1223.202,,,,"R1:3513"
"PER","BX:375","EMP_TEMP_SEX_OCU_NB","SEX_T","OCU_ISCO88_4","2019",1063.311,,,,"R1:3513"
"PER","BX:375","EMP_TEMP_SEX_OCU_NB","SEX_T","OCU_ISCO88_5","2019",3097.341,,,,"R1:3513"
"PER","BX:375","EMP_TEMP_SEX_OCU_NB","SEX_T","OCU_ISCO88_6","2019",2105.205,,,,"R1:3513"
"PER","BX:375","EMP_TEMP_SEX_OCU_NB","SEX_T","OCU_ISCO88_7","2019",1350.698,,,,"R1:3513"
"PER","BX:375","EMP_TEMP_SEX_OCU_NB","SEX_T","OCU_ISCO88_8","2019",1682.637,,,,"R1:3513"
"PER","BX:375","EMP_TEMP_SEX_OCU_NB","SEX_T","OCU_ISCO88_9","2019",5947.828,,,,"R1:3513"
"PER","BX:375","EMP_TEMP_SEX_OCU_NB","SEX_T","OCU_ISCO88_0","2019",113.808,,,,"R1:3513"
"PER","BX:375","EMP_TEMP_SEX_OCU_NB","SEX_T","OCU_ISCO88_X","2019",48.884,,,,"R1:3513"
"PER","BX:375","EMP_TEMP_SEX_OCU_NB","SEX_T","OCU_SKILL_TOTAL","2018",17792.099,,,,"R1:3513"
"PER","BX:375","EMP_TEMP_SEX_OCU_NB","SEX_T","OCU_SKILL_L3-4","2018",2656.024,,,,"R1:3513"
"PER","BX:375","EMP_TEMP_SEX_OCU_NB","SEX_T","OCU_SKILL_L2","2018",9259.829,,,,"R1:3513"
"PER","BX:375","EMP_TEMP_SEX_OCU_NB","SEX_T","OCU_SKILL_L1","2018",5714.292,,,,"R1:3513"
"PER","BX:375","EMP_TEMP_SEX_OCU_NB","SEX_T","OCU_SKILL_X","2018",161.954,,,,"R1:3513"
"PER","BX:375","EMP_TEMP_SEX_OCU_NB","SEX_T","OCU_ISCO88_TOTAL","2018",17792.099,,,,"R1:3513"
"PER","BX:375","EMP_TEMP_SEX_OCU_NB","SEX_T","OCU_ISCO88_1","2018",73.189,,,,"R1:3513"
"PER","BX:375","EMP_TEMP_SEX_OCU_NB","SEX_T","OCU_ISCO88_2","2018",1286.58,,,,"R1:3513"
"PER","BX:375","EMP_TEMP_SEX_OCU_NB","SEX_T","OCU_ISCO88_3","2018",1296.255,,,,"R1:3513"
"PER","BX:375","EMP_TEMP_SEX_OCU_NB","SEX_T","OCU_ISCO88_4","2018",1053.249,,,,"R1:3513"
"PER","BX:375","EMP_TEMP_SEX_OCU_NB","SEX_T","OCU_ISCO88_5","2018",3078.428,,,,"R1:3513"
"PER","BX:375","EMP_TEMP_SEX_OCU_NB","SEX_T","OCU_ISCO88_6","2018",2151.442,,,,"R1:3513"
"PER","BX:375","EMP_TEMP_SEX_OCU_NB","SEX_T","OCU_ISCO88_7","2018",1334.777,,,,"R1:3513"
"PER","BX:375","EMP_TEMP_SEX_OCU_NB","SEX_T","OCU_ISCO88_8","2018",1641.932,,,,"R1:3513"
"PER","BX:375","EMP_TEMP_SEX_OCU_NB","SEX_T","OCU_ISCO88_9","2018",5714.292,,,,"R1:3513"
"PER","BX:375","EMP_TEMP_SEX_OCU_NB","SEX_T","OCU_ISCO88_0","2018",111.77,,,,"R1:3513"
"PER","BX:375","EMP_TEMP_SEX_OCU_NB","SEX_T","OCU_ISCO88_X","2018",50.184,,,,"R1:3513"
"PER","BX:375","EMP_TEMP_SEX_OCU_NB","SEX_T","OCU_SKILL_TOTAL","2017",17479.817,,,,"R1:3513"
"PER","BX:375","EMP_TEMP_SEX_OCU_NB","SEX_T","OCU_SKILL_L3-4","2017",2471.857,,,,"R1:3513"
"PER","BX:375","EMP_TEMP_SEX_OCU_NB","SEX_T","OCU_SKILL_L2","2017",9137.842,,,,"R1:3513"
"PER","BX:375","EMP_TEMP_SEX_OCU_NB","SEX_T","OCU_SKILL_L1","2017",5681.337,,,,"R1:3513"
"PER","BX:375","EMP_TEMP_SEX_OCU_NB","SEX_T","OCU_SKILL_X","2017",188.782,,,,"R1:3513"
"PER","BX:375","EMP_TEMP_SEX_OCU_NB","SEX_T","OCU_ISCO88_TOTAL","2017",17479.817,,,,"R1:3513"
"PER","BX:375","EMP_TEMP_SEX_OCU_NB","SEX_T","OCU_ISCO88_1","2017",67.67,,,,"R1:3513"
"PER","BX:375","EMP_TEMP_SEX_OCU_NB","SEX_T","OCU_ISCO88_2","2017",1201.199,,,,"R1:3513"
"PER","BX:375","EMP_TEMP_SEX_OCU_NB","SEX_T","OCU_ISCO88_3","2017",1202.987,,,,"R1:3513"
"PER","BX:375","EMP_TEMP_SEX_OCU_NB","SEX_T","OCU_ISCO88_4","2017",1071.451,,,,"R1:3513"
"PER","BX:375","EMP_TEMP_SEX_OCU_NB","SEX_T","OCU_ISCO88_5","2017",2970.282,,,,"R1:3513"
"PER","BX:375","EMP_TEMP_SEX_OCU_NB","SEX_T","OCU_ISCO88_6","2017",2107.966,,,,"R1:3513"
"PER","BX:375","EMP_TEMP_SEX_OCU_NB","SEX_T","OCU_ISCO88_7","2017",1378.052,,,,"R1:3513"
"PER","BX:375","EMP_TEMP_SEX_OCU_NB","SEX_T","OCU_ISCO88_8","2017",1610.091,,,,"R1:3513"
"PER","BX:375","EMP_TEMP_SEX_OCU_NB","SEX_T","OCU_ISCO88_9","2017",5681.337,,,,"R1:3513"
"PER","BX:375","EMP_TEMP_SEX_OCU_NB","SEX_T","OCU_ISCO88_0","2017",125.667,,,,"R1:3513"
"PER","BX:375","EMP_TEMP_SEX_OCU_NB","SEX_T","OCU_ISCO88_X","2017",63.115,,,,"R1:3513"
"PER","BX:375","EMP_TEMP_SEX_OCU_NB","SEX_T","OCU_SKILL_TOTAL","2016",17304.333,,,,"R1:3513"
"PER","BX:375","EMP_TEMP_SEX_OCU_NB","SEX_T","OCU_SKILL_L3-4","2016",2499.758,,,,"R1:3513"
"PER","BX:375","EMP_TEMP_SEX_OCU_NB","SEX_T","OCU_SKILL_L2","2016",8924.728,,,,"R1:3513"
"PER","BX:375","EMP_TEMP_SEX_OCU_NB","SEX_T","OCU_SKILL_L1","2016",5687.46,,,,"R1:3513"
"PER","BX:375","EMP_TEMP_SEX_OCU_NB","SEX_T","OCU_SKILL_X","2016",192.387,,,,"R1:3513"
"PER","BX:375","EMP_TEMP_SEX_OCU_NB","SEX_T","OCU_ISCO88_TOTAL","2016",17304.333,,,,"R1:3513"
"PER","BX:375","EMP_TEMP_SEX_OCU_NB","SEX_T","OCU_ISCO88_1","2016",82.873,,,,"R1:3513"
"PER","BX:375","EMP_TEMP_SEX_OCU_NB","SEX_T","OCU_ISCO88_2","2016",1218.531,,,,"R1:3513"
"PER","BX:375","EMP_TEMP_SEX_OCU_NB","SEX_T","OCU_ISCO88_3","2016",1198.353,,,,"R1:3513"
"PER","BX:375","EMP_TEMP_SEX_OCU_NB","SEX_T","OCU_ISCO88_4","2016",1006.167,,,,"R1:3513"
"PER","BX:375","EMP_TEMP_SEX_OCU_NB","SEX_T","OCU_ISCO88_5","2016",2859.482,,,,"R1:3513"
"PER","BX:375","EMP_TEMP_SEX_OCU_NB","SEX_T","OCU_ISCO88_6","2016",2101.938,,,,"R1:3513"
"PER","BX:375","EMP_TEMP_SEX_OCU_NB","SEX_T","OCU_ISCO88_7","2016",1347.078,,,,"R1:3513"
"PER","BX:375","EMP_TEMP_SEX_OCU_NB","SEX_T","OCU_ISCO88_8","2016",1610.063,,,,"R1:3513"
"PER","BX:375","EMP_TEMP_SEX_OCU_NB","SEX_T","OCU_ISCO88_9","2016",5687.46,,,,"R1:3513"
"PER","BX:375","EMP_TEMP_SEX_OCU_NB","SEX_T","OCU_ISCO88_0","2016",114.781,,,,"R1:3513"
"PER","BX:375","EMP_TEMP_SEX_OCU_NB","SEX_T","OCU_ISCO88_X","2016",77.607,,,,"R1:3513"
"PER","BX:375","EMP_TEMP_SEX_OCU_NB","SEX_T","OCU_SKILL_TOTAL","2015",16927.856,,,,"R1:3513"
"PER","BX:375","EMP_TEMP_SEX_OCU_NB","SEX_T","OCU_SKILL_L3-4","2015",2371.529,,,,"R1:3513"
"PER","BX:375","EMP_TEMP_SEX_OCU_NB","SEX_T","OCU_SKILL_L2","2015",8679.073,,,,"R1:3513"
"PER","BX:375","EMP_TEMP_SEX_OCU_NB","SEX_T","OCU_SKILL_L1","2015",5720.384,,,,"R1:3513"
"PER","BX:375","EMP_TEMP_SEX_OCU_NB","SEX_T","OCU_SKILL_X","2015",156.87,,,,"R1:3513"
"PER","BX:375","EMP_TEMP_SEX_OCU_NB","SEX_T","OCU_ISCO88_TOTAL","2015",16927.856,,,,"R1:3513"
"PER","BX:375","EMP_TEMP_SEX_OCU_NB","SEX_T","OCU_ISCO88_1","2015",72.632,,,,"R1:3513"
"PER","BX:375","EMP_TEMP_SEX_OCU_NB","SEX_T","OCU_ISCO88_2","2015",1171.876,,,,"R1:3513"
"PER","BX:375","EMP_TEMP_SEX_OCU_NB","SEX_T","OCU_ISCO88_3","2015",1127.021,,,,"R1:3513"
"PER","BX:375","EMP_TEMP_SEX_OCU_NB","SEX_T","OCU_ISCO88_4","2015",982.542,,,,"R1:3513"
"PER","BX:375","EMP_TEMP_SEX_OCU_NB","SEX_T","OCU_ISCO88_5","2015",2734.73,,,,"R1:3513"
"PER","BX:375","EMP_TEMP_SEX_OCU_NB","SEX_T","OCU_ISCO88_6","2015",2015.987,,,,"R1:3513"
"PER","BX:375","EMP_TEMP_SEX_OCU_NB","SEX_T","OCU_ISCO88_7","2015",1338.32,,,,"R1:3513"
"PER","BX:375","EMP_TEMP_SEX_OCU_NB","SEX_T","OCU_ISCO88_8","2015",1607.494,,,,"R1:3513"
"PER","BX:375","EMP_TEMP_SEX_OCU_NB","SEX_T","OCU_ISCO88_9","2015",5720.384,,,,"R1:3513"
"PER","BX:375","EMP_TEMP_SEX_OCU_NB","SEX_T","OCU_ISCO88_0","2015",106.658,,,,"R1:3513"
"PER","BX:375","EMP_TEMP_SEX_OCU_NB","SEX_T","OCU_ISCO88_X","2015",50.212,,,,"R1:3513"
"PER","BX:375","EMP_TEMP_SEX_OCU_NB","SEX_T","OCU_SKILL_TOTAL","2014",16889.904,,,,"R1:3513"
"PER","BX:375","EMP_TEMP_SEX_OCU_NB","SEX_T","OCU_SKILL_L3-4","2014",2395.406,,,,"R1:3513"
"PER","BX:375","EMP_TEMP_SEX_OCU_NB","SEX_T","OCU_SKILL_L2","2014",8747.972,,,,"R1:3513"
"PER","BX:375","EMP_TEMP_SEX_OCU_NB","SEX_T","OCU_SKILL_L1","2014",5586.213,,,,"R1:3513"
"PER","BX:375","EMP_TEMP_SEX_OCU_NB","SEX_T","OCU_SKILL_X","2014",160.312,,,,"R1:3513"
"PER","BX:375","EMP_TEMP_SEX_OCU_NB","SEX_T","OCU_ISCO88_TOTAL","2014",16889.904,,,,"R1:3513"
"PER","BX:375","EMP_TEMP_SEX_OCU_NB","SEX_T","OCU_ISCO88_1","2014",80.912,,,,"R1:3513"
"PER","BX:375","EMP_TEMP_SEX_OCU_NB","SEX_T","OCU_ISCO88_2","2014",1220.648,,,,"R1:3513"
"PER","BX:375","EMP_TEMP_SEX_OCU_NB","SEX_T","OCU_ISCO88_3","2014",1093.847,,,,"R1:3513"
"PER","BX:375","EMP_TEMP_SEX_OCU_NB","SEX_T","OCU_ISCO88_4","2014",1068.661,,,,"R1:3513"
"PER","BX:375","EMP_TEMP_SEX_OCU_NB","SEX_T","OCU_ISCO88_5","2014",2808.656,,,,"R1:3513"
"PER","BX:375","EMP_TEMP_SEX_OCU_NB","SEX_T","OCU_ISCO88_6","2014",1990.73,,,,"R1:3513"
"PER","BX:375","EMP_TEMP_SEX_OCU_NB","SEX_T","OCU_ISCO88_7","2014",1326.744,,,,"R1:3513"
"PER","BX:375","EMP_TEMP_SEX_OCU_NB","SEX_T","OCU_ISCO88_8","2014",1553.181,,,,"R1:3513"
"PER","BX:375","EMP_TEMP_SEX_OCU_NB","SEX_T","OCU_ISCO88_9","2014",5586.213,,,,"R1:3513"
"PER","BX:375","EMP_TEMP_SEX_OCU_NB","SEX_T","OCU_ISCO88_0","2014",108.89,,,,"R1:3513"
"PER","BX:375","EMP_TEMP_SEX_OCU_NB","SEX_T","OCU_ISCO88_X","2014",51.422,,,,"R1:3513"
"PER","BX:375","EMP_TEMP_SEX_OCU_NB","SEX_T","OCU_SKILL_TOTAL","2013",16781.663,,,,"R1:3513"
"PER","BX:375","EMP_TEMP_SEX_OCU_NB","SEX_T","OCU_SKILL_L3-4","2013",2407.464,,,,"R1:3513"
"PER","BX:375","EMP_TEMP_SEX_OCU_NB","SEX_T","OCU_SKILL_L2","2013",8696.3,,,,"R1:3513"
"PER","BX:375","EMP_TEMP_SEX_OCU_NB","SEX_T","OCU_SKILL_L1","2013",5523.592,,,,"R1:3513"
"PER","BX:375","EMP_TEMP_SEX_OCU_NB","SEX_T","OCU_SKILL_X","2013",154.307,,,,"R1:3513"
"PER","BX:375","EMP_TEMP_SEX_OCU_NB","SEX_T","OCU_ISCO88_TOTAL","2013",16781.663,,,,"R1:3513"
"PER","BX:375","EMP_TEMP_SEX_OCU_NB","SEX_T","OCU_ISCO88_1","2013",77.73,,,,"R1:3513"
"PER","BX:375","EMP_TEMP_SEX_OCU_NB","SEX_T","OCU_ISCO88_2","2013",1222.666,,,,"R1:3513"
"PER","BX:375","EMP_TEMP_SEX_OCU_NB","SEX_T","OCU_ISCO88_3","2013",1107.069,,,,"R1:3513"
"PER","BX:375","EMP_TEMP_SEX_OCU_NB","SEX_T","OCU_ISCO88_4","2013",1065.438,,,,"R1:3513"
"PER","BX:375","EMP_TEMP_SEX_OCU_NB","SEX_T","OCU_ISCO88_5","2013",2777.302,,,,"R1:3513"
"PER","BX:375","EMP_TEMP_SEX_OCU_NB","SEX_T","OCU_ISCO88_6","2013",1958.554,,,,"R1:3513"
"PER","BX:375","EMP_TEMP_SEX_OCU_NB","SEX_T","OCU_ISCO88_7","2013",1398.111,,,,"R1:3513"
"PER","BX:375","EMP_TEMP_SEX_OCU_NB","SEX_T","OCU_ISCO88_8","2013",1496.895,,,,"R1:3513"
"PER","BX:375","EMP_TEMP_SEX_OCU_NB","SEX_T","OCU_ISCO88_9","2013",5523.592,,,,"R1:3513"
"PER","BX:375","EMP_TEMP_SEX_OCU_NB","SEX_T","OCU_ISCO88_0","2013",108.298,,,,"R1:3513"
"PER","BX:375","EMP_TEMP_SEX_OCU_NB","SEX_T","OCU_ISCO88_X","2013",46.009,,,,"R1:3513"
"PER","BX:375","EMP_TEMP_SEX_OCU_NB","SEX_T","OCU_SKILL_TOTAL","2012",16657.438,,,,"R1:3513"
"PER","BX:375","EMP_TEMP_SEX_OCU_NB","SEX_T","OCU_SKILL_L3-4","2012",2422.501,,,,"R1:3513"
"PER","BX:375","EMP_TEMP_SEX_OCU_NB","SEX_T","OCU_SKILL_L2","2012",8551.573,,,,"R1:3513"
"PER","BX:375","EMP_TEMP_SEX_OCU_NB","SEX_T","OCU_SKILL_L1","2012",5492.124,,,,"R1:3513"
"PER","BX:375","EMP_TEMP_SEX_OCU_NB","SEX_T","OCU_SKILL_X","2012",191.24,,,,"R1:3513"
"PER","BX:375","EMP_TEMP_SEX_OCU_NB","SEX_T","OCU_ISCO88_TOTAL","2012",16657.438,,,,"R1:3513"
"PER","BX:375","EMP_TEMP_SEX_OCU_NB","SEX_T","OCU_ISCO88_1","2012",88.293,,,,"R1:3513"
"PER","BX:375","EMP_TEMP_SEX_OCU_NB","SEX_T","OCU_ISCO88_2","2012",1205.43,,,,"R1:3513"
"PER","BX:375","EMP_TEMP_SEX_OCU_NB","SEX_T","OCU_ISCO88_3","2012",1128.778,,,,"R1:3513"
"PER","BX:375","EMP_TEMP_SEX_OCU_NB","SEX_T","OCU_ISCO88_4","2012",1025.708,,,,"R1:3513"
"PER","BX:375","EMP_TEMP_SEX_OCU_NB","SEX_T","OCU_ISCO88_5","2012",2684.72,,,,"R1:3513"
"PER","BX:375","EMP_TEMP_SEX_OCU_NB","SEX_T","OCU_ISCO88_6","2012",1963.785,,,,"R1:3513"
"PER","BX:375","EMP_TEMP_SEX_OCU_NB","SEX_T","OCU_ISCO88_7","2012",1439.16,,,,"R1:3513"
"PER","BX:375","EMP_TEMP_SEX_OCU_NB","SEX_T","OCU_ISCO88_8","2012",1438.2,,,,"R1:3513"
"PER","BX:375","EMP_TEMP_SEX_OCU_NB","SEX_T","OCU_ISCO88_9","2012",5492.124,,,,"R1:3513"
"PER","BX:375","EMP_TEMP_SEX_OCU_NB","SEX_T","OCU_ISCO88_0","2012",124.36,,,,"R1:3513"
"PER","BX:375","EMP_TEMP_SEX_OCU_NB","SEX_T","OCU_ISCO88_X","2012",66.88,,,,"R1:3513"
"PER","BX:375","EMP_TEMP_SEX_OCU_NB","SEX_T","OCU_SKILL_TOTAL","2011",16234.738,,,,"R1:3513"
"PER","BX:375","EMP_TEMP_SEX_OCU_NB","SEX_T","OCU_SKILL_L3-4","2011",2252.3,,,,"R1:3513"
"PER","BX:375","EMP_TEMP_SEX_OCU_NB","SEX_T","OCU_SKILL_L2","2011",8263.208,,,,"R1:3513"
"PER","BX:375","EMP_TEMP_SEX_OCU_NB","SEX_T","OCU_SKILL_L1","2011",5519.145,,,,"R1:3513"
"PER","BX:375","EMP_TEMP_SEX_OCU_NB","SEX_T","OCU_SKILL_X","2011",200.085,,,,"R1:3513"
"PER","BX:375","EMP_TEMP_SEX_OCU_NB","SEX_T","OCU_ISCO88_TOTAL","2011",16234.738,,,,"R1:3513"
"PER","BX:375","EMP_TEMP_SEX_OCU_NB","SEX_T","OCU_ISCO88_1","2011",83.031,,,,"R1:3513"
"PER","BX:375","EMP_TEMP_SEX_OCU_NB","SEX_T","OCU_ISCO88_2","2011",1114.292,,,,"R1:3513"
"PER","BX:375","EMP_TEMP_SEX_OCU_NB","SEX_T","OCU_ISCO88_3","2011",1054.976,,,,"R1:3513"
"PER","BX:375","EMP_TEMP_SEX_OCU_NB","SEX_T","OCU_ISCO88_4","2011",912.674,,,,"R1:3513"
"PER","BX:375","EMP_TEMP_SEX_OCU_NB","SEX_T","OCU_ISCO88_5","2011",2543.532,,,,"R1:3513"
"PER","BX:375","EMP_TEMP_SEX_OCU_NB","SEX_T","OCU_ISCO88_6","2011",1951.083,,,,"R1:3513"
"PER","BX:375","EMP_TEMP_SEX_OCU_NB","SEX_T","OCU_ISCO88_7","2011",1379.969,,,,"R1:3513"
"PER","BX:375","EMP_TEMP_SEX_OCU_NB","SEX_T","OCU_ISCO88_8","2011",1475.95,,,,"R1:3513"
"PER","BX:375","EMP_TEMP_SEX_OCU_NB","SEX_T","OCU_ISCO88_9","2011",5519.145,,,,"R1:3513"
"PER","BX:375","EMP_TEMP_SEX_OCU_NB","SEX_T","OCU_ISCO88_0","2011",128.755,,,,"R1:3513"
"PER","BX:375","EMP_TEMP_SEX_OCU_NB","SEX_T","OCU_ISCO88_X","2011",71.33,,,,"R1:3513"
"PER","BX:375","EMP_TEMP_SEX_OCU_NB","SEX_T","OCU_SKILL_TOTAL","2010",16061.267,,,,"R1:3513"
"PER","BX:375","EMP_TEMP_SEX_OCU_NB","SEX_T","OCU_SKILL_L3-4","2010",2195.864,,,,"R1:3513"
"PER","BX:375","EMP_TEMP_SEX_OCU_NB","SEX_T","OCU_SKILL_L2","2010",8011.461,,,,"R1:3513"
"PER","BX:375","EMP_TEMP_SEX_OCU_NB","SEX_T","OCU_SKILL_L1","2010",5670.31,,,,"R1:3513"
"PER","BX:375","EMP_TEMP_SEX_OCU_NB","SEX_T","OCU_SKILL_X","2010",183.633,,,,"R1:3513"
"PER","BX:375","EMP_TEMP_SEX_OCU_NB","SEX_T","OCU_ISCO88_TOTAL","2010",16061.267,,,,"R1:3513"
"PER","BX:375","EMP_TEMP_SEX_OCU_NB","SEX_T","OCU_ISCO88_1","2010",87.433,,,,"R1:3513"
"PER","BX:375","EMP_TEMP_SEX_OCU_NB","SEX_T","OCU_ISCO88_2","2010",1050.049,,,,"R1:3513"
"PER","BX:375","EMP_TEMP_SEX_OCU_NB","SEX_T","OCU_ISCO88_3","2010",1058.381,,,,"R1:3513"
"PER","BX:375","EMP_TEMP_SEX_OCU_NB","SEX_T","OCU_ISCO88_4","2010",809.641,,,,"R1:3513"
"PER","BX:375","EMP_TEMP_SEX_OCU_NB","SEX_T","OCU_ISCO88_5","2010",2559.746,,,,"R1:3513"
"PER","BX:375","EMP_TEMP_SEX_OCU_NB","SEX_T","OCU_ISCO88_6","2010",1907.621,,,,"R1:3513"
"PER","BX:375","EMP_TEMP_SEX_OCU_NB","SEX_T","OCU_ISCO88_7","2010",1367.213,,,,"R1:3513"
"PER","BX:375","EMP_TEMP_SEX_OCU_NB","SEX_T","OCU_ISCO88_8","2010",1367.24,,,,"R1:3513"
"PER","BX:375","EMP_TEMP_SEX_OCU_NB","SEX_T","OCU_ISCO88_9","2010",5670.31,,,,"R1:3513"
"PER","BX:375","EMP_TEMP_SEX_OCU_NB","SEX_T","OCU_ISCO88_0","2010",113.276,,,,"R1:3513"
"PER","BX:375","EMP_TEMP_SEX_OCU_NB","SEX_T","OCU_ISCO88_X","2010",70.356,,,,"R1:3513"
"PER","BX:375","EMP_TEMP_SEX_OCU_NB","SEX_T","OCU_SKILL_TOTAL","2009",15615.26,,,,"R1:3513"
"PER","BX:375","EMP_TEMP_SEX_OCU_NB","SEX_T","OCU_SKILL_L3-4","2009",2189.854,,,,"R1:3513"
"PER","BX:375","EMP_TEMP_SEX_OCU_NB","SEX_T","OCU_SKILL_L2","2009",7664.769,,,,"R1:3513"
"PER","BX:375","EMP_TEMP_SEX_OCU_NB","SEX_T","OCU_SKILL_L1","2009",5580.844,,,,"R1:3513"
"PER","BX:375","EMP_TEMP_SEX_OCU_NB","SEX_T","OCU_SKILL_X","2009",179.794,,,,"R1:3513"
"PER","BX:375","EMP_TEMP_SEX_OCU_NB","SEX_T","OCU_ISCO88_TOTAL","2009",15615.26,,,,"R1:3513"
"PER","BX:375","EMP_TEMP_SEX_OCU_NB","SEX_T","OCU_ISCO88_1","2009",91.46,,,,"R1:3513"
"PER","BX:375","EMP_TEMP_SEX_OCU_NB","SEX_T","OCU_ISCO88_2","2009",1110.662,,,,"R1:3513"
"PER","BX:375","EMP_TEMP_SEX_OCU_NB","SEX_T","OCU_ISCO88_3","2009",987.732,,,,"R1:3513"
"PER","BX:375","EMP_TEMP_SEX_OCU_NB","SEX_T","OCU_ISCO88_4","2009",773.475,,,,"R1:3513"
"PER","BX:375","EMP_TEMP_SEX_OCU_NB","SEX_T","OCU_ISCO88_5","2009",2365.911,,,,"R1:3513"
"PER","BX:375","EMP_TEMP_SEX_OCU_NB","SEX_T","OCU_ISCO88_6","2009",1903.589,,,,"R1:3513"
"PER","BX:375","EMP_TEMP_SEX_OCU_NB","SEX_T","OCU_ISCO88_7","2009",1333.727,,,,"R1:3513"
"PER","BX:375","EMP_TEMP_SEX_OCU_NB","SEX_T","OCU_ISCO88_8","2009",1288.067,,,,"R1:3513"
"PER","BX:375","EMP_TEMP_SEX_OCU_NB","SEX_T","OCU_ISCO88_9","2009",5580.844,,,,"R1:3513"
"PER","BX:375","EMP_TEMP_SEX_OCU_NB","SEX_T","OCU_ISCO88_0","2009",115.094,,,,"R1:3513"
"PER","BX:375","EMP_TEMP_SEX_OCU_NB","SEX_T","OCU_ISCO88_X","2009",64.7,,,,"R1:3513"
"PER","BX:375","EMP_TEMP_SEX_OCU_NB","SEX_T","OCU_SKILL_TOTAL","2008",15313.359,,,,"R1:3513"
"PER","BX:375","EMP_TEMP_SEX_OCU_NB","SEX_T","OCU_SKILL_L3-4","2008",2054.767,,,,"R1:3513"
"PER","BX:375","EMP_TEMP_SEX_OCU_NB","SEX_T","OCU_SKILL_L2","2008",7414.702,,,,"R1:3513"
"PER","BX:375","EMP_TEMP_SEX_OCU_NB","SEX_T","OCU_SKILL_L1","2008",5668.157,,,,"R1:3513"
"PER","BX:375","EMP_TEMP_SEX_OCU_NB","SEX_T","OCU_SKILL_X","2008",175.733,,,,"R1:3513"
"PER","BX:375","EMP_TEMP_SEX_OCU_NB","SEX_T","OCU_ISCO88_TOTAL","2008",15313.359,,,,"R1:3513"
"PER","BX:375","EMP_TEMP_SEX_OCU_NB","SEX_T","OCU_ISCO88_1","2008",79.102,,,,"R1:3513"
"PER","BX:375","EMP_TEMP_SEX_OCU_NB","SEX_T","OCU_ISCO88_2","2008",1011.736,,,,"R1:3513"
"PER","BX:375","EMP_TEMP_SEX_OCU_NB","SEX_T","OCU_ISCO88_3","2008",963.928,,,,"R1:3513"
"PER","BX:375","EMP_TEMP_SEX_OCU_NB","SEX_T","OCU_ISCO88_4","2008",752.914,,,,"R1:3513"
"PER","BX:375","EMP_TEMP_SEX_OCU_NB","SEX_T","OCU_ISCO88_5","2008",2067.011,,,,"R1:3513"
"PER","BX:375","EMP_TEMP_SEX_OCU_NB","SEX_T","OCU_ISCO88_6","2008",1933.036,,,,"R1:3513"
"PER","BX:375","EMP_TEMP_SEX_OCU_NB","SEX_T","OCU_ISCO88_7","2008",1427.197,,,,"R1:3513"
"PER","BX:375","EMP_TEMP_SEX_OCU_NB","SEX_T","OCU_ISCO88_8","2008",1234.544,,,,"R1:3513"
"PER","BX:375","EMP_TEMP_SEX_OCU_NB","SEX_T","OCU_ISCO88_9","2008",5668.157,,,,"R1:3513"
"PER","BX:375","EMP_TEMP_SEX_OCU_NB","SEX_T","OCU_ISCO88_0","2008",110.543,,,,"R1:3513"
"PER","BX:375","EMP_TEMP_SEX_OCU_NB","SEX_T","OCU_ISCO88_X","2008",65.189,,,,"R1:3513"
"PER","BX:375","EMP_TEMP_SEX_OCU_NB","SEX_T","OCU_SKILL_TOTAL","2007",14897.453,,,,"R1:3513"
"PER","BX:375","EMP_TEMP_SEX_OCU_NB","SEX_T","OCU_SKILL_L3-4","2007",2006.716,,,,"R1:3513"
"PER","BX:375","EMP_TEMP_SEX_OCU_NB","SEX_T","OCU_SKILL_L2","2007",6934.61,,,,"R1:3513"
"PER","BX:375","EMP_TEMP_SEX_OCU_NB","SEX_T","OCU_SKILL_L1","2007",5759.248,,,,"R1:3513"
"PER","BX:375","EMP_TEMP_SEX_OCU_NB","SEX_T","OCU_SKILL_X","2007",196.879,,,,"R1:3513"
"PER","BX:375","EMP_TEMP_SEX_OCU_NB","SEX_T","OCU_ISCO88_TOTAL","2007",14897.453,,,,"R1:3513"
"PER","BX:375","EMP_TEMP_SEX_OCU_NB","SEX_T","OCU_ISCO88_1","2007",54.331,,,,"R1:3513"
"PER","BX:375","EMP_TEMP_SEX_OCU_NB","SEX_T","OCU_ISCO88_2","2007",964.858,,,,"R1:3513"
"PER","BX:375","EMP_TEMP_SEX_OCU_NB","SEX_T","OCU_ISCO88_3","2007",987.527,,,,"R1:3513"
"PER","BX:375","EMP_TEMP_SEX_OCU_NB","SEX_T","OCU_ISCO88_4","2007",613.354,,,,"R1:3513"
"PER","BX:375","EMP_TEMP_SEX_OCU_NB","SEX_T","OCU_ISCO88_5","2007",1981.833,,,,"R1:3513"
"PER","BX:375","EMP_TEMP_SEX_OCU_NB","SEX_T","OCU_ISCO88_6","2007",1894.339,,,,"R1:3513"
"PER","BX:375","EMP_TEMP_SEX_OCU_NB","SEX_T","OCU_ISCO88_7","2007",1356.621,,,,"R1:3513"
"PER","BX:375","EMP_TEMP_SEX_OCU_NB","SEX_T","OCU_ISCO88_8","2007",1088.462,,,,"R1:3513"
"PER","BX:375","EMP_TEMP_SEX_OCU_NB","SEX_T","OCU_ISCO88_9","2007",5759.248,,,,"R1:3513"
"PER","BX:375","EMP_TEMP_SEX_OCU_NB","SEX_T","OCU_ISCO88_0","2007",128.405,,,,"R1:3513"
"PER","BX:375","EMP_TEMP_SEX_OCU_NB","SEX_T","OCU_ISCO88_X","2007",68.474,,,,"R1:3513"
"PER","BX:375","EMP_TEMP_SEX_OCU_NB","SEX_T","OCU_SKILL_TOTAL","2006",14310.818,,,,"R1:3513"
"PER","BX:375","EMP_TEMP_SEX_OCU_NB","SEX_T","OCU_SKILL_L3-4","2006",1746.615,,,,"R1:3513"
"PER","BX:375","EMP_TEMP_SEX_OCU_NB","SEX_T","OCU_SKILL_L2","2006",6593.836,,,,"R1:3513"
"PER","BX:375","EMP_TEMP_SEX_OCU_NB","SEX_T","OCU_SKILL_L1","2006",5793.988,,,,"R1:3513"
"PER","BX:375","EMP_TEMP_SEX_OCU_NB","SEX_T","OCU_SKILL_X","2006",176.379,,,,"R1:3513"
"PER","BX:375","EMP_TEMP_SEX_OCU_NB","SEX_T","OCU_ISCO88_TOTAL","2006",14310.818,,,,"R1:3513"
"PER","BX:375","EMP_TEMP_SEX_OCU_NB","SEX_T","OCU_ISCO88_1","2006",49.59,,,,"R1:3513"
"PER","BX:375","EMP_TEMP_SEX_OCU_NB","SEX_T","OCU_ISCO88_2","2006",866.915,,,,"R1:3513"
"PER","BX:375","EMP_TEMP_SEX_OCU_NB","SEX_T","OCU_ISCO88_3","2006",830.11,,,,"R1:3513"
"PER","BX:375","EMP_TEMP_SEX_OCU_NB","SEX_T","OCU_ISCO88_4","2006",573.368,,,,"R1:3513"
"PER","BX:375","EMP_TEMP_SEX_OCU_NB","SEX_T","OCU_ISCO88_5","2006",1867.682,,,,"R1:3513"
"PER","BX:375","EMP_TEMP_SEX_OCU_NB","SEX_T","OCU_ISCO88_6","2006",1934.725,,,,"R1:3513"
"PER","BX:375","EMP_TEMP_SEX_OCU_NB","SEX_T","OCU_ISCO88_7","2006",1211.824,,,,"R1:3513"
"PER","BX:375","EMP_TEMP_SEX_OCU_NB","SEX_T","OCU_ISCO88_8","2006",1006.237,,,,"R1:3513"
"PER","BX:375","EMP_TEMP_SEX_OCU_NB","SEX_T","OCU_ISCO88_9","2006",5793.988,,,,"R1:3513"
"PER","BX:375","EMP_TEMP_SEX_OCU_NB","SEX_T","OCU_ISCO88_0","2006",109.375,,,,"R1:3513"
"PER","BX:375","EMP_TEMP_SEX_OCU_NB","SEX_T","OCU_ISCO88_X","2006",67.004,,,,"R1:3513"
"PER","BX:375","EMP_TEMP_SEX_OCU_NB","SEX_T","OCU_SKILL_TOTAL","2005",13740.419,,,,"R1:3513"
"PER","BX:375","EMP_TEMP_SEX_OCU_NB","SEX_T","OCU_SKILL_L3-4","2005",1603.372,,,,"R1:3513"
"PER","BX:375","EMP_TEMP_SEX_OCU_NB","SEX_T","OCU_SKILL_L2","2005",6276.873,,,,"R1:3513"
"PER","BX:375","EMP_TEMP_SEX_OCU_NB","SEX_T","OCU_SKILL_L1","2005",5679.444,,,,"R1:3513"
"PER","BX:375","EMP_TEMP_SEX_OCU_NB","SEX_T","OCU_SKILL_X","2005",180.731,,,,"R1:3513"
"PER","BX:375","EMP_TEMP_SEX_OCU_NB","SEX_T","OCU_ISCO88_TOTAL","2005",13740.419,,,,"R1:3513"
"PER","BX:375","EMP_TEMP_SEX_OCU_NB","SEX_T","OCU_ISCO88_1","2005",67.609,,,,"R1:3513"
"PER","BX:375","EMP_TEMP_SEX_OCU_NB","SEX_T","OCU_ISCO88_2","2005",803.748,,,,"R1:3513"
"PER","BX:375","EMP_TEMP_SEX_OCU_NB","SEX_T","OCU_ISCO88_3","2005",732.015,,,,"R1:3513"
"PER","BX:375","EMP_TEMP_SEX_OCU_NB","SEX_T","OCU_ISCO88_4","2005",515.885,,,,"R1:3513"
"PER","BX:375","EMP_TEMP_SEX_OCU_NB","SEX_T","OCU_ISCO88_5","2005",1758.844,,,,"R1:3513"
"PER","BX:375","EMP_TEMP_SEX_OCU_NB","SEX_T","OCU_ISCO88_6","2005",1913.608,,,,"R1:3513"
"PER","BX:375","EMP_TEMP_SEX_OCU_NB","SEX_T","OCU_ISCO88_7","2005",1193.433,,,,"R1:3513"
"PER","BX:375","EMP_TEMP_SEX_OCU_NB","SEX_T","OCU_ISCO88_8","2005",895.103,,,,"R1:3513"
"PER","BX:375","EMP_TEMP_SEX_OCU_NB","SEX_T","OCU_ISCO88_9","2005",5679.444,,,,"R1:3513"
"PER","BX:375","EMP_TEMP_SEX_OCU_NB","SEX_T","OCU_ISCO88_0","2005",116.077,,,,"R1:3513"
"PER","BX:375","EMP_TEMP_SEX_OCU_NB","SEX_T","OCU_ISCO88_X","2005",64.653,,,,"R1:3513"
"PER","BX:375","EMP_TEMP_SEX_OCU_NB","SEX_T","OCU_SKILL_TOTAL","2004",13770.263,,,,"R1:3513"
"PER","BX:375","EMP_TEMP_SEX_OCU_NB","SEX_T","OCU_SKILL_L3-4","2004",1641.172,,,,"R1:3513"
"PER","BX:375","EMP_TEMP_SEX_OCU_NB","SEX_T","OCU_SKILL_L2","2004",6127.47,,,,"R1:3513"
"PER","BX:375","EMP_TEMP_SEX_OCU_NB","SEX_T","OCU_SKILL_L1","2004",5740.664,,,,"R1:3513"
"PER","BX:375","EMP_TEMP_SEX_OCU_NB","SEX_T","OCU_SKILL_X","2004",260.957,,,,"R1:3513"
"PER","BX:375","EMP_TEMP_SEX_OCU_NB","SEX_T","OCU_ISCO88_TOTAL","2004",13770.263,,,,"R1:3513"
"PER","BX:375","EMP_TEMP_SEX_OCU_NB","SEX_T","OCU_ISCO88_1","2004",55.857,,,,"R1:3513"
"PER","BX:375","EMP_TEMP_SEX_OCU_NB","SEX_T","OCU_ISCO88_2","2004",860.136,,,,"R1:3513"
"PER","BX:375","EMP_TEMP_SEX_OCU_NB","SEX_T","OCU_ISCO88_3","2004",725.178,,,,"R1:3513"
"PER","BX:375","EMP_TEMP_SEX_OCU_NB","SEX_T","OCU_ISCO88_4","2004",518.092,,,,"R1:3513"
"PER","BX:375","EMP_TEMP_SEX_OCU_NB","SEX_T","OCU_ISCO88_5","2004",1676.131,,,,"R1:3513"
"PER","BX:375","EMP_TEMP_SEX_OCU_NB","SEX_T","OCU_ISCO88_6","2004",1908.707,,,,"R1:3513"
"PER","BX:375","EMP_TEMP_SEX_OCU_NB","SEX_T","OCU_ISCO88_7","2004",1114.359,,,,"R1:3513"
"PER","BX:375","EMP_TEMP_SEX_OCU_NB","SEX_T","OCU_ISCO88_8","2004",910.182,,,,"R1:3513"
"PER","BX:375","EMP_TEMP_SEX_OCU_NB","SEX_T","OCU_ISCO88_9","2004",5740.664,,,,"R1:3513"
"PER","BX:375","EMP_TEMP_SEX_OCU_NB","SEX_T","OCU_ISCO88_0","2004",107.808,,,,"R1:3513"
"PER","BX:375","EMP_TEMP_SEX_OCU_NB","SEX_T","OCU_ISCO88_X","2004",153.148,,,,"R1:3513"
"PER","BX:375","EMP_TEMP_SEX_OCU_NB","SEX_T","OCU_SKILL_TOTAL","2003",13762.568,,,,"R1:3513"
"PER","BX:375","EMP_TEMP_SEX_OCU_NB","SEX_T","OCU_SKILL_L3-4","2003",1649.655,,,,"R1:3513"
"PER","BX:375","EMP_TEMP_SEX_OCU_NB","SEX_T","OCU_SKILL_L2","2003",6223.596,,,,"R1:3513"
"PER","BX:375","EMP_TEMP_SEX_OCU_NB","SEX_T","OCU_SKILL_L1","2003",5405.684,,,,"R1:3513"
"PER","BX:375","EMP_TEMP_SEX_OCU_NB","SEX_T","OCU_SKILL_X","2003",483.633,,,,"R1:3513"
"PER","BX:375","EMP_TEMP_SEX_OCU_NB","SEX_T","OCU_ISCO88_TOTAL","2003",13762.568,,,,"R1:3513"
"PER","BX:375","EMP_TEMP_SEX_OCU_NB","SEX_T","OCU_ISCO88_1","2003",66.318,,,,"R1:3513"
"PER","BX:375","EMP_TEMP_SEX_OCU_NB","SEX_T","OCU_ISCO88_2","2003",853.14,,,,"R1:3513"
"PER","BX:375","EMP_TEMP_SEX_OCU_NB","SEX_T","OCU_ISCO88_3","2003",730.197,,,,"R1:3513"
"PER","BX:375","EMP_TEMP_SEX_OCU_NB","SEX_T","OCU_ISCO88_4","2003",461.802,,,,"R1:3513"
"PER","BX:375","EMP_TEMP_SEX_OCU_NB","SEX_T","OCU_ISCO88_5","2003",1782.741,,,,"R1:3513"
"PER","BX:375","EMP_TEMP_SEX_OCU_NB","SEX_T","OCU_ISCO88_6","2003",2179.334,,,,"R1:3513"
"PER","BX:375","EMP_TEMP_SEX_OCU_NB","SEX_T","OCU_ISCO88_7","2003",970.129,,,,"R1:3513"
"PER","BX:375","EMP_TEMP_SEX_OCU_NB","SEX_T","OCU_ISCO88_8","2003",829.591,,,,"R1:3513"
"PER","BX:375","EMP_TEMP_SEX_OCU_NB","SEX_T","OCU_ISCO88_9","2003",5405.684,,,,"R1:3513"
"PER","BX:375","EMP_TEMP_SEX_OCU_NB","SEX_T","OCU_ISCO88_0","2003",94.302,,,,"R1:3513"
"PER","BX:375","EMP_TEMP_SEX_OCU_NB","SEX_T","OCU_ISCO88_X","2003",389.331,,,,"R1:3513"
"PER","BX:375","EMP_TEMP_SEX_OCU_NB","SEX_T","OCU_SKILL_TOTAL","2002",13513.76,"B",,"I11:264","R1:3513"
"PER","BX:375","EMP_TEMP_SEX_OCU_NB","SEX_T","OCU_SKILL_L3-4","2002",1527.578,"B",,"I11:264","R1:3513"
"PER","BX:375","EMP_TEMP_SEX_OCU_NB","SEX_T","OCU_SKILL_L2","2002",6027.886,"B",,"I11:264","R1:3513"
"PER","BX:375","EMP_TEMP_SEX_OCU_NB","SEX_T","OCU_SKILL_L1","2002",4859.879,"B",,"I11:264","R1:3513"
"PER","BX:375","EMP_TEMP_SEX_OCU_NB","SEX_T","OCU_SKILL_X","2002",1098.416,"B",,"I11:264","R1:3513"
"PER","BX:375","EMP_TEMP_SEX_OCU_NB","SEX_T","OCU_ISCO88_TOTAL","2002",13513.76,"B",,"I11:264","R1:3513"
"PER","BX:375","EMP_TEMP_SEX_OCU_NB","SEX_T","OCU_ISCO88_1","2002",57.036,"B",,"I11:264","R1:3513"
"PER","BX:375","EMP_TEMP_SEX_OCU_NB","SEX_T","OCU_ISCO88_2","2002",850.358,"B",,"I11:264","R1:3513"
"PER","BX:375","EMP_TEMP_SEX_OCU_NB","SEX_T","OCU_ISCO88_3","2002",620.184,"B",,"I11:264","R1:3513"
"PER","BX:375","EMP_TEMP_SEX_OCU_NB","SEX_T","OCU_ISCO88_4","2002",405.396,"B",,"I11:264","R1:3513"
"PER","BX:375","EMP_TEMP_SEX_OCU_NB","SEX_T","OCU_ISCO88_5","2002",1657.917,"B",,"I11:264","R1:3513"
"PER","BX:375","EMP_TEMP_SEX_OCU_NB","SEX_T","OCU_ISCO88_6","2002",2067.723,"B",,"I11:264","R1:3513"
"PER","BX:375","EMP_TEMP_SEX_OCU_NB","SEX_T","OCU_ISCO88_7","2002",1070.604,"B",,"I11:264","R1:3513"
"PER","BX:375","EMP_TEMP_SEX_OCU_NB","SEX_T","OCU_ISCO88_8","2002",826.246,"B",,"I11:264","R1:3513"
"PER","BX:375","EMP_TEMP_SEX_OCU_NB","SEX_T","OCU_ISCO88_9","2002",4859.879,"B",,"I11:264","R1:3513"
"PER","BX:375","EMP_TEMP_SEX_OCU_NB","SEX_T","OCU_ISCO88_0","2002",109.427,"B",,"I11:264","R1:3513"
"PER","BX:375","EMP_TEMP_SEX_OCU_NB","SEX_T","OCU_ISCO88_X","2002",988.99,"B",,"I11:264","R1:3513"
"PER","BX:375","EMP_TEMP_SEX_OCU_NB","SEX_T","OCU_SKILL_TOTAL","2001",12386.758,,,,"R1:3513"
"PER","BX:375","EMP_TEMP_SEX_OCU_NB","SEX_T","OCU_SKILL_L3-4","2001",1552.781,,,,"R1:3513"
"PER","BX:375","EMP_TEMP_SEX_OCU_NB","SEX_T","OCU_SKILL_L2","2001",5941.531,,,,"R1:3513"
"PER","BX:375","EMP_TEMP_SEX_OCU_NB","SEX_T","OCU_SKILL_L1","2001",4758.687,,,,"R1:3513"
"PER","BX:375","EMP_TEMP_SEX_OCU_NB","SEX_T","OCU_SKILL_X","2001",133.759,,,,"R1:3513"
"PER","BX:375","EMP_TEMP_SEX_OCU_NB","SEX_T","OCU_ISCO88_TOTAL","2001",12386.758,,,,"R1:3513"
"PER","BX:375","EMP_TEMP_SEX_OCU_NB","SEX_T","OCU_ISCO88_1","2001",57.901,,,,"R1:3513"
"PER","BX:375","EMP_TEMP_SEX_OCU_NB","SEX_T","OCU_ISCO88_2","2001",827.73,,,,"R1:3513"
"PER","BX:375","EMP_TEMP_SEX_OCU_NB","SEX_T","OCU_ISCO88_3","2001",667.15,,,,"R1:3513"
"PER","BX:375","EMP_TEMP_SEX_OCU_NB","SEX_T","OCU_ISCO88_4","2001",404.285,,,,"R1:3513"
"PER","BX:375","EMP_TEMP_SEX_OCU_NB","SEX_T","OCU_ISCO88_5","2001",1749.77,,,,"R1:3513"
"PER","BX:375","EMP_TEMP_SEX_OCU_NB","SEX_T","OCU_ISCO88_6","2001",1804.996,,,,"R1:3513"
"PER","BX:375","EMP_TEMP_SEX_OCU_NB","SEX_T","OCU_ISCO88_7","2001",1100.577,,,,"R1:3513"
"PER","BX:375","EMP_TEMP_SEX_OCU_NB","SEX_T","OCU_ISCO88_8","2001",881.903,,,,"R1:3513"
"PER","BX:375","EMP_TEMP_SEX_OCU_NB","SEX_T","OCU_ISCO88_9","2001",4758.687,,,,"R1:3513"
"PER","BX:375","EMP_TEMP_SEX_OCU_NB","SEX_T","OCU_ISCO88_0","2001",132.577,,,,"R1:3513"
"PER","BX:375","EMP_TEMP_SEX_OCU_NB","SEX_T","OCU_ISCO88_X","2001",,"U",,,"R1:3513"
"PER","BX:375","EMP_TEMP_SEX_OCU_NB","SEX_T","OCU_SKILL_TOTAL","2000",12133.787,,,,"R1:3513"
"PER","BX:375","EMP_TEMP_SEX_OCU_NB","SEX_T","OCU_SKILL_L3-4","2000",1545.653,,,,"R1:3513"
"PER","BX:375","EMP_TEMP_SEX_OCU_NB","SEX_T","OCU_SKILL_L2","2000",5733.809,,,,"R1:3513"
"PER","BX:375","EMP_TEMP_SEX_OCU_NB","SEX_T","OCU_SKILL_L1","2000",4721.646,,,,"R1:3513"
"PER","BX:375","EMP_TEMP_SEX_OCU_NB","SEX_T","OCU_SKILL_X","2000",132.679,,,,"R1:3513"
"PER","BX:375","EMP_TEMP_SEX_OCU_NB","SEX_T","OCU_ISCO88_TOTAL","2000",12133.787,,,,"R1:3513"
"PER","BX:375","EMP_TEMP_SEX_OCU_NB","SEX_T","OCU_ISCO88_1","2000",66.414,,,,"R1:3513"
"PER","BX:375","EMP_TEMP_SEX_OCU_NB","SEX_T","OCU_ISCO88_2","2000",761.936,,,,"R1:3513"
"PER","BX:375","EMP_TEMP_SEX_OCU_NB","SEX_T","OCU_ISCO88_3","2000",717.303,,,,"R1:3513"
"PER","BX:375","EMP_TEMP_SEX_OCU_NB","SEX_T","OCU_ISCO88_4","2000",385.974,,,,"R1:3513"
"PER","BX:375","EMP_TEMP_SEX_OCU_NB","SEX_T","OCU_ISCO88_5","2000",1787.056,,,,"R1:3513"
"PER","BX:375","EMP_TEMP_SEX_OCU_NB","SEX_T","OCU_ISCO88_6","2000",1775.2,,,,"R1:3513"
"PER","BX:375","EMP_TEMP_SEX_OCU_NB","SEX_T","OCU_ISCO88_7","2000",961.542,,,,"R1:3513"
"PER","BX:375","EMP_TEMP_SEX_OCU_NB","SEX_T","OCU_ISCO88_8","2000",824.037,,,,"R1:3513"
"PER","BX:375","EMP_TEMP_SEX_OCU_NB","SEX_T","OCU_ISCO88_9","2000",4721.646,,,,"R1:3513"
"PER","BX:375","EMP_TEMP_SEX_OCU_NB","SEX_T","OCU_ISCO88_0","2000",132.679,,,,"R1:3513"
"URY","BA:348","EMP_TEMP_SEX_OCU_NB","SEX_T","OCU_SKILL_TOTAL","2025",1765.222,,,,"R1:3513"
"URY","BA:348","EMP_TEMP_SEX_OCU_NB","SEX_T","OCU_SKILL_L3-4","2025",456.377,,,,"R1:3513"
"URY","BA:348","EMP_TEMP_SEX_OCU_NB","SEX_T","OCU_SKILL_L2","2025",996.984,,,,"R1:3513"
"URY","BA:348","EMP_TEMP_SEX_OCU_NB","SEX_T","OCU_SKILL_L1","2025",300.671,,,,"R1:3513"
"URY","BA:348","EMP_TEMP_SEX_OCU_NB","SEX_T","OCU_SKILL_X","2025",11.19,,,,"R1:3513"
"URY","BA:348","EMP_TEMP_SEX_OCU_NB","SEX_T","OCU_ISCO08_TOTAL","2025",1765.222,,,,"R1:3513"
"URY","BA:348","EMP_TEMP_SEX_OCU_NB","SEX_T","OCU_ISCO08_1","2025",49.947,,,,"R1:3513"
"URY","BA:348","EMP_TEMP_SEX_OCU_NB","SEX_T","OCU_ISCO08_2","2025",254.537,,,,"R1:3513"
"URY","BA:348","EMP_TEMP_SEX_OCU_NB","SEX_T","OCU_ISCO08_3","2025",151.893,,,,"R1:3513"
"URY","BA:348","EMP_TEMP_SEX_OCU_NB","SEX_T","OCU_ISCO08_4","2025",176.396,,,,"R1:3513"
"URY","BA:348","EMP_TEMP_SEX_OCU_NB","SEX_T","OCU_ISCO08_5","2025",382.614,,,,"R1:3513"
"URY","BA:348","EMP_TEMP_SEX_OCU_NB","SEX_T","OCU_ISCO08_6","2025",78.614,,,,"R1:3513"
"URY","BA:348","EMP_TEMP_SEX_OCU_NB","SEX_T","OCU_ISCO08_7","2025",227.891,,,,"R1:3513"
"URY","BA:348","EMP_TEMP_SEX_OCU_NB","SEX_T","OCU_ISCO08_8","2025",131.47,,,,"R1:3513"
"URY","BA:348","EMP_TEMP_SEX_OCU_NB","SEX_T","OCU_ISCO08_9","2025",300.671,,,,"R1:3513"
"URY","BA:348","EMP_TEMP_SEX_OCU_NB","SEX_T","OCU_ISCO08_0","2025",11.179,,,,"R1:3513"
"URY","BA:348","EMP_TEMP_SEX_OCU_NB","SEX_T","OCU_ISCO08_X","2025",,"U",,,"R1:3513"
"URY","BA:348","EMP_TEMP_SEX_OCU_NB","SEX_T","OCU_SKILL_TOTAL","2024",1737.516,,,,"R1:3513"
"URY","BA:348","EMP_TEMP_SEX_OCU_NB","SEX_T","OCU_SKILL_L3-4","2024",431.966,,,,"R1:3513"
"URY","BA:348","EMP_TEMP_SEX_OCU_NB","SEX_T","OCU_SKILL_L2","2024",999.114,,,,"R1:3513"
"URY","BA:348","EMP_TEMP_SEX_OCU_NB","SEX_T","OCU_SKILL_L1","2024",295.581,,,,"R1:3513"
"URY","BA:348","EMP_TEMP_SEX_OCU_NB","SEX_T","OCU_SKILL_X","2024",10.855,,,,"R1:3513"
"URY","BA:348","EMP_TEMP_SEX_OCU_NB","SEX_T","OCU_ISCO08_TOTAL","2024",1737.516,,,,"R1:3513"
"URY","BA:348","EMP_TEMP_SEX_OCU_NB","SEX_T","OCU_ISCO08_1","2024",49.428,,,,"R1:3513"
"URY","BA:348","EMP_TEMP_SEX_OCU_NB","SEX_T","OCU_ISCO08_2","2024",241.739,,,,"R1:3513"
"URY","BA:348","EMP_TEMP_SEX_OCU_NB","SEX_T","OCU_ISCO08_3","2024",140.799,,,,"R1:3513"
"URY","BA:348","EMP_TEMP_SEX_OCU_NB","SEX_T","OCU_ISCO08_4","2024",185.748,,,,"R1:3513"
"URY","BA:348","EMP_TEMP_SEX_OCU_NB","SEX_T","OCU_ISCO08_5","2024",379.907,,,,"R1:3513"
"URY","BA:348","EMP_TEMP_SEX_OCU_NB","SEX_T","OCU_ISCO08_6","2024",74.382,,,,"R1:3513"
"URY","BA:348","EMP_TEMP_SEX_OCU_NB","SEX_T","OCU_ISCO08_7","2024",229.582,,,,"R1:3513"
"URY","BA:348","EMP_TEMP_SEX_OCU_NB","SEX_T","OCU_ISCO08_8","2024",129.495,,,,"R1:3513"
"URY","BA:348","EMP_TEMP_SEX_OCU_NB","SEX_T","OCU_ISCO08_9","2024",295.581,,,,"R1:3513"
"URY","BA:348","EMP_TEMP_SEX_OCU_NB","SEX_T","OCU_ISCO08_0","2024",10.829,,,,"R1:3513"
"URY","BA:348","EMP_TEMP_SEX_OCU_NB","SEX_T","OCU_ISCO08_X","2024",,"U",,,"R1:3513"
"URY","BA:348","EMP_TEMP_SEX_OCU_NB","SEX_T","OCU_SKILL_TOTAL","2023",1702.831,,,,"R1:3513"
"URY","BA:348","EMP_TEMP_SEX_OCU_NB","SEX_T","OCU_SKILL_L3-4","2023",421.869,,,,"R1:3513"
"URY","BA:348","EMP_TEMP_SEX_OCU_NB","SEX_T","OCU_SKILL_L2","2023",966.253,,,,"R1:3513"
"URY","BA:348","EMP_TEMP_SEX_OCU_NB","SEX_T","OCU_SKILL_L1","2023",303.969,,,,"R1:3513"
"URY","BA:348","EMP_TEMP_SEX_OCU_NB","SEX_T","OCU_SKILL_X","2023",10.739,,,,"R1:3513"
"URY","BA:348","EMP_TEMP_SEX_OCU_NB","SEX_T","OCU_ISCO08_TOTAL","2023",1702.831,,,,"R1:3513"
"URY","BA:348","EMP_TEMP_SEX_OCU_NB","SEX_T","OCU_ISCO08_1","2023",47.426,,,,"R1:3513"
"URY","BA:348","EMP_TEMP_SEX_OCU_NB","SEX_T","OCU_ISCO08_2","2023",240.492,,,,"R1:3513"
"URY","BA:348","EMP_TEMP_SEX_OCU_NB","SEX_T","OCU_ISCO08_3","2023",133.952,,,,"R1:3513"
"URY","BA:348","EMP_TEMP_SEX_OCU_NB","SEX_T","OCU_ISCO08_4","2023",189.986,,,,"R1:3513"
"URY","BA:348","EMP_TEMP_SEX_OCU_NB","SEX_T","OCU_ISCO08_5","2023",351.016,,,,"R1:3513"
"URY","BA:348","EMP_TEMP_SEX_OCU_NB","SEX_T","OCU_ISCO08_6","2023",79.781,,,,"R1:3513"
"URY","BA:348","EMP_TEMP_SEX_OCU_NB","SEX_T","OCU_ISCO08_7","2023",222.077,,,,"R1:3513"
"URY","BA:348","EMP_TEMP_SEX_OCU_NB","SEX_T","OCU_ISCO08_8","2023",123.394,,,,"R1:3513"
"URY","BA:348","EMP_TEMP_SEX_OCU_NB","SEX_T","OCU_ISCO08_9","2023",303.969,,,,"R1:3513"
"URY","BA:348","EMP_TEMP_SEX_OCU_NB","SEX_T","OCU_ISCO08_0","2023",10.739,,,,"R1:3513"
"URY","BA:348","EMP_TEMP_SEX_OCU_NB","SEX_T","OCU_SKILL_TOTAL","2022",1663.11,"B",,"I11:264","R1:3513"
"URY","BA:348","EMP_TEMP_SEX_OCU_NB","SEX_T","OCU_SKILL_L3-4","2022",411.596,"B",,"I11:264","R1:3513"
"URY","BA:348","EMP_TEMP_SEX_OCU_NB","SEX_T","OCU_SKILL_L2","2022",952.064,"B",,"I11:264","R1:3513"
"URY","BA:348","EMP_TEMP_SEX_OCU_NB","SEX_T","OCU_SKILL_L1","2022",288.468,"B",,"I11:264","R1:3513"
"URY","BA:348","EMP_TEMP_SEX_OCU_NB","SEX_T","OCU_SKILL_X","2022",10.982,"B",,"I11:264","R1:3513"
"URY","BA:348","EMP_TEMP_SEX_OCU_NB","SEX_T","OCU_ISCO08_TOTAL","2022",1663.11,"B",,"I11:264","R1:3513"
"URY","BA:348","EMP_TEMP_SEX_OCU_NB","SEX_T","OCU_ISCO08_1","2022",41.516,"B",,"I11:264","R1:3513"
"URY","BA:348","EMP_TEMP_SEX_OCU_NB","SEX_T","OCU_ISCO08_2","2022",240.042,"B",,"I11:264","R1:3513"
"URY","BA:348","EMP_TEMP_SEX_OCU_NB","SEX_T","OCU_ISCO08_3","2022",130.038,"B",,"I11:264","R1:3513"
"URY","BA:348","EMP_TEMP_SEX_OCU_NB","SEX_T","OCU_ISCO08_4","2022",194.017,"B",,"I11:264","R1:3513"
"URY","BA:348","EMP_TEMP_SEX_OCU_NB","SEX_T","OCU_ISCO08_5","2022",355.83,"B",,"I11:264","R1:3513"
"URY","BA:348","EMP_TEMP_SEX_OCU_NB","SEX_T","OCU_ISCO08_6","2022",76.126,"B",,"I11:264","R1:3513"
"URY","BA:348","EMP_TEMP_SEX_OCU_NB","SEX_T","OCU_ISCO08_7","2022",209.998,"B",,"I11:264","R1:3513"
"URY","BA:348","EMP_TEMP_SEX_OCU_NB","SEX_T","OCU_ISCO08_8","2022",116.094,"B",,"I11:264","R1:3513"
"URY","BA:348","EMP_TEMP_SEX_OCU_NB","SEX_T","OCU_ISCO08_9","2022",288.468,"B",,"I11:264","R1:3513"
"URY","BA:348","EMP_TEMP_SEX_OCU_NB","SEX_T","OCU_ISCO08_0","2022",10.498,"B",,"I11:264","R1:3513"
"URY","BA:348","EMP_TEMP_SEX_OCU_NB","SEX_T","OCU_ISCO08_X","2022",0.485,"B",,"I11:264","R1:3513"
"URY","BA:348","EMP_TEMP_SEX_OCU_NB","SEX_T","OCU_SKILL_TOTAL","2021",1625.939,"B",,"I11:264","R1:3513"
"URY","BA:348","EMP_TEMP_SEX_OCU_NB","SEX_T","OCU_SKILL_L3-4","2021",408.686,"B",,"I11:264","R1:3513"
"URY","BA:348","EMP_TEMP_SEX_OCU_NB","SEX_T","OCU_SKILL_L2","2021",918.482,"B",,"I11:264","R1:3513"
"URY","BA:348","EMP_TEMP_SEX_OCU_NB","SEX_T","OCU_SKILL_L1","2021",280.757,"B",,"I11:264","R1:3513"
"URY","BA:348","EMP_TEMP_SEX_OCU_NB","SEX_T","OCU_SKILL_X","2021",18.014,"B",,"I11:264","R1:3513"
"URY","BA:348","EMP_TEMP_SEX_OCU_NB","SEX_T","OCU_ISCO08_TOTAL","2021",1625.939,"B",,"I11:264","R1:3513"
"URY","BA:348","EMP_TEMP_SEX_OCU_NB","SEX_T","OCU_ISCO08_1","2021",41.262,"B",,"I11:264","R1:3513"
"URY","BA:348","EMP_TEMP_SEX_OCU_NB","SEX_T","OCU_ISCO08_2","2021",233.208,"B",,"I11:264","R1:3513"
"URY","BA:348","EMP_TEMP_SEX_OCU_NB","SEX_T","OCU_ISCO08_3","2021",134.216,"B",,"I11:264","R1:3513"
"URY","BA:348","EMP_TEMP_SEX_OCU_NB","SEX_T","OCU_ISCO08_4","2021",184.905,"B",,"I11:264","R1:3513"
"URY","BA:348","EMP_TEMP_SEX_OCU_NB","SEX_T","OCU_ISCO08_5","2021",330.402,"B",,"I11:264","R1:3513"
"URY","BA:348","EMP_TEMP_SEX_OCU_NB","SEX_T","OCU_ISCO08_6","2021",80.435,"B",,"I11:264","R1:3513"
"URY","BA:348","EMP_TEMP_SEX_OCU_NB","SEX_T","OCU_ISCO08_7","2021",213.583,"B",,"I11:264","R1:3513"
"URY","BA:348","EMP_TEMP_SEX_OCU_NB","SEX_T","OCU_ISCO08_8","2021",109.157,"B",,"I11:264","R1:3513"
"URY","BA:348","EMP_TEMP_SEX_OCU_NB","SEX_T","OCU_ISCO08_9","2021",280.757,"B",,"I11:264","R1:3513"
"URY","BA:348","EMP_TEMP_SEX_OCU_NB","SEX_T","OCU_ISCO08_0","2021",12.828,"B",,"I11:264","R1:3513"
"URY","BA:348","EMP_TEMP_SEX_OCU_NB","SEX_T","OCU_ISCO08_X","2021",5.186,"B",,"I11:264","R1:3513"
"URY","BA:348","EMP_TEMP_SEX_OCU_NB","SEX_T","OCU_SKILL_TOTAL","2020",1553.181,"B",,"I11:264","R1:3513"
"URY","BA:348","EMP_TEMP_SEX_OCU_NB","SEX_T","OCU_SKILL_L3-4","2020",375.354,"B",,"I11:264","R1:3513"
"URY","BA:348","EMP_TEMP_SEX_OCU_NB","SEX_T","OCU_SKILL_L2","2020",900.748,"B",,"I11:264","R1:3513"
"URY","BA:348","EMP_TEMP_SEX_OCU_NB","SEX_T","OCU_SKILL_L1","2020",265.675,"B",,"I11:264","R1:3513"
"URY","BA:348","EMP_TEMP_SEX_OCU_NB","SEX_T","OCU_SKILL_X","2020",11.405,"B",,"I11:264","R1:3513"
"URY","BA:348","EMP_TEMP_SEX_OCU_NB","SEX_T","OCU_ISCO08_TOTAL","2020",1553.181,"B",,"I11:264","R1:3513"
"URY","BA:348","EMP_TEMP_SEX_OCU_NB","SEX_T","OCU_ISCO08_1","2020",40.311,"B",,"I11:264","R1:3513"
"URY","BA:348","EMP_TEMP_SEX_OCU_NB","SEX_T","OCU_ISCO08_2","2020",213.958,"B",,"I11:264","R1:3513"
"URY","BA:348","EMP_TEMP_SEX_OCU_NB","SEX_T","OCU_ISCO08_3","2020",121.085,"B",,"I11:264","R1:3513"
"URY","BA:348","EMP_TEMP_SEX_OCU_NB","SEX_T","OCU_ISCO08_4","2020",181.83,"B",,"I11:264","R1:3513"
"URY","BA:348","EMP_TEMP_SEX_OCU_NB","SEX_T","OCU_ISCO08_5","2020",326.235,"B",,"I11:264","R1:3513"
"URY","BA:348","EMP_TEMP_SEX_OCU_NB","SEX_T","OCU_ISCO08_6","2020",75.118,"B",,"I11:264","R1:3513"
"URY","BA:348","EMP_TEMP_SEX_OCU_NB","SEX_T","OCU_ISCO08_7","2020",203.744,"B",,"I11:264","R1:3513"
"URY","BA:348","EMP_TEMP_SEX_OCU_NB","SEX_T","OCU_ISCO08_8","2020",113.822,"B",,"I11:264","R1:3513"
"URY","BA:348","EMP_TEMP_SEX_OCU_NB","SEX_T","OCU_ISCO08_9","2020",265.675,"B",,"I11:264","R1:3513"
"URY","BA:348","EMP_TEMP_SEX_OCU_NB","SEX_T","OCU_ISCO08_0","2020",10.607,"B",,"I11:264","R1:3513"
"URY","BA:348","EMP_TEMP_SEX_OCU_NB","SEX_T","OCU_ISCO08_X","2020",0.798,"B",,"I11:264","R1:3513"
"URY","BA:348","EMP_TEMP_SEX_OCU_NB","SEX_T","OCU_SKILL_TOTAL","2019",1631.69,"B",,"I11:264","R1:3513"
"URY","BA:348","EMP_TEMP_SEX_OCU_NB","SEX_T","OCU_SKILL_L3-4","2019",366.714,"B",,"I11:264","R1:3513"
"URY","BA:348","EMP_TEMP_SEX_OCU_NB","SEX_T","OCU_SKILL_L2","2019",953.061,"B",,"I11:264","R1:3513"
"URY","BA:348","EMP_TEMP_SEX_OCU_NB","SEX_T","OCU_SKILL_L1","2019",296.865,"B",,"I11:264","R1:3513"
"URY","BA:348","EMP_TEMP_SEX_OCU_NB","SEX_T","OCU_SKILL_X","2019",15.05,"B",,"I11:264","R1:3513"
"URY","BA:348","EMP_TEMP_SEX_OCU_NB","SEX_T","OCU_ISCO08_TOTAL","2019",1631.69,"B",,"I11:264","R1:3513"
"URY","BA:348","EMP_TEMP_SEX_OCU_NB","SEX_T","OCU_ISCO08_1","2019",41.283,"B",,"I11:264","R1:3513"
"URY","BA:348","EMP_TEMP_SEX_OCU_NB","SEX_T","OCU_ISCO08_2","2019",202.159,"B",,"I11:264","R1:3513"
"URY","BA:348","EMP_TEMP_SEX_OCU_NB","SEX_T","OCU_ISCO08_3","2019",123.272,"B",,"I11:264","R1:3513"
"URY","BA:348","EMP_TEMP_SEX_OCU_NB","SEX_T","OCU_ISCO08_4","2019",182.514,"B",,"I11:264","R1:3513"
"URY","BA:348","EMP_TEMP_SEX_OCU_NB","SEX_T","OCU_ISCO08_5","2019",362.819,"B",,"I11:264","R1:3513"
"URY","BA:348","EMP_TEMP_SEX_OCU_NB","SEX_T","OCU_ISCO08_6","2019",74.294,"B",,"I11:264","R1:3513"
"URY","BA:348","EMP_TEMP_SEX_OCU_NB","SEX_T","OCU_ISCO08_7","2019",216.702,"B",,"I11:264","R1:3513"
"URY","BA:348","EMP_TEMP_SEX_OCU_NB","SEX_T","OCU_ISCO08_8","2019",116.732,"B",,"I11:264","R1:3513"
"URY","BA:348","EMP_TEMP_SEX_OCU_NB","SEX_T","OCU_ISCO08_9","2019",296.865,"B",,"I11:264","R1:3513"
"URY","BA:348","EMP_TEMP_SEX_OCU_NB","SEX_T","OCU_ISCO08_0","2019",10.867,"B",,"I11:264","R1:3513"
"URY","BA:348","EMP_TEMP_SEX_OCU_NB","SEX_T","OCU_ISCO08_X","2019",4.183,"B",,"I11:264","R1:3513"
"URY","BA:348","EMP_TEMP_SEX_OCU_NB","SEX_T","OCU_SKILL_TOTAL","2018",1635.723,,,,"R1:3513"
"URY","BA:348","EMP_TEMP_SEX_OCU_NB","SEX_T","OCU_SKILL_L3-4","2018",360.842,,,,"R1:3513"
"URY","BA:348","EMP_TEMP_SEX_OCU_NB","SEX_T","OCU_SKILL_L2","2018",958.123,,,,"R1:3513"
"URY","BA:348","EMP_TEMP_SEX_OCU_NB","SEX_T","OCU_SKILL_L1","2018",306.264,,,,"R1:3513"
"URY","BA:348","EMP_TEMP_SEX_OCU_NB","SEX_T","OCU_SKILL_X","2018",10.494,,,,"R1:3513"
"URY","BA:348","EMP_TEMP_SEX_OCU_NB","SEX_T","OCU_ISCO08_TOTAL","2018",1635.723,,,,"R1:3513"
"URY","BA:348","EMP_TEMP_SEX_OCU_NB","SEX_T","OCU_ISCO08_1","2018",41.126,,,,"R1:3513"
"URY","BA:348","EMP_TEMP_SEX_OCU_NB","SEX_T","OCU_ISCO08_2","2018",198.243,,,,"R1:3513"
"URY","BA:348","EMP_TEMP_SEX_OCU_NB","SEX_T","OCU_ISCO08_3","2018",121.473,,,,"R1:3513"
"URY","BA:348","EMP_TEMP_SEX_OCU_NB","SEX_T","OCU_ISCO08_4","2018",187.278,,,,"R1:3513"
"URY","BA:348","EMP_TEMP_SEX_OCU_NB","SEX_T","OCU_ISCO08_5","2018",365.993,,,,"R1:3513"
"URY","BA:348","EMP_TEMP_SEX_OCU_NB","SEX_T","OCU_ISCO08_6","2018",69.413,,,,"R1:3513"
"URY","BA:348","EMP_TEMP_SEX_OCU_NB","SEX_T","OCU_ISCO08_7","2018",220.398,,,,"R1:3513"
"URY","BA:348","EMP_TEMP_SEX_OCU_NB","SEX_T","OCU_ISCO08_8","2018",115.041,,,,"R1:3513"
"URY","BA:348","EMP_TEMP_SEX_OCU_NB","SEX_T","OCU_ISCO08_9","2018",306.264,,,,"R1:3513"
"URY","BA:348","EMP_TEMP_SEX_OCU_NB","SEX_T","OCU_ISCO08_0","2018",10.494,,,,"R1:3513"
"URY","BA:348","EMP_TEMP_SEX_OCU_NB","SEX_T","OCU_SKILL_TOTAL","2017",1643.64,,,,"R1:3513"
"URY","BA:348","EMP_TEMP_SEX_OCU_NB","SEX_T","OCU_SKILL_L3-4","2017",365.151,,,,"R1:3513"
"URY","BA:348","EMP_TEMP_SEX_OCU_NB","SEX_T","OCU_SKILL_L2","2017",966.205,,,,"R1:3513"
"URY","BA:348","EMP_TEMP_SEX_OCU_NB","SEX_T","OCU_SKILL_L1","2017",301.972,,,,"R1:3513"
"URY","BA:348","EMP_TEMP_SEX_OCU_NB","SEX_T","OCU_SKILL_X","2017",10.312,,,,"R1:3513"
"URY","BA:348","EMP_TEMP_SEX_OCU_NB","SEX_T","OCU_ISCO08_TOTAL","2017",1643.64,,,,"R1:3513"
"URY","BA:348","EMP_TEMP_SEX_OCU_NB","SEX_T","OCU_ISCO08_1","2017",44.194,,,,"R1:3513"
"URY","BA:348","EMP_TEMP_SEX_OCU_NB","SEX_T","OCU_ISCO08_2","2017",198.38,,,,"R1:3513"
"URY","BA:348","EMP_TEMP_SEX_OCU_NB","SEX_T","OCU_ISCO08_3","2017",122.577,,,,"R1:3513"
"URY","BA:348","EMP_TEMP_SEX_OCU_NB","SEX_T","OCU_ISCO08_4","2017",185.338,,,,"R1:3513"
"URY","BA:348","EMP_TEMP_SEX_OCU_NB","SEX_T","OCU_ISCO08_5","2017",361.834,,,,"R1:3513"
"URY","BA:348","EMP_TEMP_SEX_OCU_NB","SEX_T","OCU_ISCO08_6","2017",75.296,,,,"R1:3513"
"URY","BA:348","EMP_TEMP_SEX_OCU_NB","SEX_T","OCU_ISCO08_7","2017",224.416,,,,"R1:3513"
"URY","BA:348","EMP_TEMP_SEX_OCU_NB","SEX_T","OCU_ISCO08_8","2017",119.321,,,,"R1:3513"
"URY","BA:348","EMP_TEMP_SEX_OCU_NB","SEX_T","OCU_ISCO08_9","2017",301.972,,,,"R1:3513"
"URY","BA:348","EMP_TEMP_SEX_OCU_NB","SEX_T","OCU_ISCO08_0","2017",10.242,,,,"R1:3513"
"URY","BA:348","EMP_TEMP_SEX_OCU_NB","SEX_T","OCU_ISCO08_X","2017",,"U",,,"R1:3513"
"URY","BA:348","EMP_TEMP_SEX_OCU_NB","SEX_T","OCU_SKILL_TOTAL","2016",1645.148,,,,"R1:3513"
"URY","BA:348","EMP_TEMP_SEX_OCU_NB","SEX_T","OCU_SKILL_L3-4","2016",351.391,,,,"R1:3513"
"URY","BA:348","EMP_TEMP_SEX_OCU_NB","SEX_T","OCU_SKILL_L2","2016",979.973,,,,"R1:3513"
"URY","BA:348","EMP_TEMP_SEX_OCU_NB","SEX_T","OCU_SKILL_L1","2016",303.387,,,,"R1:3513"
"URY","BA:348","EMP_TEMP_SEX_OCU_NB","SEX_T","OCU_SKILL_X","2016",10.397,,,,"R1:3513"
"URY","BA:348","EMP_TEMP_SEX_OCU_NB","SEX_T","OCU_ISCO08_TOTAL","2016",1645.148,,,,"R1:3513"
"URY","BA:348","EMP_TEMP_SEX_OCU_NB","SEX_T","OCU_ISCO08_1","2016",40.895,,,,"R1:3513"
"URY","BA:348","EMP_TEMP_SEX_OCU_NB","SEX_T","OCU_ISCO08_2","2016",188.652,,,,"R1:3513"
"URY","BA:348","EMP_TEMP_SEX_OCU_NB","SEX_T","OCU_ISCO08_3","2016",121.844,,,,"R1:3513"
"URY","BA:348","EMP_TEMP_SEX_OCU_NB","SEX_T","OCU_ISCO08_4","2016",186.081,,,,"R1:3513"
"URY","BA:348","EMP_TEMP_SEX_OCU_NB","SEX_T","OCU_ISCO08_5","2016",368.113,,,,"R1:3513"
"URY","BA:348","EMP_TEMP_SEX_OCU_NB","SEX_T","OCU_ISCO08_6","2016",73.906,,,,"R1:3513"
"URY","BA:348","EMP_TEMP_SEX_OCU_NB","SEX_T","OCU_ISCO08_7","2016",230.275,,,,"R1:3513"
"URY","BA:348","EMP_TEMP_SEX_OCU_NB","SEX_T","OCU_ISCO08_8","2016",121.598,,,,"R1:3513"
"URY","BA:348","EMP_TEMP_SEX_OCU_NB","SEX_T","OCU_ISCO08_9","2016",303.387,,,,"R1:3513"
"URY","BA:348","EMP_TEMP_SEX_OCU_NB","SEX_T","OCU_ISCO08_0","2016",10.397,,,,"R1:3513"
"URY","BA:348","EMP_TEMP_SEX_OCU_NB","SEX_T","OCU_SKILL_TOTAL","2015",1648.329,,,,"R1:3513"
"URY","BA:348","EMP_TEMP_SEX_OCU_NB","SEX_T","OCU_SKILL_L3-4","2015",349.149,,,,"R1:3513"
"URY","BA:348","EMP_TEMP_SEX_OCU_NB","SEX_T","OCU_SKILL_L2","2015",986.11,,,,"R1:3513"
"URY","BA:348","EMP_TEMP_SEX_OCU_NB","SEX_T","OCU_SKILL_L1","2015",304.31,,,,"R1:3513"
"URY","BA:348","EMP_TEMP_SEX_OCU_NB","SEX_T","OCU_SKILL_X","2015",8.76,,,,"R1:3513"
"URY","BA:348","EMP_TEMP_SEX_OCU_NB","SEX_T","OCU_ISCO08_TOTAL","2015",1648.329,,,,"R1:3513"
"URY","BA:348","EMP_TEMP_SEX_OCU_NB","SEX_T","OCU_ISCO08_1","2015",41.07,,,,"R1:3513"
"URY","BA:348","EMP_TEMP_SEX_OCU_NB","SEX_T","OCU_ISCO08_2","2015",188.577,,,,"R1:3513"
"URY","BA:348","EMP_TEMP_SEX_OCU_NB","SEX_T","OCU_ISCO08_3","2015",119.502,,,,"R1:3513"
"URY","BA:348","EMP_TEMP_SEX_OCU_NB","SEX_T","OCU_ISCO08_4","2015",193.538,,,,"R1:3513"
"URY","BA:348","EMP_TEMP_SEX_OCU_NB","SEX_T","OCU_ISCO08_5","2015",363.035,,,,"R1:3513"
"URY","BA:348","EMP_TEMP_SEX_OCU_NB","SEX_T","OCU_ISCO08_6","2015",74.402,,,,"R1:3513"
"URY","BA:348","EMP_TEMP_SEX_OCU_NB","SEX_T","OCU_ISCO08_7","2015",234.617,,,,"R1:3513"
"URY","BA:348","EMP_TEMP_SEX_OCU_NB","SEX_T","OCU_ISCO08_8","2015",120.518,,,,"R1:3513"
"URY","BA:348","EMP_TEMP_SEX_OCU_NB","SEX_T","OCU_ISCO08_9","2015",304.31,,,,"R1:3513"
"URY","BA:348","EMP_TEMP_SEX_OCU_NB","SEX_T","OCU_ISCO08_0","2015",8.76,,,,"R1:3513"
"URY","BA:348","EMP_TEMP_SEX_OCU_NB","SEX_T","OCU_SKILL_TOTAL","2014",1653.778,,,,"R1:3513"
"URY","BA:348","EMP_TEMP_SEX_OCU_NB","SEX_T","OCU_SKILL_L3-4","2014",346.69,,,,"R1:3513"
"URY","BA:348","EMP_TEMP_SEX_OCU_NB","SEX_T","OCU_SKILL_L2","2014",982.792,,,,"R1:3513"
"URY","BA:348","EMP_TEMP_SEX_OCU_NB","SEX_T","OCU_SKILL_L1","2014",314.543,,,,"R1:3513"
"URY","BA:348","EMP_TEMP_SEX_OCU_NB","SEX_T","OCU_SKILL_X","2014",9.753,,,,"R1:3513"
"URY","BA:348","EMP_TEMP_SEX_OCU_NB","SEX_T","OCU_ISCO08_TOTAL","2014",1653.778,,,,"R1:3513"
"URY","BA:348","EMP_TEMP_SEX_OCU_NB","SEX_T","OCU_ISCO08_1","2014",36.856,,,,"R1:3513"
"URY","BA:348","EMP_TEMP_SEX_OCU_NB","SEX_T","OCU_ISCO08_2","2014",186.57,,,,"R1:3513"
"URY","BA:348","EMP_TEMP_SEX_OCU_NB","SEX_T","OCU_ISCO08_3","2014",123.264,,,,"R1:3513"
"URY","BA:348","EMP_TEMP_SEX_OCU_NB","SEX_T","OCU_ISCO08_4","2014",189.27,,,,"R1:3513"
"URY","BA:348","EMP_TEMP_SEX_OCU_NB","SEX_T","OCU_ISCO08_5","2014",357.8,,,,"R1:3513"
"URY","BA:348","EMP_TEMP_SEX_OCU_NB","SEX_T","OCU_ISCO08_6","2014",76.025,,,,"R1:3513"
"URY","BA:348","EMP_TEMP_SEX_OCU_NB","SEX_T","OCU_ISCO08_7","2014",233.344,,,,"R1:3513"
"URY","BA:348","EMP_TEMP_SEX_OCU_NB","SEX_T","OCU_ISCO08_8","2014",126.353,,,,"R1:3513"
"URY","BA:348","EMP_TEMP_SEX_OCU_NB","SEX_T","OCU_ISCO08_9","2014",314.543,,,,"R1:3513"
"URY","BA:348","EMP_TEMP_SEX_OCU_NB","SEX_T","OCU_ISCO08_0","2014",9.753,,,,"R1:3513"
"URY","BA:348","EMP_TEMP_SEX_OCU_NB","SEX_T","OCU_SKILL_TOTAL","2013",1616.764,,,,"R1:3513"
"URY","BA:348","EMP_TEMP_SEX_OCU_NB","SEX_T","OCU_SKILL_L3-4","2013",329.326,,,,"R1:3513"
"URY","BA:348","EMP_TEMP_SEX_OCU_NB","SEX_T","OCU_SKILL_L2","2013",961.213,,,,"R1:3513"
"URY","BA:348","EMP_TEMP_SEX_OCU_NB","SEX_T","OCU_SKILL_L1","2013",314.935,,,,"R1:3513"
"URY","BA:348","EMP_TEMP_SEX_OCU_NB","SEX_T","OCU_SKILL_X","2013",11.29,,,,"R1:3513"
"URY","BA:348","EMP_TEMP_SEX_OCU_NB","SEX_T","OCU_ISCO08_TOTAL","2013",1616.764,,,,"R1:3513"
"URY","BA:348","EMP_TEMP_SEX_OCU_NB","SEX_T","OCU_ISCO08_1","2013",36.88,,,,"R1:3513"
"URY","BA:348","EMP_TEMP_SEX_OCU_NB","SEX_T","OCU_ISCO08_2","2013",180.085,,,,"R1:3513"
"URY","BA:348","EMP_TEMP_SEX_OCU_NB","SEX_T","OCU_ISCO08_3","2013",112.361,,,,"R1:3513"
"URY","BA:348","EMP_TEMP_SEX_OCU_NB","SEX_T","OCU_ISCO08_4","2013",185.684,,,,"R1:3513"
"URY","BA:348","EMP_TEMP_SEX_OCU_NB","SEX_T","OCU_ISCO08_5","2013",345.603,,,,"R1:3513"
"URY","BA:348","EMP_TEMP_SEX_OCU_NB","SEX_T","OCU_ISCO08_6","2013",77.237,,,,"R1:3513"
"URY","BA:348","EMP_TEMP_SEX_OCU_NB","SEX_T","OCU_ISCO08_7","2013",236.651,,,,"R1:3513"
"URY","BA:348","EMP_TEMP_SEX_OCU_NB","SEX_T","OCU_ISCO08_8","2013",116.038,,,,"R1:3513"
"URY","BA:348","EMP_TEMP_SEX_OCU_NB","SEX_T","OCU_ISCO08_9","2013",314.935,,,,"R1:3513"
"URY","BA:348","EMP_TEMP_SEX_OCU_NB","SEX_T","OCU_ISCO08_0","2013",11.29,,,,"R1:3513"
"URY","BA:348","EMP_TEMP_SEX_OCU_NB","SEX_T","OCU_SKILL_TOTAL","2012",1562.646,,,,"R1:3513"
"URY","BA:348","EMP_TEMP_SEX_OCU_NB","SEX_T","OCU_SKILL_L3-4","2012",319.123,,,,"R1:3513"
"URY","BA:348","EMP_TEMP_SEX_OCU_NB","SEX_T","OCU_SKILL_L2","2012",926.684,,,,"R1:3513"
"URY","BA:348","EMP_TEMP_SEX_OCU_NB","SEX_T","OCU_SKILL_L1","2012",307.413,,,,"R1:3513"
"URY","BA:348","EMP_TEMP_SEX_OCU_NB","SEX_T","OCU_SKILL_X","2012",9.426,,,,"R1:3513"
"URY","BA:348","EMP_TEMP_SEX_OCU_NB","SEX_T","OCU_ISCO08_TOTAL","2012",1562.646,,,,"R1:3513"
"URY","BA:348","EMP_TEMP_SEX_OCU_NB","SEX_T","OCU_ISCO08_1","2012",35.045,,,,"R1:3513"
"URY","BA:348","EMP_TEMP_SEX_OCU_NB","SEX_T","OCU_ISCO08_2","2012",176.798,,,,"R1:3513"
"URY","BA:348","EMP_TEMP_SEX_OCU_NB","SEX_T","OCU_ISCO08_3","2012",107.28,,,,"R1:3513"
"URY","BA:348","EMP_TEMP_SEX_OCU_NB","SEX_T","OCU_ISCO08_4","2012",179.534,,,,"R1:3513"
"URY","BA:348","EMP_TEMP_SEX_OCU_NB","SEX_T","OCU_ISCO08_5","2012",343.498,,,,"R1:3513"
"URY","BA:348","EMP_TEMP_SEX_OCU_NB","SEX_T","OCU_ISCO08_6","2012",70.394,,,,"R1:3513"
"URY","BA:348","EMP_TEMP_SEX_OCU_NB","SEX_T","OCU_ISCO08_7","2012",223.619,,,,"R1:3513"
"URY","BA:348","EMP_TEMP_SEX_OCU_NB","SEX_T","OCU_ISCO08_8","2012",109.639,,,,"R1:3513"
"URY","BA:348","EMP_TEMP_SEX_OCU_NB","SEX_T","OCU_ISCO08_9","2012",307.413,,,,"R1:3513"
"URY","BA:348","EMP_TEMP_SEX_OCU_NB","SEX_T","OCU_ISCO08_0","2012",9.426,,,,"R1:3513"
"URY","BA:348","EMP_TEMP_SEX_OCU_NB","SEX_T","OCU_SKILL_TOTAL","2011",1641.493,,,,"R1:3513"
"URY","BA:348","EMP_TEMP_SEX_OCU_NB","SEX_T","OCU_SKILL_L3-4","2011",341.4,,,,"R1:3513"
"URY","BA:348","EMP_TEMP_SEX_OCU_NB","SEX_T","OCU_SKILL_L2","2011",978.7,,,,"R1:3513"
"URY","BA:348","EMP_TEMP_SEX_OCU_NB","SEX_T","OCU_SKILL_L1","2011",307.562,,,,"R1:3513"
"URY","BA:348","EMP_TEMP_SEX_OCU_NB","SEX_T","OCU_SKILL_X","2011",13.831,,,,"R1:3513"
"URY","BA:348","EMP_TEMP_SEX_OCU_NB","SEX_T","OCU_ISCO08_TOTAL","2011",1641.493,,,,"R1:3513"
"URY","BA:348","EMP_TEMP_SEX_OCU_NB","SEX_T","OCU_ISCO08_1","2011",51.906,,,,"R1:3513"
"URY","BA:348","EMP_TEMP_SEX_OCU_NB","SEX_T","OCU_ISCO08_2","2011",177.686,,,,"R1:3513"
"URY","BA:348","EMP_TEMP_SEX_OCU_NB","SEX_T","OCU_ISCO08_3","2011",111.808,,,,"R1:3513"
"URY","BA:348","EMP_TEMP_SEX_OCU_NB","SEX_T","OCU_ISCO08_4","2011",185.173,,,,"R1:3513"
"URY","BA:348","EMP_TEMP_SEX_OCU_NB","SEX_T","OCU_ISCO08_5","2011",359.528,,,,"R1:3513"
"URY","BA:348","EMP_TEMP_SEX_OCU_NB","SEX_T","OCU_ISCO08_6","2011",94.192,,,,"R1:3513"
"URY","BA:348","EMP_TEMP_SEX_OCU_NB","SEX_T","OCU_ISCO08_7","2011",220.533,,,,"R1:3513"
"URY","BA:348","EMP_TEMP_SEX_OCU_NB","SEX_T","OCU_ISCO08_8","2011",119.274,,,,"R1:3513"
"URY","BA:348","EMP_TEMP_SEX_OCU_NB","SEX_T","OCU_ISCO08_9","2011",307.562,,,,"R1:3513"
"URY","BA:348","EMP_TEMP_SEX_OCU_NB","SEX_T","OCU_ISCO08_0","2011",9.038,,,,"R1:3513"
"URY","BA:348","EMP_TEMP_SEX_OCU_NB","SEX_T","OCU_ISCO08_X","2011",4.793,,,,"R1:3513"
"URY","BA:348","EMP_TEMP_SEX_OCU_NB","SEX_T","OCU_SKILL_TOTAL","2010",1558.802,,,,"R1:3513"
"URY","BA:348","EMP_TEMP_SEX_OCU_NB","SEX_T","OCU_SKILL_L3-4","2010",341.269,,,,"R1:3513"
"URY","BA:348","EMP_TEMP_SEX_OCU_NB","SEX_T","OCU_SKILL_L2","2010",833.809,,,,"R1:3513"
"URY","BA:348","EMP_TEMP_SEX_OCU_NB","SEX_T","OCU_SKILL_L1","2010",371.796,,,,"R1:3513"
"URY","BA:348","EMP_TEMP_SEX_OCU_NB","SEX_T","OCU_SKILL_X","2010",11.928,,,,"R1:3513"
"URY","BA:348","EMP_TEMP_SEX_OCU_NB","SEX_T","OCU_ISCO88_TOTAL","2010",1558.802,,,,"R1:3513"
"URY","BA:348","EMP_TEMP_SEX_OCU_NB","SEX_T","OCU_ISCO88_1","2010",99.6,,,,"R1:3513"
"URY","BA:348","EMP_TEMP_SEX_OCU_NB","SEX_T","OCU_ISCO88_2","2010",141.276,,,,"R1:3513"
"URY","BA:348","EMP_TEMP_SEX_OCU_NB","SEX_T","OCU_ISCO88_3","2010",100.393,,,,"R1:3513"
"URY","BA:348","EMP_TEMP_SEX_OCU_NB","SEX_T","OCU_ISCO88_4","2010",190.542,,,,"R1:3513"
"URY","BA:348","EMP_TEMP_SEX_OCU_NB","SEX_T","OCU_ISCO88_5","2010",225.662,,,,"R1:3513"
"URY","BA:348","EMP_TEMP_SEX_OCU_NB","SEX_T","OCU_ISCO88_6","2010",87.412,,,,"R1:3513"
"URY","BA:348","EMP_TEMP_SEX_OCU_NB","SEX_T","OCU_ISCO88_7","2010",212.76,,,,"R1:3513"
"URY","BA:348","EMP_TEMP_SEX_OCU_NB","SEX_T","OCU_ISCO88_8","2010",117.433,,,,"R1:3513"
"URY","BA:348","EMP_TEMP_SEX_OCU_NB","SEX_T","OCU_ISCO88_9","2010",371.796,,,,"R1:3513"
"URY","BA:348","EMP_TEMP_SEX_OCU_NB","SEX_T","OCU_ISCO88_0","2010",11.928,,,,"R1:3513"
"URY","BA:348","EMP_TEMP_SEX_OCU_NB","SEX_T","OCU_SKILL_TOTAL","2009",1399.869,,,,"R1:3513"
"URY","BA:348","EMP_TEMP_SEX_OCU_NB","SEX_T","OCU_SKILL_L3-4","2009",311.762,,,,"R1:3513"
"URY","BA:348","EMP_TEMP_SEX_OCU_NB","SEX_T","OCU_SKILL_L2","2009",752.047,,,,"R1:3513"
"URY","BA:348","EMP_TEMP_SEX_OCU_NB","SEX_T","OCU_SKILL_L1","2009",326.009,,,,"R1:3513"
"URY","BA:348","EMP_TEMP_SEX_OCU_NB","SEX_T","OCU_SKILL_X","2009",10.051,,,,"R1:3513"
"URY","BA:348","EMP_TEMP_SEX_OCU_NB","SEX_T","OCU_ISCO88_TOTAL","2009",1399.869,,,,"R1:3513"
"URY","BA:348","EMP_TEMP_SEX_OCU_NB","SEX_T","OCU_ISCO88_1","2009",87.63,,,,"R1:3513"
"URY","BA:348","EMP_TEMP_SEX_OCU_NB","SEX_T","OCU_ISCO88_2","2009",131.434,,,,"R1:3513"
"URY","BA:348","EMP_TEMP_SEX_OCU_NB","SEX_T","OCU_ISCO88_3","2009",92.698,,,,"R1:3513"
"URY","BA:348","EMP_TEMP_SEX_OCU_NB","SEX_T","OCU_ISCO88_4","2009",175.004,,,,"R1:3513"
"URY","BA:348","EMP_TEMP_SEX_OCU_NB","SEX_T","OCU_ISCO88_5","2009",201.937,,,,"R1:3513"
"URY","BA:348","EMP_TEMP_SEX_OCU_NB","SEX_T","OCU_ISCO88_6","2009",77.054,,,,"R1:3513"
"URY","BA:348","EMP_TEMP_SEX_OCU_NB","SEX_T","OCU_ISCO88_7","2009",192.817,,,,"R1:3513"
"URY","BA:348","EMP_TEMP_SEX_OCU_NB","SEX_T","OCU_ISCO88_8","2009",105.235,,,,"R1:3513"
"URY","BA:348","EMP_TEMP_SEX_OCU_NB","SEX_T","OCU_ISCO88_9","2009",326.009,,,,"R1:3513"
"URY","BA:348","EMP_TEMP_SEX_OCU_NB","SEX_T","OCU_ISCO88_0","2009",10.051,,,,"R1:3513"
"URY","BA:348","EMP_TEMP_SEX_OCU_NB","SEX_T","OCU_SKILL_TOTAL","2008",1363.758,,,,"R1:3513"
"URY","BA:348","EMP_TEMP_SEX_OCU_NB","SEX_T","OCU_SKILL_L3-4","2008",291.95,,,,"R1:3513"
"URY","BA:348","EMP_TEMP_SEX_OCU_NB","SEX_T","OCU_SKILL_L2","2008",734.59,,,,"R1:3513"
"URY","BA:348","EMP_TEMP_SEX_OCU_NB","SEX_T","OCU_SKILL_L1","2008",328.336,,,,"R1:3513"
"URY","BA:348","EMP_TEMP_SEX_OCU_NB","SEX_T","OCU_SKILL_X","2008",8.882,,,,"R1:3513"
"URY","BA:348","EMP_TEMP_SEX_OCU_NB","SEX_T","OCU_ISCO88_TOTAL","2008",1363.758,,,,"R1:3513"
"URY","BA:348","EMP_TEMP_SEX_OCU_NB","SEX_T","OCU_ISCO88_1","2008",82.456,,,,"R1:3513"
"URY","BA:348","EMP_TEMP_SEX_OCU_NB","SEX_T","OCU_ISCO88_2","2008",122.989,,,,"R1:3513"
"URY","BA:348","EMP_TEMP_SEX_OCU_NB","SEX_T","OCU_ISCO88_3","2008",86.505,,,,"R1:3513"
"URY","BA:348","EMP_TEMP_SEX_OCU_NB","SEX_T","OCU_ISCO88_4","2008",168.302,,,,"R1:3513"
"URY","BA:348","EMP_TEMP_SEX_OCU_NB","SEX_T","OCU_ISCO88_5","2008",196.482,,,,"R1:3513"
"URY","BA:348","EMP_TEMP_SEX_OCU_NB","SEX_T","OCU_ISCO88_6","2008",75.699,,,,"R1:3513"
"URY","BA:348","EMP_TEMP_SEX_OCU_NB","SEX_T","OCU_ISCO88_7","2008",190.338,,,,"R1:3513"
"URY","BA:348","EMP_TEMP_SEX_OCU_NB","SEX_T","OCU_ISCO88_8","2008",103.769,,,,"R1:3513"
"URY","BA:348","EMP_TEMP_SEX_OCU_NB","SEX_T","OCU_ISCO88_9","2008",328.336,,,,"R1:3513"
"URY","BA:348","EMP_TEMP_SEX_OCU_NB","SEX_T","OCU_ISCO88_0","2008",8.882,,,,"R1:3513"
"URY","BA:348","EMP_TEMP_SEX_OCU_NB","SEX_T","OCU_SKILL_TOTAL","2007",1326.06,,,,"R1:3513"
"URY","BA:348","EMP_TEMP_SEX_OCU_NB","SEX_T","OCU_SKILL_L3-4","2007",285.334,,,,"R1:3513"
"URY","BA:348","EMP_TEMP_SEX_OCU_NB","SEX_T","OCU_SKILL_L2","2007",704.843,,,,"R1:3513"
"URY","BA:348","EMP_TEMP_SEX_OCU_NB","SEX_T","OCU_SKILL_L1","2007",325.439,,,,"R1:3513"
"URY","BA:348","EMP_TEMP_SEX_OCU_NB","SEX_T","OCU_SKILL_X","2007",10.444,,,,"R1:3513"
"URY","BA:348","EMP_TEMP_SEX_OCU_NB","SEX_T","OCU_ISCO88_TOTAL","2007",1326.06,,,,"R1:3513"
"URY","BA:348","EMP_TEMP_SEX_OCU_NB","SEX_T","OCU_ISCO88_1","2007",78.217,,,,"R1:3513"
"URY","BA:348","EMP_TEMP_SEX_OCU_NB","SEX_T","OCU_ISCO88_2","2007",126.197,,,,"R1:3513"
"URY","BA:348","EMP_TEMP_SEX_OCU_NB","SEX_T","OCU_ISCO88_3","2007",80.92,,,,"R1:3513"
"URY","BA:348","EMP_TEMP_SEX_OCU_NB","SEX_T","OCU_ISCO88_4","2007",163.627,,,,"R1:3513"
"URY","BA:348","EMP_TEMP_SEX_OCU_NB","SEX_T","OCU_ISCO88_5","2007",184.795,,,,"R1:3513"
"URY","BA:348","EMP_TEMP_SEX_OCU_NB","SEX_T","OCU_ISCO88_6","2007",72.398,,,,"R1:3513"
"URY","BA:348","EMP_TEMP_SEX_OCU_NB","SEX_T","OCU_ISCO88_7","2007",190.879,,,,"R1:3513"
"URY","BA:348","EMP_TEMP_SEX_OCU_NB","SEX_T","OCU_ISCO88_8","2007",93.144,,,,"R1:3513"
"URY","BA:348","EMP_TEMP_SEX_OCU_NB","SEX_T","OCU_ISCO88_9","2007",325.439,,,,"R1:3513"
"URY","BA:348","EMP_TEMP_SEX_OCU_NB","SEX_T","OCU_ISCO88_0","2007",10.444,,,,"R1:3513"
"URY","BA:348","EMP_TEMP_SEX_OCU_NB","SEX_T","OCU_SKILL_TOTAL","2006",1301.607,,,,"R1:3513"
"URY","BA:348","EMP_TEMP_SEX_OCU_NB","SEX_T","OCU_SKILL_L3-4","2006",278.538,,,,"R1:3513"
"URY","BA:348","EMP_TEMP_SEX_OCU_NB","SEX_T","OCU_SKILL_L2","2006",721.307,,,,"R1:3513"
"URY","BA:348","EMP_TEMP_SEX_OCU_NB","SEX_T","OCU_SKILL_L1","2006",301.694,,,,"R1:3513"
"URY","BA:348","EMP_TEMP_SEX_OCU_NB","SEX_T","OCU_SKILL_X","2006",,"U",,,"R1:3513"
"URY","BA:348","EMP_TEMP_SEX_OCU_NB","SEX_T","OCU_ISCO88_TOTAL","2006",1301.607,,,,"R1:3513"
"URY","BA:348","EMP_TEMP_SEX_OCU_NB","SEX_T","OCU_ISCO88_1","2006",79.851,,,,"R1:3513"
"URY","BA:348","EMP_TEMP_SEX_OCU_NB","SEX_T","OCU_ISCO88_2","2006",122.338,,,,"R1:3513"
"URY","BA:348","EMP_TEMP_SEX_OCU_NB","SEX_T","OCU_ISCO88_3","2006",76.349,,,,"R1:3513"
"URY","BA:348","EMP_TEMP_SEX_OCU_NB","SEX_T","OCU_ISCO88_4","2006",160.324,,,,"R1:3513"
"URY","BA:348","EMP_TEMP_SEX_OCU_NB","SEX_T","OCU_ISCO88_5","2006",196.117,,,,"R1:3513"
"URY","BA:348","EMP_TEMP_SEX_OCU_NB","SEX_T","OCU_ISCO88_6","2006",77.133,,,,"R1:3513"
"URY","BA:348","EMP_TEMP_SEX_OCU_NB","SEX_T","OCU_ISCO88_7","2006",200.349,,,,"R1:3513"
"URY","BA:348","EMP_TEMP_SEX_OCU_NB","SEX_T","OCU_ISCO88_8","2006",87.384,,,,"R1:3513"
"URY","BA:348","EMP_TEMP_SEX_OCU_NB","SEX_T","OCU_ISCO88_9","2006",301.694,,,,"R1:3513"
"URY","BA:348","EMP_TEMP_SEX_OCU_NB","SEX_T","OCU_ISCO88_X","2006",,"U",,,"R1:3513"
"URY","BA:348","EMP_TEMP_SEX_OCU_NB","SEX_T","OCU_SKILL_TOTAL","2005",943.699,,,,"R1:3513"
"URY","BA:348","EMP_TEMP_SEX_OCU_NB","SEX_T","OCU_SKILL_L3-4","2005",226.998,,,,"R1:3513"
"URY","BA:348","EMP_TEMP_SEX_OCU_NB","SEX_T","OCU_SKILL_L2","2005",519.556,,,,"R1:3513"
"URY","BA:348","EMP_TEMP_SEX_OCU_NB","SEX_T","OCU_SKILL_L1","2005",197.145,,,,"R1:3513"
"URY","BA:348","EMP_TEMP_SEX_OCU_NB","SEX_T","OCU_ISCO88_TOTAL","2005",943.699,,,,"R1:3513"
"URY","BA:348","EMP_TEMP_SEX_OCU_NB","SEX_T","OCU_ISCO88_1","2005",67.837,,,,"R1:3513"
"URY","BA:348","EMP_TEMP_SEX_OCU_NB","SEX_T","OCU_ISCO88_2","2005",98.168,,,,"R1:3513"
"URY","BA:348","EMP_TEMP_SEX_OCU_NB","SEX_T","OCU_ISCO88_3","2005",60.993,,,,"R1:3513"
"URY","BA:348","EMP_TEMP_SEX_OCU_NB","SEX_T","OCU_ISCO88_4","2005",124.472,,,,"R1:3513"
"URY","BA:348","EMP_TEMP_SEX_OCU_NB","SEX_T","OCU_ISCO88_5","2005",149.025,,,,"R1:3513"
"URY","BA:348","EMP_TEMP_SEX_OCU_NB","SEX_T","OCU_ISCO88_6","2005",31.11,,,,"R1:3513"
"URY","BA:348","EMP_TEMP_SEX_OCU_NB","SEX_T","OCU_ISCO88_7","2005",155.637,,,,"R1:3513"
"URY","BA:348","EMP_TEMP_SEX_OCU_NB","SEX_T","OCU_ISCO88_8","2005",59.312,,,,"R1:3513"
"URY","BA:348","EMP_TEMP_SEX_OCU_NB","SEX_T","OCU_ISCO88_9","2005",197.145,,,,"R1:3513"
"URY","BA:348","EMP_TEMP_SEX_OCU_NB","SEX_T","OCU_SKILL_TOTAL","2004",953.594,,,,"R1:3513"
"URY","BA:348","EMP_TEMP_SEX_OCU_NB","SEX_T","OCU_SKILL_L3-4","2004",232.156,,,,"R1:3513"
"URY","BA:348","EMP_TEMP_SEX_OCU_NB","SEX_T","OCU_SKILL_L2","2004",525.926,,,,"R1:3513"
"URY","BA:348","EMP_TEMP_SEX_OCU_NB","SEX_T","OCU_SKILL_L1","2004",195.512,,,,"R1:3513"
"URY","BA:348","EMP_TEMP_SEX_OCU_NB","SEX_T","OCU_ISCO88_TOTAL","2004",953.594,,,,"R1:3513"
"URY","BA:348","EMP_TEMP_SEX_OCU_NB","SEX_T","OCU_ISCO88_1","2004",73.205,,,,"R1:3513"
"URY","BA:348","EMP_TEMP_SEX_OCU_NB","SEX_T","OCU_ISCO88_2","2004",97.622,,,,"R1:3513"
"URY","BA:348","EMP_TEMP_SEX_OCU_NB","SEX_T","OCU_ISCO88_3","2004",61.329,,,,"R1:3513"
"URY","BA:348","EMP_TEMP_SEX_OCU_NB","SEX_T","OCU_ISCO88_4","2004",128.333,,,,"R1:3513"
"URY","BA:348","EMP_TEMP_SEX_OCU_NB","SEX_T","OCU_ISCO88_5","2004",147.055,,,,"R1:3513"
"URY","BA:348","EMP_TEMP_SEX_OCU_NB","SEX_T","OCU_ISCO88_6","2004",33.686,,,,"R1:3513"
"URY","BA:348","EMP_TEMP_SEX_OCU_NB","SEX_T","OCU_ISCO88_7","2004",158.91,,,,"R1:3513"
"URY","BA:348","EMP_TEMP_SEX_OCU_NB","SEX_T","OCU_ISCO88_8","2004",57.942,,,,"R1:3513"
"URY","BA:348","EMP_TEMP_SEX_OCU_NB","SEX_T","OCU_ISCO88_9","2004",195.512,,,,"R1:3513"
"URY","BA:348","EMP_TEMP_SEX_OCU_NB","SEX_T","OCU_SKILL_TOTAL","2003",906.627,,,,"R1:3513"
"URY","BA:348","EMP_TEMP_SEX_OCU_NB","SEX_T","OCU_SKILL_L3-4","2003",215.984,,,,"R1:3513"
"URY","BA:348","EMP_TEMP_SEX_OCU_NB","SEX_T","OCU_SKILL_L2","2003",497.653,,,,"R1:3513"
"URY","BA:348","EMP_TEMP_SEX_OCU_NB","SEX_T","OCU_SKILL_L1","2003",192.99,,,,"R1:3513"
"URY","BA:348","EMP_TEMP_SEX_OCU_NB","SEX_T","OCU_ISCO88_TOTAL","2003",906.627,,,,"R1:3513"
"URY","BA:348","EMP_TEMP_SEX_OCU_NB","SEX_T","OCU_ISCO88_1","2003",67.283,,,,"R1:3513"
"URY","BA:348","EMP_TEMP_SEX_OCU_NB","SEX_T","OCU_ISCO88_2","2003",91.808,,,,"R1:3513"
"URY","BA:348","EMP_TEMP_SEX_OCU_NB","SEX_T","OCU_ISCO88_3","2003",56.893,,,,"R1:3513"
"URY","BA:348","EMP_TEMP_SEX_OCU_NB","SEX_T","OCU_ISCO88_4","2003",116.212,,,,"R1:3513"
"URY","BA:348","EMP_TEMP_SEX_OCU_NB","SEX_T","OCU_ISCO88_5","2003",143.106,,,,"R1:3513"
"URY","BA:348","EMP_TEMP_SEX_OCU_NB","SEX_T","OCU_ISCO88_6","2003",30.355,,,,"R1:3513"
"URY","BA:348","EMP_TEMP_SEX_OCU_NB","SEX_T","OCU_ISCO88_7","2003",151.303,,,,"R1:3513"
"URY","BA:348","EMP_TEMP_SEX_OCU_NB","SEX_T","OCU_ISCO88_8","2003",56.677,,,,"R1:3513"
"URY","BA:348","EMP_TEMP_SEX_OCU_NB","SEX_T","OCU_ISCO88_9","2003",192.99,,,,"R1:3513"
"URY","BA:348","EMP_TEMP_SEX_OCU_NB","SEX_T","OCU_SKILL_TOTAL","2002",929.392,,,,"R1:3513"
"URY","BA:348","EMP_TEMP_SEX_OCU_NB","SEX_T","OCU_SKILL_L3-4","2002",218.365,,,,"R1:3513"
"URY","BA:348","EMP_TEMP_SEX_OCU_NB","SEX_T","OCU_SKILL_L2","2002",521.395,,,,"R1:3513"
"URY","BA:348","EMP_TEMP_SEX_OCU_NB","SEX_T","OCU_SKILL_L1","2002",189.632,,,,"R1:3513"
"URY","BA:348","EMP_TEMP_SEX_OCU_NB","SEX_T","OCU_ISCO88_TOTAL","2002",929.392,,,,"R1:3513"
"URY","BA:348","EMP_TEMP_SEX_OCU_NB","SEX_T","OCU_ISCO88_1","2002",70.853,,,,"R1:3513"
"URY","BA:348","EMP_TEMP_SEX_OCU_NB","SEX_T","OCU_ISCO88_2","2002",91.828,,,,"R1:3513"
"URY","BA:348","EMP_TEMP_SEX_OCU_NB","SEX_T","OCU_ISCO88_3","2002",55.684,,,,"R1:3513"
"URY","BA:348","EMP_TEMP_SEX_OCU_NB","SEX_T","OCU_ISCO88_4","2002",127.452,,,,"R1:3513"
"URY","BA:348","EMP_TEMP_SEX_OCU_NB","SEX_T","OCU_ISCO88_5","2002",141.926,,,,"R1:3513"
"URY","BA:348","EMP_TEMP_SEX_OCU_NB","SEX_T","OCU_ISCO88_6","2002",30.062,,,,"R1:3513"
"URY","BA:348","EMP_TEMP_SEX_OCU_NB","SEX_T","OCU_ISCO88_7","2002",157.532,,,,"R1:3513"
"URY","BA:348","EMP_TEMP_SEX_OCU_NB","SEX_T","OCU_ISCO88_8","2002",64.423,,,,"R1:3513"
"URY","BA:348","EMP_TEMP_SEX_OCU_NB","SEX_T","OCU_ISCO88_9","2002",189.632,,,,"R1:3513"
"URY","BA:348","EMP_TEMP_SEX_OCU_NB","SEX_T","OCU_SKILL_TOTAL","2001",981.619,,,,"R1:3513"
"URY","BA:348","EMP_TEMP_SEX_OCU_NB","SEX_T","OCU_SKILL_L3-4","2001",226.433,,,,"R1:3513"
"URY","BA:348","EMP_TEMP_SEX_OCU_NB","SEX_T","OCU_SKILL_L2","2001",548.456,,,,"R1:3513"
"URY","BA:348","EMP_TEMP_SEX_OCU_NB","SEX_T","OCU_SKILL_L1","2001",205.711,,,,"R1:3513"
"URY","BA:348","EMP_TEMP_SEX_OCU_NB","SEX_T","OCU_SKILL_X","2001",1.019,,,,"R1:3513"
"URY","BA:348","EMP_TEMP_SEX_OCU_NB","SEX_T","OCU_ISCO88_TOTAL","2001",981.619,,,,"R1:3513"
"URY","BA:348","EMP_TEMP_SEX_OCU_NB","SEX_T","OCU_ISCO88_1","2001",74.729,,,,"R1:3513"
"URY","BA:348","EMP_TEMP_SEX_OCU_NB","SEX_T","OCU_ISCO88_2","2001",89.41,,,,"R1:3513"
"URY","BA:348","EMP_TEMP_SEX_OCU_NB","SEX_T","OCU_ISCO88_3","2001",62.294,,,,"R1:3513"
"URY","BA:348","EMP_TEMP_SEX_OCU_NB","SEX_T","OCU_ISCO88_4","2001",131.314,,,,"R1:3513"
"URY","BA:348","EMP_TEMP_SEX_OCU_NB","SEX_T","OCU_ISCO88_5","2001",156.342,,,,"R1:3513"
"URY","BA:348","EMP_TEMP_SEX_OCU_NB","SEX_T","OCU_ISCO88_6","2001",28.078,,,,"R1:3513"
"URY","BA:348","EMP_TEMP_SEX_OCU_NB","SEX_T","OCU_ISCO88_7","2001",165.208,,,,"R1:3513"
"URY","BA:348","EMP_TEMP_SEX_OCU_NB","SEX_T","OCU_ISCO88_8","2001",67.514,,,,"R1:3513"
"URY","BA:348","EMP_TEMP_SEX_OCU_NB","SEX_T","OCU_ISCO88_9","2001",205.711,,,,"R1:3513"
"URY","BA:348","EMP_TEMP_SEX_OCU_NB","SEX_T","OCU_ISCO88_X","2001",1.019,,,,"R1:3513"
"URY","BA:348","EMP_TEMP_SEX_OCU_NB","SEX_T","OCU_SKILL_TOTAL","2000",1012.38,,,,"R1:3513"
"URY","BA:348","EMP_TEMP_SEX_OCU_NB","SEX_T","OCU_SKILL_L3-4","2000",223.435,,,,"R1:3513"
"URY","BA:348","EMP_TEMP_SEX_OCU_NB","SEX_T","OCU_SKILL_L2","2000",572.419,,,,"R1:3513"
"URY","BA:348","EMP_TEMP_SEX_OCU_NB","SEX_T","OCU_SKILL_L1","2000",202.514,,,,"R1:3513"
"URY","BA:348","EMP_TEMP_SEX_OCU_NB","SEX_T","OCU_SKILL_X","2000",14.012,,,,"R1:3513"
"URY","BA:348","EMP_TEMP_SEX_OCU_NB","SEX_T","OCU_ISCO88_TOTAL","2000",1012.38,,,,"R1:3513"
"URY","BA:348","EMP_TEMP_SEX_OCU_NB","SEX_T","OCU_ISCO88_1","2000",62.463,,,,"R1:3513"
"URY","BA:348","EMP_TEMP_SEX_OCU_NB","SEX_T","OCU_ISCO88_2","2000",96.075,,,,"R1:3513"
"URY","BA:348","EMP_TEMP_SEX_OCU_NB","SEX_T","OCU_ISCO88_3","2000",64.897,,,,"R1:3513"
"URY","BA:348","EMP_TEMP_SEX_OCU_NB","SEX_T","OCU_ISCO88_4","2000",132.4,,,,"R1:3513"
"URY","BA:348","EMP_TEMP_SEX_OCU_NB","SEX_T","OCU_ISCO88_5","2000",160.604,,,,"R1:3513"
"URY","BA:348","EMP_TEMP_SEX_OCU_NB","SEX_T","OCU_ISCO88_6","2000",29.165,,,,"R1:3513"
"URY","BA:348","EMP_TEMP_SEX_OCU_NB","SEX_T","OCU_ISCO88_7","2000",174.799,,,,"R1:3513"
"URY","BA:348","EMP_TEMP_SEX_OCU_NB","SEX_T","OCU_ISCO88_8","2000",75.451,,,,"R1:3513"
"URY","BA:348","EMP_TEMP_SEX_OCU_NB","SEX_T","OCU_ISCO88_9","2000",202.514,,,,"R1:3513"
"URY","BA:348","EMP_TEMP_SEX_OCU_NB","SEX_T","OCU_ISCO88_0","2000",13.593,,,,"R1:3513"
"URY","BA:348","EMP_TEMP_SEX_OCU_NB","SEX_T","OCU_ISCO88_X","2000",0.419,"U",,,"R1:3513"
