cik,name,country,sic,sic_desc,form,status,fy,revenue,cogs,assets,ppe_net,intangibles,goodwill,rnd,liabilities,currency,revenue_concept,employees,emp_matches,ai_exposure,ai_exposure_total,ai_total_mentions,filing_words,cur,revenue_usd,assets_usd,ppe_net_usd,intangibles_usd,goodwill_usd,rnd_usd,cogs_usd,ias29_ars,emp_min,emp_max,employees_clean,lprod,intang_int,rnd_int,size,sic2,exp,exp_tot
887153,"GRUPO SIMEC, S.A.B. de C.V.",Mexico,3312,"Steel Works, Blast Furnaces & Rolling Mills (Coke Ovens)",20-F,active,2017,28700450000.0,23994526000.0,45976531000.0,15737081000.0,2471548000.0,,,11658995000.0,MXN,ifrs-full:Revenue,3973.0,4.0,0.0,0.0,0.0,113566.0,MXN,1516414800.7513242,2429212506.9677334,831483218.8701727,130586522.78857417,,,1267772956.9889138,0,800.0,4420.0,3973.0,12.852337946197483,0.053756730798154385,,21.610832970569753,33,0.0,0.0
887153,"GRUPO SIMEC, S.A.B. de C.V.",Mexico,3312,"Steel Works, Blast Furnaces & Rolling Mills (Coke Ovens)",20-F,active,2018,35678253000.0,30563315000.0,48853823000.0,16971000000.0,2300052000.0,,,13344820000.0,MXN,ifrs-full:Revenue,3767.0,3.0,0.0,0.0,0.0,118638.0,MXN,1809755897.0846694,2478078012.0983124,860842803.3016057,116668623.61790495,,,1550304034.10465,0,800.0,4685.0,3767.0,13.082423601948074,0.04708028683855509,,21.630749101537685,33,0.0,0.0
887153,"GRUPO SIMEC, S.A.B. de C.V.",Mexico,3312,"Steel Works, Blast Furnaces & Rolling Mills (Coke Ovens)",20-F,active,2019,34171201000.0,30067141000.0,44014759000.0,16737595000.0,2335117000.0,,,11404982000.0,MXN,ifrs-full:Revenue,4201.0,3.0,0.0,0.0,0.0,102317.0,MXN,1700754596.2290418,2190684011.1110983,833056515.2237471,116222457.92539078,,,1496489053.7858667,0,800.0,4685.0,4201.0,12.911259998488285,0.05305304522966944,,21.507479665849445,33,0.0,0.0
887153,"GRUPO SIMEC, S.A.B. de C.V.",Mexico,3312,"Steel Works, Blast Furnaces & Rolling Mills (Coke Ovens)",20-F,active,2020,35869314000.0,29211724000.0,45503647000.0,15950352000.0,2322956000.0,,,12484988000.0,MXN,ifrs-full:Revenue,4201.0,4.0,0.0,0.0,0.0,103328.0,MXN,1581140327.10538,2005827357.1127608,703100839.3058745,102397258.27183105,,,1287669868.4751005,0,500.0,4448.0,4201.0,12.838334278512992,0.0510498861772552,,21.419322459528644,33,0.0,0.0
887153,"GRUPO SIMEC, S.A.B. de C.V.",Mexico,3312,"Steel Works, Blast Furnaces & Rolling Mills (Coke Ovens)",20-F,active,2021,55620356000.0,39968186000.0,57342572000.0,16012749000.0,2312569000.0,,,15542504000.0,MXN,ifrs-full:Revenue,5331.0,2.0,0.0,0.0,0.0,102431.0,MXN,2481907651.826258,2558756873.5122466,714525528.5649962,103192124.41711444,,,1783471983.9444234,0,800.0,5331.0,5331.0,13.050999199052805,0.0403290072164883,,21.662787381213544,33,0.0,0.0
887153,"GRUPO SIMEC, S.A.B. de C.V.",Mexico,3312,"Steel Works, Blast Furnaces & Rolling Mills (Coke Ovens)",20-F,active,2022,54159247000.0,39683861000.0,67632903000.0,16782893000.0,2325255000.0,,,19638527000.0,MXN,ifrs-full:Revenue,800.0,3.0,0.0,0.0,0.0,98949.0,MXN,2253762787.034688,2814450502.986622,698397075.2434013,96762297.84668799,,,1651389450.9585252,0,114.0,5092.0,800.0,14.851255278468189,0.03438052925216,,21.75803287628153,33,0.0,0.0
887153,"GRUPO SIMEC, S.A.B. de C.V.",Mexico,3312,"Steel Works, Blast Furnaces & Rolling Mills (Coke Ovens)",20-F,active,2023,41139248000.0,31100106000.0,66787612000.0,17953857000.0,2298081000.0,,,16982147000.0,MXN,ifrs-full:Revenue,5092.0,2.0,0.0,0.0,0.0,94818.0,MXN,1863580121.4828784,3025433670.652204,813297584.0770407,104101515.64164457,,,1408813776.022605,0,4260.0,5092.0,5092.0,12.810339311443215,0.03440879125907362,,21.830320280352915,33,0.0,0.0
887153,"GRUPO SIMEC, S.A.B. de C.V.",Mexico,3312,"Steel Works, Blast Furnaces & Rolling Mills (Coke Ovens)",20-F,active,2024,33657672000.0,26032751000.0,73298401000.0,19630424000.0,-2262605000.0,,,14056389000.0,MXN,ifrs-full:Revenue,4443.0,2.0,0.3114,0.3114,3.0,96331.0,MXN,1436801102.1238394,3129010923.296036,837996604.1132692,-96587588.04444079,,,1111303399.9533741,0,4260.0,4443.0,4443.0,12.68659991964438,-0.03086840871194448,,21.86398279261333,33,0.3114,0.3114
888746,UNITED BREWERIES CO INC,Chile,2082,Malt Beverages,20-F,active,2017,1698360794000.0,798738655000.0,1976229087000.0,917913428000.0,77032480000.0,94617474000.0,,749400479000.0,CLP,ifrs-full:Revenue,6240.0,3.0,0.0,0.0,0.0,141601.0,CLP,2617559093.522084,3045817140.759843,1414712733.016274,118724519.09682865,145826982.3171562,,1231037384.476298,0,550.0,80000.0,6240.0,12.946772615412364,0.0868573158492328,,21.837035057036868,20,0.0,0.0
888746,UNITED BREWERIES CO INC,Chile,2082,Malt Beverages,20-F,active,2018,1783282337000.0,860011392000.0,2405864916000.0,1008946571000.0,118964142000.0,124955438000.0,,1016748973000.0,CLP,ifrs-full:Revenue,6219.0,3.0,0.0,0.0,0.0,156384.0,CLP,2714526271.958451,3662226326.0072384,1535826333.921622,181088144.13720948,190208141.60347697,,1309116043.6742206,0,617.0,85000.0,6219.0,12.98651888853756,0.10138540130737746,,22.021337085223198,20,0.0,0.0
888746,UNITED BREWERIES CO INC,Chile,2082,Malt Beverages,20-F,active,2019,1822540697000.0,908318190000.0,2353690714000.0,1071730034000.0,125618666000.0,124955438000.0,,910763491000.0,CLP,ifrs-full:Revenue,6379.0,3.0,0.0658,0.0658,1.0,151880.0,CLP,2486021598.7831044,3210532396.610306,1461884509.3413851,171349104.79659966,170444434.115922,,1238983931.9497926,0,395.0,85000.0,6379.0,12.87318289392221,0.10646008097391846,,21.889702615977647,20,0.0658,0.0658
888746,UNITED BREWERIES CO INC,Chile,2082,Malt Beverages,20-F,active,2020,1857593678000.0,984035922000.0,2525336532000.0,1082515880000.0,128257441000.0,117190763000.0,,1116517857000.0,CLP,ifrs-full:Revenue,6468.0,3.0,0.0621,0.0621,1.0,161061.0,CLP,2219330390.991492,3017105505.5392246,1293318565.6626136,153233530.0519354,140011793.18687433,,1175661208.0383778,0,229.0,84000.0,6468.0,12.745849140955919,0.0971942554545835,,21.827563766859658,20,0.0621,0.0621
888746,UNITED BREWERIES CO INC,Chile,2082,Malt Beverages,20-F,active,2021,2484712280000.0,1291559797000.0,2846750637000.0,1222261454000.0,151943693000.0,131172835000.0,,1421235334000.0,CLP,ifrs-full:Revenue,6761.0,3.0,0.0497,0.0497,1.0,201267.0,CLP,2961536314.2674503,3393050960.8700027,1456817238.2318385,181102161.47175196,156345311.05465153,,1539414149.3369994,0,357.0,80000.0,6761.0,12.990047908635123,0.09945252117282657,,21.944995342049214,20,0.0497,0.0497
888746,UNITED BREWERIES CO INC,Chile,2082,Malt Beverages,20-F,active,2022,2711434948000.0,1514925309000.0,3595078979000.0,1356846302000.0,172389672000.0,136969434000.0,,2159109926000.0,CLP,ifrs-full:Revenue,6852.0,3.0,0.0,0.0482,1.0,207482.0,CLP,2600464071.0722938,3447943209.7209826,1301314664.0014124,165334281.24123207,131363687.04505903,,1452923972.7172656,0,417.0,85000.0,6852.0,12.846659895476552,0.08605071204473254,,21.96104371911366,20,0.0,0.0482
888746,UNITED BREWERIES CO INC,Chile,2082,Malt Beverages,20-F,active,2023,2565556067000.0,1378611966000.0,3423946280000.0,1273987695000.0,153123207000.0,127592056000.0,,2086563699000.0,CLP,ifrs-full:Revenue,6708.0,2.0,0.0472,0.0944,2.0,211860.0,CLP,2456807496.885376,3278812339.2965765,1219986014.0556889,146632633.65927106,122183694.89401563,,1320175480.446706,0,447.0,6708.0,6708.0,12.811072455626922,0.08198588413600928,,21.91074710209357,20,0.0472,0.0944
888746,UNITED BREWERIES CO INC,Chile,2082,Malt Beverages,20-F,active,2024,2904566454000.0,1590957777000.0,3989716990000.0,1522708449000.0,244632721000.0,161583233000.0,,2317201680000.0,CLP,ifrs-full:Revenue,6439.0,2.0,0.0471,0.0941,2.0,212474.0,CLP,2405388032.66388,3304044735.5733852,1261015968.636804,202590172.6851665,133813559.12931,,1317535975.8077443,0,532.0,6439.0,6439.0,12.830848544094371,0.10181573154641227,,21.918413232335933,20,0.0471,0.0941
904851,YPF SOCIEDAD ANONIMA,Argentina,2911,Petroleum Refining,20-F,active,2017,252813000000.0,211812000000.0,505718000000.0,354443000000.0,9976000000.0,,449000000.0,353185000000.0,ARS,ifrs-full:Revenue,19072.0,2.0,0.0,0.0,0.0,238210.0,ARS,15263990429.984997,30533535507.55362,21400064711.763924,602317003.198136,,27109095.272249702,12788489282.41816,1,220.0,19072.0,19072.0,13.592785754820678,0.01972640878908799,0.0017760162649863734,24.142091441362894,29,0.0,0.0
904851,YPF SOCIEDAD ANONIMA,Argentina,2911,Petroleum Refining,20-F,active,2018,435820000000.0,359570000000.0,994016000000.0,699087000000.0,20402000000.0,,700000000.0,631659000000.0,ARS,ifrs-full:Revenue,21314.0,1.0,0.0,0.0,0.0,264705.0,ARS,15142505050.943518,34536947135.78696,24289680208.684666,708864641.4789355,,24321402.26621188,12493209446.945438,1,21314.0,21314.0,21314.0,13.47365211759916,0.020524820526027752,0.0016061676839061996,24.265295519417787,29,0.0,0.0
904851,YPF SOCIEDAD ANONIMA,Argentina,2911,Petroleum Refining,20-F,active,2019,678595000000.0,575608000000.0,1573289000000.0,1069011000000.0,37179000000.0,,1261000000.0,1025190000000.0,ARS,ifrs-full:Revenue,22932.0,1.0,0.0,0.0,0.0,283112.0,ARS,13513037880.078646,31329311081.441883,21287492741.945866,740355050.2780657,,25110619.39268514,11462231092.295567,1,22932.0,22932.0,22932.0,13.2866322312025,0.023631386223382986,0.0018582512396937791,24.167819952566987,29,0.0,0.0
904851,YPF SOCIEDAD ANONIMA,Argentina,2911,Petroleum Refining,20-F,active,2020,9690000000.0,8663000000.0,22882000000.0,16413000000.0,465000000.0,,22000000.0,14751000000.0,USD,ifrs-full:Revenue,21314.0,1.0,0.0,0.0,0.0,301674.0,USD,9177381305.031294,21671500415.03881,15544722328.119572,440400650.86063486,,20836159.825664446,8204711480.442323,0,21314.0,21314.0,21314.0,12.972888327213445,0.020321650205401626,0.0022703818369453044,23.799263889370422,29,0.0,0.0
904851,YPF SOCIEDAD ANONIMA,Argentina,2911,Petroleum Refining,20-F,active,2021,13682000000.0,10629000000.0,23290000000.0,16003000000.0,419000000.0,,19000000.0,15026000000.0,USD,ifrs-full:Revenue,22932.0,1.0,0.0,0.0,0.0,221802.0,USD,12376754745.379055,21068163866.3849,14476334321.75859,379027937.3128069,,17187424.365019884,9615007030.30507,0,22932.0,22932.0,22932.0,13.19879733892695,0.01799055388578789,0.0013886858646396725,23.771028916512666,29,0.0,0.0
904851,YPF SOCIEDAD ANONIMA,Argentina,2911,Petroleum Refining,20-F,active,2022,18757000000.0,13684000000.0,25912000000.0,17510000000.0,384000000.0,,27000000.0,15360000000.0,USD,ifrs-full:Revenue,23301.0,1.0,0.0,0.0,0.0,215889.0,USD,15710339251.946127,21703167387.98465,14665886884.980364,321627673.5483986,,22614445.796371777,11461336158.42783,0,23301.0,23301.0,23301.0,13.421333326542682,0.014819388700216115,0.0014394626006290984,23.800724049421262,29,0.0,0.0
904851,YPF SOCIEDAD ANONIMA,Argentina,2911,Petroleum Refining,20-F,active,2023,17311000000.0,13853000000.0,25035000000.0,17712000000.0,367000000.0,,23000000.0,15984000000.0,USD,ifrs-full:Revenue,,0.0,0.0471,0.0471,1.0,212138.0,USD,13925969995.506535,20139602497.689682,14248557596.927488,295236034.2181791,,18502530.754817765,11144154719.41263,0,,,,,0.014659476732574396,0.0013286349719831322,23.725953987085234,29,0.0471,0.0471
904851,YPF SOCIEDAD ANONIMA,Argentina,2911,Petroleum Refining,20-F,active,2024,19293000000.0,13910000000.0,29391000000.0,18736000000.0,491000000.0,,40000000.0,17521000000.0,USD,ifrs-full:Revenue,,0.0,0.1835,0.1835,4.0,217959.0,USD,15075742642.78884,22966420567.78141,14640497286.854904,383672297.60064894,,31256398.989869565,10869412748.727142,0,,,,,0.016705794290769283,0.0020732908308713003,23.857299010759288,29,0.1835,0.1835
909037,CHEMICAL & MINING CO OF CHILE INC,Chile,1400,Mining & Quarrying of  Nonmetallic Minerals (No Fuels),20-F,active,2017,2157323000.0,1394822000.0,4296236000.0,1429354000.0,113787000.0,37972000.0,,2048768000.0,USD,ifrs-full:Revenue,4921.0,2.0,0.0,0.0,0.0,151631.0,USD,2157323000.0,4296236000.0,1429354000.0,113787000.0,37972000.0,,1394822000.0,0,4921.0,4921.0,4921.0,12.990866897293012,0.03532371126725813,,22.181005127467206,14,0.0,0.0
909037,CHEMICAL & MINING CO OF CHILE INC,Chile,1400,Mining & Quarrying of  Nonmetallic Minerals (No Fuels),20-F,active,2018,2265803000.0,1485631000.0,4268094000.0,1454823000.0,189350000.0,34866000.0,1.7,2130292000.0,USD,ifrs-full:Revenue,5290.0,2.0,0.0,0.0,0.0,155831.0,USD,2211778468.561855,4166327968.935535,1420135019.226545,184835245.1745307,34034674.720122464,1.6594661568349733,1450208450.6146462,0,5290.0,5290.0,5290.0,12.943489240902412,0.052533051052765,7.502858809878881e-10,22.15030090182708,14,0.0,0.0
909037,CHEMICAL & MINING CO OF CHILE INC,Chile,1400,Mining & Quarrying of  Nonmetallic Minerals (No Fuels),20-F,active,2019,1943655000.0,1383603000.0,4684151000.0,1569906000.0,188358000.0,34726000.0,1.7,2549679000.0,USD,ifrs-full:Revenue,5741.0,2.0,0.0,0.0,0.0,147943.0,USD,1863540318.7419841,4491076990.296932,1505196718.3656325,180594152.43837136,33294643.909867823,1.6299284296139867,1326572861.7642357,0,5741.0,5741.0,5741.0,12.690355222511938,0.04762527937293226,8.746408184580083e-10,22.225358374146424,14,0.0,0.0
909037,CHEMICAL & MINING CO OF CHILE INC,Chile,1400,Mining & Quarrying of  Nonmetallic Minerals (No Fuels),20-F,active,2020,1817191000.0,1334321000.0,4818463000.0,1737319000.0,178407000.0,41966000.0,,2655885000.0,USD,ifrs-full:Revenue,5507.0,2.0,0.0,0.0,0.0,144057.0,USD,1721058277.7163181,4563557508.275026,1645411652.3710697,168968943.90987805,39745921.965628825,,1263732982.4882004,0,5507.0,5507.0,5507.0,12.652429927045592,0.04573512342006155,,22.2413683116332,14,0.0,0.0
909037,CHEMICAL & MINING CO OF CHILE INC,Chile,1400,Mining & Quarrying of  Nonmetallic Minerals (No Fuels),20-F,active,2021,2862315000.0,1772208000.0,7180201000.0,2012225000.0,179658000.0,34596000.0,,3964230000.0,USD,ifrs-full:Revenue,6081.0,2.0,0.0,0.0,0.0,198488.0,USD,2589253819.5453625,6495219032.270534,1820261315.415902,162518857.1879338,31295585.964854103,,1603141629.4254293,0,6081.0,6081.0,6081.0,12.961711135467173,0.029839554630852253,,22.59433220971368,14,0.0,0.0
909037,CHEMICAL & MINING CO OF CHILE INC,Chile,1400,Mining & Quarrying of  Nonmetallic Minerals (No Fuels),20-F,active,2022,10710578000.0,4973953000.0,10819101000.0,2726838000.0,166336000.0,967000.0,,5887100000.0,USD,ifrs-full:Revenue,6997.0,2.0,0.0,0.0,0.0,204827.0,USD,8970880949.215261,9061776782.591545,2283923338.7587714,139318387.25871468,809932.1883367226,,4166044093.0444736,0,6997.0,6997.0,6997.0,14.06401295406373,0.015463669301173915,,22.927331050642508,14,0.0,0.0
909037,CHEMICAL & MINING CO OF CHILE INC,Chile,1400,Mining & Quarrying of  Nonmetallic Minerals (No Fuels),20-F,active,2023,7467490000.0,4392436000.0,10778837000.0,3609937000.0,155874000.0,958000.0,,6301408000.0,USD,ifrs-full:Revenue,7682.0,2.0,0.0,0.0,0.0,202573.0,USD,6007281016.795396,8671120134.507288,2904042189.802373,125394064.2989767,770670.6288311051,,3533529659.9377704,0,7682.0,7682.0,7682.0,13.569602864368449,0.014549992731126745,,22.883263815992002,14,0.0,0.0
909037,CHEMICAL & MINING CO OF CHILE INC,Chile,1400,Mining & Quarrying of  Nonmetallic Minerals (No Fuels),20-F,active,2024,4528761000.0,3201654000.0,11495569000.0,4433645000.0,167968000.0,948000.0,,6297502000.0,USD,ifrs-full:Revenue,8344.0,3.0,0.0,0.0,0.0,208531.0,USD,3538819018.644017,8982752281.989397,3464494427.4860063,131251870.63826029,740776.6560599087,,2501804371.2877965,0,7258.0,8344.0,8344.0,12.957760901198569,0.014694009491831158,,22.918572162501256,14,0.0,0.0
909327,Suzano S.A.,Brazil,2621,Paper Mills,20-F,active,2017,10580673000.0,6496304000.0,28526195000.0,16211228000.0,141785000.0,45445000.0,,16909584000.0,BRL,ifrs-full:RevenueFromContractsWithCustomers,,,,,,,BRL,3315381334.0660505,8938487602.34139,5079677135.234112,44427357.54621232,14239879.138749648,,2035572313.9746044,0,,,,,0.006563441075825221,,22.91363223982303,26,,
909327,Suzano S.A.,Brazil,2621,Paper Mills,20-F,active,2018,13443376000.0,6922331000.0,53932644000.0,17020259000.0,180311000.0,158334000.0,,41906709000.0,BRL,ifrs-full:RevenueFromContractsWithCustomers,9385.0,2.0,0.0871,0.0871,1.0,114757.0,BRL,3591534463.4714704,14408653721.51592,4547135092.830139,48171915.34648769,42300536.54225634,,1849371047.425656,0,9385.0,9385.0,9385.0,12.854977426255854,0.006279035754301236,,23.391094815911543,26,0.0871,0.0871
909327,Suzano S.A.,Brazil,2621,Paper Mills,20-F,active,2019,26012950000.0,20743482000.0,97908225000.0,41120945000.0,9649789000.0,161462000.0,,79820256000.0,BRL,ifrs-full:RevenueFromContractsWithCustomers,14534.0,1.0,0.0872,0.0872,1.0,114709.0,BRL,6322960103.749729,23798523447.12736,9995256003.778383,2345571373.3583846,39246520.83949105,,5042112067.2146225,0,14534.0,14534.0,14534.0,12.983207295123684,0.1002086494776103,,23.892889375662612,26,0.0872,0.0872
909327,Suzano S.A.,Brazil,2621,Paper Mills,20-F,active,2020,30460277000.0,18966331000.0,101800748000.0,39156890000.0,8741949000.0,236360000.0,,94463370000.0,BRL,ifrs-full:RevenueFromContractsWithCustomers,15653.0,2.0,0.246,0.246,3.0,121966.0,BRL,5596095482.25175,18702610812.523106,7193818205.528095,1606051754.0590718,43423542.34615212,,3484452857.207809,0,1337.0,15653.0,15653.0,12.786917085305522,0.08819492171118427,,23.651928966704542,26,0.246,0.246
909327,Suzano S.A.,Brazil,2621,Paper Mills,20-F,active,2021,40965431000.0,20615588000.0,118975152000.0,38169703000.0,8014740000.0,231743000.0,,103800022000.0,BRL,ifrs-full:RevenueFromContractsWithCustomers,17421.0,2.0,0.1354,0.1354,2.0,147693.0,BRL,6869601066.107258,19951256732.03519,6400778071.19367,1344012869.010764,38861594.300396696,,3457082272.690552,0,1304.0,17421.0,17421.0,12.884940218474421,0.06931264941775406,,23.716557972385218,26,0.1354,0.1354
909327,Suzano S.A.,Brazil,2621,Paper Mills,20-F,active,2022,49830946000.0,24821288000.0,133197968000.0,50656634000.0,7173183000.0,233399000.0,,100031603000.0,BRL,ifrs-full:RevenueFromContractsWithCustomers,19319.0,2.0,0.0679,0.0679,1.0,147322.0,BRL,8082348670.953697,21604093561.42934,8216271440.740618,1163457063.1381886,37856236.91454548,,4025897964.65351,0,3772.0,19319.0,19319.0,12.944103997746689,0.05560581825092108,,23.796148650413343,26,0.0679,0.0679
909327,Suzano S.A.,Brazil,2621,Paper Mills,20-F,active,2023,39755575000.0,25076675000.0,143593025000.0,59289069000.0,6557009000.0,228887000.0,,98782725000.0,BRL,ifrs-full:RevenueFromContractsWithCustomers,20907.0,2.0,0.0715,0.0715,1.0,139868.0,BRL,6403534825.643903,23128905475.69883,9549845980.633013,1056154652.1100626,36867429.92994457,,4039165869.789427,0,3565.0,20907.0,20907.0,12.632276681241645,0.047257838603232995,,23.864348991520984,26,0.0715,0.0715
909327,Suzano S.A.,Brazil,2621,Paper Mills,20-F,active,2024,47403282000.0,27401527000.0,165936105000.0,64986040000.0,5709964000.0,225486000.0,,133520530000.0,BRL,ifrs-full:RevenueFromContractsWithCustomers,23980.0,2.0,0.2944,0.2944,4.0,135891.0,BRL,6873602676.34464,24061179043.05034,9423149613.755432,827960052.0536014,32696073.092117283,,3973294704.006569,0,5557.0,23980.0,23980.0,12.565978784182912,0.035769490913385,,23.90386555057533,26,0.2944,0.2944
910631,COCA COLA FEMSA SAB DE CV,Mexico,2086,Bottled & Canned Soft Drinks & Carbonated Waters,20-F,active,2017,183256000000.0,99748000000.0,285677000000.0,75827000000.0,,118130000000.0,,144967000000.0,MXN,ifrs-full:RevenueFromContractsWithCustomers,,0.0,0.0,0.0,0.0,124164.0,MXN,9682500125.485304,15094008318.135641,4006389624.433438,,6241507725.933005,,5270277767.259506,0,,,,,0.413508962919661,,23.437563701897822,20,0.0,0.0
910631,COCA COLA FEMSA SAB DE CV,Mexico,2086,Bottled & Canned Soft Drinks & Carbonated Waters,20-F,active,2018,182342000000.0,98404000000.0,263787000000.0,61942000000.0,,111347000000.0,,132037000000.0,MXN,ifrs-full:RevenueFromContractsWithCustomers,,0.0,0.0,0.0,0.0,123391.0,MXN,9249177917.601873,13380421928.850431,3141967174.716166,,5648003277.309757,,4991478122.449544,0,,,,,0.4221095050173056,,23.31705842544305,20,0.0,0.0
910631,COCA COLA FEMSA SAB DE CV,Mexico,2086,Bottled & Canned Soft Drinks & Carbonated Waters,20-F,active,2019,194471000000.0,106964000000.0,257839000000.0,61187000000.0,,107088000000.0,,128154000000.0,MXN,ifrs-full:RevenueFromContractsWithCustomers,,0.0,0.0,0.0,0.0,125007.0,MXN,9679128546.967312,12833053902.234804,3045373543.6300983,,5329938745.816269,,5323767070.143166,0,,,,,0.4153289455823208,,23.275290015483154,20,0.0,0.0
910631,COCA COLA FEMSA SAB DE CV,Mexico,2086,Bottled & Canned Soft Drinks & Carbonated Waters,20-F,active,2020,183615000000.0,100804000000.0,263066000000.0,59460000000.0,,100082000000.0,,140609000000.0,MXN,ifrs-full:RevenueFromContractsWithCustomers,,0.0,0.0706,0.0706,1.0,141631.0,MXN,8093856524.868425,11596103044.800465,2621031554.9855766,,4411673058.965127,,4443499240.981602,0,,,,,0.38044445120235987,,23.17393493420301,20,0.0706,0.0706
910631,COCA COLA FEMSA SAB DE CV,Mexico,2086,Bottled & Canned Soft Drinks & Carbonated Waters,20-F,active,2021,189376000000.0,106206000000.0,271567000000.0,62183000000.0,,,,143995000000.0,MXN,us-gaap:Revenues,,0.0,0.1522,0.1522,2.0,131364.0,MXN,8450390779.092629,12117941411.297358,2774747855.146993,,,,4739154925.039666,0,,,,,0.0,,23.217952952608318,20,0.1522,0.1522
910631,COCA COLA FEMSA SAB DE CV,Mexico,2086,Bottled & Canned Soft Drinks & Carbonated Waters,20-F,active,2022,220251000000.0,126440000000.0,277995000000.0,71205000000.0,,,,146119000000.0,MXN,us-gaap:Revenues,,0.0,0.1559,0.1559,2.0,128281.0,MXN,9165443301.070583,11568380667.879448,2963098420.677912,,,,5261627193.462751,0,,,,,0.0,,23.17154140879576,20,0.1559,0.1559
910631,COCA COLA FEMSA SAB DE CV,Mexico,2086,Bottled & Canned Soft Drinks & Carbonated Waters,20-F,active,2023,236635000000.0,134228000000.0,273520000000.0,78730000000.0,,,,139815000000.0,MXN,us-gaap:Revenues,86000.0,1.0,0.0778,0.0778,1.0,128466.0,MXN,10719405518.717817,12390271081.960392,3566415773.1893163,,,,6080437652.783634,0,86000.0,86000.0,86000.0,11.73321896047223,0.0,,23.240177411440968,20,0.0778,0.0778
910631,COCA COLA FEMSA SAB DE CV,Mexico,2086,Bottled & Canned Soft Drinks & Carbonated Waters,20-F,active,2024,279793000000.0,151057000000.0,307986000000.0,99381000000.0,,,,157445000000.0,MXN,ifrs-full:RevenueFromContractsWithCustomers,93000.0,1.0,0.0758,0.0758,1.0,132010.0,MXN,11943989791.288458,13147511338.238508,4242442267.848153,,,,6448421747.158294,0,93000.0,93000.0,93000.0,11.763139270332912,0.0,,23.299498325814813,20,0.0758,0.0758
912505,ENEL AMERICAS S.A.,Chile,4911,Electric Services,20-F,delisted_in_window,2017,9489266000.0,,20168991000.0,8092467000.0,3682479000.0,713175000.0,137000.0,11890484000.0,USD,ifrs-full:Revenue,11393.0,5.0,0.0,0.0,0.0,274853.0,USD,9489266000.0,20168991000.0,8092467000.0,3682479000.0,713175000.0,137000.0,,0,2841.0,11517.0,11393.0,13.63267269130565,0.21794119497599063,1.4437365334684474e-05,23.72741216287196,49,0.0,0.0
912505,ENEL AMERICAS S.A.,Chile,4911,Electric Services,20-F,delisted_in_window,2018,11924761000.0,,27396356000.0,8686827000.0,5827289000.0,1205570000.0,856000.0,18564456000.0,USD,ifrs-full:Revenue,18364.0,4.0,0.0,0.0,0.0,256720.0,USD,11640433710.497396,26743132707.41339,8479703186.341343,5688346400.939244,1176825067.4679642,835590.0177945513,,0,15577.0,18364.0,18364.0,13.35960303353845,0.25670782639851814,7.178340932786829e-05,24.0095435561117,49,0.0,0.0
912505,ENEL AMERICAS S.A.,Chile,4911,Electric Services,20-F,delisted_in_window,2019,13053376000.0,,29776384000.0,8763438000.0,5527879000.0,1173043000.0,86000.0,17530198000.0,USD,ifrs-full:Revenue,17671.0,4.0,0.0,0.0,0.0,267348.0,USD,12515334496.965237,28549044007.472374,8402221610.211492,5300027727.98008,1124691844.0351057,82455.20290988403,,0,17295.0,17671.0,17671.0,13.470540332348913,0.22504149597211,6.588333929858452e-06,24.074889287635695,49,0.0,0.0
912505,ENEL AMERICAS S.A.,Chile,4911,Electric Services,20-F,delisted_in_window,2020,11238976000.0,,26933558000.0,8354672000.0,4524826000.0,945512000.0,54000.0,16599895000.0,USD,ifrs-full:Revenue,16969.0,3.0,0.0,0.0,0.0,287867.0,USD,10644413646.036676,25508723598.263783,7912694594.681983,4285454441.7873616,895492688.594711,51143.301390267276,,0,16731.0,16969.0,16969.0,13.349157622231395,0.20310491469415218,4.804708186938027e-06,23.96228633249998,49,0.0,0.0
912505,ENEL AMERICAS S.A.,Chile,4911,Electric Services,20-F,delisted_in_window,2021,14535024000.0,,34958938000.0,12997528000.0,4756270000.0,1470225000.0,154000.0,19928845000.0,USD,ifrs-full:Revenue,16780.0,3.0,0.0,0.0,0.0,363326.0,USD,13148401349.670988,31623900145.07471,11757580496.433062,4302527941.295427,1329967420.3716505,139308.59748489803,,0,16461.0,16780.0,16780.0,13.571623037791486,0.17810881440391582,1.0595097744592648e-05,24.17717900536797,49,0.0,0.0
912892,"GRUPO TELEVISA, S.A.B.",Mexico,4833,Television Broadcasting Stations,20-F,active,2017,94274235000.0,53534553000.0,297220101000.0,85719810000.0,,,,197563187000.0,MXN,ifrs-full:Revenue,,0.0,0.0,0.0,0.0,161411.0,MXN,4981066334.622228,15703898727.622858,4529085383.7341,,,,2828547584.4736304,0,,,,,0.0,,23.47717484507291,48,0.0,0.0
912892,"GRUPO TELEVISA, S.A.B.",Mexico,4833,Television Broadcasting Stations,20-F,active,2018,101282333000.0,57839268000.0,297170593000.0,87342530000.0,,,,192639902000.0,MXN,ifrs-full:Revenue,,0.0,0.0,0.0,0.0,163074.0,MXN,5137479669.12066,15073782707.96774,4430392338.262601,,,,2933858794.7694807,0,,,,,0.0,,23.436222827242414,48,0.0,0.0
912892,"GRUPO TELEVISA, S.A.B.",Mexico,4833,Television Broadcasting Stations,20-F,active,2019,101757181000.0,59067362000.0,290343892000.0,83329232000.0,,,,184718659000.0,MXN,ifrs-full:Revenue,,0.0,0.0,0.0,0.0,166623.0,MXN,5064615472.1064825,14450873670.083427,4147427370.9090915,,,,2939875815.562486,0,,,,,0.0,,23.394020711274592,48,0.0,0.0
912892,"GRUPO TELEVISA, S.A.B.",Mexico,4833,Television Broadcasting Stations,20-F,active,2020,70680227000.0,45220302000.0,271246332000.0,83281627000.0,,,,183307299000.0,MXN,ifrs-full:Revenue,,0.0,0.0,0.0,0.0,169994.0,MXN,3115625719.4844184,11956696860.849209,3671102797.1331778,,,,1993337343.894675,0,,,,,0.0,,23.204557365120326,48,0.0,0.0
912892,"GRUPO TELEVISA, S.A.B.",Mexico,4833,Television Broadcasting Stations,20-F,active,2021,73915432000.0,46653598000.0,293742081000.0,87922126000.0,,,,197218017000.0,MXN,ifrs-full:Revenue,9300.0,1.0,0.0,0.0,0.0,187053.0,MXN,3298275837.5160966,13107444305.053864,3923286598.241701,,,,2081790376.5561337,0,9300.0,9300.0,9300.0,12.778896016260699,0.0,,23.296446173312013,48,0.0,0.0
912892,"GRUPO TELEVISA, S.A.B.",Mexico,4833,Television Broadcasting Stations,20-F,active,2022,68615768000.0,43357747000.0,299107531000.0,82236399000.0,,,,154977626000.0,MXN,ifrs-full:Revenue,9300.0,1.0,0.0,0.0,0.0,186730.0,MXN,2855351082.008314,12446949690.597143,3422154961.0159206,,,,1804273178.2859697,0,9300.0,9300.0,9300.0,12.634690964283841,0.0,,23.244741425067243,48,0.0,0.0
912892,"GRUPO TELEVISA, S.A.B.",Mexico,4833,Television Broadcasting Stations,20-F,active,2023,66222836000.0,43297440000.0,262670257000.0,77848576000.0,,,,127997824000.0,MXN,ifrs-full:Revenue,9300.0,1.0,0.0,0.0,0.0,181250.0,MXN,2999849699.6790204,11898785059.22128,3526487861.8916197,,,,1961344759.9989586,0,9300.0,9300.0,9300.0,12.684058345111128,0.0,,23.199702135987998,48,0.0,0.0
912892,"GRUPO TELEVISA, S.A.B.",Mexico,4833,Television Broadcasting Stations,20-F,active,2024,62260864000.0,41117033000.0,251657896000.0,63664261000.0,,,,139962271000.0,MXN,ifrs-full:Revenue,9300.0,1.0,1.0203,1.0203,18.0,176423.0,MXN,2657833198.1600647,10742939747.31724,2717742343.2820835,,,,1755231268.8311381,0,9300.0,9300.0,9300.0,12.563007361484399,0.0,,23.097514608062287,48,1.0203,1.0203
913059,Banco BBVA Argentina S.A.,Argentina,6029,"Commercial Banks, NEC",20-F,active,2017,54939993000.0,,,,,,,,ARS,ifrs-full:RevenueFromInterest,6082.0,5.0,0.0,0.0,0.0,179286.0,ARS,3317090210.4537454,,,,,,,1,2000.0,6082.0,6082.0,13.209264924702678,,,,60,0.0,0.0
913059,Banco BBVA Argentina S.A.,Argentina,6029,"Commercial Banks, NEC",20-F,active,2018,118269467000.0,,556169426000.0,26057844000.0,,,,486110858000.0,ARS,ifrs-full:RevenueFromInterest,6107.0,3.0,0.1218,0.1218,2.0,164269.0,ARS,4109256118.167816,19324029054.163086,905376151.5917081,,,,,1,6107.0,6107.0,6107.0,13.419316922703667,0.0,,23.68461518716482,60,0.1218,0.1218
913059,Banco BBVA Argentina S.A.,Argentina,6029,"Commercial Banks, NEC",20-F,active,2019,236024414000.0,,618310699000.0,35494157000.0,,,,503493790000.0,ARS,ifrs-full:RevenueFromInterest,6104.0,1.0,0.1166,0.1166,2.0,171538.0,ARS,4700015247.688776,12312580990.494928,706804335.5203894,,,,,1,6104.0,6104.0,6104.0,13.55413201688197,0.0,,23.2338874213312,60,0.1166,0.1166
913059,Banco BBVA Argentina S.A.,Argentina,6029,"Commercial Banks, NEC",20-F,active,2020,348485355000.0,,1046062309000.0,50970192000.0,,,,873168961000.0,ARS,ifrs-full:RevenueFromInterest,6019.0,3.0,0.0,0.1134,2.0,176348.0,ARS,4678958640.224639,14045015690.570086,684354211.247439,,,,,1,6019.0,6321.0,6019.0,13.563664997796042,0.0,,23.365533414666114,60,0.0,0.1134
913059,Banco BBVA Argentina S.A.,Argentina,6029,"Commercial Banks, NEC",20-F,active,2021,1302749523000.0,,2008278980000.0,99191276000.0,,,,1690739197000.0,ARS,ifrs-full:RevenueFromInterest,6019.0,2.0,0.1614,0.1614,3.0,185870.0,ARS,12406144729.84529,19124934796.683914,944603167.5837576,,,,,1,5863.0,6019.0,6019.0,14.538781317998339,0.0,,23.674258807329483,60,0.1614,0.1614
913059,Banco BBVA Argentina S.A.,Argentina,6029,"Commercial Banks, NEC",20-F,active,2022,4267782358000.0,,6078456674000.0,299274663000.0,,,,4953031616000.0,ARS,ifrs-full:RevenueFromInterest,5888.0,2.0,0.1081,0.1081,2.0,184962.0,ARS,27366940017.17318,38977798125.652214,1919083745.1277354,,,,,1,5863.0,5888.0,5888.0,15.351929892725341,0.0,,24.38625804214591,60,0.1081,0.1081
913059,Banco BBVA Argentina S.A.,Argentina,6029,"Commercial Banks, NEC",20-F,active,2023,6933449775000.0,,13305540254000.0,649407209000.0,,,,10224683502000.0,ARS,ifrs-full:RevenueFromInterest,6009.0,2.0,0.3113,0.3113,6.0,192722.0,ARS,18827060792.828594,36129808879.08517,1763397644.73799,,,,,1,5888.0,6009.0,6009.0,14.957547451373513,0.0,,24.31038409227977,60,0.3113,0.3113
913059,Banco BBVA Argentina S.A.,Argentina,6029,"Commercial Banks, NEC",20-F,active,2024,4696241574000.0,,14719893843000.0,646547368000.0,,,,12104066606000.0,ARS,ifrs-full:RevenueFromInterest,6289.0,2.0,0.0525,0.0525,1.0,190338.0,ARS,4011927995.4544344,12574982199.765574,552335616.7253633,,,,,1,6009.0,6289.0,6289.0,13.365980405047035,0.0,,23.254975137405612,60,0.0525,0.0525
917851,Vale S.A.,Brazil,1000,Metal Mining,20-F,active,2017,33967000000.0,21039000000.0,99184000000.0,54878000000.0,,,340000000.0,54412000000.0,USD,ifrs-full:Revenue,,,,,,,USD,33967000000.0,99184000000.0,54878000000.0,,,340000000.0,21039000000.0,0,,,,,0.0,0.010009715311920393,25.320242547905973,10,,
917851,Vale S.A.,Brazil,1000,Metal Mining,20-F,active,2018,36575000000.0,22109000000.0,88190000000.0,48385000000.0,,,373000000.0,43358000000.0,USD,ifrs-full:Revenue,,,,,,,USD,35702926286.02303,86087247277.22136,47231335293.211876,,,364106397.9408501,21581845447.920254,0,,,,,0.0,0.010198222829801777,25.178627122162812,10,,
917851,Vale S.A.,Brazil,1000,Metal Mining,20-F,active,2019,36549000000.0,19312000000.0,91713000000.0,46576000000.0,,,413000000.0,52720000000.0,USD,ifrs-full:Revenue,,,,,,,USD,35042502455.27153,87932721214.81621,44656203845.7065,,,395976730.2532803,18515986960.414886,0,,,,,0.0,0.011299898766040109,25.199837827371436,10,,
917851,Vale S.A.,Brazil,1000,Metal Mining,20-F,active,2020,39545000000.0,17564000000.0,92007000000.0,41148000000.0,,,415000000.0,57186000000.0,USD,ifrs-full:Revenue,,,,,,,USD,37452997286.63184,87139661685.4504,38971195659.38367,,,393045742.16594297,16634832326.27138,0,,,,,0.0,0.01049437349854596,25.190777975202767,10,,
917851,Vale S.A.,Brazil,1000,Metal Mining,20-F,active,2021,54502000000.0,21729000000.0,89442000000.0,41931000000.0,,3208000000.0,549000000.0,54136000000.0,USD,ifrs-full:Revenue,157.0,1.0,0.0,0.0,0.0,193921.0,USD,49302579091.70072,80909347897.68993,37930836371.03415,,2901960913.841252,496626104.0208377,19656081264.606163,0,157.0,157.0,,,0.03586681872051161,0.010073024843125023,25.116595203132764,10,0.0,0.0
917851,Vale S.A.,Brazil,1000,Metal Mining,20-F,active,2022,43839000000.0,24028000000.0,86894000000.0,44938000000.0,,,660000000.0,49536000000.0,USD,ifrs-full:Revenue,,0.0,0.0,0.0,0.0,181248.0,USD,36718321824.70898,72779987149.25664,37638813525.82796,,,552797563.9113101,20125181614.637817,0,,,,,0.0,0.015055087935399985,25.010706852560702,10,0.0,0.0
917851,Vale S.A.,Brazil,1000,Metal Mining,20-F,active,2023,41784000000.0,24089000000.0,94186000000.0,48396000000.0,,,723000000.0,53205000000.0,USD,ifrs-full:Revenue,,0.0,0.0,0.0534,1.0,187163.0,USD,33613467176.49154,75768667898.83765,38932542539.5722,,,581623031.9884019,19378585363.16544,0,,,,,0.0,0.017303273980470994,25.050950691883063,10,0.0,0.0534
917851,Vale S.A.,Brazil,1000,Metal Mining,20-F,active,2024,38056000000.0,24265000000.0,80152000000.0,39984000000.0,,,790000000.0,45624000000.0,USD,ifrs-full:Revenue,,0.0,0.0,0.1128,2.0,177366.0,USD,29737337998.961906,62631572295.900635,31243896430.273617,,,617313880.0499239,18960913037.229626,0,,,,,0.0,0.020758881648097537,24.860535337685633,10,0.0,0.1128
925261,ANDINA BOTTLING CO INC,Chile,2086,Bottled & Canned Soft Drinks & Carbonated Waters,20-F,active,2017,1848878619000.0,1069024964000.0,2114859467000.0,659750499000.0,663272878000.0,93598217000.0,,1301626118000.0,CLP,ifrs-full:Revenue,16063.0,2.0,0.0,0.0,0.0,114227.0,CLP,2849541192.3539743,3259477991.321977,1016825119.971053,1022253904.7232999,144256076.1596357,,1647609875.1254609,0,16063.0,16063.0,16063.0,12.086150063570749,0.35788245356730364,,21.904832894142235,20,0.0,0.0
925261,ANDINA BOTTLING CO INC,Chile,2086,Bottled & Canned Soft Drinks & Carbonated Waters,20-F,active,2018,1672915799000.0,968027774000.0,2214504689000.0,710770968000.0,668822553000.0,117229173000.0,,1350789946000.0,CLP,ifrs-full:Revenue,17386.0,3.0,0.0,0.0,0.0,117999.0,CLP,2546525467.638198,3370936297.041156,1081941107.1087952,1018086902.857505,178447160.80337778,,1473539422.2145867,0,121.0,17386.0,17386.0,11.894575141635924,0.35495599982448267,,21.938456375672153,20,0.0,0.0
925261,ANDINA BOTTLING CO INC,Chile,2086,Bottled & Canned Soft Drinks & Carbonated Waters,20-F,active,2019,1779025115000.0,1048343767000.0,2390948423000.0,722718863000.0,675075375000.0,121221661000.0,,1422044475000.0,CLP,ifrs-full:Revenue,17586.0,3.0,0.0896,0.0896,1.0,111627.0,CLP,2426664528.231161,3261353467.134349,985818701.4552946,920830994.7860681,165351406.4088762,,1429984664.8152199,0,182.0,17586.0,17586.0,11.834925119324138,0.33304651340026004,,21.905408120131753,20,0.0896,0.0896
925261,ANDINA BOTTLING CO INC,Chile,2086,Bottled & Canned Soft Drinks & Carbonated Waters,20-F,active,2020,1698281237000.0,1022498659000.0,2448064400000.0,605576545000.0,604514165000.0,98325593000.0,,1616503809000.0,CLP,ifrs-full:Revenue,17354.0,3.0,0.09,0.09,1.0,111146.0,CLP,2028994395.4711955,2924785859.4533567,723502909.3322134,722233647.7877188,117472932.50486626,,1221613949.0256953,0,183.0,17354.0,17354.0,11.669227829220516,0.2871001914818907,,21.79648710450692,20,0.09,0.09
925261,ANDINA BOTTLING CO INC,Chile,2086,Bottled & Canned Soft Drinks & Carbonated Waters,20-F,active,2021,2216732593000.0,1375392773000.0,2946106647000.0,716379127000.0,659631543000.0,118042900000.0,,1844693088000.0,CLP,ifrs-full:Revenue,18636.0,3.0,0.1438,0.1438,2.0,139058.0,CLP,2642130489.7280693,3511473698.997139,853854515.2574823,786216892.9397213,140695700.58688694,,1639334934.8362007,0,184.0,18636.0,18636.0,11.862000959400431,0.2639668335808211,,21.97930164357293,20,0.1438,0.1438
925261,ANDINA BOTTLING CO INC,Chile,2086,Bottled & Canned Soft Drinks & Carbonated Waters,20-F,active,2022,2656878395000.0,1628701823000.0,3010700607000.0,798221259000.0,671778888000.0,129023922000.0,,2127297955000.0,CLP,ifrs-full:Revenue,19281.0,1.0,0.1501,0.1501,2.0,133239.0,CLP,2548140353.690581,2887481686.7850766,765552463.7707782,644284998.7005842,123743360.9525911,,1562043956.2179186,0,19281.0,19281.0,19281.0,11.791754222965876,0.2659855344427477,,21.783650570535276,20,0.1501,0.1501
925261,ANDINA BOTTLING CO INC,Chile,2086,Bottled & Canned Soft Drinks & Carbonated Waters,20-F,active,2023,2618437052000.0,1601997255000.0,2921520889000.0,872388811000.0,695926565000.0,122103802000.0,,2000535475000.0,CLP,ifrs-full:Revenue,19667.0,1.0,0.1449,0.1449,2.0,138037.0,CLP,2507446967.237159,2797683712.5978227,835410069.0420495,666427689.5624311,116928076.53297235,,1534091933.0116487,0,19667.0,19667.0,19667.0,11.755833544691885,0.28000154648218223,,21.75205766627041,20,0.1449,0.1449
925261,ANDINA BOTTLING CO INC,Chile,2086,Bottled & Canned Soft Drinks & Carbonated Waters,20-F,active,2024,3224233005000.0,1945363408000.0,3291104273000.0,1097773572000.0,693383630000.0,144681420000.0,,2276707253000.0,CLP,ifrs-full:Revenue,20525.0,1.0,0.3582,0.3582,5.0,139576.0,CLP,2670116730.8692255,2725495511.256482,909110345.5481415,574218807.5436057,119816489.56165232,,1611033500.142951,0,20525.0,20525.0,20525.0,11.77598909350895,0.2546455476587083,,21.725916087524116,20,0.3582,0.3582
926864,ENEL GENERACION CHILE S.A.,Chile,4911,Electric Services,20-F,delisted_in_window,2017,1599032140000.0,,5983136000.0,5917673000.0,18607973000.0,24860356000.0,,1565448238000.0,CLP,ifrs-full:Revenue,848.0,3.0,0.0,0.0,0.0,135670.0,CLP,2464471114.546394,9221369.27554355,9120475.948551668,28679105.82382616,38315445.77918248,,,0,848.0,867.0,848.0,14.882362427634954,7.265141390735561,,16.037034095953285,49,0.0,0.0
926864,ENEL GENERACION CHILE S.A.,Chile,4911,Electric Services,20-F,delisted_in_window,2018,1481554138000.0,,3669228079000.0,2919097994000.0,23910977000.0,24860356000.0,,1671737032000.0,CLP,ifrs-full:Revenue,767.0,3.0,0.0,0.0,0.0,127719.0,CLP,2255233255.826139,5585327579.147742,4443473717.383773,36397475.547190525,37842627.660277165,,,0,767.0,795.0,767.0,14.89403244257506,0.013291987292676555,,22.443408921131194,49,0.0,0.0
926864,ENEL GENERACION CHILE S.A.,Chile,4911,Electric Services,20-F,delisted_in_window,2019,1494119513000.0,,3587198777000.0,2747643715000.0,30393637000.0,24860356000.0,,1613344383000.0,CLP,ifrs-full:Revenue,710.0,3.0,0.0,0.0,0.0,126109.0,CLP,2038041392.7630906,4893088891.4741955,3747900736.863847,41458189.75233194,33910563.46295522,,,0,705.0,710.0,710.0,14.869990111987708,0.015403103210859507,,22.31108961615852,49,0.0,0.0
930543,CONCHA Y TORO WINERY INC,Chile,5180,"Wholesale-Beer, Wine & Distilled Alcoholic Beverages",20-F,delisted_in_window,2017,613515357000.0,412079217000.0,1056826587000.0,381736948000.0,43426623000.0,31021819000.0,,511486336000.0,CLP,ifrs-full:Revenue,852.0,4.0,0.0,0.0,0.0,134133.0,CLP,945566282.1493499,1628809410.1386552,588343197.2174736,66930273.200009644,47811657.39807238,,635107513.9749194,0,289.0,2603.0,852.0,13.919708019525569,0.07044527731965548,,21.211115161648248,51,0.0,0.0
930543,CONCHA Y TORO WINERY INC,Chile,5180,"Wholesale-Beer, Wine & Distilled Alcoholic Beverages",20-F,delisted_in_window,2018,614128905000.0,409542596000.0,1146168107000.0,391263749000.0,47719373000.0,69028561000.0,,574014863000.0,CLP,ifrs-full:Revenue,341.0,3.0,0.0,0.0735,1.0,136047.0,CLP,934831805.5995951,1744706025.5004282,595584728.1660465,72638801.49668345,105075813.55020538,,623408931.5314437,0,341.0,2634.0,341.0,14.82399470672857,0.10185934618751348,,21.27985191164675,51,0.0,0.0735
931427,GAS TRANSPORTER OF THE SOUTH INC,Argentina,4922,Natural Gas Transmission,20-F,active,2017,30694588000.0,18360946000.0,44853427000.0,34160708000.0,,,,19573838000.0,ARS,ifrs-full:Revenue,,0.0,0.0,0.0,0.0,133332.0,ARS,1853234989.8317425,2708097607.638969,2062507545.0768433,,,,1108571568.8254611,1,,,,,0.0,,21.71951223552669,49,0.0,0.0
931427,GAS TRANSPORTER OF THE SOUTH INC,Argentina,4922,Natural Gas Transmission,20-F,active,2018,71336882000.0,33902908000.0,95288446000.0,59510863000.0,,,,47684540000.0,ARS,ifrs-full:Revenue,,0.0,0.0,0.0,0.0,144732.0,ARS,2478590005.056128,3310783752.1260123,2067696626.0463212,,,,1177951804.946247,1,,,,,0.0,,21.920450781426325,49,0.0,0.0
931427,GAS TRANSPORTER OF THE SOUTH INC,Argentina,4922,Natural Gas Transmission,20-F,active,2019,99790386000.0,50089910000.0,130152205000.0,101496521000.0,,,,64691087000.0,ARS,ifrs-full:Revenue,,0.0,0.0,0.0,0.0,153608.0,ARS,1987151785.8010595,2591754546.2916193,2021126493.66588,,,,997453342.9213747,1,,,,,0.0,,21.675600914305676,49,0.0,0.0
931427,GAS TRANSPORTER OF THE SOUTH INC,Argentina,4922,Natural Gas Transmission,20-F,active,2020,164275443000.0,81049791000.0,378098311000.0,149241162000.0,,,,183964125000.0,ARS,ifrs-full:Revenue,,0.0,0.0,0.0,0.0,164618.0,ARS,2205653673.4566083,5076558695.293788,2003795035.8547065,,,,1088219675.365845,1,,,,,0.0,,22.347899446796454,49,0.0,0.0
931427,GAS TRANSPORTER OF THE SOUTH INC,Argentina,4922,Natural Gas Transmission,20-F,active,2021,539731171000.0,289121457000.0,1262820015000.0,292534643000.0,,,,531303259000.0,ARS,ifrs-full:Revenue,,0.0,0.0,0.0,0.0,178263.0,ARS,5139885223.074364,12025894154.81628,2785821107.9549346,,,,2753317177.799298,1,,,,,0.0,,23.210328008162698,49,0.0,0.0
931427,GAS TRANSPORTER OF THE SOUTH INC,Argentina,4922,Natural Gas Transmission,20-F,active,2022,1115696199000.0,651289136000.0,2794531641000.0,917031971000.0,,,,982396672000.0,ARS,ifrs-full:Revenue,200.0,1.0,0.0,0.0,0.0,173873.0,ARS,7154345839.165473,17919793789.854626,5880421455.218709,,,,4176358872.9724402,1,200.0,200.0,,,0.0,,23.60917173716441,49,0.0,0.0
931427,GAS TRANSPORTER OF THE SOUTH INC,Argentina,4922,Natural Gas Transmission,20-F,active,2023,986052768000.0,620072661000.0,3322617568000.0,2162194240000.0,,,,1459268884000.0,ARS,ifrs-full:Revenue,,0.0,0.0,0.0,0.0,172871.0,ARS,2677523600.879176,9022221978.099827,5871213281.037119,,,,1683742734.6357317,1,,,,,0.0,,22.92295647971992,49,0.0,0.0
931427,GAS TRANSPORTER OF THE SOUTH INC,Argentina,4922,Natural Gas Transmission,20-F,active,2024,1219766287000.0,575240137000.0,3394598260000.0,2384877108000.0,,,,1161086081000.0,ARS,ifrs-full:Revenue,,0.0,0.0,0.0,0.0,173289.0,ARS,1042027850.9137036,2899953841.3896146,2037364365.6397667,,,,491418930.09001845,1,,,,,0.0,,21.787960657049965,49,0.0,0.0
932470,TELECOM ARGENTINA SA,Argentina,4813,Telephone Communications (No Radiotelephone),20-F,active,2017,65186000000.0,,94070000000.0,45701000000.0,4635000000.0,31954000000.0,,39042000000.0,ARS,ifrs-full:Revenue,4908.0,3.0,0.0478,0.0478,1.0,209130.0,ARS,3935709319.4139624,5679627154.255076,2759271187.164997,279845560.3271211,1929274009.6424654,,,1,413.0,10903.0,4908.0,13.594735155803532,0.38895503348570215,,22.46015142566845,48,0.0478,0.0478
932470,TELECOM ARGENTINA SA,Argentina,4813,Telephone Communications (No Radiotelephone),20-F,active,2018,351948000000.0,,571873000000.0,231236000000.0,91474000000.0,185295000000.0,,219723000000.0,ARS,ifrs-full:RevenueFromContractsWithCustomers,,0.0,0.0,0.0,0.0,206769.0,ARS,12228384121.126772,19869647540.26484,8034262534.8996725,3178251358.4278083,6438048904.168187,,,1,,,,,0.4839693428436034,,23.712459155067197,48,0.0,0.0
932470,TELECOM ARGENTINA SA,Argentina,4813,Telephone Communications (No Radiotelephone),20-F,active,2019,487067000000.0,,787097000000.0,334903000000.0,112388000000.0,252052000000.0,,365270000000.0,ARS,ifrs-full:RevenueFromContractsWithCustomers,23728.0,3.0,0.0,0.0,0.0,151135.0,ARS,9699091241.662945,15673666290.344406,6669010124.082817,2238011334.1039634,5019176716.229243,,,1,11384.0,25343.0,23728.0,12.920886967262687,0.46301789995388115,,23.475247834699957,48,0.0,0.0
932470,TELECOM ARGENTINA SA,Argentina,4813,Telephone Communications (No Radiotelephone),20-F,active,2020,886765000000.0,,1135163000000.0,484316000000.0,157019000000.0,380234000000.0,,548219000000.0,ARS,ifrs-full:RevenueFromContractsWithCustomers,23728.0,4.0,0.0,0.0,0.0,163837.0,ARS,11906201219.270182,15241331237.329391,6502696599.11257,2108224624.6171021,5105233646.352729,,,1,23254.0,25343.0,23728.0,13.125914147818108,0.4732826915605952,,23.447276734920788,48,0.0,0.0
932470,TELECOM ARGENTINA SA,Argentina,4813,Telephone Communications (No Radiotelephone),20-F,active,2021,2581043000000.0,,2101802000000.0,878856000000.0,280724000000.0,2299612000000.0,,1030688000000.0,ARS,ifrs-full:RevenueFromContractsWithCustomers,23254.0,4.0,0.0,0.0,0.0,182301.0,ARS,24579393388.082687,20015558896.87191,8369386854.646278,2673347801.4415584,21899312792.524418,,,1,22587.0,23728.0,23254.0,13.870941822465888,1.2276779639566429,,23.719775752901754,48,0.0,0.0
932470,TELECOM ARGENTINA SA,Argentina,4813,Telephone Communications (No Radiotelephone),20-F,active,2022,4944819000000.0,,5384152000000.0,2468820000000.0,793489000000.0,3355071000000.0,,2853801000000.0,ARS,ifrs-full:RevenueFromContractsWithCustomers,22587.0,4.0,0.0596,0.0596,1.0,167647.0,ARS,31708403479.1772,34525604275.75182,15831184251.124714,5088208358.746566,21514224275.809998,,,1,21729.0,23254.0,22587.0,14.154717778160567,0.7705131653043971,,24.26496703864477,48,0.0596,0.0596
932470,TELECOM ARGENTINA SA,Argentina,4813,Telephone Communications (No Radiotelephone),20-F,active,2023,5898611000000.0,,11928224000000.0,4947233000000.0,1973865000000.0,4422870000000.0,,7038495000000.0,ARS,ifrs-full:RevenueFromContractsWithCustomers,21729.0,4.0,0.3603,0.3603,6.0,166546.0,ARS,16017063870.66855,32389850029.378357,13433695991.154388,5359824843.014258,12009842873.460176,,,1,21262.0,22587.0,21729.0,13.510517429941059,0.5362688527646696,,24.20111093996698,48,0.3603,0.3603
932470,TELECOM ARGENTINA SA,Argentina,4813,Telephone Communications (No Radiotelephone),20-F,active,2024,5442958000000.0,,14393744000000.0,5696731000000.0,2494659000000.0,4436736000000.0,,7112817000000.0,ARS,ifrs-full:RevenueFromContractsWithCustomers,21262.0,4.0,0.4081,0.4081,7.0,171521.0,ARS,4649836520.160809,12296357332.363308,4866630947.608304,2131149372.0046787,3790236316.9277043,,,1,19987.0,21729.0,21262.0,12.29542117812444,0.4815560843655409,,23.232568903622784,48,0.4081,0.4081
932782,MEXICAN PETROLEUM,Mexico,1311,Crude Petroleum & Natural Gas,20-F,debt_registrant,2017,1397029719000.0,1004204880000.0,2132002114000.0,1436509326000.0,14678640000.0,,,3634354499000.0,MXN,ifrs-full:Revenue,127941.0,2.0,0.0,0.0,0.0,211155.0,MXN,73813356340.44287,112646302092.91882,75899297863.40315,775559510.422325,,,53058092922.5398,0,127941.0,127941.0,127941.0,13.265481033263287,0.006884908745451648,,25.447518676769384,13,0.0,0.0
932782,MEXICAN PETROLEUM,Mexico,1311,Crude Petroleum & Natural Gas,20-F,debt_registrant,2018,1681119150000.0,,2075197268000.0,1402486084000.0,13720540000.0,,,3534602700000.0,MXN,ifrs-full:Revenue,132021.0,2.0,0.0,0.0,0.0,205104.0,MXN,85273662233.81136,105263015354.95572,71140183380.0042,695965359.5198758,,,,0,132021.0,132021.0,132021.0,13.378415197632568,0.0066116798684991325,,25.379727963193215,13,0.0,0.0
932782,MEXICAN PETROLEUM,Mexico,1311,Crude Petroleum & Natural Gas,20-F,debt_registrant,2019,1401971185000.0,,1984247080000.0,1277548562000.0,14584524000.0,,,3915656382000.0,MXN,ifrs-full:Revenue,125735.0,2.0,0.0,0.0,0.0,211913.0,MXN,69778318200.4468,98759108331.13693,63585607913.7313,725894773.9885633,,,,0,125735.0,125735.0,125735.0,13.226657374406447,0.007350155203453796,,25.31594947273882,13,0.0,0.0
932782,MEXICAN PETROLEUM,Mexico,1311,Crude Petroleum & Natural Gas,20-F,debt_registrant,2020,953661844000.0,,1928487928000.0,1276129521000.0,22775784000.0,,,4333214958000.0,MXN,ifrs-full:Revenue,123899.0,2.0,0.0,0.0,0.0,195120.0,MXN,42037971508.74087,85008875087.39914,56252535196.59651,1003969871.4015406,,,,0,123899.0,123899.0,123899.0,12.734617133774217,0.01181017711820491,,25.16602150077902,13,0.0,0.0
932782,MEXICAN PETROLEUM,Mexico,1311,Crude Petroleum & Natural Gas,20-F,debt_registrant,2021,1495628620000.0,,2052098171000.0,1274532607000.0,20016146000.0,,,4222098954000.0,MXN,ifrs-full:Revenue,123842.0,2.0,0.0,0.0,0.0,214985.0,MXN,66738373919.58345,91569319565.36864,56872563523.602196,893166270.2315595,,,,0,123842.0,123842.0,123842.0,13.197284107003473,0.00975399046832443,,25.24036211327912,13,0.0,0.0
932782,MEXICAN PETROLEUM,Mexico,1311,Crude Petroleum & Natural Gas,20-F,debt_registrant,2022,2383388309000.0,,2245558044000.0,1368750850000.0,30024934000.0,,,4014380269000.0,MXN,ifrs-full:Revenue,120054.0,2.0,0.0,0.0,0.0,214183.0,MXN,99181435773.61281,93445818323.38994,56958689445.074776,1249446450.6194584,,,,0,120054.0,120054.0,120054.0,13.62451977380103,0.01337081180342894,,25.260647622103487,13,0.0,0.0
932782,MEXICAN PETROLEUM,Mexico,1311,Crude Petroleum & Natural Gas,20-F,debt_registrant,2023,1719937618000.0,,2303475336000.0,1482322166000.0,20350819000.0,,,3956454146000.0,MXN,ifrs-full:Revenue,128616.0,2.0,0.0454,0.0454,1.0,220453.0,MXN,77912011301.11597,104345875415.50818,67148191969.65009,921878342.1684341,,,,0,128616.0,128616.0,128616.0,13.314259466812251,0.008834832603564722,,25.37097694324385,13,0.0454,0.0454
932782,MEXICAN PETROLEUM,Mexico,1311,Crude Petroleum & Natural Gas,20-F,debt_registrant,2024,1672672906000.0,,2208752583000.0,1650532712000.0,17088277000.0,,,4192528319000.0,MXN,ifrs-full:Revenue,129198.0,2.0,0.0435,0.0435,1.0,229808.0,MXN,71404174205.31892,94288700227.78987,70459038869.14845,729475741.132585,,,,0,129198.0,129198.0,129198.0,13.222520776507805,0.007736618909479732,,25.269627191492734,13,0.0435,0.0435
933267,IRSA INVESTMENTS & REPRESENTATIONS INC,Argentina,6552,Land Subdividers & Developers (No Cemeteries),20-F,active,2017,78187000000.0,49112000000.0,526856000000.0,31591000000.0,19289000000.0,,,,ARS,ifrs-full:Revenue,947.0,6.0,0.0,0.0,0.0,296705.0,ARS,4720665550.225807,31809776166.4953,1907357302.3288205,1164604317.8316803,,,2965215783.988257,1,790.0,1759.0,947.0,15.421916539821101,0.03661152193388705,,24.18303950610601,65,0.0,0.0
933267,IRSA INVESTMENTS & REPRESENTATIONS INC,Argentina,6552,Land Subdividers & Developers (No Cemeteries),20-F,active,2018,28004000000.0,10461000000.0,678360000000.0,31905000000.0,,,,,ARS,ifrs-full:Revenue,928.0,6.0,0.0,0.0,0.0,291173.0,ARS,972995070.0899965,23569523487.58213,1108534770.4335573,,,,363465984.43834645,1,812.0,1771.0,928.0,13.862857840640036,0.0,,23.883220336786486,65,0.0,0.0
933267,IRSA INVESTMENTS & REPRESENTATIONS INC,Argentina,6552,Land Subdividers & Developers (No Cemeteries),20-F,active,2019,34868000000.0,14549000000.0,942054000000.0,56670000000.0,,,,,ARS,ifrs-full:Revenue,865.0,6.0,0.0,0.0,0.0,311427.0,ARS,694335509.1071732,18759365139.85457,1128484378.2581024,,,,289718002.81060755,1,832.0,1702.0,865.0,13.595736337236055,0.0,,23.654958938792728,65,0.0,0.0
933267,IRSA INVESTMENTS & REPRESENTATIONS INC,Argentina,6552,Land Subdividers & Developers (No Cemeteries),20-F,active,2020,45880000000.0,23204000000.0,365325000000.0,14657000000.0,,,,,ARS,ifrs-full:Revenue,784.0,6.0,0.0,0.0,0.0,275803.0,ARS,616010455.9157342,4905057101.295021,196793052.57970607,,,,311549839.1252985,1,701.0,1496.0,784.0,13.57436547489251,0.0,,22.313532571342463,65,0.0,0.0
933267,IRSA INVESTMENTS & REPRESENTATIONS INC,Argentina,6552,Land Subdividers & Developers (No Cemeteries),20-F,active,2021,256980000000.0,97040000000.0,803667000000.0,63996000000.0,,,,,ARS,ifrs-full:Revenue,652.0,6.0,0.1575,0.1575,3.0,190499.0,ARS,2447232577.2447376,7653358485.705293,609436905.6477321,,,,924116465.4674656,1,590.0,1281.0,652.0,15.138179100834067,0.0,,22.758410406184016,65,0.1575,0.1575
933267,IRSA INVESTMENTS & REPRESENTATIONS INC,Argentina,6552,Land Subdividers & Developers (No Cemeteries),20-F,active,2022,462486000000.0,159559000000.0,2643849000000.0,52565000000.0,,,,,ARS,ifrs-full:Revenue,750.0,5.0,0.1552,0.1552,3.0,193300.0,ARS,2965668246.192782,16953548922.62369,337070422.3719714,,,,1023164073.4947093,1,651.0,1401.0,750.0,15.190295015614497,0.0,,23.553743024822783,65,0.1552,0.1552
933267,IRSA INVESTMENTS & REPRESENTATIONS INC,Argentina,6552,Land Subdividers & Developers (No Cemeteries),20-F,active,2023,458059000000.0,152304000000.0,3125471000000.0,50969000000.0,,,,,ARS,ifrs-full:Revenue,667.0,5.0,0.1466,0.1466,3.0,204670.0,ARS,1243811510.80052,8486891004.157131,138401011.4286406,,,,413565650.58423126,1,622.0,1289.0,667.0,14.438656255218564,0.0,,22.861788575169395,65,0.1466,0.1466
933267,IRSA INVESTMENTS & REPRESENTATIONS INC,Argentina,6552,Land Subdividers & Developers (No Cemeteries),20-F,active,2024,468526000000.0,183736000000.0,3362069000000.0,54091000000.0,,,,,ARS,ifrs-full:Revenue,708.0,5.0,0.1972,0.1972,4.0,202873.0,ARS,400254660.3234607,2872164587.6195498,46209121.43948535,,,,156962879.90248433,1,693.0,1401.0,708.0,13.245167459611038,0.0,,21.778331794157342,65,0.1972,0.1972
1001290,CREDICORP LTD,Peru,6029,"Commercial Banks, NEC",20-F,active,2017,17599000000.0,,170472000000.0,1509492000.0,1342890000.0,635975000.0,,148219000000.0,PEN,ifrs-full:Revenue,33636.0,2.0,0.0,0.0,0.0,173488.0,PEN,5397657452.091974,52284190077.4489,462964983.38958,411867732.02112573,195055128.02398965,,,0,33636.0,33636.0,33636.0,11.985878690275015,0.011608152658501101,,24.67995986934335,60,0.0,0.0
1001290,CREDICORP LTD,Peru,6029,"Commercial Banks, NEC",20-F,active,2018,17995000000.0,,177263000000.0,1480702000.0,1464372000.0,591330000.0,,152997000000.0,PEN,ifrs-full:Revenue,34024.0,2.0,0.0518,0.0518,1.0,192873.0,PEN,5344709708.567109,52649029011.93284,439784515.4151006,434934328.7220803,175631408.27824333,,,0,34024.0,34024.0,34024.0,11.964551632176356,0.011596904035247064,,24.686913633037868,60,0.0518,0.0518
1001290,CREDICORP LTD,Peru,6029,"Commercial Banks, NEC",20-F,active,2019,19674000000.0,,187859000000.0,1428173000.0,1666265000.0,865822000.0,,161113000000.0,PEN,ifrs-full:Revenue,35828.0,1.0,0.1417,0.1417,3.0,211671.0,PEN,5652251993.358643,53971048450.76554,410307699.81249326,478710463.94804,248746778.76353395,,,0,35828.0,35828.0,35828.0,11.968834895991948,0.013478656864989167,,24.711713599935713,60,0.1417,0.1417
1001290,CREDICORP LTD,Peru,6029,"Commercial Banks, NEC",20-F,active,2020,18415000000.0,,237406000000.0,1374875000.0,1818398000.0,820899000.0,,211961000000.0,PEN,ifrs-full:Revenue,36806.0,1.0,0.0,0.0,0.0,242478.0,PEN,4990302235.636081,64334927643.41131,372578972.9144803,492769785.75488335,222456373.33322954,,,0,36806.0,36806.0,36806.0,11.817346158794258,0.011117229556119053,,24.887368518898054,60,0.0,0.0
1001290,CREDICORP LTD,Peru,6029,"Commercial Banks, NEC",20-F,active,2021,19452000000.0,,243443872000.0,1308779000.0,1913221000.0,796859000.0,,216611348000.0,PEN,ifrs-full:Revenue,36358.0,1.0,0.0704,0.0704,2.0,284065.0,PEN,4534482331.370553,56749534046.084435,305091263.1692793,445993564.69808245,185756891.63549286,,,0,36358.0,36358.0,36358.0,11.733807223077282,0.011132258034410493,,24.76191328263253,60,0.0704,0.0704
1001290,CREDICORP LTD,Peru,6029,"Commercial Banks, NEC",20-F,active,2022,20919000000.0,,235414157000.0,1281098000.0,2127216000.0,772213000.0,,205818944000.0,PEN,ifrs-full:Revenue,36968.0,2.0,0.2101,0.2101,6.0,285582.0,PEN,4568537533.898948,51412515524.914185,279781265.72029614,464566477.3034268,168644967.47763795,,,0,200.0,36968.0,36968.0,11.72465102362274,0.012316289882260564,,24.663147472470605,60,0.2101,0.2101
1001290,CREDICORP LTD,Peru,6029,"Commercial Banks, NEC",20-F,active,2023,25665000000.0,,238840188000.0,1357525000.0,2427017000.0,513458.0,,205733123000.0,COP;PEN,ifrs-full:Revenue,37074.0,1.0,0.3208,0.3208,9.0,280539.0,COP,4772682.783061754,44414901.740535066,252446.37424803845,451329.9142839738,95.48303746056193,,,0,37074.0,37074.0,,,0.010163827445990788,,17.60908559587988,60,0.3208,0.3208
1001290,CREDICORP LTD,Peru,6029,"Commercial Banks, NEC",20-F,active,2024,27472000000.0,,256088940000.0,1438609000.0,2566796000.0,722361000.0,,221111706000.0,PEN,ifrs-full:Revenue,38676.0,1.0,1.1036,1.1036,31.0,280901.0,PEN,5720691492.669532,53327235746.38753,299571864.71963537,534502331.1232595,150422409.2652976,,,0,38676.0,38676.0,38676.0,11.904380993754874,0.012843807311631655,,24.69971302722075,60,1.1036,1.1036
1001838,SOUTHERN COPPER CORP/,Peru,1000,Metal Mining,10-K,active,2017,6654500000.0,3252800000.0,13780100000.0,9099600000.0,26100000.0,41900000.0,,,USD,us-gaap:RevenueFromContractWithCustomerExcludingAssessedTax,13140.0,2.0,0.0,0.0,0.0,91472.0,USD,6654500000.0,13780100000.0,9099600000.0,26100000.0,41900000.0,,3252800000.0,0,13140.0,13140.0,13140.0,13.135142862452284,0.0049346521433081035,,23.346491359399643,10,0.0,0.0
1001838,SOUTHERN COPPER CORP/,Peru,1000,Metal Mining,10-K,active,2018,7096700000.0,3409000000.0,14287600000.0,9403800000.0,24800000.0,41900000.0,,,USD,us-gaap:RevenueFromContractWithCustomerExcludingAssessedTax,13899.0,2.0,0.0,0.0,0.0,93035.0,USD,6927490279.535739,13946934507.291393,9179581085.673367,24208682.75853373,40900959.98316788,,3327717722.7355437,0,13899.0,13899.0,13899.0,13.119191257445076,0.004668383773341919,,23.358525572484265,10,0.0,0.0
1001838,SOUTHERN COPPER CORP/,Peru,1000,Metal Mining,10-K,active,2019,7285600000.0,3606400000.0,16407400000.0,9371000000.0,30500000.0,41900000.0,,,USD,us-gaap:RevenueFromContractWithCustomerExcludingAssessedTax,14301.0,2.0,0.0,0.0,0.0,107196.0,USD,6985297980.468036,15731110421.205015,8984740772.889805,29242833.59013329,40172941.882838845,,3457749346.211695,0,14301.0,14301.0,14301.0,13.098988744925176,0.004412643075685362,,23.478906144100076,10,0.0,0.0
1001838,SOUTHERN COPPER CORP/,Peru,1000,Metal Mining,10-K,active,2020,7984900000.0,3929800000.0,16946500000.0,9458700000.0,25400000.0,41900000.0,,,USD,us-gaap:RevenueFromContractWithCustomerExcludingAssessedTax,13777.0,2.0,0.0,0.0,0.0,108245.0,USD,7562484208.724911,16049999203.891933,8958317497.40965,24056293.6169035,39683413.48615183,,3721906403.7680063,0,13777.0,13777.0,13777.0,13.2157097581541,0.003971321511816599,,23.498974636920686,10,0.0,0.0
1001838,SOUTHERN COPPER CORP/,Peru,1000,Metal Mining,10-K,active,2021,10934100000.0,3894400000.0,18297600000.0,9464400000.0,21000000.0,41900000.0,,,USD,us-gaap:RevenueFromContractWithCustomerExcludingAssessedTax,14700.0,4.0,0.0,0.0,0.0,119213.0,USD,9891000881.555996,16552032424.283571,8561508376.857589,18996626.92975882,37902793.73128069,,3522879234.0596547,0,500.0,14700.0,14700.0,13.419288406064368,0.003437609303952431,,23.529774736322217,10,0.0,0.0
1001838,SOUTHERN COPPER CORP/,Peru,1000,Metal Mining,10-K,active,2022,10047900000.0,4649100000.0,17277400000.0,9596600000.0,21400000.0,41900000.0,,,USD,us-gaap:RevenueFromContractWithCustomerExcludingAssessedTax,15018.0,2.0,0.0,0.0,0.0,122837.0,USD,8415840367.309777,14471067622.304953,8037844093.683756,17924042.223790966,35094269.58770287,,3893956294.51526,0,15018.0,15018.0,15018.0,13.236376764339424,0.0036637457024783827,,23.39541715664449,10,0.0,0.0
1001838,SOUTHERN COPPER CORP/,Peru,1000,Metal Mining,10-K,active,2023,9895800000.0,4687700000.0,16725300000.0,9782900000.0,18500000.0,41900000.0,,,USD,us-gaap:RevenueFromContractWithCustomerExcludingAssessedTax,15810.0,3.0,0.0788,0.0788,1.0,126957.0,USD,7960754080.153288,13454799027.545807,7869930787.8829,14882470.389744723,33706784.28812453,,3771057105.189532,0,5700.0,15810.0,15810.0,13.129391635799832,0.003611295462562704,,23.32260168437648,10,0.0788,0.0788
1001838,SOUTHERN COPPER CORP/,Peru,1000,Metal Mining,10-K,active,2024,11433400000.0,4841400000.0,18713500000.0,9883300000.0,16000000.0,41900000.0,,,USD,us-gaap:RevenueFromContractWithCustomerExcludingAssessedTax,16133.0,2.0,0.1529,0.1529,2.0,130776.0,USD,8934172805.269367,14622915562.423103,7722909203.414447,12502559.595947826,32741077.94188837,,3783118251.738863,0,16133.0,16133.0,16133.0,13.224527259453103,0.0030940230315013224,,23.405855694260303,10,0.1529,0.1529
1013131,BUENAVENTURA MINING CO INC,Peru,1000,Metal Mining,20-F,active,2017,1237642000.0,947953000.0,4332813000.0,1949555000.0,,,,1269186000.0,USD,ifrs-full:Revenue,3717.0,3.0,0.0,0.0,0.0,164841.0,USD,1237642000.0,4332813000.0,1949555000.0,,,,947953000.0,0,3118.0,3717.0,3717.0,12.715801623001626,0.0,,22.18948282160695,10,0.0,0.0
1013131,BUENAVENTURA MINING CO INC,Peru,1000,Metal Mining,20-F,active,2018,1150715000.0,967696000.0,4217221000.0,1847615000.0,,,,1187656000.0,USD,ifrs-full:Revenue,3450.0,3.0,0.0,0.0,0.0,172800.0,USD,1123277999.213151,4116667956.113967,1803561507.8592057,,,,944622801.2379862,0,3241.0,3450.0,3450.0,12.693387522543212,0.0,,22.138309924578305,10,0.0,0.0
1013131,BUENAVENTURA MINING CO INC,Peru,1000,Metal Mining,20-F,active,2019,867888000.0,799582000.0,4107274000.0,1754372000.0,,,,1139074000.0,USD,ifrs-full:Revenue,3087.0,3.0,0.0,0.0,0.0,177365.0,USD,832114897.0122492,3937978035.7731514,1682059293.481617,,,,766624372.7103592,0,3087.0,3087.0,3087.0,12.50452606211925,0.0,,22.093933239639703,10,0.0,0.0
1013131,BUENAVENTURA MINING CO INC,Peru,1000,Metal Mining,20-F,active,2020,676542000.0,652613000.0,3979617000.0,1650361000.0,,,,1179760000.0,USD,ifrs-full:Revenue,2934.0,2.0,0.0,0.0,0.0,194934.0,USD,640751692.7624853,3769087993.496876,1563053889.3656092,,,,618088580.5593796,0,2897.0,2934.0,2934.0,12.294030606347508,0.0,,22.050098897601725,10,0.0,0.0
1013131,BUENAVENTURA MINING CO INC,Peru,1000,Metal Mining,20-F,active,2021,900450000.0,813106000.0,4561811000.0,1537870000.0,,,,2023280000.0,USD,ifrs-full:Revenue,3045.0,2.0,0.0,0.0,0.0,273450.0,USD,814548224.7095871,4126620080.5271435,1391159174.1175332,,,,735536730.3023083,0,2957.0,3045.0,3045.0,12.496888011856244,0.0,,22.14072452642268,10,0.0,0.0
1013131,BUENAVENTURA MINING CO INC,Peru,1000,Metal Mining,20-F,active,2022,824802000.0,763473000.0,4503227000.0,1535195000.0,,,,1340286000.0,USD,ifrs-full:Revenue,2783.0,2.0,0.0,0.0,0.0,240241.0,USD,690831115.6199642,3771777144.4539957,1285836448.680036,,,,639463658.3516055,0,2687.0,2783.0,2783.0,12.422121184574278,0.0,,22.050812118438305,10,0.0,0.0
1013131,BUENAVENTURA MINING CO INC,Peru,1000,Metal Mining,20-F,active,2023,823845000.0,732597000.0,4533799000.0,,,,,1364588000.0,USD,ifrs-full:Revenue,13759.0,2.0,0.0,0.0,0.0,244051.0,USD,662748584.7696887,3647250236.246175,,,,,589343414.0603143,0,2734.0,13759.0,13759.0,10.782457833312424,0.0,,22.01723936069006,10,0.0,0.0
1013131,BUENAVENTURA MINING CO INC,Peru,1000,Metal Mining,20-F,active,2024,1154605000.0,795318000.0,5047903000.0,,,,,1488202000.0,USD,ifrs-full:Revenue,2958.0,2.0,0.0,0.0,0.0,233230.0,USD,902219863.8924588,3944481755.7539887,,,,,621469418.2956271,0,2734.0,2958.0,2958.0,12.628100156597318,0.0,,22.09558341525206,10,0.0,0.0
1027552,BANCO SANTANDER CHILE,Chile,6029,"Commercial Banks, NEC",20-F,active,2017,2058446000000.0,,35823605000000.0,242547000000.0,63219000000.0,,,,CLP,ifrs-full:InterestRevenueCalculatedUsingEffectiveInterestMethod,11068.0,4.0,0.0,0.0,0.0,184141.0,CLP,3172532046.7001786,55212298447.87221,373819925.4831014,97434814.156086,,,,0,11068.0,11068.0,11068.0,12.565982517997718,0.0017647302665379434,,24.73445156338238,60,0.0,0.0
1027552,BANCO SANTANDER CHILE,Chile,6029,"Commercial Banks, NEC",20-F,active,2018,2244317000000.0,,39132512000000.0,253586000000.0,66923000000.0,,,,CLP,ifrs-full:InterestRevenueCalculatedUsingEffectiveInterestMethod,11305.0,8.0,0.0503,0.0503,1.0,198655.0,CLP,3416316829.197067,59567814758.05609,386010585.6029996,101870712.18564726,,,,0,11305.0,11305.0,11305.0,12.61882847245377,0.0017101636613565722,,24.810381244315963,60,0.0503,0.0503
1027552,BANCO SANTANDER CHILE,Chile,6029,"Commercial Banks, NEC",20-F,active,2019,2321381000000.0,1551000000.0,50574714000000.0,250761000000.0,73389000000.0,,2808000000.0,8385368000000.0,CLP,ifrs-full:InterestRevenueCalculatedUsingEffectiveInterestMethod,11200.0,6.0,0.0,0.0,0.0,200428.0,CLP,3166460597.836912,68986021307.08868,342048472.85912216,100105659.86998822,,3830229.2293794295,2115628.7516978257,0,200.0,11200.0,11200.0,12.552211213116891,0.001451100642902301,0.001209624788003348,24.957169731267257,60,0.0,0.0
1027552,BANCO SANTANDER CHILE,Chile,6029,"Commercial Banks, NEC",20-F,active,2020,2215980000000.0,,55703223000000.0,240854000000.0,82537000000.0,,1559000000.0,9642865000000.0,CLP,ifrs-full:InterestRevenueCalculatedUsingEffectiveInterestMethod,10470.0,3.0,0.0484,0.0484,1.0,206550.0,CLP,2647506727.6953373,66550536397.80759,287756471.3545848,98609763.07718934,,1862590.3611391038,,0,10470.0,10470.0,10470.0,12.440614872722293,0.0014817275474347327,0.0007035262051101544,24.92122744182729,60,0.0484,0.0484
1027552,BANCO SANTANDER CHILE,Chile,6029,"Commercial Banks, NEC",20-F,active,2021,2904520000000.0,,63841950000000.0,236939000000.0,95411000000.0,,2305000000.0,,CLP,ifrs-full:InterestRevenueCalculatedUsingEffectiveInterestMethod,9988.0,3.0,0.0,0.0,0.0,222127.0,CLP,3461906444.7639365,76093419274.54346,282408332.9141897,113720668.40695603,,2747336.687363445,,0,9988.0,9988.0,9988.0,12.755945618470557,0.0014944875587290178,0.0007935906793549364,25.055227623364562,60,0.0,0.0
1027552,BANCO SANTANDER CHILE,Chile,6029,"Commercial Banks, NEC",20-F,active,2022,4086656000000.0,,68422026000000.0,238095000000.0,107789000000.0,,2583000000.0,,CLP,ifrs-full:InterestRevenueCalculatedUsingEffectiveInterestMethod,9389.0,3.0,0.0,0.0,0.0,230784.0,CLP,3919401461.8240495,65621718276.596596,228350487.79564443,103377520.43934025,,2477285.579185407,,0,9389.0,9389.0,9389.0,12.941910720521996,0.0015753552810611015,0.000632057114667836,24.90717254939403,60,0.0,0.0
1027552,BANCO SANTANDER CHILE,Chile,6029,"Commercial Banks, NEC",20-F,active,2023,4403991000000.0,,70781592000000.0,251823000000.0,97551000000.0,0.0,1791000000.0,,CLP,ifrs-full:InterestRevenueCalculatedUsingEffectiveInterestMethod,9229.0,3.0,0.345,0.345,8.0,231854.0,CLP,4217315007.9186025,67781307960.43208,241148748.31467327,93416016.5943726,0.0,1715083.2458972365,,0,9229.0,9229.0,9229.0,13.032358529185526,0.0013781973143525792,0.00040667658040173104,24.939552300083303,60,0.345,0.345
1027552,BANCO SANTANDER CHILE,Chile,6029,"Commercial Banks, NEC",20-F,active,2024,4094817000000.0,,68403283000000.0,251846000000.0,88669000000.0,0.0,627000000.0,,CLP,ifrs-full:InterestRevenueCalculatedUsingEffectiveInterestMethod,8757.0,3.0,0.4565,0.4565,11.0,240962.0,CLP,3391082271.223053,56647503484.222435,208563778.47372445,73430356.9383142,0.0,519243.8597516945,,0,8757.0,8757.0,8757.0,12.866806301913915,0.001296268192273754,0.00015312039585651814,24.760113754327065,60,0.4565,0.4565
1034957,CRESUD INC,Argentina,6500,Real Estate,20-F,active,2017,93266000000.0,62078000000.0,557674000000.0,52073000000.0,,19588000000.0,,434213000000.0,ARS,ifrs-full:Revenue,1759.0,6.0,0.0,0.0,0.0,410382.0,ARS,5631084364.502541,33670462353.800846,3143990908.935097,,1182656922.478457,,3748058833.654158,1,790.0,2635.0,1759.0,14.979067120521925,0.035124463396177696,,24.239886801946728,65,0.0,0.0
1034957,CRESUD INC,Argentina,6500,Real Estate,20-F,active,2018,47529000000.0,26733000000.0,726034000000.0,81268000000.0,,26018000000.0,,598833000000.0,ARS,ifrs-full:Revenue,1771.0,7.0,0.0,0.0,0.0,442984.0,ARS,1651388469.0154066,25225949961.352684,2823645313.3864393,,903991777.3747153,,928834352.5466318,1,812.0,3381.0,1771.0,13.745582629589467,0.03583578730472677,,23.951139061995423,65,0.0,0.0
1034957,CRESUD INC,Argentina,6500,Real Estate,20-F,active,2019,82244000000.0,55631000000.0,1031784000000.0,90054000000.0,,42344000000.0,,848309000000.0,ARS,ifrs-full:Revenue,1702.0,7.0,0.0,0.0,0.0,377976.0,ARS,1637746059.7398865,20546181855.243652,1793268611.252076,,843207032.1680093,,1107794502.3270953,1,832.0,3370.0,1702.0,13.777027470541642,0.04103959743512208,,23.745940962827742,65,0.0,0.0
1034957,CRESUD INC,Argentina,6500,Real Estate,20-F,active,2020,149930000000.0,-119602000000.0,556183000000.0,65783000000.0,,4902000000.0,,382537000000.0,ARS,ifrs-full:Revenue,1496.0,7.0,0.0,0.0,0.0,363783.0,ARS,2013043758.8370972,7467623003.543609,883239228.8906873,,65816984.63162442,,-1605843124.4209597,1,701.0,3185.0,1496.0,14.112363562954137,0.008813645868356278,,22.73384257976938,65,0.0,0.0
1034957,CRESUD INC,Argentina,6500,Real Estate,20-F,active,2021,767704000000.0,558938000000.0,1140909000000.0,128124000000.0,,9231000000.0,,695110000000.0,ARS,ifrs-full:Revenue,1281.0,7.0,0.1154,0.1154,3.0,260031.0,ARS,7310881152.156175,10864929848.516289,1220130853.4784992,,87907245.39087155,,5322792755.311771,1,568.0,2544.0,1281.0,15.557233342197563,0.008090916979355935,,23.108805993985666,65,0.1154,0.1154
1034957,CRESUD INC,Argentina,6500,Real Estate,20-F,active,2022,986274000000.0,597247000000.0,3972964000000.0,540773000000.0,,37031000000.0,,2178387000000.0,ARS,ifrs-full:Revenue,750.0,5.0,0.1236,0.1236,3.0,242655.0,ARS,6324432488.433249,25476432104.03571,3467679701.6523943,,237459427.58216447,,3829816390.191056,1,600.0,2750.0,750.0,15.947612935855204,0.009320748942099652,,23.961019630531492,65,0.1236,0.1236
1034957,CRESUD INC,Argentina,6500,Real Estate,20-F,active,2023,959359000000.0,571311000000.0,5539113000000.0,753946000000.0,,51628000000.0,,3037296000000.0,ARS,ifrs-full:Revenue,667.0,5.0,0.1166,0.1166,3.0,257311.0,ARS,2605039453.847814,15040884490.91667,2047261844.7012475,,140190457.29831582,,1551335522.3823912,1,622.0,2706.0,667.0,15.17792361155245,0.009320625883602666,,23.434037962975392,65,0.1166,0.1166
1034957,CRESUD INC,Argentina,6500,Real Estate,20-F,active,2024,914157000000.0,570742000000.0,5088822000000.0,712680000000.0,,28500000000.0,,2875030000000.0,ARS,ifrs-full:Revenue,708.0,5.0,0.1973,0.1973,5.0,253363.0,ARS,780950469.1678026,4347303503.021292,608831721.8667139,,24347118.023799382,,487576239.8294494,1,693.0,2867.0,708.0,13.913578192339587,0.0056005102949169775,,22.192821605476336,65,0.1973,0.1973
1038572,BRAZILIAN DISTRIBUTION CO COMPANHIA BRASILEIRA DE DISTR CBD,Brazil,5411,Retail-Grocery Stores,20-F,delisted_in_window,2017,44634000000.0,33585000000.0,55779000000.0,13292000000.0,,,,,BRL,ifrs-full:Revenue,91106.0,1.0,0.0,0.0,0.0,117726.0,BRL,13985757849.685373,17477967179.674698,4164957058.2519603,,,,10523629461.434855,0,91106.0,91106.0,91106.0,11.941526409543679,0.0,,23.584206906342168,54,0.0,0.0
1038572,BRAZILIAN DISTRIBUTION CO COMPANHIA BRASILEIRA DE DISTR CBD,Brazil,5411,Retail-Grocery Stores,20-F,delisted_in_window,2018,26490000000.0,19046000000.0,61657000000.0,14052000000.0,,,,,BRL,ifrs-full:Revenue,94119.0,2.0,0.0,0.0,0.0,115337.0,BRL,7077072599.721919,16472293895.09454,3754134547.8026576,,,,5088332379.550912,0,500.0,94119.0,94119.0,11.227810966481819,0.0,,23.52494564861415,54,0.0,0.0
1038572,BRAZILIAN DISTRIBUTION CO COMPANHIA BRASILEIRA DE DISTR CBD,Brazil,5411,Retail-Grocery Stores,20-F,delisted_in_window,2019,28838000000.0,21225000000.0,58475000000.0,24290000000.0,,,,,BRL,ifrs-full:Revenue,44293.0,4.0,0.0,0.0,0.0,136320.0,BRL,7009644176.148212,14213501047.238602,5904163154.124422,,,,5159154505.816833,0,500.0,145506.0,44293.0,11.971970847235546,0.0,,23.377458127825086,54,0.0,0.0
1038572,BRAZILIAN DISTRIBUTION CO COMPANHIA BRASILEIRA DE DISTR CBD,Brazil,5411,Retail-Grocery Stores,20-F,delisted_in_window,2020,16796000000.0,11939000000.0,53511000000.0,19888000000.0,,,,,BRL,ifrs-full:Revenue,42548.0,3.0,0.0,0.0,0.0,135546.0,BRL,3085724391.800521,9830923906.265638,3653779870.45301,,,,2193406972.7141232,0,500.0,53073.0,42548.0,11.191664148324838,0.0,,23.008798755118722,54,0.0,0.0
1038572,BRAZILIAN DISTRIBUTION CO COMPANHIA BRASILEIRA DE DISTR CBD,Brazil,5411,Retail-Grocery Stores,20-F,delisted_in_window,2021,16298000000.0,11942000000.0,49443000000.0,16344000000.0,,,,,BRL,ifrs-full:Revenue,41402.0,3.0,0.0,0.0,0.0,149808.0,BRL,2733054564.35735,8291226949.657655,2740768425.564887,,,,2002585446.530585,0,500.0,50515.0,41402.0,11.097601240872264,0.0,,22.838463798719687,54,0.0,0.0
1038572,BRAZILIAN DISTRIBUTION CO COMPANHIA BRASILEIRA DE DISTR CBD,Brazil,5411,Retail-Grocery Stores,20-F,delisted_in_window,2022,17321000000.0,13019000000.0,43839000000.0,6844000000.0,,,,,BRL,ifrs-full:Revenue,37325.0,2.0,0.0,0.0,0.0,180348.0,BRL,2809385985.3591585,7110482778.832639,1110065105.005374,,,,2111621508.1918414,0,500.0,37325.0,37325.0,11.228813163459424,0.0,,22.684835979839296,54,0.0,0.0
1038572,BRAZILIAN DISTRIBUTION CO COMPANHIA BRASILEIRA DE DISTR CBD,Brazil,5411,Retail-Grocery Stores,20-F,delisted_in_window,2023,19250000000.0,14433000000.0,22050000000.0,6577000000.0,,,,,BRL,ifrs-full:Revenue,39990.0,1.0,0.1459,0.1459,2.0,137125.0,BRL,3100648032.223031,3551651382.3645625,1059374654.9574479,,,,2324761197.3545456,0,39990.0,39990.0,39990.0,11.258492267402868,0.0,,21.990678510402795,54,0.1459,0.1459
1041792,ENERGY CO OF PARANA,Brazil,4911,Electric Services,20-F,active,2017,14024573000.0,,33162377000.0,9829450000.0,6452824000.0,,,33162377000.0,BRL,ifrs-full:Revenue,,,,,,,BRL,4394503784.631348,10391203442.2632,3079990758.0676146,2021948154.112071,,,,0,,,,,0.1945826742154219,,23.064225462324444,49,,
1041792,ENERGY CO OF PARANA,Brazil,4911,Electric Services,20-F,active,2018,14934780000.0,,35930100000.0,10840663000.0,6029097000.0,,,,BRL,ifrs-full:Revenue,,,,,,,BRL,3989978192.55851,9599091212.354418,2896193245.757615,1610734510.3724282,,,,0,,,,,0.16780072975026508,,22.984934265559403,49,,
1041792,ENERGY CO OF PARANA,Brazil,4911,Electric Services,20-F,active,2019,16244274000.0,,38312550000.0,10592103000.0,6332611000.0,,,,BRL,ifrs-full:Revenue,7266.0,4.0,0.0,0.0,0.0,161592.0,BRL,3948490902.276713,9312620257.330162,2574619360.11901,1539265892.7790453,,,,0,7095.0,7266.0,7266.0,13.20563808002205,0.16528816275606817,,22.95463633410752,49,0.0,0.0
1041792,ENERGY CO OF PARANA,Brazil,4911,Electric Services,20-F,active,2020,18633249000.0,,46784664000.0,9495460000.0,6929456000.0,,,,BRL,ifrs-full:Revenue,6667.0,5.0,0.0,0.0,0.0,168098.0,BRL,3423259760.525879,8595176164.979265,1744485147.2592385,1273064503.5191991,,,,0,311.0,6832.0,6667.0,13.14893381779991,0.14811383490966182,,22.8744669717875,49,0.0,0.0
1041792,ENERGY CO OF PARANA,Brazil,4911,Electric Services,20-F,active,2021,20976216000.0,,49537535000.0,10142591000.0,9215560000.0,,,,BRL,ifrs-full:Revenue,6538.0,4.0,0.0,0.0,0.0,187630.0,BRL,3517556932.2460227,8307079772.902318,1700837809.9742165,1545381538.907168,,,,0,6383.0,6538.0,6538.0,13.195645944966541,0.1860318645245469,,22.840373972851292,49,0.0,0.0
1041792,ENERGY CO OF PARANA,Brazil,4911,Electric Services,20-F,active,2022,20535341000.0,,49703700000.0,10069468000.0,10277727000.0,204057000.0,,,BRL,ifrs-full:Revenue,6029.0,4.0,0.0,0.0,0.0,191207.0,BRL,3330737209.74374,8061709959.03793,1633221077.2601185,1666999722.5995858,33097100.39919368,,,0,5875.0,6029.0,6029.0,13.222123062254898,0.21088538680218982,,22.81039152469032,49,0.0,0.0
1041792,ENERGY CO OF PARANA,Brazil,4911,Electric Services,20-F,active,2023,21479468000.0,,55819074000.0,10825421000.0,11170089000.0,,,,BRL,ifrs-full:Revenue,5954.0,4.0,0.1031,0.1031,2.0,193935.0,BRL,3459754295.449224,8990924777.07074,1743678977.7473183,1799195557.2782402,,,,0,5804.0,5954.0,5954.0,13.272644869042843,0.20011240243791936,,22.919481547444327,49,0.1031,0.1031
1041792,ENERGY CO OF PARANA,Brazil,4911,Electric Services,20-F,active,2024,22651036000.0,,57384156000.0,8516697000.0,16623610000.0,,,,BRL,ifrs-full:Revenue,4389.0,2.0,0.1651,0.1651,3.0,181677.0,BRL,3284460803.1903524,8320856101.511671,1234943844.032073,2410467912.0426626,,,,0,4389.0,4389.0,4389.0,13.525611646663208,0.28968989279898094,,22.84203098330232,49,0.1651,0.1651
1044896,Industrias Bachoco S.A.B. de C.V.,Mexico,2015,Poultry Slaughtering and Processing,20-F,delisted_in_window,2017,58050025000.0,47502959000.0,50557389000.0,17320041000.0,1040042000.0,1631094000.0,,14879461000.0,MXN,ifrs-full:Revenue,,0.0,0.0,0.0,0.0,79041.0,MXN,3067126720.800001,2671246373.0339484,915120373.4443107,54951580.278462835,86180358.9496569,,2509862741.0749073,0,,,,,0.052833741077886756,,21.705811006818124,20,0.0,0.0
1044896,Industrias Bachoco S.A.B. de C.V.,Mexico,2015,Poultry Slaughtering and Processing,20-F,delisted_in_window,2018,61052092000.0,51422376000.0,52865594000.0,18018176000.0,949355000.0,1631771000.0,,14699889000.0,MXN,ifrs-full:Revenue,,0.0,0.0,0.0,0.0,78590.0,MXN,3096827177.2263,2681572455.1979585,913960116.5648289,48155407.43199551,82770509.81004445,,2608366172.191928,0,,,,,0.0488243071665855,,21.709669196420478,20,0.0,0.0
1044896,Industrias Bachoco S.A.B. de C.V.,Mexico,2015,Poultry Slaughtering and Processing,20-F,delisted_in_window,2019,61655245000.0,51557351000.0,55702491000.0,18556646000.0,772640000.0,1578994000.0,,15442156000.0,MXN,ifrs-full:Revenue,,0.0,0.0,0.0,0.0,78900.0,MXN,3068678836.1748724,2772400876.0961266,923593553.972401,38455512.032790616,78589023.04657303,,2566090717.228346,0,,,,,0.04221775288290069,,21.742979524014448,20,0.0,0.0
1044896,Industrias Bachoco S.A.B. de C.V.,Mexico,2015,Poultry Slaughtering and Processing,20-F,delisted_in_window,2020,68792002000.0,57707566000.0,58475000000.0,19733822000.0,753224000.0,1650716000.0,,14548192000.0,MXN,ifrs-full:Revenue,,0.0,0.0,0.0,0.0,82190.0,MXN,3032391657.7973576,2577612179.242879,869878408.3832589,33202554.187225964,72764526.1405915,,2543783239.949761,0,,,,,0.0411105600684053,,21.670129295407975,20,0.0,0.0
1044896,Industrias Bachoco S.A.B. de C.V.,Mexico,2015,Poultry Slaughtering and Processing,20-F,delisted_in_window,2021,81699068000.0,68356654000.0,65988761000.0,21763402000.0,704374000.0,1688607000.0,,17704701000.0,MXN,ifrs-full:Revenue,,0.0,0.0,0.0,0.0,99222.0,MXN,3645599499.8714814,2944569625.9195848,971132834.0575686,31430780.852022387,75349511.143499,,3050230433.905169,0,,,,,0.03626346310699788,,21.803228506161908,20,0.0,0.0
1047716,LATAM AIRLINES GROUP S.A.,Chile,4512,"Air Transportation, Scheduled",20-F,active,2017,9613907000.0,7279358000.0,,12930652000.0,1617247000.0,2672550000.0,,17717420000.0,USD,ifrs-full:Revenue,43095.0,5.0,0.0,0.0,0.0,145166.0,USD,9613907000.0,,12930652000.0,1617247000.0,2672550000.0,,7279358000.0,0,43000.0,43593.0,43095.0,12.315314272896924,,,,45,0.0,0.0
1047716,LATAM AIRLINES GROUP S.A.,Chile,4512,"Air Transportation, Scheduled",20-F,active,2018,9895456000.0,7773432000.0,2695220000.0,12501809000.0,1441072000.0,2294072000.0,,16638121000.0,USD,ifrs-full:Revenue,41000.0,3.0,0.0,0.0,0.0,149800.0,USD,9659514316.735046,2630956691.3086805,12203722902.77346,1406711890.3308759,2239373438.436895,,7588086662.622354,0,41000.0,41097.0,41000.0,12.369881860449725,1.3858401169477816,,21.69061337794498,45,0.0,0.0
1047716,LATAM AIRLINES GROUP S.A.,Chile,4512,"Air Transportation, Scheduled",20-F,active,2019,10070063000.0,7951269000.0,2887708000.0,12919618000.0,1448241000.0,2209576000.0,,17958629000.0,USD,ifrs-full:Revenue,42000.0,3.0,0.0648,0.0648,1.0,154345.0,USD,9654989395.119947,2768680803.308086,12387089810.56035,1388546575.7838762,2118500435.1722083,,7623529055.651985,0,41043.0,42000.0,42000.0,12.34531575717859,1.2666852050138033,,21.741636799412216,45,0.0648,0.0648
1047716,LATAM AIRLINES GROUP S.A.,Chile,4512,"Air Transportation, Scheduled",20-F,active,2020,3923667000.0,4513228000.0,,10730269000.0,1046559000.0,,,18092475000.0,USD,ifrs-full:Revenue,28400.0,3.0,0.1199,0.1199,2.0,166821.0,USD,3716097850.6675153,,10162618175.289663,991194117.7721617,,,4274469997.1665406,0,28400.0,35717.0,28400.0,11.781795565659154,,,,45,0.1199,0.1199
1047716,LATAM AIRLINES GROUP S.A.,Chile,4512,"Air Transportation, Scheduled",20-F,active,2021,4884015000.0,4963485000.0,,9489867000.0,1018892000.0,,,20358436000.0,USD,ifrs-full:Revenue,29100.0,5.0,0.0538,0.0538,1.0,185910.0,USD,4418086232.111715,,8584545857.7156925,921691009.7959915,,,4489974896.021617,0,28429.0,35281.0,29100.0,11.930479006953647,,,,45,0.0538,0.0538
1047716,LATAM AIRLINES GROUP S.A.,Chile,4512,"Air Transportation, Scheduled",20-F,active,2022,9362521000.0,8103483000.0,,8411661000.0,1080386000.0,,,13180303000.0,USD,ifrs-full:Revenue,30877.0,8.0,0.0539,0.0539,1.0,185627.0,USD,7841786061.921944,,7045372286.739053,904901134.6725526,,,6787251002.419265,0,3583.0,35281.0,30877.0,12.444965610223457,,,,45,0.0539,0.0539
1047716,LATAM AIRLINES GROUP S.A.,Chile,4512,"Air Transportation, Scheduled",20-F,active,2023,11640541000.0,8816590000.0,,9091130000.0,1151986000.0,,,14229040000.0,USD,ifrs-full:Revenue,30877.0,7.0,0.3242,0.3242,6.0,185094.0,USD,9364324689.357265,,7313430974.828105,926724191.0486737,,,7092575114.244293,0,1603.0,35568.0,30877.0,12.62240621102954,,,,45,0.3242,0.3242
1047716,LATAM AIRLINES GROUP S.A.,Chile,4512,"Air Transportation, Scheduled",20-F,active,2024,12833043000.0,9565899000.0,,10186697000.0,1000170000.0,,,14542036000.0,USD,ifrs-full:Revenue,34174.0,4.0,0.3045,0.3045,6.0,197030.0,USD,10027867806.553818,,7959986645.522683,781542814.4424461,,,7474888896.019857,0,2145.0,37355.0,34174.0,12.589413434713547,,,,45,0.3045,0.3045
1049659,NATIONAL STEEL CO,Brazil,3310,"Steel Works, Blast Furnaces & Rolling & Finishing Mills",20-F,active,2017,18524601000.0,13596141000.0,45209970000.0,17964839000.0,,3590931000.0,,,BRL,ifrs-full:Revenue,25189.0,2.0,0.0,0.0,0.0,173345.0,BRL,5804556702.245811,14166234099.823908,5629159117.770846,,1125193606.2402775,,4260257555.141353,0,1195.0,25189.0,25189.0,12.347746414099104,0.07942785628922115,,23.37412708961242,33,0.0,0.0
1049659,NATIONAL STEEL CO,Brazil,3310,"Steel Works, Blast Furnaces & Rolling & Finishing Mills",20-F,active,2018,22968885000.0,16105657000.0,47327524000.0,18046864000.0,,3590931000.0,,,BRL,ifrs-full:Revenue,24857.0,2.0,0.0,0.0,0.0,128411.0,BRL,6136370958.084703,12644028815.140863,4821403047.387992,,959353695.2658373,,4302789877.509231,0,1073.0,24857.0,24857.0,12.41660467319677,0.07587405164064785,,23.260450910254864,33,0.0,0.0
1049659,NATIONAL STEEL CO,Brazil,3310,"Steel Works, Blast Furnaces & Rolling & Finishing Mills",20-F,active,2019,25436417000.0,17263264000.0,50869276000.0,19700944000.0,,,,419894000.0,BRL,ifrs-full:Revenue,24869.0,2.0,0.0,0.0,0.0,131530.0,BRL,6182822397.049983,12364779952.086695,4788702662.258898,,,,4196176501.800025,0,984.0,24869.0,24869.0,12.423663375810955,0.0,,23.23811794173125,33,0.0,0.0
1049659,NATIONAL STEEL CO,Brazil,3310,"Steel Works, Blast Furnaces & Rolling & Finishing Mills",20-F,active,2020,30064020000.0,19124901000.0,63002149000.0,21531134000.0,,,,344488000.0,BRL,ifrs-full:Revenue,23196.0,2.0,0.0,0.0,0.0,131672.0,BRL,5523296012.716044,11574617046.03184,3955652855.854103,,,,3513584990.8591433,0,452.0,23196.0,23196.0,12.380505493796475,0.0,,23.17208035179532,33,0.0,0.0
1049659,NATIONAL STEEL CO,Brazil,3310,"Steel Works, Blast Furnaces & Rolling & Finishing Mills",20-F,active,2021,47912039000.0,25837475000.0,79379103000.0,26370445000.0,,,,,BRL,ifrs-full:Revenue,24660.0,2.0,0.0,0.0,0.0,151968.0,BRL,8034496065.567392,13311290941.75618,4422129406.7606125,,,,4332754263.113199,0,257.0,24660.0,24660.0,12.69407234003535,0.0,,23.311878455015023,33,0.0,0.0
1049659,NATIONAL STEEL CO,Brazil,3310,"Steel Works, Blast Furnaces & Rolling & Finishing Mills",20-F,active,2022,44362120000.0,31054016000.0,85354359000.0,26370445000.0,,11415000.0,,,BRL,ifrs-full:Revenue,26766.0,1.0,0.0,0.0,0.0,152740.0,BRL,7195330420.231005,13844081748.392954,4277164055.80997,,1851460.1364167652,,5036817582.097977,0,26766.0,26766.0,26766.0,12.5018103954651,0.00013373657928823527,,23.351123667671228,33,0.0,0.0
1049659,NATIONAL STEEL CO,Brazil,3310,"Steel Works, Blast Furnaces & Rolling & Finishing Mills",20-F,active,2023,45437950000.0,33475189000.0,91529720000.0,27927458000.0,,,,,BRL,ifrs-full:Revenue,29563.0,1.0,0.0,0.0,0.0,148668.0,BRL,7318809883.415504,14742932270.54156,4498348971.048901,,,,5391936566.293198,0,29563.0,29563.0,29563.0,12.419434709058029,0.0,,23.414029636795643,33,0.0,0.0
1049659,NATIONAL STEEL CO,Brazil,3310,"Steel Works, Blast Furnaces & Rolling & Finishing Mills",20-F,active,2024,43687460000.0,31990696000.0,103906654000.0,30426023000.0,,,,,BRL,ifrs-full:Revenue,8341.0,6.0,0.0,0.0,0.0,146706.0,BRL,6334798547.887453,15066742742.08306,4411854713.420973,,,,4638736483.345769,0,159.0,26766.0,8341.0,13.540385458112363,0.0,,23.43575568435704,33,0.0,0.0
1061736,MEXICAN ECONOMIC DEVELOPMENT INC,Mexico,2086,Bottled & Canned Soft Drinks & Carbonated Waters,20-F,active,2017,439932000000.0,277842000000.0,588541000000.0,116712000000.0,,0.0,,251629000000.0,MXN,ifrs-full:Revenue,,0.0,0.0,0.0,0.0,192293.0,MXN,23244213805.850834,31096107665.523888,6166586385.41516,,0.0,,14680038852.016237,0,,,,,0.0,,24.16034849284961,20,0.0,0.0
1061736,MEXICAN ECONOMIC DEVELOPMENT INC,Mexico,2086,Bottled & Canned Soft Drinks & Carbonated Waters,20-F,active,2018,469744000000.0,294574000000.0,576381000000.0,108602000000.0,,0.0,,240839000000.0,MXN,ifrs-full:Revenue,,0.0,0.0,0.0,0.0,191645.0,MXN,23827455176.13043,29236546803.946896,5508764959.292969,,0.0,,14942072237.332344,0,,,,,0.0,,24.098685366493598,20,0.0,0.0
1061736,MEXICAN ECONOMIC DEVELOPMENT INC,Mexico,2086,Bottled & Canned Soft Drinks & Carbonated Waters,20-F,active,2019,506711000000.0,315230000000.0,637541000000.0,114513000000.0,,0.0,,,MXN,ifrs-full:Revenue,2600.0,1.0,0.0,0.0,0.0,182869.0,MXN,25219806064.46387,31731421615.36726,5699492712.532294,,0.0,,15689494535.743147,0,2600.0,2600.0,2600.0,16.087628753692414,0.0,,24.18057324504771,20,0.0,0.0
1061736,MEXICAN ECONOMIC DEVELOPMENT INC,Mexico,2086,Bottled & Canned Soft Drinks & Carbonated Waters,20-F,active,2020,492966000000.0,303313000000.0,684848000000.0,113106000000.0,,,,,MXN,ifrs-full:RevenueFromContractsWithCustomers,,0.0,0.0486,0.0486,1.0,205577.0,MXN,21730229423.730568,30188500140.746082,4985778591.627961,,,,13370214329.588633,0,,,,,0.0,,24.130726898766778,20,0.0486,0.0486
1061736,MEXICAN ECONOMIC DEVELOPMENT INC,Mexico,2086,Bottled & Canned Soft Drinks & Carbonated Waters,20-F,active,2021,505460000000.0,299276000000.0,737500000000.0,115147000000.0,,,,,MXN,ifrs-full:RevenueFromContractsWithCustomers,,0.0,0.0878,0.0878,2.0,227884.0,MXN,22554782671.511494,32908938828.472534,5138122819.365596,,,,13354380443.159248,0,,,,,0.0,,24.217010154728875,20,0.0878,0.0878
1061736,MEXICAN ECONOMIC DEVELOPMENT INC,Mexico,2086,Bottled & Canned Soft Drinks & Carbonated Waters,20-F,active,2022,597008000000.0,355490000000.0,798815000000.0,134001000000.0,,,,,MXN,ifrs-full:RevenueFromContractsWithCustomers,,0.0,0.0969,0.0969,2.0,206317.0,MXN,24843669151.49328,33241590687.645897,5576267838.905427,,,,14793228812.116999,0,,,,,0.0,,24.22706766041098,20,0.0969,0.0969
1061736,MEXICAN ECONOMIC DEVELOPMENT INC,Mexico,2086,Bottled & Canned Soft Drinks & Carbonated Waters,20-F,active,2023,702692000000.0,423185000000.0,805856000000.0,141530000000.0,,,,,MXN,ifrs-full:RevenueFromContractsWithCustomers,86000.0,2.0,0.0,0.0,0.0,177772.0,MXN,31831472532.62983,36504731986.78076,6411213316.137227,,,,19169994398.28681,0,22000.0,86000.0,86000.0,12.82161876434845,0.0,,24.320707732605314,20,0.0,0.0
1061736,MEXICAN ECONOMIC DEVELOPMENT INC,Mexico,2086,Bottled & Canned Soft Drinks & Carbonated Waters,20-F,active,2024,781585000000.0,460072000000.0,851536000000.0,177511000000.0,,,,,MXN,ifrs-full:RevenueFromContractsWithCustomers,93000.0,2.0,0.0,0.0,0.0,182381.0,MXN,33364820638.915874,36350935480.56817,7577707704.772477,,,,19639859722.214863,0,22000.0,93000.0,93000.0,12.790413135426554,0.0,,24.316485775961176,20,0.0,0.0
1066116,TIM PARTICIPACOES SA,Brazil,4813,Telephone Communications (No Radiotelephone),20-F,delisted_in_window,2017,16233959000.0,8002077000.0,32600365000.0,10838488000.0,,,,14449181000.0,BRL,ifrs-full:Revenue,9574.0,3.0,0.1619,0.1619,2.0,123505.0,BRL,5086799738.220202,10215100835.716232,3396165896.5076113,,,,2507395958.608612,0,3200.0,9574.0,9574.0,13.18310836469584,0.0,,23.047132936505136,48,0.1619,0.1619
1066116,TIM PARTICIPACOES SA,Brazil,4813,Telephone Communications (No Radiotelephone),20-F,delisted_in_window,2018,16981329000.0,7701418000.0,31957889000.0,11203622000.0,,,,12163052000.0,BRL,ifrs-full:Revenue,9661.0,2.0,0.3137,0.3137,4.0,127503.0,BRL,4536734547.858181,8537874691.840487,2993161429.741098,,,,2057512053.8620303,0,9661.0,9661.0,9661.0,13.059620886102419,0.0,,22.86777794865076,48,0.3137,0.3137
1066116,TIM PARTICIPACOES SA,Brazil,4813,Telephone Communications (No Radiotelephone),20-F,delisted_in_window,2019,17377194000.0,7433731000.0,40348924000.0,17612164000.0,,157556000.0,,17917106000.0,BRL,ifrs-full:Revenue,9700.0,2.0,0.226,0.226,3.0,132766.0,BRL,4223869433.3829556,9807601086.429255,4280983522.1571264,,38297090.568597265,,1806914807.240531,0,9700.0,9700.0,9700.0,12.984136307723709,0.003904837710170413,,23.006423543048573,48,0.226,0.226
1066119,TELEFONICA BRASIL S.A.,Brazil,4813,Telephone Communications (No Radiotelephone),20-F,active,2017,43206832000.0,20272530000.0,101382835000.0,33222316000.0,,,,31921477000.0,BRL,ifrs-full:RevenueFromRenderingOfTelecommunicationServices,33622.0,6.0,0.0674,0.0674,1.0,148348.0,BRL,13538564542.815727,31767616176.560627,10409984916.918224,,,,6352258269.043381,0,33331.0,33847.0,33622.0,12.905872189177241,0.0,,24.18171324862483,48,0.0674,0.0674
1066119,TELEFONICA BRASIL S.A.,Brazil,4813,Telephone Communications (No Radiotelephone),20-F,active,2018,43462740000.0,21025767000.0,102561318000.0,34115327000.0,,23062421000.0,,30954291000.0,BRL,ifrs-full:RevenueFromRenderingOfTelecommunicationServices,33331.0,6.0,0.3378,0.3378,5.0,148019.0,BRL,11611512508.978401,27400297976.940975,9114256169.96049,,6161360050.673891,,5617247245.142972,0,32638.0,33622.0,33331.0,12.76101972671677,0.2248647097144364,,24.033819725352142,48,0.3378,0.3378
1066119,TELEFONICA BRASIL S.A.,Brazil,4813,Telephone Communications (No Radiotelephone),20-F,active,2019,44268171000.0,22158947000.0,108289722000.0,42847264000.0,,23059172000.0,,37834144000.0,BRL,ifrs-full:RevenueFromRenderingOfTelecommunicationServices,32793.0,6.0,0.6337,0.6337,9.0,142027.0,BRL,10760251301.715904,26321950868.784554,10414871855.242561,,5604986154.261736,,5386168728.348947,0,32638.0,33622.0,32793.0,12.701154389623435,0.21293961766750127,,23.99366906181112,48,0.6337,0.6337
1066119,TELEFONICA BRASIL S.A.,Brazil,4813,Telephone Communications (No Radiotelephone),20-F,active,2020,43126472000.0,22693083000.0,108738378000.0,44352593000.0,,23026429000.0,,39181614000.0,BRL,ifrs-full:RevenueFromRenderingOfTelecommunicationServices,32759.0,6.0,0.5044,0.5044,8.0,158604.0,BRL,7923101130.191842,19977177025.448032,8148361399.124853,,4230365183.4581375,,4169123585.273502,0,32638.0,32793.0,32759.0,12.396115510506192,0.21175990872330283,,23.717856310166827,48,0.5044,0.5044
1066119,TELEFONICA BRASIL S.A.,Brazil,4813,Telephone Communications (No Radiotelephone),20-F,active,2021,44032613000.0,24781369000.0,115663533000.0,44408491000.0,,,,45657337000.0,BRL,ifrs-full:RevenueFromRenderingOfTelecommunicationServices,32793.0,6.0,0.5121,0.5121,9.0,175764.0,BRL,7383944897.547601,19395922615.98644,7446976869.786005,,,,4155653065.190437,0,32759.0,33985.0,32793.0,12.324603514744876,0.0,,23.688328706492264,48,0.5121,0.5121
1066119,TELEFONICA BRASIL S.A.,Brazil,4813,Telephone Communications (No Radiotelephone),20-F,active,2022,48041162000.0,27431680000.0,119121483000.0,45898185000.0,,,,50665636000.0,BRL,ifrs-full:RevenueFromRenderingOfTelecommunicationServices,33985.0,6.0,0.267,0.267,5.0,187253.0,BRL,7792053994.756017,19320952883.517075,7444473049.61734,,,,4449291458.163912,0,32759.0,34486.0,33985.0,12.342695802993706,0.0,,23.684455985607553,48,0.267,0.267
1066119,TELEFONICA BRASIL S.A.,Brazil,4813,Telephone Communications (No Radiotelephone),20-F,active,2023,52100151000.0,29415400000.0,120737980000.0,46318147000.0,,,,51110660000.0,BRL,ifrs-full:RevenueFromRenderingOfTelecommunicationServices,34486.0,6.0,0.535,0.535,10.0,186918.0,BRL,8391908087.099884,19447583381.90045,7460585524.767122,,,,4738015694.911861,0,33985.0,35039.0,34486.0,12.402225031977535,0.0,,23.69098865157428,48,0.535,0.535
1066119,TELEFONICA BRASIL S.A.,Brazil,4813,Telephone Communications (No Radiotelephone),20-F,active,2024,55845048000.0,31352158000.0,124940673000.0,46812381000.0,,,,55141178000.0,BRL,ifrs-full:RevenueFromRenderingOfTelecommunicationServices,35039.0,6.0,0.5941,0.5941,11.0,185159.0,BRL,8097681324.963848,18116731755.347668,6787920450.901795,,,,4546146765.49147,0,34486.0,35986.0,35039.0,12.35062659563808,0.0,,23.620101754590547,48,0.5941,0.5941
1071371,BANCOLOMBIA SA,Colombia,6029,"Commercial Banks, NEC",20-F,delisted_in_window,2017,90590000000.0,,203908211000000.0,3127405000000.0,535465000000.0,6095959000000.0,105145000000.0,179478661000000.0,COP,ifrs-full:RevenueFromContractsWithCustomers,13479.0,10.0,0.0,0.0,0.0,169666.0,COP,30693004.145195067,69086605204.35269,1059603208.1764408,181422115.73691222,2065385747.3886652,35624416.832393594,,0,382.0,31061.0,382.0,11.294124699976036,0.03252161336455451,1.1606689480075065,24.958626702393225,60,0.0,0.0
1071371,BANCOLOMBIA SA,Colombia,6029,"Commercial Banks, NEC",20-F,delisted_in_window,2018,3994259000000.0,,220076482000000.0,3368647000000.0,563452000000.0,6638403000000.0,78222000000.0,193421257000000.0,COP,ifrs-full:RevenueFromContractsWithCustomers,13328.0,10.0,0.0,0.0,0.0,191016.0,COP,1319151774.3834093,72682888548.37868,1112535934.0296533,186086757.41354802,2192411933.357889,25833750.414236795,,0,551.0,31040.0,13328.0,11.502632407421219,0.03272432808154394,0.019583607372481354,25.009371823058036,60,0.0,0.0
1071371,BANCOLOMBIA SA,Colombia,6029,"Commercial Banks, NEC",20-F,delisted_in_window,2019,4578972000000.0,,236088113000000.0,3827865000000.0,538958000000.0,6694354000000.0,85532000000.0,207282494000000.0,COP,ifrs-full:RevenueFromContractsWithCustomers,20522.0,8.0,0.0,0.0,0.0,196517.0,COP,1337824118.3970857,68977135400.31616,1118375504.1454852,157465695.61968416,1955868749.2057176,24989620.48572027,,0,3020.0,31075.0,20522.0,11.085057578466582,0.030638188039564702,0.018679301817089072,24.957040915618254,60,0.0,0.0
1071371,BANCOLOMBIA SA,Colombia,6029,"Commercial Banks, NEC",20-F,delisted_in_window,2020,4598413000000.0,,255568505000000.0,4302304000000.0,495606000000.0,7011715000000.0,,227453292000000.0,COP,ifrs-full:RevenueFromContractsWithCustomers,12508.0,9.0,0.0443,0.0443,1.0,225964.0,COP,1179210205.6940033,65537608159.58873,1103276453.1585426,127092467.1627325,1798073789.2437518,,,0,2969.0,30633.0,12508.0,11.45398701554502,0.029374984996684162,,24.905889985190278,60,0.0443,0.0443
1071371,BANCOLOMBIA SA,Colombia,6029,"Commercial Banks, NEC",20-F,delisted_in_window,2021,,,289855048000000.0,5100652000000.0,485626000000.0,8143146000000.0,,255929590000000.0,COP,,20406.0,5.0,0.0,0.0,0.0,268277.0,COP,,70028351905.12994,1232306477.5522037,117326189.95919862,1967366439.3205645,,,0,12498.0,31245.0,20406.0,,0.029769265912526047,,24.97216602421053,60,0.0,0.0
1071371,BANCOLOMBIA SA,Colombia,6029,"Commercial Banks, NEC",20-F,delisted_in_window,2022,,,352814733000000.0,6727066000000.0,602531000000.0,9836661000000.0,,312817182000000.0,COP,,33140.0,5.0,0.0,0.0376,1.0,266202.0,COP,,69430047937.23514,1323812389.8214438,118571454.93317656,1935746387.2471883,,,0,12740.0,33140.0,33140.0,,0.02958831087136035,,24.963585578151154,60,0.0,0.0376
1071371,BANCOLOMBIA SA,Colombia,6029,"Commercial Banks, NEC",20-F,delisted_in_window,2023,,,342928809000000.0,6522534000000.0,671572000000.0,7818125000000.0,,303879080000000.0,COP,,14400.0,6.0,0.1104,0.1472,4.0,271749.0,COP,,63771300312.884186,1212935348.674651,124886036.31351443,1453864429.5080721,,,0,1156.0,34756.0,14400.0,,0.0247564415038691,,24.87856908773348,60,0.1104,0.1472
1071371,BANCOLOMBIA SA,Colombia,6029,"Commercial Banks, NEC",20-F,delisted_in_window,2024,,,372215382000000.0,5906064000000.0,750484000000.0,9017419000000.0,,327631107000000.0,COP,,34114.0,4.0,0.4173,0.459,11.0,239628.0,COP,,71384835378.72868,1132686682.9384174,143930582.62801677,1729393791.8342674,,,0,13729.0,34114.0,34114.0,,0.02624260971568338,,24.991351294080413,60,0.4173,0.459
1071438,BRASKEM SA,Brazil,2860,Industrial Organic Chemicals,20-F,active,2017,49260594000.0,36177408000.0,52731844000.0,29761610000.0,2727497000.0,,167456000.0,,BRL,ifrs-full:Revenue,,,,,,,BRL,15435469355.55102,16523161741.080444,9325596421.489777,854642482.8100396,,52471189.37305449,11335942732.384964,0,,,,,0.05172390709492352,0.003399390596061428,23.52802897541202,28,,
1071438,BRASKEM SA,Brazil,2860,Industrial Organic Chemicals,20-F,active,2018,57999866000.0,46576657000.0,58807533000.0,31759890000.0,2740982000.0,,219256000.0,,BRL,ifrs-full:Revenue,,,,,,,BRL,15495253395.852886,15711029839.62033,8484977247.609746,732281185.6750089,,58576467.72082405,12443427068.378487,0,,,,,0.0466093689051707,0.003780284595829928,23.47762884019212,28,,
1071438,BRASKEM SA,Brazil,2860,Industrial Organic Chemicals,20-F,active,2019,52323525000.0,45879118000.0,68129037000.0,32315181000.0,2762088000.0,,247730000.0,,BRL,ifrs-full:Revenue,339.0,4.0,0.0,0.0,0.0,188540.0,BRL,12718263828.691153,16560104980.707268,7854841538.866266,671379917.581277,,60215658.22030643,11151823715.081373,0,297.0,830.0,,,0.040542008541820426,0.0047345816246134025,23.53026232529812,28,0.0,0.0
1071438,BRASKEM SA,Brazil,2860,Industrial Organic Chemicals,20-F,active,2020,58543494000.0,47331414000.0,86083919000.0,35929149000.0,2828691000.0,,250648000.0,,BRL,ifrs-full:Revenue,362.0,3.0,0.0,0.0,0.0,201945.0,BRL,10755482699.27527,15815149356.99454,6600824687.183573,519680924.9563352,,46048502.46225393,8695623879.388464,0,292.0,825.0,,,0.032859691250813054,0.004281398032034098,23.484234137667936,28,0.0,0.0
1071438,BRASKEM SA,Brazil,2860,Industrial Organic Chemicals,20-F,active,2021,105625000000.0,73568000000.0,92564368000.0,37223000000.0,2877299000.0,,297000000.0,4192302000.0,BRL,ifrs-full:Revenue,303.0,5.0,0.0,0.0,0.0,216388.0,BRL,17712534566.219482,15522362772.073471,6242022950.611955,482501850.8388047,,49804712.57909762,12336811767.740921,0,303.0,939.0,,,0.031084304491767287,0.002811834319526627,23.465547580582733,28,0.0,0.0
1071438,BRASKEM SA,Brazil,2860,Industrial Organic Chemicals,20-F,active,2022,96519000000.0,85161000000.0,88049000000.0,37763000000.0,,,374000000.0,3012580000.0,BRL,ifrs-full:Revenue,360.0,3.0,0.0,0.0,0.0,210929.0,BRL,15654934814.438,14281140039.540934,6124983717.170942,,,60661067.98246782,13812719814.050648,0,360.0,360.0,,,0.0,0.0038748847377200342,23.382205625372976,28,0.0,0.0
1071438,BRASKEM SA,Brazil,2860,Industrial Organic Chemicals,20-F,active,2023,70569000000.0,67548000000.0,91741000000.0,38405000000.0,,,383000000.0,,BRL,ifrs-full:Revenue,366.0,3.0,0.0,0.0,0.0,200805.0,BRL,11366734077.192057,14776963694.762238,6185994165.066259,,,61690815.39435952,10880133676.914352,0,366.0,366.0,,,0.0,0.005427312275928523,23.41633529799017,28,0.0,0.0
1071438,BRASKEM SA,Brazil,2860,Industrial Organic Chemicals,20-F,active,2024,77411000000.0,71414000000.0,101575000000.0,40417000000.0,,,463000000.0,,BRL,ifrs-full:Revenue,370.0,3.0,0.0,0.0,0.0,195219.0,BRL,11224802045.953588,14728646675.76618,5860573100.609813,,,67136238.35471073,10355221006.184258,0,370.0,370.0,,,0.0,0.005981062122954103,23.41306018782786,28,0.0,0.0
1073404,GERDAU S.A.,Brazil,3310,"Steel Works, Blast Furnaces & Rolling & Finishing Mills",20-F,active,2017,36917619000.0,33312995000.0,50301761000.0,16443742000.0,972089000.0,7891142000.0,,26407820000.0,BRL,ifrs-full:Revenue,798.0,1.0,0.0,0.0,0.0,126827.0,BRL,11567882773.691444,15761711895.83608,5152533802.811782,304597422.64513165,2472635237.027422,,10438398559.792526,0,798.0,798.0,,,0.1762012069517805,,23.48084953830935,33,0.0,0.0
1073404,GERDAU S.A.,Brazil,3310,"Steel Works, Blast Furnaces & Rolling & Finishing Mills",20-F,active,2018,46159478000.0,40010100000.0,51281029000.0,15546481000.0,836096000.0,9112390000.0,,25342458000.0,BRL,ifrs-full:Revenue,6301.0,1.0,0.0,0.0,0.0,122117.0,BRL,12331973460.59897,13700247837.729147,4153400328.6975245,223371539.91457522,2434467557.0773883,,10689104659.197205,0,6301.0,6301.0,6301.0,14.48699756494996,0.19399934427992854,,23.340679759962054,33,0.0,0.0
1073404,GERDAU S.A.,Brazil,3310,"Steel Works, Blast Furnaces & Rolling & Finishing Mills",20-F,active,2019,39644010000.0,35440726000.0,54002970000.0,15901493000.0,673262000.0,9469311000.0,,26829843000.0,BRL,ifrs-full:Revenue,6187.0,1.0,0.0,0.0,0.0,119743.0,BRL,9636257847.827919,13126486030.765194,3865171225.4494615,163649596.27303898,2301702638.993211,,8614566842.512123,0,6187.0,6187.0,6187.0,14.258593084613267,0.18781509609564065,,23.297897860406675,33,0.0,0.0
1073404,GERDAU S.A.,Brazil,3310,"Steel Works, Blast Furnaces & Rolling & Finishing Mills",20-F,active,2020,43814661000.0,37884102000.0,63123009000.0,17252915000.0,622578000.0,12103519000.0,,32037799000.0,BRL,ifrs-full:Revenue,5727.0,1.0,0.0,0.0,0.0,120759.0,BRL,8049533708.393129,11596821180.944498,3169667816.453982,114378668.75436917,2223632043.6366425,,6959984377.402887,0,5727.0,5727.0,5727.0,14.155932889882127,0.20160789546645347,,23.173996861378495,33,0.0,0.0
1073404,GERDAU S.A.,Brazil,3310,"Steel Works, Blast Furnaces & Rolling & Finishing Mills",20-F,active,2021,78345081000.0,57527721000.0,73814613000.0,18741786000.0,509760000.0,12427527000.0,,,BRL,ifrs-full:Revenue,5929.0,1.0,0.0,0.0,0.0,128186.0,BRL,13137893067.983574,12378166951.522972,3142859477.9426117,85482997.59030573,2084004748.4982336,,9646975116.954607,0,5929.0,5929.0,5929.0,14.611155648536574,0.17526728752205203,,23.23920002793502,33,0.0,0.0
1073404,GERDAU S.A.,Brazil,3310,"Steel Works, Blast Furnaces & Rolling & Finishing Mills",20-F,active,2022,82412210000.0,63661156000.0,73798652000.0,20422734000.0,415159000.0,11634464000.0,,,BRL,ifrs-full:Revenue,6222.0,1.0,0.0764,0.0764,1.0,130960.0,BRL,13366878805.870092,11969799588.199158,3312472875.8338423,67336867.17254908,1887056180.8651726,,10325544684.380987,0,6222.0,6222.0,6222.0,14.580199075770652,0.1632770067399063,,23.205652613535626,33,0.0764,0.0764
1073404,GERDAU S.A.,Brazil,3310,"Steel Works, Blast Furnaces & Rolling & Finishing Mills",20-F,active,2023,68916447000.0,57583992000.0,74885144000.0,22880530000.0,373710000.0,10825148000.0,,,BRL,ifrs-full:Revenue,6301.0,2.0,0.0,0.0,0.0,135134.0,BRL,11100553027.446898,12061946721.368223,3685427029.647794,60194450.70763995,1743635004.9206793,,9275204752.329702,0,900.0,6301.0,6301.0,14.381797136374068,0.14954712512804944,,23.21332143490097,33,0.0,0.0
1073404,GERDAU S.A.,Brazil,3310,"Steel Works, Blast Furnaces & Rolling & Finishing Mills",20-F,active,2024,67026656000.0,57823416000.0,86814493000.0,29591314000.0,400567000.0,13853114000.0,,,BRL,ifrs-full:Revenue,6477.0,2.0,0.0,0.0,0.0,139495.0,BRL,9719044391.652704,12588333681.838802,4290819675.8814,58083286.369398296,2008738581.984838,,8384549976.370613,0,600.0,6477.0,6477.0,14.221340417786765,0.1641855006859281,,23.256036323728512,33,0.0,0.0
1076378,CEMEX SAB DE CV,Mexico,3241,"Cement, Hydraulic",20-F,active,2017,12926000000.0,8365000000.0,29884000000.0,11588000000.0,2006000000.0,9948000000.0,,19286000000.0,USD,ifrs-full:Revenue,40878.0,7.0,0.0,0.0,0.0,228560.0,USD,12926000000.0,29884000000.0,11588000000.0,2006000000.0,9948000000.0,,8365000000.0,0,2000.0,56791.0,40878.0,12.664159323785391,0.40001338508901085,,24.120589057059966,32,0.0,0.0
1076378,CEMEX SAB DE CV,Mexico,3241,"Cement, Hydraulic",20-F,active,2018,13531000000.0,8849000000.0,29181000000.0,11232000000.0,2024000000.0,9912000000.0,,18128000000.0,USD,ifrs-full:Revenue,42024.0,3.0,0.0,0.0,0.0,233947.0,USD,13208374451.843544,28485224660.35374,10964190513.864954,1975740883.1964626,9675663850.91074,,8638009424.60746,0,2000.0,42024.0,42024.0,12.658120730910431,0.40903327507624826,,24.072651356818135,32,0.0,0.0
1076378,CEMEX SAB DE CV,Mexico,3241,"Cement, Hydraulic",20-F,active,2019,12959000000.0,8714000000.0,29363000000.0,10565000000.0,2028000000.0,9562000000.0,,18539000000.0,USD,ifrs-full:Revenue,40640.0,2.0,0.0,0.0,0.0,243515.0,USD,12424848540.804502,28152699105.150288,10129525799.336334,1944408738.3865676,9167868025.864082,,8354821373.915459,0,40640.0,40640.0,40640.0,12.630456136727554,0.3947144365357763,,24.060909069889462,32,0.0,0.0
1076378,CEMEX SAB DE CV,Mexico,3241,"Cement, Hydraulic",20-F,active,2020,12669000000.0,8586000000.0,27425000000.0,10170000000.0,1746000000.0,8506000000.0,,18473000000.0,USD,ifrs-full:Revenue,41663.0,3.0,0.0,0.0411,1.0,243209.0,USD,11998786765.061039,25974167419.03852,9631988428.500338,1653633411.6186419,8056017067.14099,,8131784921.052497,0,1189.0,41663.0,41663.0,12.570702654967485,0.3738195077484047,,23.980368320252964,32,0.0,0.0411
1076378,CEMEX SAB DE CV,Mexico,3241,"Cement, Hydraulic",20-F,active,2021,14379000000.0,9743000000.0,26650000000.0,10202000000.0,1779000000.0,41000000.0,,16379000000.0,USD,ifrs-full:Revenue,46210.0,3.0,0.1196,0.1196,3.0,250747.0,USD,13007261839.190575,24107624175.146313,9228742282.733309,1609285681.3352828,37088652.57714817,,8813530294.125723,0,1125.0,46210.0,46210.0,12.54782213759771,0.06829268292682926,,23.90579398322827,32,0.1196,0.1196
1076378,CEMEX SAB DE CV,Mexico,3241,"Cement, Hydraulic",20-F,active,2022,14706000000.0,10221000000.0,26447000000.0,10156000000.0,1755000000.0,7538000000.0,,15538000000.0,USD,ifrs-full:Revenue,4400.0,5.0,0.2395,0.2395,6.0,250568.0,USD,12317334810.423828,22151268443.579422,8506381907.701918,1469938976.7641656,6313618237.520388,,8560824092.026516,0,1162.0,43853.0,4400.0,14.844913621419911,0.35138200930162217,,23.82116059787374,32,0.2395,0.2395
1076378,CEMEX SAB DE CV,Mexico,3241,"Cement, Hydraulic",20-F,active,2023,16554000000.0,10979000000.0,28433000000.0,11272000000.0,1856000000.0,7674000000.0,,16317000000.0,USD,ifrs-full:Revenue,46497.0,4.0,0.7313,0.7313,19.0,259824.0,USD,13316995396.31536,22873150302.249283,9067848985.578514,1493073786.127903,6173409609.237892,,8832142832.919313,0,1235.0,46497.0,46497.0,12.56516383240137,0.3351739176309218,,23.853229583734706,32,0.7313,0.7313
1076378,CEMEX SAB DE CV,Mexico,3241,"Cement, Hydraulic",20-F,active,2024,16200000000.0,10761000000.0,27299000000.0,10152000000.0,1920000000.0,7441000000.0,,14822000000.0,USD,ifrs-full:Revenue,45649.0,4.0,0.9049,0.9049,24.0,265233.0,USD,12658841590.897175,21331710900.611233,7932874063.628896,1500307151.513739,5814471622.090487,,8408752738.2496605,0,1251.0,45649.0,45649.0,12.53288476798887,0.34290633356533207,,23.78346057721206,32,0.9049,0.9049
1094972,ULTRAPAR HOLDINGS INC,Brazil,4924,Natural Gas Distribution,20-F,active,2017,79230014000.0,72431473000.0,28284346000.0,6637826000.0,2238042000.0,,55836000.0,,BRL,ifrs-full:Revenue,16448.0,2.0,0.0,0.0,0.0,166435.0,BRL,24826181615.611015,8862705876.522766,2079917262.2741783,701275114.6978885,,17495827.738832112,22695905410.091503,0,16448.0,16448.0,16448.0,14.22720547529912,0.07912652461541801,0.0007047329311339008,22.905117958607935,49,0.0,0.0
1094972,ULTRAPAR HOLDINGS INC,Brazil,4924,Natural Gas Distribution,20-F,active,2018,90697983000.0,84537368000.0,30499395000.0,7278865000.0,2369355000.0,,63085000.0,,BRL,ifrs-full:Revenue,17034.0,4.0,0.0,0.0,0.0,176611.0,BRL,24230887517.529045,8148223203.570997,1944622727.3905206,632997257.437302,,16853798.601489514,22585016637.425766,0,619.0,17034.0,17034.0,14.167927374273368,0.07768531146273558,0.0006955501976267763,22.82106572859937,49,0.0,0.0
1094972,ULTRAPAR HOLDINGS INC,Brazil,4924,Natural Gas Distribution,20-F,active,2019,83004729000.0,78208786000.0,31195472000.0,7572762000.0,1762593000.0,,61589000.0,,BRL,ifrs-full:Revenue,16024.0,4.0,0.0,0.0,0.0,180848.0,BRL,20175935058.86714,7582674201.643479,1840709031.5089984,428432961.9727307,,14970420.11113088,19010186604.77571,0,613.0,16024.0,16024.0,14.045913520086337,0.056501565355382345,0.0007419938688071617,22.749131771433035,49,0.0,0.0
1094972,ULTRAPAR HOLDINGS INC,Brazil,4924,Natural Gas Distribution,20-F,active,2020,74058056000.0,70056447000.0,36250162000.0,8005860000.0,1782655000.0,,63746000.0,,BRL,ifrs-full:Revenue,946.0,1.0,0.0546,0.0546,1.0,183069.0,BRL,13605784103.865736,6659800493.577063,1470819092.601817,327505478.4273135,,11711275.725155752,12870617248.796165,0,946.0,946.0,,,0.04917646988722423,0.0008607571335655909,22.619355365130662,49,0.0546,0.0546
1094972,ULTRAPAR HOLDINGS INC,Brazil,4924,Natural Gas Distribution,20-F,active,2021,109732842000.0,104827966000.0,39010357000.0,5534591000.0,,,,,BRL,ifrs-full:Revenue,16442.0,1.0,0.0533,0.0533,1.0,187768.0,BRL,18401389415.143204,6541749555.531949,928110148.1409444,,,,17578877834.617565,0,16442.0,16442.0,16442.0,13.928097694690974,0.0,,22.60147048277584,49,0.0533,0.0533
1094972,ULTRAPAR HOLDINGS INC,Brazil,4924,Natural Gas Distribution,20-F,active,2022,143634708000.0,136276257000.0,36441003000.0,5862413000.0,,,,,BRL,ifrs-full:Revenue,9778.0,2.0,0.1192,0.1192,2.0,167750.0,BRL,23296884456.229717,5910561926.02223,950856239.3965324,,,,22103377781.479294,0,9778.0,9778.0,9778.0,14.683695231114013,0.0,,22.500006744389765,49,0.1192,0.1192
1094972,ULTRAPAR HOLDINGS INC,Brazil,4924,Natural Gas Distribution,20-F,active,2023,126048701000.0,116730469000.0,38251974000.0,6387581000.0,,,,,BRL,ifrs-full:Revenue,729.0,1.0,0.1184,0.1184,2.0,168965.0,BRL,20302995154.281517,6161345865.545275,1028864439.3929985,,,,18802083065.211506,0,729.0,729.0,,,0.0,,22.54156107529398,49,0.1184,0.1184
1094972,ULTRAPAR HOLDINGS INC,Brazil,4924,Natural Gas Distribution,20-F,active,2024,133498913000.0,123811893000.0,39558074000.0,7135966000.0,,,,,BRL,ifrs-full:Revenue,558.0,1.0,0.1948,0.1948,3.0,153993.0,BRL,19357699445.491985,5736026533.298672,1034734156.0844744,,,,17953055636.27633,0,558.0,558.0,,,0.0,,22.47003256598245,49,0.1948,0.1948
1099590,MERCADOLIBRE INC,Argentina,7389,"Services-Business Services, NEC",10-K,active,2017,1216542000.0,496942000.0,1673187000.0,114837000.0,23174000.0,92279000.0,127160000.0,1347408000.0,USD,us-gaap:RevenueFromContractWithCustomerExcludingAssessedTax,,0.0,0.0,0.0,0.0,89295.0,USD,1216542000.0,1673187000.0,114837000.0,23174000.0,92279000.0,127160000.0,496942000.0,0,,,,,0.06900185095867946,0.10452577880582832,21.237996027958744,73,0.0,0.0
1099590,MERCADOLIBRE INC,Argentina,7389,"Services-Business Services, NEC",10-K,active,2018,1439653000.0,742645000.0,2239519000.0,165614000.0,18581000.0,88883000.0,146273000.0,1902819000.0,USD,us-gaap:RevenueFromContractWithCustomerExcludingAssessedTax,2409.0,1.0,0.3643,0.3643,3.0,82356.0,USD,1405326724.1682,2186121169.464061,161665192.99886313,18137965.09420626,86763723.77527232,142785348.91689533,724937790.6133581,0,2409.0,2409.0,2409.0,13.276568653975067,0.047985303987150806,0.10160295571224455,21.505394654928566,73,0.3643,0.3643
1099590,MERCADOLIBRE INC,Argentina,7389,"Services-Business Services, NEC",10-K,active,2019,2296314000.0,,4781691000.0,244257000.0,14275000.0,87609000.0,223807000.0,2699728000.0,USD,us-gaap:RevenueFromContractWithCustomerExcludingAssessedTax,3492.0,1.0,0.5259,0.5259,4.0,76064.0,USD,2201663218.7768307,4584596530.899608,234189075.54836679,13686604.901611565,83997882.22944221,214581995.3215397,,0,3492.0,3492.0,3492.0,13.35424900325561,0.021307106628178193,0.09746358729685922,22.245967941160053,73,0.5259,0.5259
1099590,MERCADOLIBRE INC,Argentina,7389,"Services-Business Services, NEC",10-K,active,2020,3974000000.0,,6526332000.0,391684000.0,14155000.0,85000000.0,353000000.0,4874754000.0,USD,us-gaap:RevenueFromContractWithCustomerExcludingAssessedTax,5201.0,1.0,0.7233,0.7233,6.0,82950.0,USD,3763768143.054114,6181077119.424923,370963201.1434342,13406174.651467284,80503344.78097627,334325655.384525,,0,5201.0,5201.0,5201.0,13.492080264448225,0.015193067101091392,0.08882737795671868,22.54475838439815,73,0.7233,0.7233
1099590,MERCADOLIBRE INC,Argentina,7389,"Services-Business Services, NEC",10-K,active,2021,5710000000.0,,10101000000.0,807000000.0,45000000.0,148000000.0,590000000.0,8570000000.0,USD,us-gaap:RevenueFromContractWithCustomerExcludingAssessedTax,9471.0,1.0,1.1489,1.1489,10.0,87037.0,USD,5165273322.32966,9137377553.213993,730013234.8721603,40707057.70662604,133880989.79068121,533714756.59798586,,0,9471.0,9471.0,9471.0,13.209234079058234,0.019107019107019105,0.10332749562171628,22.935639261463464,73,1.1489,1.1489
1099590,MERCADOLIBRE INC,Argentina,7389,"Services-Business Services, NEC",10-K,active,2022,7450000000.0,,13736000000.0,993000000.0,25000000.0,153000000.0,1099000000.0,11909000000.0,USD,us-gaap:RevenueFromContractWithCustomerExcludingAssessedTax,40548.0,2.0,0.7124,0.7124,7.0,98253.0,USD,6239911895.665546,11504889905.887508,831709062.066562,20939301.6633072,128148526.17944007,920491701.1189846,,0,13856.0,40548.0,40548.0,11.943990163441411,0.012958648806057077,0.14751677852348993,23.16603799114741,73,0.7124,0.7124
1099590,MERCADOLIBRE INC,Argentina,7389,"Services-Business Services, NEC",10-K,active,2023,10487000000.0,,17612000000.0,1250000000.0,11000000.0,163000000.0,1831000000.0,14541000000.0,USD,us-gaap:RevenueFromContractWithCustomerExcludingAssessedTax,15638.0,1.0,1.2091,1.2091,12.0,99246.0,USD,8436349566.337996,14168111811.036976,1005572323.6314002,8849036.447956322,131126631.00153458,1472962339.655275,,0,15638.0,15638.0,15638.0,13.198356407471133,0.009879627526686351,0.17459712024411175,23.374259629196832,73,1.2091,1.2091
1099590,MERCADOLIBRE INC,Argentina,7389,"Services-Business Services, NEC",10-K,active,2024,15137000000.0,,25196000000.0,1380000000.0,12000000.0,149000000.0,1934000000.0,20845000000.0,USD,us-gaap:RevenueFromContractWithCustomerExcludingAssessedTax,60000.0,2.0,1.9025,1.9025,20.0,105126.0,USD,11828202787.74139,19688405723.71884,1078345765.1505,9376919.69696087,116430086.23726414,1511246891.1601934,,0,18282.0,60000.0,60000.0,12.191652742304862,0.006389903159231623,0.1277664002114025,23.703295757488355,73,1.9025,1.9025
1110649,Fibria Celulose S.A.,Brazil,2621,Paper Mills,20-F,delisted_in_window,2017,11739153000.0,8248416000.0,38693331000.0,15101738000.0,,4230450000.0,,24043402000.0,BRL,ifrs-full:Revenue,,0.0,0.0,0.0,0.0,128608.0,BRL,3678383098.4990726,12124289953.03411,4732026051.382173,,1325582499.78047,,2584584595.1398134,0,,,,,0.10933279432571985,,23.218476711480715,26,0.0,0.0
1114700,GRUPO FINANCIERO GALICIA SA,Argentina,6029,"Commercial Banks, NEC",20-F,active,2017,84136666000.0,,,,,,,,ARS,ifrs-full:RevenueFromInterest,4575.0,19.0,0.0,0.0,0.0,188113.0,ARS,5079886179.25045,,,,,,,1,158.0,12131.0,4575.0,13.920192714916809,,,,60,0.0,0.0
1114700,GRUPO FINANCIERO GALICIA SA,Argentina,6029,"Commercial Banks, NEC",20-F,active,2018,163927492000.0,,876370731000.0,29785930000.0,7056518000.0,,,781228951000.0,ARS,ifrs-full:RevenueFromInterest,1000.0,2.0,0.0,0.0,0.0,169178.0,ARS,5695637822.033186,30449378689.978806,1034907979.1474693,245177732.68109277,,,,1,1000.0,1000.0,1000.0,15.5552111454374,0.008051978175889126,,24.139331426624157,60,0.0,0.0
1114700,GRUPO FINANCIERO GALICIA SA,Argentina,6029,"Commercial Banks, NEC",20-F,active,2019,268180196000.0,,933269606000.0,44877360000.0,11834308000.0,,,774209789000.0,ARS,ifrs-full:RevenueFromInterest,1000.0,1.0,0.0,0.0,0.0,180440.0,ARS,5340341657.741239,18584439228.41175,893654485.5737609,235659638.353536,,,,1,1000.0,1000.0,1000.0,15.49080018974011,0.012680481528506996,,23.64559046689694,60,0.0,0.0
1114700,GRUPO FINANCIERO GALICIA SA,Argentina,6029,"Commercial Banks, NEC",20-F,active,2020,492137575000.0,,1592855622000.0,66008914000.0,21839477000.0,,,1317638103000.0,ARS,ifrs-full:RevenueFromInterest,1000.0,2.0,0.0,0.0,0.0,185491.0,ARS,6607713425.218261,21386567522.14822,886272476.190987,293228992.6706885,,,,1,1000.0,1000.0,1000.0,15.703748225388159,0.013710895512663104,,23.786028876016037,60,0.0,0.0
1114700,GRUPO FINANCIERO GALICIA SA,Argentina,6029,"Commercial Banks, NEC",20-F,active,2021,1760172773000.0,,3268713477000.0,121153619000.0,41357399000.0,,,2675628185000.0,ARS,ifrs-full:RevenueFromInterest,1000.0,1.0,0.0,0.0,0.0,205430.0,ARS,16762207765.837055,31128111551.845734,1153751588.7146742,393848447.9060975,,,,1,1000.0,1000.0,,,0.012652500529950855,,24.161377156271875,60,0.0,0.0
1114700,GRUPO FINANCIERO GALICIA SA,Argentina,6029,"Commercial Banks, NEC",20-F,active,2022,4861512645000.0,,10488176207000.0,360675413000.0,119932486000.0,,,8592294336000.0,ARS,ifrs-full:RevenueFromInterest,,0.0,0.0,0.0,0.0,215453.0,ARS,31174205661.88205,67254903148.58083,2312812970.5906067,769061042.749749,,,,1,,,,,0.01143501821793906,,24.931755762043185,60,0.0,0.0
1114700,GRUPO FINANCIERO GALICIA SA,Argentina,6029,"Commercial Banks, NEC",20-F,active,2023,10353121006000.0,,22246858046000.0,773625233000.0,269188109000.0,,,17854034339000.0,ARS,ifrs-full:RevenueFromInterest,,0.0,0.0877,0.0877,2.0,227972.0,ARS,28112821885.332367,60409026166.41079,2100698752.4557626,730952275.8963912,,,,1,,,,,0.012100050642809772,,24.824404370563396,60,0.0877,0.0877
1114700,GRUPO FINANCIERO GALICIA SA,Argentina,6029,"Commercial Banks, NEC",20-F,active,2024,8244240311000.0,,32517979372000.0,995520817000.0,304486250000.0,,,26454235292000.0,ARS,ifrs-full:RevenueFromInterest,2843.0,1.0,0.077,0.077,2.0,259735.0,ARS,7042929539.244966,27779616900.545887,850458344.7946733,260117988.2587398,,,,1,2843.0,2843.0,2843.0,14.722674936641889,0.009363627626327285,,24.04756838370041,60,0.077,0.077
1119639,PETROBRAS - PETROLEO BRASILEIRO SA,Brazil,1311,Crude Petroleum & Natural Gas,20-F,active,2017,77884000000.0,51198000000.0,251366000000.0,176650000000.0,,,572000000.0,169864000000.0,USD,ifrs-full:Revenue,,,,,,,USD,77884000000.0,251366000000.0,176650000000.0,,,572000000.0,51198000000.0,0,,,,,0.0,0.0073442555595501,26.25017588131524,13,,
1119639,PETROBRAS - PETROLEO BRASILEIRO SA,Brazil,1311,Crude Petroleum & Natural Gas,20-F,active,2018,84638000000.0,52184000000.0,222068000000.0,157383000000.0,,,641000000.0,148893000000.0,USD,ifrs-full:Revenue,,,,,,,USD,82619939165.99911,216773135597.66406,153630448330.09332,,,625716356.7830694,50939754075.45662,0,,,,,0.0,0.0075734303740636584,26.102117185539107,13,,
1119639,PETROBRAS - PETROLEO BRASILEIRO SA,Brazil,1311,Crude Petroleum & Natural Gas,20-F,active,2019,76589000000.0,45732000000.0,229740000000.0,159265000000.0,,,-576000000.0,155525000000.0,USD,ifrs-full:Revenue,,,,,,,USD,73432110879.82684,220270445540.89252,152700324319.10092,,,-552258103.210386,43846992319.47461,0,,,,,0.0,-0.0075206622360913435,26.118121926243898,13,,
1119639,PETROBRAS - PETROLEO BRASILEIRO SA,Brazil,1311,Crude Petroleum & Natural Gas,20-F,active,2020,53683000000.0,29195000000.0,190010000000.0,124201000000.0,,,355000000.0,130134000000.0,USD,ifrs-full:Revenue,,,,,,,USD,50843071269.14293,179958124021.56824,117630540295.78864,,,336219851.7323127,27650531186.830612,0,,,,,0.0,0.006612894212320475,25.915990016446113,13,,
1119639,PETROBRAS - PETROLEO BRASILEIRO SA,Brazil,1311,Crude Petroleum & Natural Gas,20-F,active,2021,83966000000.0,43164000000.0,174348000000.0,125330000000.0,,,563000000.0,104536000000.0,USD,ifrs-full:Revenue,,,,,,,USD,75955751275.43472,157715424378.55194,113373678719.36537,,,509290521.9740103,39046209752.1957,0,,,,,0.0,0.006705094919372127,25.78405813449362,13,,
1119639,PETROBRAS - PETROLEO BRASILEIRO SA,Brazil,1311,Crude Petroleum & Natural Gas,20-F,active,2022,124474000000.0,59486000000.0,187191000000.0,130169000000.0,,,792000000.0,117355000000.0,USD,ifrs-full:Revenue,1053.0,4.0,0.0,0.3594,8.0,222563.0,USD,104255945409.54002,156785952706.24554,109025918328.4414,,,663357076.6935722,49823811949.739685,0,735.0,38000.0,38000.0,14.82477328759797,0.0,0.006362774555328824,25.778147353516918,13,0.0,0.3594
1119639,PETROBRAS - PETROLEO BRASILEIRO SA,Brazil,1311,Crude Petroleum & Natural Gas,20-F,active,2023,102409000000.0,48435000000.0,217067000000.0,153424000000.0,,,726000000.0,138092000000.0,USD,ifrs-full:Revenue,1076.0,4.0,0.0,0.14,3.0,214253.0,USD,82383724872.61446,174621254058.95773,123423142544.65915,,,584036405.5651172,38963916396.069496,0,475.0,39235.0,39235.0,14.557329256110004,0.0,0.0070892206739642015,25.885885202948902,13,0.0,0.14
1119639,PETROBRAS - PETROLEO BRASILEIRO SA,Brazil,1311,Crude Petroleum & Natural Gas,20-F,active,2024,91416000000.0,45444000000.0,181645000000.0,136285000000.0,,,789000000.0,122295000000.0,USD,ifrs-full:Revenue,1097.0,3.0,0.0944,0.0944,2.0,211918.0,USD,71433374251.4479,141939214862.87143,106494458408.35934,,,616532470.0751772,35510394892.390816,0,1097.0,41081.0,41081.0,14.368730017081008,0.0,0.008630874245208716,25.678664738555998,13,0.0944,0.0944
1122491,BRF S.A.,Brazil,2011,Meat Packing Plants,20-F,delisted_in_window,2017,28314160000.0,22601215000.0,45228500000.0,12190583000.0,663184000.0,,52000000.0,18641300000.0,BRL,ifrs-full:Revenue,108234.0,4.0,0.0,0.0,0.0,155592.0,BRL,8872047888.991524,14172040348.265783,3819835593.5943694,207804159.02195063,,16293843.441852387,7081935746.26242,0,9000.0,108234.0,108234.0,11.31412065581148,0.014662966934565593,0.00183653691297923,23.374536870986635,20,0.0,0.0
1122491,BRF S.A.,Brazil,2011,Meat Packing Plants,20-F,delisted_in_window,2018,30188421000.0,25320753000.0,42382377000.0,10696998000.0,-206334000.0,,53500000.0,20361960000.0,BRL,ifrs-full:Revenue,105000.0,3.0,0.0,0.0,0.0,151532.0,BRL,8065143340.42921,11322882558.61776,2857811681.5809803,-55124224.15217148,,14293068.481884584,6764696385.829618,0,20739.0,105000.0,105000.0,11.249101692372816,-0.004868391407117161,0.0017722026600861304,23.15009152029286,20,0.0,0.0
1122491,BRF S.A.,Brazil,2011,Meat Packing Plants,20-F,delisted_in_window,2019,33446980000.0,25490912000.0,41770139000.0,12276889000.0,2748337000.0,,,20228277000.0,BRL,ifrs-full:Revenue,93000.0,3.0,0.0,0.0,0.0,151484.0,BRL,8129947588.832296,10153055398.371986,2984139797.4917836,668037466.056684,,,6196068480.6680975,0,6717.0,93000.0,93000.0,11.378465541711863,0.06579669270432642,,23.041040521605577,20,0.0,0.0
1122491,BRF S.A.,Brazil,2011,Meat Packing Plants,20-F,delisted_in_window,2020,39469700000.0,30505478000.0,49664906000.0,12215580000.0,3051229000.0,2935577000.0,,25411044000.0,BRL,ifrs-full:Revenue,100000.0,3.0,0.0,0.0,0.0,159536.0,BRL,7251286974.699274,9124327926.927841,2244219645.510277,560565119.6873727,539317787.1462607,,5604399711.1296835,0,7335.0,100000.0,100000.0,11.191519338840688,0.12054399136484825,,22.93421008185901,20,0.0,0.0
1122491,BRF S.A.,Brazil,2011,Meat Packing Plants,20-F,delisted_in_window,2021,48343305000.0,38650772000.0,55903387000.0,13040862000.0,,3425183000.0,,25852475000.0,BRL,ifrs-full:Revenue,100000.0,5.0,0.0516,0.0516,1.0,193739.0,BRL,8106816197.470212,9374586268.461489,2186856510.7531185,,574377962.4438092,,6481449799.394728,0,7184.0,100000.0,100000.0,11.303045585647546,0.06126968657552002,,22.96126827646496,20,0.0516,0.0516
1122491,BRF S.A.,Brazil,2011,Meat Packing Plants,20-F,delisted_in_window,2022,53805028000.0,45672376000.0,57854447000.0,14290884000.0,,3474103000.0,,,BRL,ifrs-full:Revenue,100000.0,5.0,0.0,0.0,0.0,185498.0,BRL,8726926367.129906,9383723375.815727,2317915202.81701,,563483417.8104155,,7407847875.553026,0,7040.0,100000.0,100000.0,11.376753602758397,0.06004902267927648,,22.962242469582588,20,0.0,0.0
1122491,BRF S.A.,Brazil,2011,Meat Packing Plants,20-F,delisted_in_window,2023,53615440000.0,44781739000.0,57272090000.0,14608914000.0,,3390938000.0,48041000.0,,BRL,ifrs-full:Revenue,100000.0,4.0,0.0568,0.0568,1.0,175909.0,BRL,8635979664.040104,9224965878.431185,2353096127.1176877,,546187285.0436519,7738089.980053332,7213112255.05846,0,100000.0,100000.0,100000.0,11.36627752983673,0.05920751276930876,0.0008960292035279389,22.945179328051115,20,0.0568,0.0568
1122491,BRF S.A.,Brazil,2011,Meat Packing Plants,20-F,delisted_in_window,2024,61379038000.0,45543222000.0,62675076000.0,15068229000.0,,3771262000.0,66068000.0,,BRL,ifrs-full:Revenue,100000.0,4.0,0.1131,0.1131,2.0,176899.0,BRL,8900124676.35172,9088053652.776693,2184933506.970549,,546843076.7387971,9580036.707600491,6603889001.368261,0,100000.0,100000.0,100000.0,11.396405657195002,0.06017163824420412,0.0010763935400877412,22.9302266026024,20,0.1131,0.1131
1123452,SOUTHEAST AIRPORT GROUP,Mexico,4581,"Airports, Flying Fields & Airport Terminal Services",20-F,active,2017,12589818000.0,,56614103000.0,473238000.0,,2362124000.0,,22925802000.0,MXN,ifrs-full:Revenue,1494.0,1.0,0.0,0.0,0.0,144059.0,MXN,665194669.5597259,2991258454.8486156,25003967.09730876,,124805004.61874016,,,0,1494.0,1494.0,1494.0,13.006377926268529,0.04172324341162837,,21.81896002370977,45,0.0,0.0
1123452,SOUTHEAST AIRPORT GROUP,Mexico,4581,"Airports, Flying Fields & Airport Terminal Services",20-F,active,2018,15410241000.0,,,558480000.0,,2362124000.0,,,MXN,ifrs-full:Revenue,,0.0,0.0,0.0,0.0,145608.0,MXN,781674330.4456625,,28328530.362847254,,119817184.9570445,,,0,,,,,,,,45,0.0,0.0
1123452,SOUTHEAST AIRPORT GROUP,Mexico,4581,"Airports, Flying Fields & Airport Terminal Services",20-F,active,2019,16821638000.0,,,520623000.0,,2567365000.0,,,MXN,ifrs-full:Revenue,,0.0,0.0,0.0,0.0,147281.0,MXN,837239467.9543486,,25912228.25772358,,127781807.37480001,,,0,,,,,,,,45,0.0,0.0
1123452,SOUTHEAST AIRPORT GROUP,Mexico,4581,"Airports, Flying Fields & Airport Terminal Services",20-F,active,2020,12624731000.0,,,504385000.0,,2567365000.0,,,MXN,ifrs-full:Revenue,,0.0,0.0,0.0,0.0,154824.0,MXN,556505521.7659706,,22233585.618254285,,113170949.85142186,,,0,,,,,,,,45,0.0,0.0
1123452,SOUTHEAST AIRPORT GROUP,Mexico,4581,"Airports, Flying Fields & Airport Terminal Services",20-F,active,2021,18784661000.0,,,184590000.0,,2603242000.0,,,MXN,ifrs-full:Revenue,,0.0,0.0,0.0,0.0,163801.0,MXN,838214589.5086015,,8236828.49945457,,116162619.29994644,,,0,,,,,,,,45,0.0,0.0
1123452,SOUTHEAST AIRPORT GROUP,Mexico,4581,"Airports, Flying Fields & Airport Terminal Services",20-F,active,2022,25313882000.0,,,171004000.0,,2469378000.0,,,MXN,ifrs-full:Revenue,,0.0,0.0,0.0,0.0,165950.0,MXN,1053402482.6265996,,7116096.936024235,,102759778.83374454,,,0,,,,,,,,45,0.0,0.0
1123452,SOUTHEAST AIRPORT GROUP,Mexico,4581,"Airports, Flying Fields & Airport Terminal Services",20-F,active,2023,25821644000.0,,,184016000.0,,2149185000.0,,,MXN,ifrs-full:Revenue,,0.0,0.0,0.0,0.0,169264.0,MXN,1169703016.0203133,,8335800.392724567,,97356627.50542207,,,0,,,,,,,,45,0.0,0.0
1123452,SOUTHEAST AIRPORT GROUP,Mexico,4581,"Airports, Flying Fields & Airport Terminal Services",20-F,active,2024,31332787000.0,,,268450000.0,,2623663000.0,,,MXN,ifrs-full:Revenue,,0.0,0.0,0.0,0.0,170030.0,MXN,1337554863.990935,,11459772.258317351,,112000672.23905262,,,0,,,,,,,,45,0.0,0.0
1128173,IRSA PROPIEDADES COMERCIALES S.A.,Argentina,6512,Opeators of  Nonresidential Buildings,20-F,delisted_in_window,2017,10894651000.0,,106206871000.0,314659000.0,469857000.0,192088000.0,,46755303000.0,ARS;USD,ifrs-full:Revenue,947.0,2.0,0.0,0.0,0.0,217868.0,ARS,657782030.9953463,6412410210.482259,18998041.89147176,28368370.10541966,11597621.141772607,,,1,947.0,947.0,947.0,13.451085081339345,0.00623260052544058,,22.581501045081293,65,0.0,0.0
1128173,IRSA PROPIEDADES COMERCIALES S.A.,Argentina,6512,Opeators of  Nonresidential Buildings,20-F,delisted_in_window,2018,21833000000.0,,173881000000.0,712000000.0,405770000.0,136000000.0,,40385939000.0,ARS,ifrs-full:Revenue,928.0,2.0,0.0,0.0,0.0,207947.0,ARS,758584536.6831486,6041471067.787412,24738340.590775512,14098421.996515421,4725301.011721166,,,1,928.0,928.0,928.0,13.613933070206064,0.0031157515772281042,,22.52191337350805,65,0.0,0.0
1128173,IRSA PROPIEDADES COMERCIALES S.A.,Argentina,6512,Opeators of  Nonresidential Buildings,20-F,delisted_in_window,2019,17532000000.0,,217042000000.0,528000000.0,1528000000.0,136000000.0,,103529000000.0,ARS,ifrs-full:Revenue,865.0,2.0,0.0,0.0,0.0,205687.0,ARS,349119253.9195526,4322013524.367303,10514200.665612811,30427459.50200071,2708203.2017487544,,,1,865.0,865.0,865.0,12.908194616643287,0.0076667188839026545,,22.18698722421809,65,0.0,0.0
1128173,IRSA PROPIEDADES COMERCIALES S.A.,Argentina,6512,Opeators of  Nonresidential Buildings,20-F,delisted_in_window,2020,11003000000.0,,177404000000.0,1373000000.0,1474000000.0,136000000.0,,99391000000.0,ARS,ifrs-full:Revenue,784.0,2.0,0.0,0.0,0.0,203975.0,ARS,147732411.64866656,2381924998.2841086,18434663.38213389,19790745.68482546,1826011.81352528,,,1,784.0,784.0,784.0,12.146504145519115,0.00907533088318189,,21.591174820517345,65,0.0,0.0
1128173,IRSA PROPIEDADES COMERCIALES S.A.,Argentina,6512,Opeators of  Nonresidential Buildings,20-F,delisted_in_window,2021,,,,,,,,,,,590.0,2.0,0.1761,0.1761,3.0,170338.0,USD,,,,,,,,0,590.0,590.0,590.0,,,,,65,0.1761,0.1761
1129137,AMERICA MOVIL SAB DE CV/,Mexico,4813,Telephone Communications (No Radiotelephone),20-F,active,2017,1021633535000.0,496335746000.0,1486211852000.0,676343198000.0,143539626000.0,151463232000.0,,1225578335000.0,MXN,ifrs-full:Revenue,57400.0,1.0,0.0,0.0,0.0,104722.0,MXN,53978952017.05534,78525376759.76636,35735217943.78427,7584048799.25958,8002699845.278788,,26224357854.192177,0,57400.0,57400.0,57400.0,13.75406044775811,0.19849314053243067,,25.08668768031907,48,0.0,0.0
1129137,AMERICA MOVIL SAB DE CV/,Mexico,4813,Telephone Communications (No Radiotelephone),20-F,active,2018,1038207681000.0,508822430000.0,1429223392000.0,640000720000.0,122137703000.0,145566497000.0,,1183350970000.0,MXN,ifrs-full:Revenue,120000.0,1.0,0.0,0.0,0.0,99694.0,MXN,52662401185.62837,72496415727.62416,32463615221.250725,6195354583.662656,7383764736.566777,,25809682813.265865,0,120000.0,120000.0,120000.0,12.99192056611491,0.1873074576713897,,25.006802959345265,48,0.0,0.0
1129137,AMERICA MOVIL SAB DE CV/,Mexico,4813,Telephone Communications (No Radiotelephone),20-F,active,2019,851483476000.0,348776249000.0,1531933657000.0,639343370000.0,125169389000.0,152899801000.0,,1305026792000.0,MXN,ifrs-full:Revenue,113000.0,1.0,0.0,0.0,0.0,95028.0,MXN,42379676249.01685,76246755513.82329,31821128414.423153,6229878008.938897,7610064373.015622,,17359144284.752377,0,113000.0,113000.0,113000.0,12.834791652823098,0.18151516466094592,,25.057240700890244,48,0.0,0.0
1129137,AMERICA MOVIL SAB DE CV/,Mexico,4813,Telephone Communications (No Radiotelephone),20-F,active,2020,815399087000.0,323468972000.0,1625048227000.0,722929631000.0,133456967000.0,143052859000.0,,1309930609000.0,MXN,ifrs-full:Revenue,,0.0,0.0,0.0,0.0,86493.0,MXN,35943268364.168,71633075703.67244,31867160694.33365,5882861112.338862,6305853640.59708,,14258701356.722937,0,,,,,0.1701548430414675,,24.99482275541503,48,0.0,0.0
1129137,AMERICA MOVIL SAB DE CV/,Mexico,4813,Telephone Communications (No Radiotelephone),20-F,active,2021,830687452000.0,328510002000.0,1689649849000.0,731196679000.0,143225764000.0,136578194000.0,,1235608123000.0,MXN,ifrs-full:Revenue,,0.0,0.0,0.0,0.0,102395.0,MXN,37067176330.098595,75396045453.93742,32627670211.245106,6391061567.64372,6094431771.727802,,14658868556.419512,0,,,,,0.16559878259131544,,25.04602066302439,48,0.0,0.0
1129137,AMERICA MOVIL SAB DE CV/,Mexico,4813,Telephone Communications (No Radiotelephone),20-F,active,2022,844501397000.0,330532450000.0,1618099344000.0,657226210000.0,128893422000.0,141121365000.0,,1180270071000.0,MXN,ifrs-full:Revenue,,0.0,0.0,0.0,0.0,108925.0,MXN,35142767442.04748,67334985053.10534,27349567374.189026,5363722985.239402,5872572063.133364,,13754654596.977755,0,,,,,0.16687157559344512,,24.9329457758703,48,0.0,0.0
1129137,AMERICA MOVIL SAB DE CV/,Mexico,4813,Telephone Communications (No Radiotelephone),20-F,active,2023,816012844000.0,316476140000.0,1564185960000.0,628650904000.0,121498519000.0,146078897000.0,,1142483578000.0,MXN,ifrs-full:Revenue,,0.0,0.0874,0.0874,1.0,114445.0,MXN,36964830153.26651,70856566492.38248,28477460940.623936,5503800769.474683,6617275274.874856,,14336155182.70126,0,,,,,0.17106496467977503,,24.983923480402858,48,0.0874,0.0874
1129137,AMERICA MOVIL SAB DE CV/,Mexico,4813,Telephone Communications (No Radiotelephone),20-F,active,2024,869220584000.0,331177822000.0,1793920957000.0,713784429000.0,141736581000.0,156836369000.0,,1361736636000.0,MXN,ifrs-full:Revenue,,0.0,0.0,0.3246,4.0,123247.0,MXN,37105866771.76981,76580091699.17197,30470504741.564873,6050545497.979326,6695135297.304613,,14137539270.350388,0,,,,,0.1664359562972651,,25.061602980424617,48,0.0,0.3246
1132597,Itau Unibanco Holding S.A.,Brazil,6022,State Commercial Banks,20-F,active,2017,111523000000.0,,1436239000000.0,7359000000.0,8667000000.0,10716000000.0,,1291883000000.0,BRL,ifrs-full:Revenue,,,,,,,BRL,34944967349.340454,450035642520.8198,2305892190.1652255,2715745021.3564353,3357785121.594042,,,0,,,,,0.013495664718755027,,26.832592622176,60,,
1132597,Itau Unibanco Holding S.A.,Brazil,6022,State Commercial Banks,20-F,active,2018,104200000000.0,,1552797000000.0,7302000000.0,,,,1402331000000.0,BRL,ifrs-full:Revenue,,,,,,,BRL,27838088519.857456,414845492700.27924,1950803477.658341,,,,,0,,,,,0.0,,26.75117198110743,60,,
1132597,Itau Unibanco Holding S.A.,Brazil,6022,State Commercial Banks,20-F,active,2019,117079000000.0,,1637481000000.0,7166000000.0,,,,1488016000000.0,BRL,ifrs-full:Revenue,94881.0,1.0,0.0,0.0,0.0,204851.0,BRL,28458358086.52669,398022024939.43243,1741837511.834319,,,,,0,94881.0,94881.0,94881.0,12.611328982168606,0.0,,26.7097731797435,60,0.0,0.0
1132597,Itau Unibanco Holding S.A.,Brazil,6022,State Commercial Banks,20-F,active,2020,100199000000.0,,2019251000000.0,6937000000.0,,,,1864726000000.0,BRL,ifrs-full:Revenue,96540.0,1.0,0.0,0.0,0.0,208678.0,BRL,18408341172.542294,370972378177.399,1274450470.702561,,,,,0,96540.0,96540.0,96540.0,12.158357014221005,0.0,,26.63939344443011,60,0.0,0.0
1132597,Itau Unibanco Holding S.A.,Brazil,6022,State Commercial Banks,20-F,active,2021,126374000000.0,,2069206000000.0,6963000000.0,,,,1904730000000.0,BRL,ifrs-full:Revenue,99598.0,4.0,0.0814,0.0814,2.0,245742.0,BRL,21191989048.72351,346990606387.0177,1167643817.1321776,,,,,0,96540.0,99598.0,99598.0,12.267991709101603,0.0,,26.57256354559606,60,0.0814,0.0814
1132597,Itau Unibanco Holding S.A.,Brazil,6022,State Commercial Banks,20-F,active,2022,142279000000.0,,2321066000000.0,7767000000.0,,,,2143959000000.0,BRL,ifrs-full:Revenue,101094.0,3.0,0.4664,0.4664,11.0,235870.0,BRL,23076994896.998768,376466156197.31195,1259771430.5342984,,,,,0,99598.0,101094.0,101094.0,12.338296010273073,0.0,,26.65409398956777,60,0.4664,0.4664
1132597,Itau Unibanco Holding S.A.,Brazil,6022,State Commercial Banks,20-F,active,2023,154971000000.0,,2543100000000.0,9135000000.0,,,,2344050000000.0,BRL,ifrs-full:Revenue,95702.0,3.0,0.2602,0.2602,6.0,230611.0,BRL,24961585776.70833,409623792766.0462,1471398429.8367474,,,,,0,95702.0,101094.0,95702.0,12.471609435285947,0.0,,26.738504996792408,60,0.2602,0.2602
1132597,Itau Unibanco Holding S.A.,Brazil,6022,State Commercial Banks,20-F,active,2024,168050000000.0,,2854475000000.0,9193000000.0,,,,2633191000000.0,BRL,ifrs-full:Revenue,96219.0,3.0,0.3912,0.3912,9.0,230033.0,BRL,24367699471.94198,413906509670.76215,1333009587.8938568,,,,,0,95702.0,96219.0,96219.0,12.442142177775466,0.0,,26.74890596321879,60,0.3912,0.3912
1157557,ENERGY CO OF MINAS GERAIS,Brazil,4911,Electric Services,20-F,active,2017,21712000000.0,17488000000.0,,2762000000.0,11156000000.0,,,,BRL,ifrs-full:Revenue,1189.0,7.0,0.0,0.0,0.0,201770.0,BRL,6803306323.259597,,865453761.2768518,3495656104.563562,,,5479744886.752203,0,175.0,7860.0,1189.0,15.559806658277864,,,,49,0.0,0.0
1157557,ENERGY CO OF MINAS GERAIS,Brazil,4911,Electric Services,20-F,active,2018,22266000000.0,17677000000.0,59855000000.0,2662000000.0,10777000000.0,,225000000.0,43916000000.0,BRL,ifrs-full:Revenue,578.0,11.0,0.0,0.0,0.0,210128.0,BRL,5948588090.049386,15990871289.405643,711180342.0332106,2879185028.5844893,,60111035.67147723,4722590122.50979,0,151.0,7119.0,7119.0,13.635897187450956,0.18005179183025644,0.010105092966855297,23.495283851951648,49,0.0,0.0
1157557,ENERGY CO OF MINAS GERAIS,Brazil,4911,Electric Services,20-F,active,2019,25486000000.0,19598000000.0,50526000000.0,2450000000.0,11624000000.0,,199000000.0,-34423000000.0,BRL,ifrs-full:Revenue,5596.0,6.0,0.0,0.0,0.0,201542.0,BRL,6194874522.273159,12281339955.755066,595520779.2344518,2825442260.3352118,,48370871.456186086,4763680094.463995,0,151.0,6083.0,5596.0,13.91718076135956,0.2300597712069034,0.007808208428156635,23.231346870630755,49,0.0,0.0
1157557,ENERGY CO OF MINAS GERAIS,Brazil,4911,Electric Services,20-F,active,2020,25228000000.0,19845000000.0,54083000000.0,2407000000.0,11810000000.0,,225000000.0,36605000000.0,BRL,ifrs-full:Revenue,5254.0,5.0,0.0,0.0,0.0,209120.0,BRL,4634832993.352199,9936010495.460083,442208776.55774313,2169707374.80139,,41336507.987325385,3645880004.482099,0,151.0,6083.0,5254.0,13.690121033430366,0.2183680639017806,0.00891866180434438,23.019431418443347,49,0.0,0.0
1157557,ENERGY CO OF MINAS GERAIS,Brazil,4911,Electric Services,20-F,active,2021,33646000000.0,26923000000.0,52046000000.0,2419000000.0,12953000000.0,,,32584000000.0,BRL,ifrs-full:Revenue,5254.0,4.0,0.0443,0.0443,1.0,225509.0,BRL,5642186395.40848,8727730878.42328,405648483.9354786,2172122700.461453,,,4514788810.663452,0,324.0,5596.0,5254.0,13.886792515851019,0.24887599431272342,,22.889771250723985,49,0.0443,0.0443
1157557,ENERGY CO OF MINAS GERAIS,Brazil,4911,Electric Services,20-F,active,2022,34463000000.0,27651000000.0,53671000000.0,2411000000.0,14621000000.0,,6000000.0,31887000000.0,BRL,ifrs-full:Revenue,4969.0,5.0,0.1974,0.1974,4.0,202678.0,BRL,5589738999.678579,8705187646.222008,391053034.50729924,2371458489.229043,,973172.2136224784,4484864146.479192,0,155.0,5254.0,4969.0,13.933224540844776,0.2724189972238266,0.00017409975916199983,22.887184966076912,49,0.1974,0.1974
1157557,ENERGY CO OF MINAS GERAIS,Brazil,4911,Electric Services,20-F,active,2023,36850000000.0,28466000000.0,55000000000.0,3256000000.0,15249000000.0,6000000.0,6000000.0,30344000000.0,BRL,ifrs-full:Revenue,4969.0,3.0,0.1018,0.1018,2.0,196556.0,BRL,5935526233.112659,8858994377.780088,524452467.1645812,2456196459.395792,966435.7503032823,966435.7503032823,4585093344.688873,0,4917.0,5025.0,4969.0,13.993247635542964,0.27736363636363637,0.00016282225237449117,22.90469909374241,49,0.1018,0.1018
1157557,ENERGY CO OF MINAS GERAIS,Brazil,4911,Electric Services,20-F,active,2024,39820000000.0,31664000000.0,59726000000.0,3715000000.0,16806000000.0,,3000000.0,32344000000.0,BRL,ifrs-full:Revenue,5028.0,2.0,0.1464,0.1464,3.0,204858.0,BRL,5774006503.854386,8660429745.083052,538684936.25864,2436914949.86883,,435008.02389661374,4591364689.554126,0,357.0,5028.0,5028.0,13.953854474879982,0.2813849914610052,7.533902561526871e-05,22.882030182433056,49,0.1464,0.1464
1160330,BANK BRADESCO,Brazil,6022,State Commercial Banks,20-F,active,2017,126232328000.0,,1224353440000.0,8432475000.0,16179307000.0,,,1106659736000.0,BRL,ifrs-full:RevenueFromInterest,92861.0,10.0,0.2522,0.2522,5.0,198228.0,BRL,39554034417.93384,383642755170.2579,2642258220.7179656,5069674908.762815,,,,0,7400.0,108793.0,92861.0,12.962074503581043,0.013214572256194258,,26.67297763143572,60,0.2522,0.2522
1160330,BANK BRADESCO,Brazil,6022,State Commercial Banks,20-F,active,2018,122053139000.0,,1305543714000.0,14659222000.0,16128548000.0,,,1180867594000.0,BRL,ifrs-full:RevenueFromInterest,98605.0,5.0,0.1944,0.1944,4.0,205757.0,BRL,32607735965.532303,348789265613.0083,3916360073.5915723,4308905440.698368,,,,0,98605.0,108793.0,98605.0,12.708938147480023,0.012353893498199634,,26.577733753315606,60,0.1944,0.1944
1160330,BANK BRADESCO,Brazil,6022,State Commercial Banks,20-F,active,2019,124417705000.0,,1378527685000.0,14071129000.0,14724647000.0,,,1242984111000.0,BRL,ifrs-full:RevenueFromInterest,97329.0,5.0,0.1914,0.1914,4.0,209033.0,BRL,30242174951.90292,335078318843.8633,3420265186.444283,3579115614.44581,,,,0,178.0,98808.0,97329.0,12.646651037640776,0.010681430021479765,,26.537630129041037,60,0.1914,0.1914
1160330,BANK BRADESCO,Brazil,6022,State Commercial Banks,20-F,active,2020,119743371000.0,,1604653790000.0,14071129000.0,14669464000.0,,,1458536416000.0,BRL,ifrs-full:RevenueFromInterest,89575.0,3.0,0.1789,0.1789,4.0,223632.0,BRL,21998990274.536743,294803485365.4531,2585117050.2186036,2695041848.0256987,,,,0,89575.0,97329.0,89575.0,12.411430850466324,0.00914182491663825,,26.409574820005318,60,0.1789,0.1789
1160330,BANK BRADESCO,Brazil,6022,State Commercial Banks,20-F,active,2021,138223346000.0,,1675572193000.0,13513105000.0,14911007000.0,,,1525343486000.0,BRL,ifrs-full:RevenueFromInterest,87274.0,3.0,0.2186,0.2186,5.0,228745.0,BRL,23179037101.855766,280981116087.18274,2266048183.7581377,2500466053.5350595,,,,0,15000.0,87274.0,87274.0,12.489706260081824,0.008899053745516533,,26.361553301485248,60,0.2186,0.2186
1160330,BANK BRADESCO,Brazil,6022,State Commercial Banks,20-F,active,2022,200613185000.0,,1792288792000.0,11971122000.0,18799813000.0,,,1632277955000.0,BRL,ifrs-full:RevenueFromInterest,88381.0,2.0,0.634,0.634,14.0,220836.0,BRL,32538529554.71763,290700941860.23303,1941660549.380792,3049242605.483108,,,,0,88381.0,88381.0,88381.0,12.81627845546526,0.01048927666340057,,26.395560884479274,60,0.634,0.634
1160330,BANK BRADESCO,Brazil,6022,State Commercial Banks,20-F,active,2023,211458474000.0,,1927523249000.0,11118009000.0,22107146000.0,,,1760509125000.0,BRL,ifrs-full:RevenueFromInterest,86222.0,2.0,0.8165,0.9072,20.0,220448.0,BRL,34060171496.362854,310471229562.3893,1790806894.9656076,3560856038.595701,,,,0,86222.0,86222.0,86222.0,12.886713902787207,0.011469198107711125,,26.461357075612682,60,0.8165,0.9072
1160330,BANK BRADESCO,Brazil,6022,State Commercial Banks,20-F,active,2024,211733717000.0,,2069484362000.0,10220444000.0,23749208000.0,,,1900541870000.0,BRL,ifrs-full:RevenueFromInterest,84022.0,2.0,0.7679,0.8582,19.0,221393.0,BRL,30701955274.818283,300080767599.5215,1481991715.9286675,3443698680.39655,,,,0,84022.0,84022.0,84022.0,12.808758230948662,0.011475905996722869,,26.427317500699715,60,0.7679,0.8582
1160846,OI S.A. - In Judicial Reorganization,Brazil,4813,Telephone Communications (No Radiotelephone),20-F,delisted_in_window,2017,23789654000.0,15676216000.0,70986768000.0,27083454000.0,9254839000.0,,,80670829000.0,BRL,us-gaap:Revenues,55446.0,3.0,0.0,0.0,0.0,233879.0,BRL,7454324957.9199505,22243217004.521095,8486414602.704054,2899940341.2605715,,,4912034793.551182,0,1390.0,55446.0,55446.0,11.80889537904312,0.1303741424035533,,23.825302945351925,48,0.0,0.0
1160846,OI S.A. - In Judicial Reorganization,Brazil,4813,Telephone Communications (No Radiotelephone),20-F,delisted_in_window,2018,22060014000.0,15822732000.0,67247601000.0,28468798000.0,8025442000.0,,,38048105000.0,BRL,us-gaap:Revenues,56875.0,3.0,0.0,0.0,0.0,184565.0,BRL,5893556837.632387,17965879744.587856,7605728587.120354,2144078357.0727625,,,4227203589.6543303,0,365.0,56875.0,56875.0,11.548514373453036,0.11934168476879942,,23.611740226231518,48,0.0,0.0
1160846,OI S.A. - In Judicial Reorganization,Brazil,4813,Telephone Communications (No Radiotelephone),20-F,delisted_in_window,2019,,,,,,,,,,,58089.0,3.0,0.0,0.0,0.0,180921.0,USD,,,,,,,,0,326.0,58089.0,58089.0,,,,,48,0.0,0.0
1160846,OI S.A. - In Judicial Reorganization,Brazil,4813,Telephone Communications (No Radiotelephone),20-F,delisted_in_window,2020,,,,,,,,,,,46624.0,2.0,0.1072,0.1072,2.0,186624.0,USD,,,,,,,,0,231.0,46624.0,46624.0,,,,,48,0.1072,0.1072
1161125,BANK OF CHILE,Chile,6029,"Commercial Banks, NEC",20-F,active,2017,,,32561437000000.0,216259000000.0,,16714000000.0,,29016089000000.0,CLP,,14023.0,5.0,0.0,0.0,0.0,201601.0,CLP,,50184557850.4896,333304156.57604516,,25760063.96502351,,,0,10900.0,41745.0,14023.0,,0.0005133065841043809,,24.638973203781603,60,0.0,0.0
1161125,BANK OF CHILE,Chile,6029,"Commercial Banks, NEC",20-F,active,2018,,,35601430000000.0,215872000000.0,,85471000000.0,,31927714000000.0,CLP,,13831.0,2.0,0.0,0.0,0.0,218453.0,CLP,,54192774217.04747,328602040.8669672,,130104622.34537388,,,0,11381.0,13831.0,13831.0,,0.0024007743509179267,,24.71581341947586,60,0.0,0.0
1161125,BANK OF CHILE,Chile,6029,"Commercial Banks, NEC",20-F,active,2019,,,41013874000000.0,220262000000.0,91717000000.0,,,37108113000000.0,CLP,,13555.0,4.0,0.0,0.0,0.0,226989.0,CLP,,55944636397.75107,300446563.5760583,125105817.03382945,,,,0,200.0,13562.0,13555.0,,0.0022362432770920396,,24.74762840290445,60,0.0,0.0
1161125,BANK OF CHILE,Chile,6029,"Commercial Banks, NEC",20-F,active,2020,,,45550960000000.0,217928000000.0,94111000000.0,,,41553879000000.0,CLP,,13134.0,2.0,0.0,0.0,0.0,236800.0,CLP,,54421282255.6978,260365998.85973224,112437614.8025415,,,,0,13134.0,13134.0,13134.0,,0.0020660596395773,,24.720021132238145,60,0.0,0.0
1161125,BANK OF CHILE,Chile,6029,"Commercial Banks, NEC",20-F,active,2021,103000000.0,,51425948000000.0,222320000000.0,105942000000.0,,,46606976000000.0,CLP,ifrs-full:RevenueFromContractsWithCustomers,12284.0,2.0,0.0679,0.0679,2.0,294651.0,CLP,122766.02117068756,61294747775.63764,264983901.22977918,126272600.1443202,,,,0,12284.0,12284.0,,,0.002060088420732662,,24.83895999555934,60,0.0679,0.0679
1161125,BANK OF CHILE,Chile,6029,"Commercial Banks, NEC",20-F,active,2022,92000000.0,,55108854000000.0,210124000000.0,,,,49677417000000.0,CLP,ifrs-full:RevenueFromContractsWithCustomers,12550.0,2.0,0.059,0.059,2.0,339066.0,CLP,88234.71671895373,52853414363.00196,201524256.69405904,,,,,0,12550.0,12550.0,,,0.0,,24.69078815196303,60,0.059,0.059
1161125,BANK OF CHILE,Chile,6029,"Commercial Banks, NEC",20-F,active,2023,,,55718041000000.0,201657000000.0,,,,49636096000000.0,CLP,,12217.0,2.0,0.251,0.251,8.0,318753.0,CLP,,53356269465.83769,193109180.41200393,,,,,0,12217.0,12217.0,12217.0,,0.0,,24.70025732355052,60,0.251,0.251
1161125,BANK OF CHILE,Chile,6029,"Commercial Banks, NEC",20-F,active,2024,,,52055542000000.0,189073000000.0,,,,45550646000000.0,CLP,,11614.0,2.0,0.3477,0.3477,11.0,316327.0,CLP,,43109283173.12032,156578938.26926973,,,,,0,11614.0,11614.0,11614.0,,0.0,,24.487004197711034,60,0.3477,0.3477
1170858,COMPANHIA DE SANEAMENTO BASICO DO ESTADO DE SAO PAULO-SABESP,Brazil,4941,Water Supply,20-F,active,2017,14608233000.0,8778963000.0,39546444000.0,255050000.0,33466132000.0,,,22033435000.0,BRL,ifrs-full:Revenue,,0.0,0.1849,0.1849,3.0,162291.0,BRL,4577389643.540416,12391607061.884283,79918168.65085484,10486382988.699352,,,2750827859.6887455,0,,,,,0.8462488308683329,,23.24028523054309,49,0.1849,0.1849
1170858,COMPANHIA DE SANEAMENTO BASICO DO ESTADO DE SAO PAULO-SABESP,Brazil,4941,Water Supply,20-F,active,2018,16085094000.0,9086456000.0,43565118000.0,267612000.0,29012460000.0,,,24013430000.0,BRL,ifrs-full:Revenue,,0.0,0.185,0.185,3.0,162130.0,BRL,4297296263.169175,11638863831.6894,71495264.3471794,7750973413.232471,,,2427539025.5258145,0,,,,,0.6659561899958585,,23.177615665524247,49,0.185,0.185
1170858,COMPANHIA DE SANEAMENTO BASICO DO ESTADO DE SAO PAULO-SABESP,Brazil,4941,Water Supply,20-F,active,2019,17983654000.0,10137637000.0,46457800000.0,314393000.0,32325447000.0,,,24822017000.0,BRL,ifrs-full:Revenue,,0.0,0.1907,0.1907,3.0,157315.0,BRL,4371281487.168476,11292483778.578905,76419414.01871714,7857336892.466112,,,2464152443.198372,0,,,,,0.6958023625742071,,23.147403189014597,49,0.1907,0.1907
1170858,COMPANHIA DE SANEAMENTO BASICO DO ESTADO DE SAO PAULO-SABESP,Brazil,4941,Water Supply,20-F,active,2020,17797541000.0,11179667000.0,50418636000.0,268251000.0,34405575000.0,,,27624932000.0,BRL,ifrs-full:Revenue,12806.0,4.0,0.1212,0.1212,2.0,164979.0,BRL,3269725314.2277822,9262801554.329117,49282487.12936899,6320917003.537878,,,2053903974.405058,0,5900.0,12806.0,12806.0,12.450302726483276,0.6823979728448029,,22.949272383511445,49,0.1212,0.1212
1170858,COMPANHIA DE SANEAMENTO BASICO DO ESTADO DE SAO PAULO-SABESP,Brazil,4941,Water Supply,20-F,active,2021,19491061000.0,12800042000.0,53165485000.0,291157000.0,39320871000.0,,,28233626000.0,BRL,ifrs-full:Revenue,12515.0,4.0,0.1745,0.1745,3.0,171894.0,BRL,3268507376.992118,8915460267.856316,48824884.513105474,6593820466.379713,,,2146472770.4053128,0,5900.0,12515.0,12515.0,12.472916054144848,0.7395939489689598,,22.911052715404,49,0.1745,0.1745
1170858,COMPANHIA DE SANEAMENTO BASICO DO ESTADO DE SAO PAULO-SABESP,Brazil,4941,Water Supply,20-F,active,2022,22055720000.0,14350903000.0,57207765000.0,338939000.0,39320871000.0,,,29874232000.0,BRL,ifrs-full:Revenue,12999.0,3.0,0.1793,0.1793,3.0,167312.0,BRL,3577335642.5729284,9278834550.240757,54974336.15216488,6377663178.77232,,,2327650006.6652446,0,6000.0,12999.0,12999.0,12.52525641595328,0.6873345078242439,,22.951001788599243,49,0.1793,0.1793
1170858,COMPANHIA DE SANEAMENTO BASICO DO ESTADO DE SAO PAULO-SABESP,Brazil,4941,Water Supply,20-F,active,2023,25572056000.0,16051866000.0,61470957000.0,474559000.0,44012858000.0,,,31613581000.0,BRL,ifrs-full:Revenue,11170.0,4.0,0.149,0.149,3.0,201366.0,BRL,4118958187.8595924,9901288408.3593,76438463.87136257,7089266574.036971,,,2585516193.5796247,0,1854.0,11170.0,11170.0,12.817879209243973,0.7159943516090046,,23.015930727877702,49,0.149,0.149
1170858,COMPANHIA DE SANEAMENTO BASICO DO ESTADO DE SAO PAULO-SABESP,Brazil,4941,Water Supply,20-F,active,2024,36145477000.0,16603073000.0,80965430000.0,561548000.0,44771124000.0,,,44037376000.0,BRL,ifrs-full:Revenue,10512.0,4.0,0.0662,0.0662,1.0,151069.0,BRL,5241190840.856834,11740203902.746534,81425961.93436523,6491932726.290086,,,2407489992.113741,0,1854.0,10512.0,10512.0,13.119541828440898,0.5529659263218883,,23.186285019402227,49,0.0662,0.0662
1190723,TENARIS SA,Argentina,3312,"Steel Works, Blast Furnaces & Rolling Mills (Coke Ovens)",20-F,active,2017,5288504000.0,3685057000.0,14398218000.0,6229143000.0,,1292000000.0,63700000.0,2817248000.0,USD,ifrs-full:Revenue,,0.0,0.0,0.0,0.0,100446.0,USD,5288504000.0,14398218000.0,6229143000.0,,1292000000.0,63700000.0,3685057000.0,0,,,,,0.089733326721404,0.012044994198737488,23.390370285870702,33,0.0,0.0
1190723,TENARIS SA,Argentina,3312,"Steel Works, Blast Furnaces & Rolling Mills (Coke Ovens)",20-F,active,2018,7658588000.0,5279300000.0,14251299000.0,6063908000.0,,1288000000.0,63400000.0,2375807000.0,USD,ifrs-full:Revenue,,0.0,0.0,0.0,0.0,101298.0,USD,7475980938.319086,13911499047.90359,5919323590.682853,,1257289652.9432034,61888326.08431607,5153423342.222868,0,,,,,0.0903777262690229,0.008278288373783783,23.35598160471749,33,0.0,0.0
1190723,TENARIS SA,Argentina,3312,"Steel Works, Blast Furnaces & Rolling Mills (Coke Ovens)",20-F,active,2019,7294055000.0,5107495000.0,14842991000.0,6090017000.0,,1320000000.0,61100000.0,2656619000.0,USD,ifrs-full:Revenue,,0.0,0.0,0.0,0.0,111965.0,USD,6993404477.451793,14231184124.35561,5838995203.019107,,1265591486.5238013,58581545.32318505,4896971355.653699,0,,,,,0.08893086305853046,0.008376684848140026,23.378701458822658,33,0.0,0.0
1190723,TENARIS SA,Argentina,3312,"Steel Works, Blast Furnaces & Rolling Mills (Coke Ovens)",20-F,active,2020,5146734000.0,4087317000.0,13716189000.0,6193181000.0,,1086000000.0,41800000.0,2269716000.0,USD,ifrs-full:Revenue,,0.0,0.0,0.0,0.0,115790.0,USD,4874462372.917331,12990577554.682755,5865550415.694016,,1028548616.8487086,39588703.668762445,3871090466.825242,0,,,,,0.07917651178472387,0.00812165540321299,23.28749012812497,33,0.0,0.0
1190723,TENARIS SA,Argentina,3312,"Steel Works, Blast Furnaces & Rolling Mills (Coke Ovens)",20-F,active,2021,6521207000.0,4611602000.0,14449431000.0,5824801000.0,,1085000000.0,45300000.0,2343729000.0,USD,ifrs-full:Revenue,23000.0,3.0,0.0,0.0,0.0,126538.0,USD,5899092214.796749,13070973812.109138,5269122454.146957,,981492391.3708724,40978438.09133688,4171661082.9776015,0,1000.0,23000.0,23000.0,12.454814819209986,0.07508946200026839,0.006946566793539907,23.293659869236926,33,0.0,0.0
1190723,TENARIS SA,Argentina,3312,"Steel Works, Blast Furnaces & Rolling Mills (Coke Ovens)",20-F,active,2022,11762526000.0,7087739000.0,17550246000.0,5556263000.0,,1085000000.0,50700000.0,3515809000.0,USD,ifrs-full:Revenue,,0.0,0.0,0.0,0.0,128318.0,USD,9851963209.459768,14699595810.370022,4653770683.106891,,908765692.1875325,42464903.773187004,5936492201.271493,0,,,,,0.06182249525163351,0.004310298655237829,23.411085834459886,33,0.0,0.0
1190723,TENARIS SA,Argentina,3312,"Steel Works, Blast Furnaces & Rolling Mills (Coke Ovens)",20-F,active,2023,14868860000.0,8668915000.0,21081895000.0,6078179000.0,,1104000000.0,60000000.0,4051458000.0,USD,ifrs-full:Revenue,400.0,1.0,0.2178,0.2178,3.0,137741.0,USD,11961371279.959986,16959496113.362558,4889638864.382065,,888121476.2312527,48267471.53430721,6973776799.93048,0,400.0,400.0,,,0.052367208925004134,0.0040352791000789565,23.55409375657179,33,0.2178,0.2178
1190723,TENARIS SA,Argentina,3312,"Steel Works, Blast Furnaces & Rolling Mills (Coke Ovens)",20-F,active,2024,12523934000.0,8135489000.0,20450125000.0,6121471000.0,,,74200000.0,3636290000.0,USD,ifrs-full:Revenue,58000.0,1.0,0.6509,0.6509,11.0,168993.0,USD,9786326950.669828,15979931659.81766,4783378499.522896,,,57980620.126208045,6357152254.042375,0,58000.0,58000.0,58000.0,12.036053749768563,0.0,0.005924655942773253,23.49459950066824,33,0.6509,0.6509
1273441,GRAN TIERRA ENERGY INC.,Colombia,1311,Crude Petroleum & Natural Gas,10-K,active,2017,421734000.0,,1429619000.0,1099224000.0,,102581000.0,,,USD,us-gaap:RevenueFromContractWithCustomerExcludingAssessedTax,,,,,,,USD,421734000.0,1429619000.0,1099224000.0,,102581000.0,,,0,,,,,0.07175408273113326,,21.080673812152064,13,,
1273441,GRAN TIERRA ENERGY INC.,Colombia,1311,Crude Petroleum & Natural Gas,10-K,active,2018,613431000.0,,1676584000.0,1312777000.0,,102581000.0,,,USD,us-gaap:RevenueFromContractWithCustomerExcludingAssessedTax,,,,,,,USD,598804696.5020204,1636608474.759416,1281475884.1007917,,100135116.37311083,,,0,,,,,0.06118452758704604,,21.21589193431582,13,,
1273441,GRAN TIERRA ENERGY INC.,Colombia,1311,Crude Petroleum & Natural Gas,10-K,active,2019,570983000.0,,2044664000.0,1577393000.0,,102581000.0,,,USD,us-gaap:RevenueFromContractWithCustomerExcludingAssessedTax,,,,,,,USD,547447896.7801664,1960385872.1225014,1512375114.9259384,,98352757.7871955,,,0,,,,,0.05017010129781715,,21.396407164343675,13,,
1273441,GRAN TIERRA ENERGY INC.,Colombia,1311,Crude Petroleum & Natural Gas,10-K,active,2020,237838000.0,,1201725000.0,964482000.0,,0.0,,,USD,us-gaap:RevenueFromContractWithCustomerExcludingAssessedTax,322.0,2.0,0.0,0.0,0.0,54429.0,USD,225255935.48256275,1138151553.022573,913459140.9534771,,0.0,,,0,322.0,322.0,322.0,13.458196259205149,0.0,,20.852671338671588,13,0.0,0.0
1273441,GRAN TIERRA ENERGY INC.,Colombia,1311,Crude Petroleum & Natural Gas,10-K,active,2021,473722000.0,147339000.0,1189111000.0,995797000.0,,,,,USD,us-gaap:RevenueFromContractWithCustomerExcludingAssessedTax,319.0,2.0,0.0,0.0,0.0,55087.0,USD,428529528.68662894,1075671335.47964,900799243.1796688,,,,133283048.34303498,0,319.0,319.0,319.0,14.110679102597052,0.0,,20.796210801728826,13,0.0,0.0
1273441,GRAN TIERRA ENERGY INC.,Colombia,1311,Crude Petroleum & Natural Gas,10-K,active,2022,711388000.0,172582000.0,1335610000.0,,,,,,USD,us-gaap:RevenueFromContractWithCustomerExcludingAssessedTax,336.0,2.0,0.0,0.0,0.0,53562.0,USD,595838717.2662714,1118669627.7811892,,,,,144549862.38627532,0,336.0,336.0,336.0,14.388369419831664,0.0,,20.835405983883206,13,0.0,0.0
1273441,GRAN TIERRA ENERGY INC.,Colombia,1311,Crude Petroleum & Natural Gas,10-K,active,2023,636957000.0,201410000.0,1326289000.0,1142850000.0,,,,,USD,us-gaap:RevenueFromContractWithCustomerExcludingAssessedTax,351.0,2.0,0.0,0.0,0.0,54616.0,USD,512405064.4346286,1066943609.2294129,919374664.0497166,,,,162025857.36208025,0,351.0,351.0,351.0,14.193839788224347,0.0,,20.788063958037572,13,0.0,0.0
1273441,GRAN TIERRA ENERGY INC.,Colombia,1311,Crude Petroleum & Natural Gas,10-K,active,2024,621849000.0,220795000.0,1654787000.0,1423131000.0,,,,,USD,us-gaap:RevenueFromContractWithCustomerExcludingAssessedTax,431.0,2.0,0.0,0.0,0.0,67774.0,USD,485919011.386285,1293067067.8812323,1112048758.7713017,,,,172531415.37420627,0,431.0,431.0,431.0,13.935444434636397,0.0,,20.98028280536868,13,0.0,0.0
1276671,BANCO ITAU CHILE,Chile,6029,"Commercial Banks, NEC",20-F,delisted_in_window,2017,177571000000.0,,28032773000000.0,130579000000.0,1562654000000.0,3428757000000.0,,24604016000000.0,CLP,ifrs-full:RevenueFromRenderingOfServices,9492.0,3.0,0.0,0.0,0.0,226717.0,CLP,273677175.9203775,43204859734.17399,201251848.30015585,2408404151.9205365,5284492021.091427,,,0,5848.0,9492.0,9492.0,10.26925516211351,0.17805627006646824,,24.489218819716136,60,0.0,0.0
1276671,BANCO ITAU CHILE,Chile,6029,"Commercial Banks, NEC",20-F,delisted_in_window,2018,,,29323338000000.0,95564000000.0,1570964000000.0,,,25885778000000.0,CLP,,9179.0,3.0,0.0412,0.0412,1.0,242999.0,CLP,,44636213644.34429,145468265.60837373,2391333644.6066847,,,,0,5685.0,9179.0,9179.0,,0.053573846197182605,,24.52181133162691,60,0.0412,0.0412
1276671,BANCO ITAU CHILE,Chile,6029,"Commercial Banks, NEC",20-F,delisted_in_window,2019,,,33610056000000.0,95080000000.0,1574433000000.0,,,30283718000000.0,CLP,,8987.0,3.0,0.0355,0.0355,1.0,281359.0,CLP,,45845519548.53257,129693089.43354563,2147592341.9870167,,,,0,5616.0,8987.0,8987.0,,0.04684410522850661,,24.548543311103714,60,0.0355,0.0355
1276671,BANCO ITAU CHILE,Chile,6029,"Commercial Banks, NEC",20-F,delisted_in_window,2020,,,35486448000000.0,80615000000.0,718683000000.0,,,33103113000000.0,CLP,,8364.0,3.0,0.1046,0.1046,3.0,286882.0,CLP,,42396867219.925606,96313484.26121157,858635040.7405609,,,,0,5220.0,8364.0,8364.0,,0.020252322802214524,,24.470340310132084,60,0.1046,0.1046
1276671,BANCO ITAU CHILE,Chile,6029,"Commercial Banks, NEC",20-F,delisted_in_window,2021,,,37600243000000.0,71933000000.0,699344000000.0,,,34275022000000.0,CLP,,7816.0,3.0,0.0307,0.0307,1.0,325453.0,CLP,,44815846875.34948,85737166.99874823,833550294.2678964,,,,0,5078.0,7816.0,7816.0,,0.018599454264165264,,24.525827638717644,60,0.0307,0.0307
1276671,BANCO ITAU CHILE,Chile,6029,"Commercial Banks, NEC",20-F,delisted_in_window,2022,,,40320766000000.0,60196000000.0,,,,37002977000000.0,CLP,,7558.0,2.0,0.0316,0.0316,1.0,316205.0,CLP,,38670558325.013275,57732358.778414555,,,,,0,7558.0,7558.0,7558.0,,0.0,,24.378344380656713,60,0.0316,0.0316
1291733,Gol Intelligent Airlines Inc.,Brazil,4512,"Air Transportation, Scheduled",20-F,delisted_in_window,2017,10329034000.0,,10004748000.0,3195766000.0,,1038900000.0,,,BRL,ifrs-full:Revenue,14532.0,2.0,0.0903,0.0903,1.0,110741.0,BRL,3236531978.8763523,3134919184.3689575,1001371363.0922084,,325532191.37962395,,,0,14532.0,14532.0,14532.0,12.31365982325709,0.10384069643733156,,21.865869232188324,45,0.0903,0.0903
1291733,Gol Intelligent Airlines Inc.,Brazil,4512,"Air Transportation, Scheduled",20-F,delisted_in_window,2018,11411354000.0,,10378266000.0,2818057000.0,,,,,BRL,ifrs-full:Revenue,15259.0,5.0,0.0874,0.0874,1.0,114442.0,BRL,3048659143.794908,2772659189.929241,752872554.8944715,,,,,0,14532.0,107000.0,15259.0,12.205042934025325,0.0,,21.74307269300819,45,0.0874,0.0874
1291733,Gol Intelligent Airlines Inc.,Brazil,4512,"Air Transportation, Scheduled",20-F,delisted_in_window,2019,13864704000.0,,15298446000.0,6058101000.0,,110741000.0,,,BRL,ifrs-full:Revenue,16222.0,6.0,0.0873,0.0873,1.0,114490.0,BRL,3370089522.4224577,3718588768.5698705,1472540827.8371477,,26917782.291103035,,,0,700.0,107000.0,16222.0,12.244081520844611,0.007238709081955122,,22.03661006996734,45,0.0873,0.0873
1291733,Gol Intelligent Airlines Inc.,Brazil,4512,"Air Transportation, Scheduled",20-F,delisted_in_window,2020,6371817000.0,,12814136000.0,4960288000.0,,65611000.0,,,BRL,ifrs-full:Revenue,700.0,3.0,0.0,0.0,0.0,116316.0,BRL,1170616285.8412251,2354185044.9541054,911293264.5841522,,12053909.446917359,,,0,700.0,107000.0,700.0,14.32971585206907,0.005120204748880456,,21.579460451426556,45,0.0,0.0
1291733,Gol Intelligent Airlines Inc.,Brazil,4512,"Air Transportation, Scheduled",20-F,delisted_in_window,2021,7433384000.0,,14402343000.0,7675170000.0,1823209000.0,66757000.0,,,BRL,ifrs-full:Revenue,750.0,1.0,0.0,0.0,0.0,108065.0,BRL,1246523749.5288315,2415166847.0726547,1287069480.9619956,305738721.26809424,11194657.231120605,,,0,750.0,750.0,750.0,14.32355130718741,0.1312262872783963,,21.605034209479257,45,0.0,0.0
1291733,Gol Intelligent Airlines Inc.,Brazil,4512,"Air Transportation, Scheduled",20-F,delisted_in_window,2022,15198725000.0,,16970285000.0,9588696000.0,1862989000.0,69932000.0,,,BRL,ifrs-full:Revenue,750.0,1.0,0.0,0.0,0.0,111818.0,BRL,2465162808.748217,2752501636.5423903,1555242085.345501,302168188.1807213,11342646.54050786,,,0,750.0,750.0,750.0,15.005450483903342,0.11390032636458375,,21.735776021126743,45,0.0,0.0
1291733,Gol Intelligent Airlines Inc.,Brazil,4512,"Air Transportation, Scheduled",20-F,delisted_in_window,2023,18774024000.0,,16726194000.0,9187700000.0,1937800000.0,45147000.0,,,BRL,ifrs-full:Revenue,750.0,1.0,0.0,0.0,0.0,111708.0,BRL,3023981328.441972,2694131974.68471,1479886957.1769114,312126532.82295007,7271945.803157048,,,0,750.0,750.0,750.0,15.20976691425726,0.11855338997024664,,21.714341902110604,45,0.0,0.0
1300482,CPFL Energy INC,Brazil,4911,Electric Services,20-F,delisted_in_window,2017,26744905000.0,,41282912000.0,9787125000.0,,,,,BRL,ifrs-full:Revenue,13344.0,3.0,0.0,0.0,0.0,164395.0,BRL,8380332594.9464445,12935717402.918638,3066728509.535376,,,,,0,2006.0,13344.0,13344.0,13.350331315188702,0.0,,23.283258113197085,49,0.0,0.0
1300482,CPFL Energy INC,Brazil,4911,Electric Services,20-F,delisted_in_window,2018,28136627000.0,,42211530000.0,9456614000.0,,,,,BRL,ifrs-full:Revenue,13467.0,3.0,0.0,0.0,0.0,160618.0,BRL,7516985730.097997,11277239047.011694,2526430495.4906263,,,,,0,2006.0,13467.0,13467.0,13.232433533339227,0.0,,23.146052287720558,49,0.0,0.0
1300482,CPFL Energy INC,Brazil,4911,Electric Services,20-F,delisted_in_window,2019,29932474000.0,,44078293000.0,9083710000.0,,,,,BRL,ifrs-full:Revenue,13302.0,3.0,0.0592,0.0592,1.0,168831.0,BRL,7275677649.344886,10714097712.116116,2207974717.363177,,,,,0,2006.0,13302.0,13302.0,13.212133114497899,0.0,,23.094826254404296,49,0.0592,0.0592
1342874,Ternium S.A.,Mexico,3312,"Steel Works, Blast Furnaces & Rolling Mills (Coke Ovens)",20-F,active,2017,9700296000.0,7403025000.0,12122566000.0,5349753000.0,,,9800000.0,6269795000.0,USD,ifrs-full:Revenue,,0.0,0.0,0.0,0.0,126209.0,USD,9700296000.0,12122566000.0,5349753000.0,,,9800000.0,7403025000.0,0,,,,,0.0,0.0010102784492349512,23.21833451135049,33,0.0,0.0
1342874,Ternium S.A.,Mexico,3312,"Steel Works, Blast Furnaces & Rolling Mills (Coke Ovens)",20-F,active,2018,11454807000.0,8483328000.0,12547862000.0,5817609000.0,,,8900000.0,5063286000.0,USD,ifrs-full:Revenue,,0.0,0.0,0.0,0.0,128134.0,USD,11181685029.16256,12248677840.96212,5678897205.410913,,,8687793.409312509,8281056301.95913,0,,,,,0.0,0.000776966386251641,23.22868383676211,33,0.0,0.0
1342874,Ternium S.A.,Mexico,3312,"Steel Works, Blast Furnaces & Rolling Mills (Coke Ovens)",20-F,active,2019,10192818000.0,8452440000.0,12935533000.0,6539581000.0,,,10000000.0,5220660000.0,USD,ifrs-full:Revenue,,0.0,0.0,0.0,0.0,128516.0,USD,9772684609.459515,12402348817.005825,6270028817.449097,,,9587814.29184698,8104042503.297909,0,,,,,0.0,0.000981082954684367,23.24115171234584,33,0.0,0.0
1342874,Ternium S.A.,Mexico,3312,"Steel Works, Blast Furnaces & Rolling Mills (Coke Ovens)",20-F,active,2020,8735435000.0,7099923000.0,12856235000.0,6504681000.0,,,8300000.0,4413082000.0,USD,ifrs-full:Revenue,,0.0,0.0,0.0,0.0,141401.0,USD,8273314536.668323,12176116691.650053,6160571496.861947,,,7860914.843318859,6724324108.0868635,0,,,,,0.0,0.000950153026151531,23.22274222176243,33,0.0,0.0
1342874,Ternium S.A.,Mexico,3312,"Steel Works, Blast Furnaces & Rolling Mills (Coke Ovens)",20-F,active,2021,16090744000.0,9895070000.0,17097907000.0,6431578000.0,,,9800000.0,4862869000.0,USD,ifrs-full:Revenue,,0.0,0.0,0.0,0.0,139008.0,USD,14555707656.678816,15466788598.033897,5818013706.459256,,,8865092.567220783,8951093011.135649,0,,,,,0.0,0.000609045796763655,23.461960890973007,33,0.0,0.0
1342874,Ternium S.A.,Mexico,3312,"Steel Works, Blast Furnaces & Rolling Mills (Coke Ovens)",20-F,active,2022,16414466000.0,12487282000.0,17491548000.0,6261887000.0,,,16300000.0,3723155000.0,USD,ifrs-full:Revenue,,0.0,0.0,0.0,0.0,139952.0,USD,13748298208.64398,14650432005.20871,5244781634.981669,,,13652424.684476295,10458998590.111443,0,,,,,0.0,0.0009930265169759407,23.407735660384862,33,0.0,0.0
1342874,Ternium S.A.,Mexico,3312,"Steel Works, Blast Furnaces & Rolling Mills (Coke Ovens)",20-F,active,2023,17610092000.0,14050737000.0,24179104000.0,7637687000.0,,,19000000.0,7367245000.0,USD,ifrs-full:Revenue,13445.0,1.0,0.1908,0.1908,3.0,157202.0,USD,14166576905.442184,19451070234.084225,6144197331.00747,,,15284699.319197282,11303225803.05895,0,13445.0,13445.0,13445.0,13.8677887193992,0.0,0.0010789267881167232,23.691167930385703,33,0.1908,0.1908
1342874,Ternium S.A.,Mexico,3312,"Steel Works, Blast Furnaces & Rolling Mills (Coke Ovens)",20-F,active,2024,17649060000.0,14760224000.0,23128547000.0,8381155000.0,,,23800000.0,6996978000.0,USD,ifrs-full:Revenue,13445.0,1.0,0.1258,0.1258,2.0,158987.0,USD,13791151528.903685,18072877327.19877,6549118116.898506,,,18597557.398972392,11533786263.096212,0,13445.0,13445.0,13445.0,13.840930461196399,0.0,0.00134851374520796,23.617678161148856,33,0.1258,0.1258
1345105,"Copa Holdings, S.A.",Panama,4512,"Air Transportation, Scheduled",20-F,active,2017,2521786000.0,,4422263000.0,2614216000.0,,,,2571325000.0,USD,ifrs-full:Revenue,,0.0,0.0,0.0,0.0,93127.0,USD,2521786000.0,4422263000.0,2614216000.0,,,,,0,,,,,0.0,,22.209917392963597,45,0.0,0.0
1345105,"Copa Holdings, S.A.",Panama,4512,"Air Transportation, Scheduled",20-F,active,2018,2677627000.0,,4441905000.0,2698131000.0,,,,2645311000.0,USD,ifrs-full:Revenue,,0.0,0.0,0.0,0.0,93665.0,USD,2613783168.8985643,4335994717.280031,2633798283.06312,,,,,0,,,,,0.0,,22.190216882743538,45,0.0,0.0
1345105,"Copa Holdings, S.A.",Panama,4512,"Air Transportation, Scheduled",20-F,active,2019,2707408000.0,,4357378000.0,2532402000.0,,,,2422472000.0,USD,ifrs-full:Revenue,,0.0,0.0,0.0,0.0,91647.0,USD,2595812511.626085,4177773106.337961,2428020008.830188,,,,,0,,,,,0.0,,22.15304419184163,45,0.0,0.0
1345105,"Copa Holdings, S.A.",Panama,4512,"Air Transportation, Scheduled",20-F,active,2020,801003000.0,,3853384000.0,2147486000.0,,,,2569826000.0,USD,ifrs-full:Revenue,,0.0,0.0,0.0,0.0,89667.0,USD,758628478.5834863,3649532949.711735,2033880069.0625837,,,,,0,,,,,0.0,,22.017865037370274,45,0.0,0.0
1345105,"Copa Holdings, S.A.",Panama,4512,"Air Transportation, Scheduled",20-F,active,2021,1509931000.0,,4248261000.0,2512704000.0,,,,2948864000.0,USD,ifrs-full:Revenue,,0.0,0.0,0.0,0.0,94853.0,USD,1365885518.8894126,3842982348.440197,2272995260.6148906,,,,,0,,,,,0.0,,22.06951455534662,45,0.0,0.0
1345105,"Copa Holdings, S.A.",Panama,4512,"Air Transportation, Scheduled",20-F,active,2022,2965033000.0,,4690362000.0,2883524000.0,,,,3198252000.0,USD,ifrs-full:Revenue,,0.0,0.0,0.0,0.0,93688.0,USD,2483428817.1464295,3928516193.1245155,2415159155.5754495,,,,,0,,,,,0.0,,22.09152763253284,45,0.0,0.0
1345105,"Copa Holdings, S.A.",Panama,4512,"Air Transportation, Scheduled",20-F,active,2023,3457004000.0,,5196836000.0,3238632000.0,,,,3074688000.0,USD,ifrs-full:Revenue,,0.0,0.0,0.0,0.0,93283.0,USD,2781014036.066436,4180635561.641049,2605342964.501607,,,,,0,,,,,0.0,,22.1537291201644,45,0.0,0.0
1345105,"Copa Holdings, S.A.",Panama,4512,"Air Transportation, Scheduled",20-F,active,2024,3446198000.0,,5742286000.0,3458260000.0,,,,3369543000.0,USD,ifrs-full:Revenue,,0.0,0.0,0.0,0.0,93031.0,USD,2692893492.152263,4487079558.248554,2702318859.267658,,,,,0,,,,,0.0,,22.224467894616264,45,0.0,0.0
1347557,Pacific Airport Group,Mexico,4581,"Airports, Flying Fields & Airport Terminal Services",20-F,active,2017,12365918000.0,2110407000.0,39517532000.0,1655688000.0,,,,17440763000.0,MXN,ifrs-full:Revenue,206.0,2.0,0.0,0.0,0.0,173408.0,MXN,653364706.1309915,2087945325.3856325,87479805.66947064,,,,111505304.28649028,0,169.0,206.0,206.0,14.969769871166495,0.0,,21.45944632146383,45,0.0,0.0
1347557,Pacific Airport Group,Mexico,4581,"Airports, Flying Fields & Airport Terminal Services",20-F,active,2018,14122890000.0,2453722000.0,39550502000.0,1906233000.0,,,,17778352000.0,MXN,ifrs-full:Revenue,206.0,2.0,0.0,0.0,0.0,174061.0,MXN,716374298.4102418,2006173178.5790915,96692414.08673796,,,,124463433.20975915,0,191.0,206.0,206.0,15.061837182685084,0.0,,21.41949485305856,45,0.0,0.0
1347557,Pacific Airport Group,Mexico,4581,"Airports, Flying Fields & Airport Terminal Services",20-F,active,2019,16226021000.0,2744864000.0,41577804000.0,1905684000.0,,,,20908361000.0,MXN,ifrs-full:Revenue,209.0,2.0,0.0,0.0,0.0,173907.0,MXN,807594669.9754261,2069392915.2244382,94848899.86629808,,,,136616212.6998004,0,130.0,209.0,209.0,15.167236592584056,0.0,,21.450521123540028,45,0.0,0.0
1347557,Pacific Airport Group,Mexico,4581,"Airports, Flying Fields & Airport Terminal Services",20-F,active,2020,11866373000.0,2668707000.0,51361173000.0,2146232000.0,,,,28508390000.0,MXN,ifrs-full:Revenue,192.0,2.0,0.0,0.0,0.0,177681.0,MXN,523076657.85786843,2264030526.9773493,94607161.05482346,,,,117638164.44687004,0,185.0,192.0,192.0,14.817743212602597,0.0,,21.540412480843685,45,0.0,0.0
1347557,Pacific Airport Group,Mexico,4581,"Airports, Flying Fields & Airport Terminal Services",20-F,active,2021,19014906000.0,,55323085000.0,3094220000.0,,,,34894485000.0,MXN,ifrs-full:Revenue,249.0,2.0,0.0,0.0,0.0,186233.0,MXN,848488648.655126,2468642739.074422,138071181.96859154,,,,,0,185.0,249.0,249.0,15.04151436795251,0.0,,21.62693433820631,45,0.0,0.0
1347557,Pacific Airport Group,Mexico,4581,"Airports, Flying Fields & Airport Terminal Services",20-F,active,2022,27380376000.0,,60505341000.0,3928258000.0,,,,40677296000.0,MXN,ifrs-full:Revenue,270.0,1.0,0.0,0.0,0.0,186861.0,MXN,1139396796.336878,2517846785.474033,163469069.24816197,,,,,0,270.0,270.0,270.0,15.255342874297584,0.0,,21.64666992301037,45,0.0,0.0
1347557,Pacific Airport Group,Mexico,4581,"Airports, Flying Fields & Airport Terminal Services",20-F,active,2023,33224144000.0,,67444859000.0,4552283000.0,,,,46500212000.0,MXN,ifrs-full:Revenue,308.0,1.0,0.0546,0.0546,1.0,183186.0,MXN,1505031261.4291017,3055206515.408731,206215342.2484641,,,,,0,308.0,308.0,308.0,15.401979723671635,0.0,,21.840113026437045,45,0.0546,0.0546
1347557,Pacific Airport Group,Mexico,4581,"Airports, Flying Fields & Airport Terminal Services",20-F,active,2024,33614374000.0,,81653073000.0,4819108000.0,,,,57031334000.0,MXN,ifrs-full:Revenue,315.0,1.0,0.4914,0.4914,9.0,183147.0,MXN,1434952768.2842393,3485660721.816955,205721289.50730196,,,,,0,315.0,315.0,315.0,15.331825132703043,0.0,,21.971923453380327,45,0.4914,0.4914
1355444,EMBRAER S.A.,Brazil,3721,Aircraft,20-F,active,2017,2546500000.0,2248600000.0,11974600000.0,2104900000.0,,,22200000.0,7797100000.0,USD,ifrs-full:Revenue,,0.0,0.0,0.0,0.0,129724.0,USD,2546500000.0,11974600000.0,2104900000.0,,,22200000.0,2248600000.0,0,,,,,0.0,0.008717848026703319,23.206053576762745,37,0.0,0.0
1355444,EMBRAER S.A.,Brazil,3721,Aircraft,20-F,active,2018,5071100000.0,4303100000.0,11293300000.0,1964700000.0,,,46100000.0,7353200000.0,USD,ifrs-full:Revenue,3300.0,2.0,0.0706,0.0706,1.0,141719.0,USD,4950187545.838726,11024028911.167297,1917854799.0198073,,,45000817.547113106,4200499305.5744557,0,3300.0,3300.0,3300.0,14.221013553402932,0.0,0.009090729821932125,23.12334317378025,37,0.0706,0.0706
1355444,EMBRAER S.A.,Brazil,3721,Aircraft,20-F,active,2019,5462600000.0,4667100000.0,10540900000.0,968900000.0,,,49400000.0,6957900000.0,USD,ifrs-full:Revenue,6460.0,2.0,0.0631,0.0631,1.0,158459.0,USD,5237439435.064331,10106419166.892984,928963326.7370539,,,47363802.60172408,4474728808.147904,0,6460.0,6460.0,6460.0,13.605713961640292,0.0,0.009043312708234174,23.03643661998873,37,0.0631,0.0631
1355444,EMBRAER S.A.,Brazil,3721,Aircraft,20-F,active,2020,3771100000.0,3293500000.0,10516000000.0,1956000000.0,,10200000.0,29800000.0,7608500000.0,USD,ifrs-full:Revenue,1600.0,19.0,0.3285,0.3285,5.0,152216.0,USD,3571601923.5710545,9959684396.667604,1852524028.136348,,9660401.373717152,28223525.582036387,3119267835.719357,0,900.0,15658.0,1600.0,14.618521141953362,0.0009699505515405097,0.007902203601071306,23.021811220959307,37,0.3285,0.3285
1355444,EMBRAER S.A.,Brazil,3721,Aircraft,20-F,active,2021,4197200000.0,3537600000.0,10155000000.0,1687600000.0,,,43000000.0,7380000000.0,USD,ifrs-full:Revenue,2000.0,4.0,0.4343,0.4343,7.0,161176.0,USD,3796792502.3611293,9186226022.461943,1526605124.1267135,,,38897855.141887106,3200117496.5102286,0,1600.0,2500.0,2000.0,14.456520009375954,0.0,0.010244925188220719,22.940971027648764,37,0.4343,0.4343
1355444,EMBRAER S.A.,Brazil,3721,Aircraft,20-F,active,2022,4540400000.0,3628200000.0,10142100000.0,1649200000.0,,,110000000.0,7317800000.0,USD,ifrs-full:Revenue,2800.0,1.0,0.3801,0.3801,6.0,157842.0,USD,3802912210.8832006,8494739655.9771185,1381323852.1250494,,,92132927.31855169,3038878971.7924476,0,2800.0,2800.0,2800.0,14.121658285287985,0.0,0.02422694035767774,22.86271294486462,37,0.3801,0.3801
1355444,EMBRAER S.A.,Brazil,3721,Aircraft,20-F,active,2023,5268500000.0,4358900000.0,10782500000.0,1770700000.0,,,90300000.0,7743200000.0,USD,ifrs-full:Revenue,8000.0,1.0,0.4084,0.4765,7.0,146900.0,USD,4238286229.6416254,8674066863.644459,1424453530.7632964,,,72642544.65913235,3506551361.181528,0,8000.0,8000.0,8000.0,13.180228012698796,0.0,0.017139603302647813,22.883603590843187,37,0.4084,0.4765
1355444,EMBRAER S.A.,Brazil,3721,Aircraft,20-F,active,2024,6394700000.0,5241600000.0,11824300000.0,1941300000.0,,,55000000.0,8479700000.0,USD,ifrs-full:Revenue,,0.0,0.3339,0.601,9.0,149739.0,USD,4996882365.512973,9239625964.397867,1516951183.9758446,,,42977548.611070655,4095838523.632508,0,,,,,0.0,0.008600872597619904,22.946767241737145,37,0.3339,0.601
1378239,Central North Airport Group,Mexico,4581,"Airports, Flying Fields & Airport Terminal Services",20-F,active,2017,7129827000.0,981065000.0,14200800000.0,2601397000.0,7648417000.0,,,6971485000.0,MXN,ifrs-full:Revenue,1250.0,2.0,0.0,0.0,0.0,146100.0,MXN,376710998.9424003,750312392.4018406,137447214.71022552,404111180.8740992,,,51835475.97682607,0,1250.0,1250.0,1250.0,12.616090040087794,0.5385905723621204,,20.436000200975375,45,0.0,0.0
1378239,Central North Airport Group,Mexico,4581,"Airports, Flying Fields & Airport Terminal Services",20-F,active,2018,7907054000.0,977896000.0,15590484000.0,2670262000.0,8566656000.0,,,7078557000.0,MXN,ifrs-full:Revenue,1148.0,2.0,0.0,0.0,0.0,141249.0,MXN,401080109.08120763,790817037.9699978,135447282.1654441,434537986.3272948,,,49603130.868978076,0,1148.0,1148.0,1148.0,12.763895161709154,0.5494797980614329,,20.488577194261314,45,0.0,0.0
1378239,Central North Airport Group,Mexico,4581,"Airports, Flying Fields & Airport Terminal Services",20-F,active,2019,8527101000.0,954207000.0,17276961000.0,2647101000.0,9267111000.0,,,7389466000.0,MXN,ifrs-full:Revenue,1160.0,2.0,0.0,0.0,0.0,140260.0,MXN,424407272.61120427,859901612.1680914,131750393.91891706,461238738.0535648,,,47492388.13713118,0,1160.0,1160.0,1160.0,12.81002881667554,0.5363854789045366,,20.57232853621143,45,0.0,0.0
1378239,Central North Airport Group,Mexico,4581,"Airports, Flying Fields & Airport Terminal Services",20-F,active,2020,5367466000.0,765958000.0,18191580000.0,2700469000.0,10229656000.0,,,7365333000.0,MXN,ifrs-full:Revenue,1003.0,2.0,0.0,0.0,0.0,153475.0,MXN,236601038.6194452,801895479.5668435,119038251.97208786,450929215.8198374,,,33763876.3503808,0,1003.0,1003.0,1003.0,12.371135111306412,0.5623291654710586,,20.50248883260816,45,0.0,0.0
1378239,Central North Airport Group,Mexico,4581,"Airports, Flying Fields & Airport Terminal Services",20-F,active,2021,8720010000.0,,22889141000.0,2724296000.0,11680684000.0,,,11650909000.0,MXN,ifrs-full:Revenue,1182.0,2.0,0.0,0.0,0.0,164630.0,MXN,389106814.4727712,1021365886.1088578,121564325.98596936,521218868.1094479,,,,0,1182.0,1182.0,1182.0,12.704401253258077,0.5103155247285164,,20.744406672470706,45,0.0,0.0
1378239,Central North Airport Group,Mexico,4581,"Airports, Flying Fields & Airport Terminal Services",20-F,active,2022,11934768000.0,,23069978000.0,2566095000.0,13940366000.0,,,14515358000.0,MXN,ifrs-full:Revenue,1256.0,2.0,0.0,0.0,0.0,166654.0,MXN,496649002.3447409,960025495.0758258,106784524.1459095,580109212.531031,,,,0,1256.0,1256.0,1256.0,12.887706754826205,0.6042643820466582,,20.682470399444167,45,0.0,0.0
1378239,Central North Airport Group,Mexico,4581,"Airports, Flying Fields & Airport Terminal Services",20-F,active,2023,14457080000.0,,25237595000.0,2852674000.0,16421304000.0,,,15399093000.0,MXN,ifrs-full:Revenue,1270.0,2.0,0.0,0.0,0.0,170016.0,MXN,654895950.0350538,1143245991.1769822,129224203.59922595,743873969.2866354,,,,0,1270.0,1270.0,1270.0,13.153214746619797,0.6506683382469685,,20.857137413981516,45,0.0,0.0
1378239,Central North Airport Group,Mexico,4581,"Airports, Flying Fields & Airport Terminal Services",20-F,active,2024,15072956000.0,,27233060000.0,3112540000.0,18715808000.0,,,16688823000.0,MXN,ifrs-full:Revenue,1326.0,2.0,0.0,0.0,0.0,170044.0,MXN,643444377.0521067,1162542989.372665,132870178.97151458,798952867.6118232,,,,0,1326.0,1326.0,1326.0,13.092423972371192,0.6872458695423871,,20.873875674847557,45,0.0,0.0
1389207,Gafisa S.A.,Brazil,1520,General Bldg Contractors - Residential Bldgs,20-F,delisted_in_window,2017,,,,,,,,,,,646.0,1.0,0.0,0.0,0.0,142063.0,USD,,,,,,,,0,646.0,646.0,646.0,,,,,15,0.0,0.0
1389207,Gafisa S.A.,Brazil,1520,General Bldg Contractors - Residential Bldgs,20-F,delisted_in_window,2018,,,,,,,,,,,422.0,1.0,0.0,0.0,0.0,149211.0,USD,,,,,,,,0,422.0,422.0,422.0,,,,,15,0.0,0.0
1389207,Gafisa S.A.,Brazil,1520,General Bldg Contractors - Residential Bldgs,20-F,delisted_in_window,2019,,,,,,,,,,,215.0,1.0,0.0,0.0,0.0,134866.0,USD,,,,,,,,0,215.0,215.0,215.0,,,,,15,0.0,0.0
1389207,Gafisa S.A.,Brazil,1520,General Bldg Contractors - Residential Bldgs,20-F,delisted_in_window,2020,,,,,,,,,,,277.0,1.0,0.0,0.0,0.0,138359.0,USD,,,,,,,,0,277.0,277.0,277.0,,,,,15,0.0,0.0
1389207,Gafisa S.A.,Brazil,1520,General Bldg Contractors - Residential Bldgs,20-F,delisted_in_window,2021,,,,,,,,,,,400.0,1.0,0.0,0.0,0.0,138170.0,USD,,,,,,,,0,400.0,400.0,400.0,,,,,15,0.0,0.0
1395213,EDENOR,Argentina,4911,Electric Services,20-F,active,2017,60897330000.0,,70881927000.0,119440000000.0,,,,43088208000.0,ARS,ifrs-full:Revenue,4789.0,9.0,0.0,0.0,0.0,155978.0,ARS,3676773988.4089756,4279610049.2731595,7211381602.04344,,,,,1,2927.0,5477.0,4789.0,13.551224670732195,0.0,,22.177127732406444,49,0.0,0.0
1395213,EDENOR,Argentina,4911,Electric Services,20-F,active,2018,117120000000.0,,118388260000.0,130774000000.0,,,,70767270000.0,ARS,ifrs-full:Revenue,4922.0,10.0,0.2014,0.2014,3.0,148954.0,ARS,4069318047.741051,4113383564.3669734,4543724371.373703,,,,,1,4045.0,7397.0,4922.0,13.625271035573286,0.0,,22.137511778439563,49,0.2014,0.2014
1395213,EDENOR,Argentina,4911,Electric Services,20-F,active,2019,184739000000.0,,162633000000.0,208061000000.0,,,,82113000000.0,ARS,ifrs-full:Revenue,5477.0,10.0,0.1266,0.1266,2.0,158024.0,ARS,3678755524.175464,3238553024.3382735,4143172546.7577033,,,,,1,4777.0,7397.0,5477.0,13.417527574371814,0.0,,21.89839246956986,49,0.1266,0.1266
1395213,EDENOR,Argentina,4911,Electric Services,20-F,active,2020,268389000000.0,,224510000000.0,367141000000.0,,,,129608000000.0,ARS,ifrs-full:Revenue,5588.0,10.0,0.134,0.134,2.0,149208.0,ARS,3603540328.089973,3014396413.6364746,4929439729.628565,,,,,1,4776.0,7397.0,5588.0,13.376805903256013,0.0,,21.826665452601873,49,0.134,0.134
1395213,EDENOR,Argentina,4911,Electric Services,20-F,active,2021,688502000000.0,,463268000000.0,1185172000000.0,,,,319718000000.0,ARS,ifrs-full:Revenue,4777.0,11.0,0.123,0.123,2.0,162577.0,ARS,6556636796.24156,4411722864.016713,11286448470.847147,,,,,1,1800.0,5977.0,4777.0,14.132175611545563,0.0,,22.20753112222532,49,0.123,0.123
1395213,EDENOR,Argentina,4911,Electric Services,20-F,active,2022,1395852000000.0,,3255963000000.0,2685037000000.0,,,,2212788000000.0,ARS,ifrs-full:Revenue,5756.0,10.0,0.1261,0.1261,2.0,158561.0,ARS,8950830841.981565,20878699203.605274,17217664903.916504,,,,,1,4658.0,5977.0,5756.0,14.25701412842366,0.0,,23.7619952993423,49,0.1261,0.1261
1395213,EDENOR,Argentina,4911,Electric Services,20-F,active,2023,1526735000000.0,,3285627000000.0,2772111000000.0,,,,2053023000000.0,ARS,ifrs-full:Revenue,4688.0,12.0,0.4546,0.4546,7.0,153979.0,ARS,4145689893.533435,8921777943.00948,7527378724.174703,,,,,1,4635.0,6647.0,4688.0,13.69257372036292,0.0,,22.911761084641732,49,0.4546,0.4546
1395213,EDENOR,Argentina,4911,Electric Services,20-F,active,2024,2043127000000.0,,3979577000000.0,3002617000000.0,,,,2472512000000.0,ARS,ifrs-full:Revenue,4658.0,12.0,0.6382,0.6382,10.0,156690.0,ARS,1745412428.302146,3399692312.4139466,2565090192.2549624,,,,,1,4635.0,7469.0,4658.0,12.833915262827803,0.0,,21.946950768124648,49,0.6382,0.6382
1402902,Cosan Ltd.,Brazil,2060,Sugar & Confectionery Products,20-F,delisted_in_window,2017,13579021000.0,9224314000.0,55624511000.0,11681575000.0,16121725000.0,751434000.0,,38565098000.0,BRL,ifrs-full:Revenue,11230.0,2.0,0.0,0.0,0.0,161026.0,BRL,4254893120.531266,17429559110.838383,3660341427.0049386,5051631983.89611,235456691.40163282,,2890375541.817061,0,11230.0,11230.0,11230.0,12.84499143236474,0.30334035655612335,,23.58143340131266,20,0.0,0.0
1402902,Cosan Ltd.,Brazil,2060,Sugar & Confectionery Products,20-F,delisted_in_window,2018,16834768000.0,12108305000.0,56360716000.0,12417822000.0,15248060000.0,782783000.0,,38391360000.0,BRL,ifrs-full:Revenue,11632.0,2.0,0.0,0.0,0.0,164909.0,BRL,4497579287.862414,15057337821.98221,3317547294.2402434,4073674127.025889,209128430.3823376,,3234856683.449449,0,11632.0,11632.0,11632.0,12.865289953179314,0.28443291955339955,,23.43513127224352,20,0.0,0.0
1402902,Cosan Ltd.,Brazil,2060,Sugar & Confectionery Products,20-F,delisted_in_window,2019,20611409000.0,14160233000.0,65717874000.0,12153136000.0,15139819000.0,,,49477393000.0,BRL,ifrs-full:Revenue,11909.0,2.0,0.0,0.0,0.0,185878.0,BRL,5010009121.959181,15974024299.637358,2954059192.1886816,3680031350.346351,,,3441923669.5107756,0,11909.0,11909.0,11909.0,12.949653877023866,0.23037597047037767,,23.494229758639737,20,0.0,0.0
1430162,Cosan S.A.,Brazil,5500,Retail-Auto Dealers & Gasoline Stations,20-F,active,2018,16834768000.0,12108305000.0,,,,,,,BRL,ifrs-full:Revenue,,,,,,,BRL,4497579287.862414,,,,,,3234856683.449449,0,,,,,,,,55,,
1430162,Cosan S.A.,Brazil,5500,Retail-Auto Dealers & Gasoline Stations,20-F,active,2019,20611409000.0,14616985000.0,65717874000.0,12153136000.0,15938682000.0,,,49477393000.0,BRL,ifrs-full:Revenue,,,,,,,BRL,5010009121.959181,15974024299.637358,2954059192.1886816,3874210744.7388296,,,3552946243.778896,0,,,,,0.24253191757237919,,23.494229758639737,55,,
1430162,Cosan S.A.,Brazil,5500,Retail-Auto Dealers & Gasoline Stations,20-F,active,2020,20437835000.0,14999823000.0,83713565000.0,14068506000.0,16219719000.0,,,62894698000.0,BRL,ifrs-full:Revenue,11930.0,1.0,0.0488,0.0488,1.0,205087.0,BRL,3754794354.31617,15379673103.422146,2584635158.394378,2979851306.647437,,,2755734681.1020756,0,11930.0,11930.0,11930.0,12.659487839742928,0.1937525776139148,,23.45631254614407,55,0.0488,0.0488
1430162,Cosan S.A.,Brazil,5500,Retail-Auto Dealers & Gasoline Stations,20-F,active,2021,26093154000.0,20263186000.0,97842023000.0,16648553000.0,16648681000.0,,,68972001000.0,BRL,ifrs-full:Revenue,10581.0,1.0,0.0407,0.0407,1.0,245574.0,BRL,4375629748.323674,16407386645.361813,2791839720.6157355,2791861185.2730083,,,3397987052.7501507,0,10581.0,10581.0,10581.0,12.932501069967087,0.17015879771823605,,23.520997475579573,55,0.0407,0.0407
1430162,Cosan S.A.,Brazil,5500,Retail-Auto Dealers & Gasoline Stations,20-F,active,2022,39322786000.0,30556819000.0,134484992000.0,18948436000.0,20661870000.0,,,86315593000.0,BRL,ifrs-full:Revenue,11181.0,1.0,0.0378,0.0378,1.0,264810.0,BRL,6377973782.903834,21812842893.94022,3073348567.800644,3351259627.57998,,,4956174531.248569,0,11181.0,11181.0,11181.0,13.254145106827165,0.15363699467669967,,23.805764756851527,55,0.0378,0.0378
1430162,Cosan S.A.,Brazil,5500,Retail-Auto Dealers & Gasoline Stations,20-F,active,2023,39468497000.0,28549896000.0,139865382000.0,21239974000.0,21258313000.0,,,88884202000.0,BRL,ifrs-full:Revenue,11656.0,1.0,0.0754,0.0754,2.0,265356.0,BRL,6357294418.589642,22528484232.437534,3421178368.185368,3424132279.0561705,,,4598606693.640113,0,11656.0,11656.0,11656.0,13.209292370030518,0.1519912411206942,,23.838046311383753,55,0.0754,0.0754
1430162,Cosan S.A.,Brazil,5500,Retail-Auto Dealers & Gasoline Stations,20-F,active,2024,43950742000.0,30236061000.0,141265902000.0,23019016000.0,24745764000.0,,,101867540000.0,BRL,ifrs-full:Revenue,12090.0,1.0,0.4321,0.4321,11.0,254591.0,BRL,6372975142.069969,20483933624.3309,3337818887.401511,3588201965.817322,,,4384309715.34249,0,12090.0,12090.0,12090.0,13.175198309155292,0.17517152865381486,,23.74290669017488,55,0.4321,0.4321
1432364,AZUL SA,Brazil,4512,"Air Transportation, Scheduled",20-F,active,2017,7704831000.0,,13917116000.0,1880771000.0,,,,,BRL,ifrs-full:Revenue,10311.0,1.0,0.0635,0.0635,1.0,157528.0,BRL,2414255962.6909804,4360832870.501903,589326696.6149261,,,,,0,10311.0,10311.0,10311.0,12.363690421080504,0.0,,22.19592890140881,45,0.0635,0.0635
1432364,AZUL SA,Brazil,4512,"Air Transportation, Scheduled",20-F,active,2018,9057064000.0,,16094398000.0,1842239000.0,,,,,BRL,ifrs-full:Revenue,,0.0,0.0632,0.0632,1.0,158180.0,BRL,2419686654.14601,4299781921.284229,492172863.3083846,,,,,0,,,,,0.0,,22.181830142379418,45,0.0632,0.0632
1432364,AZUL SA,Brazil,4512,"Air Transportation, Scheduled",20-F,active,2019,11442317000.0,,19197490000.0,9553643000.0,,,,,BRL,ifrs-full:Revenue,,0.0,0.0597,0.0597,1.0,167537.0,BRL,2781280626.974537,4666328246.590039,2322201193.4235783,,,,,0,,,,,0.0,,22.26363835667611,45,0.0597,0.0597
1432364,AZUL SA,Brazil,4512,"Air Transportation, Scheduled",20-F,active,2020,5744126000.0,,15794457000.0,1799706000.0,,810948000.0,,,BRL,ifrs-full:Revenue,,0.0,0.0,0.0,0.0,164297.0,BRL,1055298267.9075708,2901723101.9376326,330638050.86149967,,148985593.24135798,,,0,,,,,0.05134383537211821,,21.78857057056985,45,0.0,0.0
1432364,AZUL SA,Brazil,4512,"Air Transportation, Scheduled",20-F,active,2021,9975729000.0,,18533473000.0,1961174000.0,,,,,BRL,ifrs-full:Revenue,,0.0,0.0,0.0,0.0,162648.0,BRL,1672856281.521781,3107926922.0790105,328874435.64848214,,,,,0,,,,,0.0,,21.85722175633079,45,0.0,0.0
1432364,AZUL SA,Brazil,4512,"Air Transportation, Scheduled",20-F,active,2022,15948067000.0,,18721293000.0,1953089000.0,,,,,BRL,ifrs-full:Revenue,,0.0,0.0,0.0,0.0,166980.0,BRL,2586702610.898267,3036507025.114168,316781990.9219521,,,,,0,,,,,0.0,,21.833973686855682,45,0.0,0.0
1432364,AZUL SA,Brazil,4512,"Air Transportation, Scheduled",20-F,active,2023,18554425000.0,,20532909000.0,2295851000.0,,,,,BRL,ifrs-full:Revenue,,0.0,0.057,0.057,1.0,175437.0,BRL,2988609941.053497,3307289552.5540032,369798747.2949235,,,,,0,,,,,0.0,,21.91939482458335,45,0.057,0.057
1432364,AZUL SA,Brazil,4512,"Air Transportation, Scheduled",20-F,active,2024,19526208000.0,,26274943000.0,3034554000.0,,,,,BRL,ifrs-full:Revenue,,0.0,0.0,0.0,0.0,180958.0,BRL,2831352385.4247503,3809937010.8087215,440018446.31585497,,,,,0,,,,,0.0,,22.06087849335222,45,0.0,0.0
1439124,AXIA Energia S.A.,Brazil,4911,Electric Services,20-F,active,2017,29441332000.0,,172975359000.0,27965837000.0,749762000.0,,,130222827000.0,BRL,ifrs-full:Revenue,,,,,,,BRL,9225239506.299978,54200642670.08101,8762903265.353132,234932781.66634864,,,,0,,,,,0.004334501771434392,,24.71595860270328,49,,
1439124,AXIA Energia S.A.,Brazil,4911,Electric Services,20-F,active,2018,26214853000.0,,181710095000.0,32370392000.0,649650000.0,,,,BRL,ifrs-full:Revenue,,,,,,,BRL,7003564283.580141,48545697788.50007,8648079058.718672,173560596.99544525,,,,0,,,,,0.0035752003761816316,,24.605771413720216,49,,
1439124,AXIA Energia S.A.,Brazil,4911,Electric Services,20-F,active,2019,29042129000.0,,178622483000.0,33315874000.0,818362000.0,,,,BRL,ifrs-full:Revenue,,,,,,,BRL,7059261752.125499,43417714393.858215,8098079691.982373,198919010.58606714,,,,0,,,,,0.004581517322206298,,24.49413336053289,49,,
1439124,AXIA Energia S.A.,Brazil,4911,Electric Services,20-F,active,2020,25400936000.0,,178966449000.0,32662912000.0,785493000.0,,,,BRL,ifrs-full:Revenue,,,,,,,BRL,4666604417.109071,32879324660.230045,6000758767.899138,144309056.3043919,,,,0,,,,,0.004389051715497803,,24.216109867392735,49,,
1439124,AXIA Energia S.A.,Brazil,4911,Electric Services,20-F,active,2021,34626834000.0,9678430000.0,188303069000.0,33367981000.0,4992176000.0,,,,BRL,ifrs-full:Revenue,,,,,,,BRL,5806665033.313553,31577037809.114433,5595564656.733301,837151147.5564622,,,1623001428.844834,0,,,,,0.026511389466520062,,24.175696041789728,49,,
1439124,AXIA Energia S.A.,Brazil,4911,Electric Services,20-F,active,2022,34074233000.0,,270217462000.0,34739705000.0,79980581000.0,,,,BRL,ifrs-full:Revenue,708.0,6.0,0.0,0.0,0.0,226848.0,BRL,5526682792.683018,43828020942.33133,5634619269.240314,12972479843.09699,,,,0,669.0,708.0,708.0,15.870409522143268,0.29598598257872766,,24.5035391973194,49,0.0,0.0
1439124,AXIA Energia S.A.,Brazil,4911,Electric Services,20-F,active,2023,37158908000.0,,267057654000.0,,79866241000.0,,,,BRL,ifrs-full:Revenue,708.0,5.0,0.0995,0.0995,2.0,200965.0,BRL,5985282855.571774,43015677369.62073,,12864265090.789629,,,,0,101.0,1573.0,708.0,15.950125341893038,0.29905992134567316,,24.484830476184374,49,0.0995,0.0995
1439124,AXIA Energia S.A.,Brazil,4911,Electric Services,20-F,active,2024,40181552000.0,,289871330000.0,,78173273000.0,,,,BRL,ifrs-full:Revenue,684.0,3.0,0.0,0.0,0.0,166517.0,BRL,5826432510.87301,42032118149.1944,,11335333669.753504,,,,0,684.0,3054.0,684.0,15.957712813154517,0.2696826657538019,,24.46169988082004,49,0.0,0.0
1444406,ECOPETROL S.A.,Colombia,1311,Crude Petroleum & Natural Gas,20-F,active,2017,55954228000000.0,36908325000000.0,117847412000000.0,61404374000000.0,380226000000.0,1159922000000.0,,69631713000000.0,COP,ifrs-full:Revenue,11682.0,3.0,0.0,0.0,0.0,146243.0,COP,18957979379.01744,39928149961.546646,20804555753.56119,128825236.71609382,392995813.60087156,,12504993622.002502,0,4609.0,11682.0,11682.0,14.299686280657111,0.01306900146436818,,24.410347424905773,13,0.0,0.0
1444406,ECOPETROL S.A.,Colombia,1311,Crude Petroleum & Natural Gas,20-F,active,2018,68603872000000.0,41184379000000.0,124643498000000.0,62799983000000.0,410747000000.0,1159922000000.0,,67535718000000.0,COP,ifrs-full:Revenue,12228.0,2.0,0.0,0.0,0.0,154736.0,COP,22657248685.769325,41165004961.38456,20740444975.074963,135654106.02383628,383078103.9602972,,13601633403.023895,0,12228.0,12228.0,12228.0,14.432261984942755,0.01260129108379163,,24.440854338221136,13,0.0,0.0
1444406,ECOPETROL S.A.,Colombia,1311,Crude Petroleum & Natural Gas,20-F,active,2019,71488512000000.0,44972360000000.0,133890296000000.0,64214822000000.0,483098000000.0,1159922000000.0,,75658668000000.0,COP,ifrs-full:Revenue,15157.0,3.0,0.0,0.0593,1.0,168755.0,COP,20886577935.379265,39118314592.909676,18761446374.901566,141145251.805295,338890831.1864288,,13139435635.16797,0,5131.0,15157.0,15157.0,14.136154835135331,0.012271389705494415,,24.3898565981816,13,0.0,0.0593
1444406,ECOPETROL S.A.,Colombia,1311,Crude Petroleum & Natural Gas,20-F,active,2020,50223393000000.0,37567472000000.0,137694169000000.0,66508338000000.0,555043000000.0,1594279000000.0,,84194806000000.0,COP,ifrs-full:Revenue,13977.0,3.0,0.0,0.054,1.0,185113.0,COP,12879212369.61116,35310088360.77901,17055299498.619698,142334403.2384687,408834540.856515,,9633746769.705921,0,4933.0,13977.0,13977.0,13.733712003840182,0.015609390111501377,,24.287434549312888,13,0.0,0.054
1444406,ECOPETROL S.A.,Colombia,1311,Crude Petroleum & Natural Gas,20-F,active,2021,91881204000000.0,55581776000000.0,242426616000000.0,90076526000000.0,15508516000000.0,4686324000000.0,,151842844000000.0,COP,ifrs-full:Revenue,18378.0,4.0,0.0401,0.0401,1.0,249496.0,COP,22198299914.304176,58569745441.92795,21762293617.60016,3746823881.3434024,1132205729.9945874,,13428436717.238424,0,306.0,18378.0,18378.0,14.004371966394634,0.08330289938131215,,24.793484110819225,13,0.0401,0.0401
1444406,ECOPETROL S.A.,Colombia,1311,Crude Petroleum & Natural Gas,20-F,active,2022,159611078000000.0,89458148000000.0,302792431000000.0,100997498000000.0,18146605000000.0,5350114000000.0,,188889342000000.0,COP,ifrs-full:Revenue,18903.0,3.0,0.1151,0.1151,3.0,260604.0,COP,31409699653.48294,59586210645.46633,19875193612.396027,3571051708.4559245,1052843423.8874962,,17604376810.46691,0,525.0,18903.0,18903.0,14.323306669710645,0.07760008703784277,,24.810690019239747,13,0.1151,0.1151
1444406,ECOPETROL S.A.,Colombia,1311,Crude Petroleum & Natural Gas,20-F,active,2023,143189602000000.0,88178198000000.0,280141090000000.0,95171302000000.0,14714809000000.0,4846667000000.0,,179888610000000.0,COP,ifrs-full:Revenue,19659.0,3.0,0.1125,0.1125,3.0,266679.0,COP,26627646529.470676,52095248668.27014,17698127196.453175,2736376994.7532496,901289855.6841443,,16397684295.188404,0,754.0,19659.0,19659.0,14.118925328496438,0.0698272288438658,,24.67633958516072,13,0.1125,0.1125
1444406,ECOPETROL S.A.,Colombia,1311,Crude Petroleum & Natural Gas,20-F,active,2024,133330428000000.0,86481154000000.0,298242156000000.0,107454558000000.0,16413285000000.0,5145785000000.0,,,COP,ifrs-full:Revenue,19581.0,2.0,0.0354,0.0354,1.0,282632.0,COP,25570600018.23202,57197977941.32303,20608030469.638287,3147800183.467853,986877579.1735855,,16585673887.202448,0,19581.0,19581.0,19581.0,14.082394104381931,0.07228713166893816,,24.769784384031144,13,0.0354,0.0354
1449877,Petrobras Argentina S.A.,Argentina,1311,Crude Petroleum & Natural Gas,20-F,delisted_in_window,2017,,,,,,,,,,,3330.0,3.0,0.0,0.0,0.0,241320.0,USD,,,,,,,,0,700.0,3330.0,3330.0,,,,,13,0.0,0.0
1450123,JBS S.A.,Brazil,2011,Meat Packing Plants,20-F,delisted_in_window,2020,,,,9077589000.0,,,,,USD,,,,,,,,USD,,,8597367965.258795,,,,,0,,,,,,,,20,,
1450123,JBS S.A.,Brazil,2011,Meat Packing Plants,20-F,delisted_in_window,2021,65042706000.0,52753839000.0,,10208289000.0,,5835418000.0,,,USD,ifrs-full:Revenue,,,,,,,USD,58837715256.380264,,9234431320.19813,,5278726605.961874,,47721190409.31243,0,,,,,,,,20,,
1450123,JBS S.A.,Brazil,2011,Meat Packing Plants,20-F,delisted_in_window,2022,72613910000.0,61070237000.0,39885511000.0,11915363000.0,1979491000.0,5828691000.0,,,USD,ifrs-full:Revenue,,,,,,,USD,60819382657.689575,33406989872.96631,9979975211.392363,1657966367.5520654,4881948766.048148,,51150724607.7066,0,,,,,0.19576487311394855,,24.23203099266728,20,,
1450123,JBS S.A.,Brazil,2011,Meat Packing Plants,20-F,delisted_in_window,2023,72918123000.0,64950972000.0,42577834000.0,12918249000.0,1985595000.0,6105020000.0,,,USD,ifrs-full:Revenue,270000.0,3.0,0.0,0.0,0.0,197573.0,USD,58659557103.9602,34252073176.457626,10392186931.34321,1597327502.3527122,4911231317.772937,,52250319868.92641,0,270000.0,272565.0,270000.0,12.288839112264407,0.1900194124482706,,24.25701293052223,20,0.0,0.0
1450123,JBS S.A.,Brazil,2011,Meat Packing Plants,20-F,delisted_in_window,2024,77182547000.0,65594321000.0,40685373000.0,11780880000.0,1803199000.0,5417134000.0,4141000.0,,USD,ifrs-full:Revenue,280000.0,5.0,0.0,0.0,0.0,218185.0,USD,60311212102.15901,31791956288.491665,9205697143.294365,1409037685.0533452,4233002542.1397023,3235818.705426247,51256056716.1395,0,3000.0,281974.0,280000.0,12.280238979919648,0.17746753851808117,5.3652025761730816e-05,24.182479147833302,20,0.0,0.0
1464591,GeoPark Ltd,Colombia,1311,Crude Petroleum & Natural Gas,20-F,active,2017,330122000.0,,786163000.0,517403000.0,,,,659323000.0,USD,ifrs-full:Revenue,405.0,2.0,0.0,0.0,0.0,130667.0,USD,330122000.0,786163000.0,517403000.0,,,,,0,405.0,405.0,405.0,13.611085773966872,0.0,,20.48267470802826,13,0.0,0.0
1464591,GeoPark Ltd,Colombia,1311,Crude Petroleum & Natural Gas,20-F,active,2018,601161000.0,,862660000.0,557170000.0,,,,719639000.0,USD,ifrs-full:Revenue,457.0,2.0,0.0,0.0,0.0,130237.0,USD,586827255.4759232,842091220.5030931,543885152.1198484,,,,,0,457.0,457.0,457.0,14.065557659901552,0.0,,20.551398904228133,13,0.0,0.0
1464591,GeoPark Ltd,Colombia,1311,Crude Petroleum & Natural Gas,20-F,active,2019,628907000.0,,852132000.0,567788000.0,,,,719247000.0,USD,ifrs-full:Revenue,439.0,2.0,0.0,0.0,0.0,140257.0,USD,602984352.2842609,817008336.8140152,544384590.1139213,,,,,0,439.0,439.0,439.0,14.132902391502242,0.0,,20.521159856950934,13,0.0,0.0
1464591,GeoPark Ltd,Colombia,1311,Crude Petroleum & Natural Gas,20-F,active,2020,393692000.0,,960266000.0,614665000.0,,,,1069456000.0,USD,ifrs-full:Revenue,437.0,2.0,0.0,0.0,0.0,148213.0,USD,372864974.27661306,909466175.0523407,582148099.0564562,,,,,0,437.0,437.0,437.0,13.65679371771654,0.0,,20.628368364524253,13,0.0,0.0
1464591,GeoPark Ltd,Colombia,1311,Crude Petroleum & Natural Gas,20-F,active,2021,688543000.0,,895741000.0,614047000.0,,,,957686000.0,USD,ifrs-full:Revenue,463.0,2.0,0.3129,0.3129,5.0,159780.0,USD,622856880.7665204,810288457.2709093,555467703.6351244,,,,,0,463.0,463.0,463.0,14.112100270378022,0.0,,20.512900862322592,13,0.3129,0.3129
1464591,GeoPark Ltd,Colombia,1311,Crude Petroleum & Natural Gas,20-F,active,2022,1049579000.0,,973975000.0,666879000.0,,,,858390000.0,USD,ifrs-full:Revenue,482.0,2.0,0.4353,0.4353,7.0,160811.0,USD,879098052.0188924,815774253.5007852,558559222.1569858,,,,,0,482.0,482.0,482.0,14.416462884887215,0.0,,20.51964822453209,13,0.4353,0.4353
1464591,GeoPark Ltd,Colombia,1311,Crude Petroleum & Natural Gas,20-F,active,2023,756625000.0,,1016549000.0,686824000.0,,,,840529000.0,USD,ifrs-full:Revenue,470.0,2.0,0.3282,0.3282,5.0,152361.0,USD,608672927.4940865,817770832.012141,552520964.4846503,,,,,0,470.0,470.0,470.0,14.074058921828934,0.0,,20.52209269885149,13,0.3282,0.3282
1464591,GeoPark Ltd,Colombia,1311,Crude Petroleum & Natural Gas,20-F,active,2024,660838000.0,,1200055000.0,740491000.0,,,,996764000.0,USD,ifrs-full:Revenue,476.0,2.0,0.2574,0.2574,4.0,155413.0,USD,516385404.8916856,937734947.244698,578627053.6101876,,,,,0,476.0,476.0,476.0,13.896946099121744,0.0,,20.658977894805645,13,0.2574,0.2574
1469395,Pampa Energy Inc.,Argentina,4911,Electric Services,20-F,active,2017,2175000000.0,1574000000.0,5657000000.0,111571000000.0,,,,3687000000.0,ARS;USD,ifrs-full:Revenue,3330.0,3.0,0.0,0.0,0.0,239203.0,ARS,131319114.06936103,341550449.78867835,6736278103.831117,,,,95032774.96329851,1,700.0,3330.0,3330.0,10.582413321250748,0.0,,19.64900595604561,49,0.0,0.0
1469395,Pampa Energy Inc.,Argentina,4911,Electric Services,20-F,active,2018,1436000000.0,831000000.0,5672000000.0,3316000000.0,,,,3877000000.0,USD,ifrs-full:Revenue,2127.0,3.0,0.0,0.0,0.0,267625.0,USD,1401760824.2441306,5536760024.451747,3236935162.391042,,,,811186103.7234488,0,1034.0,2127.0,2127.0,13.398527199688518,0.0,,22.43467533349255,49,0.0,0.0
1469395,Pampa Energy Inc.,Argentina,4911,Electric Services,20-F,active,2019,1340000000.0,811000000.0,5684000000.0,3507000000.0,,,,3275000000.0,USD,ifrs-full:Revenue,1944.0,3.0,0.0,0.0,0.0,269855.0,USD,1284767115.1074953,5449713643.485824,3362446472.150736,,,,777571739.0687901,0,1944.0,2000.0,1944.0,13.401340320469075,0.0,,22.418828901761493,49,0.0,0.0
1469395,Pampa Energy Inc.,Argentina,4911,Electric Services,20-F,active,2020,1073000000.0,663000000.0,4890000000.0,1610000000.0,,,,3121000000.0,USD,ifrs-full:Revenue,1937.0,2.0,0.0,0.0,0.0,207033.0,USD,1016236340.5880886,4631310070.34087,1524828059.96908,,,,627926089.2916149,0,1937.0,1937.0,1937.0,13.170476114333237,0.0,,22.256105617578452,49,0.0,0.0
1469395,Pampa Energy Inc.,Argentina,4911,Electric Services,20-F,active,2021,1508000000.0,951000000.0,3861000000.0,1659000000.0,,,,2070000000.0,USD,ifrs-full:Revenue,1937.0,3.0,0.0,0.0,0.0,207887.0,USD,1364138733.813157,3492665551.2285147,1500733527.4509468,,,,860275819.5333637,0,101.0,1937.0,1937.0,13.464893438795185,0.0,,21.973931049898518,49,0.0,0.0
1469395,Pampa Energy Inc.,Argentina,4911,Electric Services,20-F,active,2022,1829000000.0,1139000000.0,4742000000.0,2164000000.0,,,,2458000000.0,USD,ifrs-full:Revenue,1907.0,3.0,0.1433,0.1433,3.0,209313.0,USD,1531919309.6875548,3971766739.49611,1812505951.9758713,,,,953994583.7802761,0,106.0,1907.0,1907.0,13.596500631360543,0.0,,22.102476855195448,49,0.1433,0.1433
1469395,Pampa Energy Inc.,Argentina,4911,Electric Services,20-F,active,2023,1732000000.0,1107000000.0,4722000000.0,2544000000.0,,,,2309000000.0,USD,ifrs-full:Revenue,1924.0,3.0,0.0494,0.0494,1.0,202614.0,USD,1393321011.6236682,3798650009.7499776,2046540793.0546257,,,,890534849.807968,0,106.0,1924.0,1924.0,13.492794320217916,0.0,,22.057911579966646,49,0.0494,0.0494
1469395,Pampa Energy Inc.,Argentina,4911,Electric Services,20-F,active,2024,1876000000.0,1279000000.0,6345000000.0,2607000000.0,,,,3050000000.0,USD,ifrs-full:Revenue,1847.0,3.0,0.1114,0.1114,2.0,179600.0,USD,1465925112.6248827,4958046289.76806,2037135804.164749,,,,999423357.7010794,0,105.0,1847.0,1847.0,13.584434376113466,0.0,,22.324277606895023,49,0.1114,0.1114
1471055,Banco Santander (Brasil) S.A.,Brazil,6029,"Commercial Banks, NEC",20-F,active,2017,71418349000.0,,645703039000.0,6509883000.0,30202043000.0,28364256000.0,,558615438000.0,BRL,ifrs-full:RevenueFromInterest,,0.0,0.0813,0.0813,2.0,245986.0,BRL,22378449951.56875,202326619757.58282,2039827200.5149298,9463603082.040266,8887745127.088888,,,0,,,,,0.09070160036833898,,26.033149158017533,60,0.0813,0.0813
1471055,Banco Santander (Brasil) S.A.,Brazil,6029,"Commercial Banks, NEC",20-F,active,2018,70478393000.0,,723865007000.0,6588975000.0,30018988000.0,28378288000.0,,632269547000.0,BRL,ifrs-full:RevenueFromInterest,,0.0,0.3048,0.3048,8.0,262457.0,BRL,18829018647.517292,193387890031.60495,1760311605.6154296,8019877593.287319,7581547921.170908,,,0,,,,,0.08067426306739539,,25.987963801829356,60,0.3048,0.3048
1471055,Banco Santander (Brasil) S.A.,Brazil,6029,"Commercial Banks, NEC",20-F,active,2019,72841060000.0,,760612618000.0,9781957000.0,30595788000.0,28375004000.0,,663403457000.0,BRL,ifrs-full:RevenueFromInterest,,0.0,0.4573,0.4573,9.0,196827.0,BRL,17705455025.087128,184881885292.61896,2377697410.2358775,7436909188.184526,6897103874.637015,,,0,,,,,0.07753065174630062,,25.942983000245977,60,0.4573,0.4573
1471055,Banco Santander (Brasil) S.A.,Brazil,6029,"Commercial Banks, NEC",20-F,active,2020,62774940000.0,,933578379000.0,9537111000.0,30766498000.0,28360137000.0,,827488507000.0,BRL,ifrs-full:RevenueFromInterest,,0.0,0.2698,0.2698,7.0,259410.0,BRL,11532874705.394985,171514978312.56793,1752137177.900039,5652353734.751246,5210262353.876187,,,0,,,,,0.06333333797140132,,25.867936436838264,60,0.2698,0.2698
1471055,Banco Santander (Brasil) S.A.,Brazil,6029,"Commercial Banks, NEC",20-F,active,2021,77987308000.0,,931208396000.0,8783785000.0,30786788000.0,27915469000.0,,825233901000.0,BRL,ifrs-full:RevenueFromInterest,,0.0,0.3094,0.3094,9.0,290902.0,BRL,13077897170.900877,156156789609.50342,1472976051.4531615,5162717601.257952,4681218552.376126,,,0,,,,,0.06303879695689514,,25.774126401059085,60,0.3094,0.3094
1471055,Banco Santander (Brasil) S.A.,Brazil,6029,"Commercial Banks, NEC",20-F,active,2022,115225118000.0,,985450829000.0,8190763000.0,31602734000.0,27889327000.0,,874770653000.0,BRL,ifrs-full:RevenueFromInterest,,0.0,0.3189,0.3189,9.0,282198.0,BRL,18688980524.82855,159835560779.00607,1328503826.6611822,5125817100.550394,4523519682.17186,,,0,,,,,0.060370400276968064,,25.797411378556863,60,0.3189,0.3189
1471055,Banco Santander (Brasil) S.A.,Brazil,6029,"Commercial Banks, NEC",20-F,active,2023,128282707000.0,,1115652776000.0,7085564000.0,32375513000.0,27852568000.0,,1000796422000.0,BRL,ifrs-full:RevenueFromInterest,,0.0,0.3988,0.3988,11.0,275795.0,BRL,20662832365.08019,179701121275.24997,1141290393.4436543,5214808866.268112,4486286242.158866,,,0,,,,,0.053984610889365105,,25.914560870422914,60,0.3988,0.3988
1471055,Banco Santander (Brasil) S.A.,Brazil,6029,"Commercial Banks, NEC",20-F,active,2024,137183478000.0,,1238796810000.0,6021900000.0,32826797000.0,27892878000.0,,1118969678000.0,BRL,ifrs-full:RevenueFromInterest,5686.0,1.0,1.0157,1.0157,27.0,265829.0,BRL,19891971225.348194,179628850775.84296,873191606.3676728,4759973364.608429,4044541913.189777,,,0,5686.0,5686.0,5686.0,15.067819739042985,0.04901503984337835,,25.91415861897715,60,1.0157,1.0157
1499505,Adecoagro S.A.,Argentina,100,Agricultural Production-Crops,20-F,active,2017,933178000.0,766727000.0,1645089000.0,831377000.0,,12412000.0,,962070000.0,USD,ifrs-full:Revenue,7790.0,2.0,0.0,0.0,0.0,147480.0,USD,933178000.0,1645089000.0,831377000.0,,12412000.0,,766727000.0,0,7790.0,7790.0,7790.0,11.693510384172466,0.007544880550535564,,21.221060323043677,10,0.0,0.0
1499505,Adecoagro S.A.,Argentina,100,Agricultural Production-Crops,20-F,active,2018,793239000.0,609965000.0,2277372000.0,1480439000.0,,,,1169227000.0,USD,ifrs-full:Revenue,7743.0,2.0,0.0,0.0,0.0,160130.0,USD,774325455.7538927,2223071623.8373985,1445140245.7403595,,,,595421337.8552027,0,7743.0,7743.0,7743.0,11.512958340258182,0.0,,21.522155690859456,10,0.0,0.0
1499505,Adecoagro S.A.,Argentina,100,Agricultural Production-Crops,20-F,active,2019,887138000.0,671173000.0,2521307000.0,1493220000.0,,,,1492424000.0,USD,ifrs-full:Revenue,8237.0,2.0,0.0,0.0,0.0,171774.0,USD,850571439.5240546,2417382328.8733835,1431671605.6871748,,,,643508208.1701813,0,8237.0,8237.0,8237.0,11.545027484420219,0.0,,21.605951109390787,10,0.0,0.0
1499505,Adecoagro S.A.,Argentina,100,Agricultural Production-Crops,20-F,active,2020,817764000.0,611946000.0,2482236000.0,1358292000.0,,,,1518512000.0,USD,ifrs-full:Revenue,8716.0,3.0,0.0539,0.0539,1.0,185651.0,USD,774502791.076121,2350921182.773546,1286435872.8146095,,,,579572939.1216389,0,141.0,8716.0,8716.0,11.394816125463713,0.0,,21.57807308096302,10,0.0539,0.0539
1499505,Adecoagro S.A.,Argentina,100,Agricultural Production-Crops,20-F,active,2021,1124352000.0,854965000.0,2582401000.0,1422623000.0,,,,1534571000.0,USD,ifrs-full:Revenue,9104.0,2.0,0.0591,0.0591,1.0,169325.0,USD,1017090261.0346756,2336043256.1921954,1286906590.128299,,,,773402435.3810118,0,9104.0,9104.0,9104.0,11.62374254595496,0.0,,21.571724418946513,10,0.0591,0.0591
1499505,Adecoagro S.A.,Argentina,100,Agricultural Production-Crops,20-F,active,2022,1347724000.0,1075747000.0,3108855000.0,1565355000.0,,,,1945212000.0,USD,ifrs-full:Revenue,9776.0,2.0,0.0581,0.0581,1.0,172260.0,USD,1128815975.7951615,2603890106.899236,1311097622.2066498,,,,901015637.8559092,0,9776.0,9776.0,9776.0,11.656749429892805,0.0,,21.68027235875062,10,0.0581,0.0581
1499505,Adecoagro S.A.,Argentina,100,Agricultural Production-Crops,20-F,active,2023,1298871000.0,973180000.0,3164894000.0,1549565000.0,,,,1899246000.0,USD,ifrs-full:Revenue,9762.0,2.0,0.0582,0.0582,1.0,171730.0,USD,1044886983.6539524,2546023850.9016614,1246559742.1343126,,,,782882299.1292849,0,9762.0,9762.0,9762.0,11.580921990454058,0.0,,21.657798705027403,10,0.0582,0.0582
1499505,Adecoagro S.A.,Argentina,100,Agricultural Production-Crops,20-F,active,2024,1518907000.0,1198715000.0,3114888000.0,1548589000.0,,,,1706787000.0,USD,ifrs-full:Revenue,10320.0,2.0,0.0574,0.0574,1.0,174068.0,USD,1186889080.5126452,2434004553.418921,1210082891.383078,,,,936687857.8785374,0,10320.0,10320.0,10320.0,11.652762463942663,0.0,,21.61280370226551,10,0.0574,0.0574
1499849,BrasilAgro - Brazilian Agricultural Real Estate Co,Brazil,100,Agricultural Production-Crops,20-F,active,2017,244278000.0,228319000.0,1179599000.0,84830000.0,,1403000.0,,423735000.0,BRL,ifrs-full:Revenue,,0.0,0.0,0.0,0.0,115001.0,BRL,76542836.31324649,369619258.27241606,26580898.83023727,,439620.4297869019,,71542193.09231336,0,,,,,0.001189387240918312,,19.72798400208976,10,0.0,0.0
1499849,BrasilAgro - Brazilian Agricultural Real Estate Co,Brazil,100,Agricultural Production-Crops,20-F,active,2018,357910000.0,319214000.0,1357614000.0,107852000.0,,1557000.0,,477081000.0,BRL,ifrs-full:Revenue,,0.0,0.0,0.0,0.0,123275.0,BRL,95619292.34301518,362700371.4759861,28813757.418845166,,415968.36684662243,,85281262.84815526,0,,,,,0.0011468650146507036,,19.709087628448874,10,0.0,0.0
1499849,BrasilAgro - Brazilian Agricultural Real Estate Co,Brazil,100,Agricultural Production-Crops,20-F,active,2019,487568000.0,483813000.0,2044368000.0,237238000.0,1469000.0,47000.0,,31029000.0,BRL,ifrs-full:Revenue,,0.0,0.0,0.0,0.0,124172.0,BRL,118513010.3223605,496923928.3273379,57665370.86694811,357069.3978348611,11424.276173069076,,117600283.57704401,0,,,,,0.0007415494666322306,,20.023947510630144,10,0.0,0.0
1499849,BrasilAgro - Brazilian Agricultural Real Estate Co,Brazil,100,Agricultural Production-Crops,20-F,active,2020,662952000.0,729145000.0,3428318000.0,110390000.0,1104000.0,,,1245717000.0,BRL,ifrs-full:Revenue,,0.0,0.0,0.0,0.0,138255.0,BRL,121796091.74761485,629843086.178184,20280609.407648217,202824.46585780988,,,133956924.96185942,0,,,,,0.0003220238029260996,,20.26098127676844,10,0.0,0.0
1499849,BrasilAgro - Brazilian Agricultural Real Estate Co,Brazil,100,Agricultural Production-Crops,20-F,active,2021,1168137000.0,1142688000.0,3345263000.0,128131000.0,812000.0,,,1129215000.0,BRL,ifrs-full:Revenue,,0.0,0.0,0.0,0.0,154251.0,BRL,195887971.50844902,560975967.0588884,21486625.008324433,136166.41957652278,,,191620361.64169663,0,,,,,0.00024273128898983422,,20.14518862310211,10,0.0,0.0
1499849,BrasilAgro - Brazilian Agricultural Real Estate Co,Brazil,100,Agricultural Production-Crops,20-F,active,2022,903372000.0,886225000.0,3508075000.0,155108000.0,1917000.0,,,1310933000.0,BRL,ifrs-full:Revenue,,0.0,0.0,0.0,0.0,162652.0,BRL,146522754.8274276,568993518.883946,25157799.285092566,310928.5222523819,,,143741590.8362635,0,,,,,0.0005464535393342503,,20.159379601663602,10,0.0,0.0
1499849,BrasilAgro - Brazilian Agricultural Real Estate Co,Brazil,100,Agricultural Production-Crops,20-F,active,2023,771126000.0,747019000.0,3605082000.0,202130000.0,4479000.0,,,1425403000.0,BRL,ifrs-full:Revenue,,0.0,0.0,0.0,0.0,148023.0,BRL,124207289.06472816,580680021.2624763,32557609.70146708,721444.2876014003,,,120324311.29263462,0,,,,,0.0012424127939392223,,20.17971042517401,10,0.0,0.0
1499849,BrasilAgro - Brazilian Agricultural Real Estate Co,Brazil,100,Agricultural Production-Crops,20-F,active,2024,877443000.0,833910000.0,3837002000.0,232669000.0,5095000.0,,,1659274000.0,BRL,ifrs-full:Revenue,,0.0,0.0,0.0,0.0,144064.0,BRL,127231581.83730549,556375552.5691183,33737627.30400041,738788.6272510823,,,120919180.40254171,0,,,,,0.0013278596153976463,,20.1369540784593,10,0.0,0.0
1504764,Grupo Aval Acciones Y Valores S.A.,Colombia,6029,"Commercial Banks, NEC",20-F,active,2017,31659852000000.0,3408808000000.0,236538540000000.0,6654006000000.0,848681000000.0,6901056000000.0,,210667313000000.0,COP,ifrs-full:Revenue,31987.0,1.0,0.0,0.0,0.0,299252.0,COP,10726746535.735317,80142161261.93166,2254458921.957753,287543541.7921216,2338162494.913603,,1154945999.2733648,0,31987.0,31987.0,31987.0,12.722921286417165,0.032763104904596094,,25.107067910369896,60,0.0,0.0
1504764,Grupo Aval Acciones Y Valores S.A.,Colombia,6029,"Commercial Banks, NEC",20-F,active,2018,34083225000000.0,3812993000000.0,259675153000000.0,6588483000000.0,,7318594000000.0,,230120805000000.0,COP,ifrs-full:Revenue,32125.0,1.0,0.0,0.0,0.0,310081.0,COP,11256392421.08711,85760822931.92137,2175925256.7109265,,2417053140.793267,,1259286511.3808393,0,32125.0,32125.0,32125.0,12.766812197233929,0.02818365144084463,,25.174828129977545,60,0.0,0.0
1504764,Grupo Aval Acciones Y Valores S.A.,Colombia,6029,"Commercial Banks, NEC",20-F,active,2019,37055156000000.0,5041089000000.0,278832589000000.0,8950411000000.0,1206491000000.0,7348587000000.0,,245484320000000.0,COP,ifrs-full:Revenue,,0.0,0.0,0.0,0.0,316758.0,COP,10826290575.213491,81465657042.52,2615013960.637142,352496752.2031185,2147013985.8333452,,1472839416.1803665,0,,,,,0.030681772280212197,,25.123447382403857,60,0.0,0.0
1504764,Grupo Aval Acciones Y Valores S.A.,Colombia,6029,"Commercial Banks, NEC",20-F,active,2020,38468156000000.0,4766263000000.0,322895870000000.0,8973952000000.0,1623670000000.0,7713817000000.0,,287456313000000.0,COP,ifrs-full:Revenue,,0.0,0.0314,0.0314,1.0,318514.0,COP,9864716838.054565,82802937726.65572,2301266933.572107,416371525.2803918,1978119784.2072687,,1222253410.605293,0,,,,,0.02891795116487554,,25.13972937749876,60,0.0314,0.0314
1504764,Grupo Aval Acciones Y Valores S.A.,Colombia,6029,"Commercial Banks, NEC",20-F,active,2021,39064493000000.0,,366903925000000.0,9100553000000.0,1886042000000.0,8486560000000.0,,327432278000000.0,COP,ifrs-full:Revenue,,0.0,0.0513,0.0513,2.0,389888.0,COP,9437896913.216724,88643193736.1788,2198673897.2208138,455663662.9073132,2050334518.0450318,,,0,,,,,0.02827062152578498,,25.207885089713486,60,0.0513,0.0513
1504764,Grupo Aval Acciones Y Valores S.A.,Colombia,6029,"Commercial Banks, NEC",20-F,active,2022,37274770000000.0,,295591236000000.0,7235441000000.0,2040158000000.0,2248217000000.0,,264769577000000.0,COP,ifrs-full:Revenue,,0.0,0.0779,0.0779,3.0,385318.0,COP,7335263598.386676,58169094898.04833,1423854982.4874704,401480591.62691987,442424307.9534521,,,0,,,,,0.014507788045515667,,24.786620035147692,60,0.0779,0.0779
1504764,Grupo Aval Acciones Y Valores S.A.,Colombia,6029,"Commercial Banks, NEC",20-F,active,2023,47658238000000.0,,301181596000000.0,,2382427000000.0,2202222000000.0,,269661180000000.0,COP,ifrs-full:Revenue,2200.0,4.0,0.055,0.055,2.0,363529.0,COP,8862561931.566702,56007957054.5202,,443037924.20812255,409526866.31131196,,,0,1500.0,74000.0,2200.0,15.208889077480851,0.015222208331746801,,24.748759607846985,60,0.055,0.055
1504764,Grupo Aval Acciones Y Valores S.A.,Colombia,6029,"Commercial Banks, NEC",20-F,active,2024,46492667000000.0,,327859383000000.0,,2758318000000.0,2223608000000.0,,294696465000000.0,COP,ifrs-full:Revenue,70000.0,2.0,0.4666,0.4666,5.0,107149.0,COP,8916534728.57565,62878078700.21492,,529000374.17632616,426451723.1231034,,,0,1500.0,70000.0,70000.0,11.754922703684093,0.015195313168755643,,24.86446342957852,60,0.4666,0.4666
1508478,Arcos Dorados Holdings Inc.,Argentina,5812,Retail-Eating  Places,20-F,active,2017,3319525000.0,,1803743000.0,890736000.0,40651000.0,7078000.0,,1307601000.0,USD,us-gaap:RevenueFromContractWithCustomerExcludingAssessedTax,78806.0,2.0,0.0,0.0,0.0,116764.0,USD,3319525000.0,1803743000.0,890736000.0,40651000.0,7078000.0,,,0,78806.0,78806.0,78806.0,10.64834312227055,0.026461086751272216,,21.313129787240943,58,0.0,0.0
1508478,Arcos Dorados Holdings Inc.,Argentina,5812,Retail-Eating  Places,20-F,active,2018,3081571000.0,67927000.0,1578039000.0,856192000.0,35082000.0,5939000.0,,1185280000.0,USD,us-gaap:RevenueFromContractWithCustomerExcludingAssessedTax,78691.0,3.0,0.0,0.0,0.0,112426.0,USD,3008095755.5200624,1540413126.273944,835777439.8546175,34245524.537696786,5797393.826731122,,66307386.84431132,0,2000.0,78691.0,78691.0,10.55128900660103,0.025994921545031524,,21.155316481209894,58,0.0,0.0
1508478,Arcos Dorados Holdings Inc.,Argentina,5812,Retail-Eating  Places,20-F,active,2019,2959077000.0,61278000.0,2557685000.0,960986000.0,36261000.0,6783000.0,,2136119000.0,USD,us-gaap:RevenueFromContractWithCustomerExcludingAssessedTax,80855.0,2.0,0.0,0.0,0.0,121441.0,USD,2837108075.1275687,2452260879.704264,921375530.5064862,34766373.40366633,6503414.434159807,,58752208.41757993,0,80855.0,80855.0,80855.0,10.465638380898927,0.016829281166367244,,21.620276244020026,58,0.0,0.0
1508478,Arcos Dorados Holdings Inc.,Argentina,5812,Retail-Eating  Places,20-F,active,2020,1984219000.0,43512000.0,2293954000.0,796532000.0,31445000.0,5601000.0,,2095938000.0,USD,us-gaap:RevenueFromContractWithCustomerExcludingAssessedTax,73438.0,2.0,0.0,0.0,0.0,124073.0,USD,1879250191.5054584,2172599644.3964663,754394002.6480069,29781502.07809175,5304696.871979389,,41210135.7424687,0,73438.0,73438.0,73438.0,10.14994190811903,0.016149408401389044,,21.499190280287426,58,0.0,0.0
1508478,Arcos Dorados Holdings Inc.,Argentina,5812,Retail-Eating  Places,20-F,active,2021,2659941000.0,50627000.0,2361257000.0,743533000.0,33598000.0,5210000.0,,2140095000.0,USD,us-gaap:RevenueFromContractWithCustomerExcludingAssessedTax,81256.0,2.0,0.0,0.0,0.0,133702.0,USD,2406186039.627124,2135996110.203882,672600905.2840173,30392793.885049373,4712972.681144927,,45797249.12251904,0,81256.0,81256.0,81256.0,10.29594883109357,0.01643531390272215,,21.482198936977102,58,0.0,0.0
1508478,Arcos Dorados Holdings Inc.,Argentina,5812,Retail-Eating  Places,20-F,active,2022,3618902000.0,68028000.0,2636630000.0,856085000.0,47342000.0,7227000.0,,2312203000.0,USD,us-gaap:RevenueFromContractWithCustomerExcludingAssessedTax,93647.0,2.0,0.0,0.0,0.0,133653.0,USD,3031091226.71783,2208367637.781027,717032882.5772939,39652336.773771584,6053133.324828845,,56978352.54205849,0,93647.0,93647.0,93647.0,10.384900859274165,0.020696495147214437,,21.515519454119456,58,0.0,0.0
1508478,Arcos Dorados Holdings Inc.,Argentina,5812,Retail-Eating  Places,20-F,active,2023,4331878000.0,83359000.0,3019238000.0,1119885000.0,58129000.0,11897000.0,,2502399000.0,USD,us-gaap:RevenueFromContractWithCustomerExcludingAssessedTax,100795.0,2.0,0.0,0.0,0.0,129801.0,USD,3484813300.9181943,2428849737.004977,900900289.3199605,46762330.88029573,9570635.147394214,,67058802.66047191,0,100795.0,100795.0,100795.0,10.450836277319432,0.023193269295100287,,21.610683622971795,58,0.0,0.0
1508478,Arcos Dorados Holdings Inc.,Argentina,5812,Retail-Eating  Places,20-F,active,2024,4470162000.0,83665000.0,2892654000.0,1127042000.0,53303000.0,13341000.0,,2383225000.0,USD,us-gaap:RevenueFromContractWithCustomerExcludingAssessedTax,98615.0,2.0,0.1568,0.1568,2.0,127544.0,USD,3493029175.533833,2260348689.091054,880681860.7585144,41651495.88392544,10424790.473096248,,65376665.53718593,0,98615.0,98615.0,98615.0,10.475056496470573,0.023039049952050958,,21.53878492553799,58,0.1568,0.1568
1517399,Grupo Supervielle S.A.,Argentina,6029,"Commercial Banks, NEC",20-F,active,2017,28997855000.0,,208027788000.0,2060551000.0,459420000.0,165975000.0,,176812473000.0,ARS,ifrs-full:Revenue,4982.0,12.0,0.0,0.0445,1.0,224927.0,ARS,1750792013.1088696,12560011412.399473,124409072.09872916,27738219.48769924,10021006.877086068,,,1,113.0,24000.0,4982.0,12.769747405596112,0.0030063050999705864,,23.253783906616583,60,0.0,0.0445
1517399,Grupo Supervielle S.A.,Argentina,6029,"Commercial Banks, NEC",20-F,active,2018,35765451000.0,,218032810000.0,3359290000.0,4170146000.0,2678965000.0,,191930415000.0,ARS,ifrs-full:Revenue,3522.0,19.0,0.0,0.0,0.0,224383.0,ARS,1242665601.433557,7575519541.7750635,116718062.02694702,144891140.53547773,93080264.88871759,,,1,107.0,30000.0,3522.0,12.773740298829642,0.031413212534388744,,22.74818777236285,60,0.0,0.0
1517399,Grupo Supervielle S.A.,Argentina,6029,"Commercial Banks, NEC",20-F,active,2019,57385656000.0,,202420215000.0,5448454000.0,5919425000.0,3632645000.0,,170515129000.0,ARS,ifrs-full:Revenue,5019.0,13.0,0.0,0.1346,3.0,222910.0,ARS,1142735421.4239163,4030846135.0122886,108496474.76015301,117875042.18758544,72337800.14571032,,,1,122.0,30000.0,5019.0,12.335704727989732,0.047189308636985686,,22.117242149926806,60,0.0,0.1346
1517399,Grupo Supervielle S.A.,Argentina,6029,"Commercial Banks, NEC",20-F,active,2020,122460154000.0,,376193262000.0,10722347000.0,10237674000.0,5494180000.0,,322338052000.0,ARS,ifrs-full:Revenue,3936.0,13.0,0.0,0.0,0.0,221281.0,ARS,1644218293.309743,5050980445.445667,143964208.01998046,137456718.1398574,73767923.42378177,,,1,125.0,34000.0,3936.0,12.942610648412108,0.04181854272552069,,22.342848209002476,60,0.0,0.0
1517399,Grupo Supervielle S.A.,Argentina,6029,"Commercial Banks, NEC",20-F,active,2021,337049524000.0,,760478509000.0,21495256000.0,22249482000.0,10702288000.0,,660061811000.0,ARS,ifrs-full:Revenue,3837.0,13.0,0.0,0.1312,3.0,228626.0,ARS,3209738404.847194,7242072462.912698,204700329.7510133,211882859.27784416,101918389.93172786,,,1,119.0,30800.0,3837.0,13.637009186703509,0.0433303106005327,,22.703173254165332,60,0.0,0.1312
1517399,Grupo Supervielle S.A.,Argentina,6029,"Commercial Banks, NEC",20-F,active,2022,749780090000.0,,2165989190000.0,57217390000.0,69368706000.0,31027144000.0,,1878445532000.0,ARS,ifrs-full:Revenue,386.0,13.0,0.0,0.085,2.0,235204.0,ARS,4807927168.693898,13889296891.970404,366903639.5761783,444823343.114565,198960002.53164613,,,1,119.0,5021.0,5021.0,13.77214749008768,0.0463510392681138,,23.35438437270289,60,0.0,0.085
1517399,Grupo Supervielle S.A.,Argentina,6029,"Commercial Banks, NEC",20-F,active,2023,996155088000.0,,4481592876000.0,51151635000.0,147282372000.0,58855290000.0,,3737601788000.0,ARS,ifrs-full:Revenue,3494.0,8.0,0.0845,0.2534,6.0,236820.0,ARS,2704955398.751918,12169298727.653875,138896937.7509595,399929942.71830523,159815410.6206902,,,1,110.0,4807.0,3494.0,13.559548769968307,0.04599651679739059,,23.22218211924974,60,0.0845,0.2534
1517399,Grupo Supervielle S.A.,Argentina,6029,"Commercial Banks, NEC",20-F,active,2024,857585866000.0,,4505842884000.0,,166012077000.0,58855290000.0,,3707043870000.0,ARS,ifrs-full:Revenue,700.0,9.0,0.1561,0.6243,16.0,256274.0,ARS,732622606.8436562,3849273280.4717402,,141821601.12614283,50279182.173857525,,,1,100.0,3814.0,700.0,13.861060931161923,0.04990572747187693,,22.07115020910998,60,0.1561,0.6243
1520504,"Controladora Vuela Compania de Aviacion, S.A.B. de C.V.",Mexico,4512,"Air Transportation, Scheduled",20-F,active,2017,66083878000.0,,49952973000.0,5782282000.0,190420000.0,,,46127620000.0,MXN,ifrs-full:sum:TransportServicesComponents,4752.0,2.0,0.0,0.0,0.0,132285.0,MXN,3491602768.9546614,2639311495.0717244,305512213.464178,10061016.686465444,,,,0,4752.0,4752.0,4752.0,13.507305852815856,0.003811985324677272,,21.693783922769786,45,0.0,0.0
1520504,"Controladora Vuela Compania de Aviacion, S.A.B. de C.V.",Mexico,4512,"Air Transportation, Scheduled",20-F,active,2018,79823379000.0,,56724683000.0,5782282000.0,179124000.0,,,54019530000.0,MXN,ifrs-full:sum:TransportServicesComponents,4600.0,2.0,0.0,0.0,0.0,140087.0,MXN,4048988353.5069547,2877322204.355367,293302448.0796898,9085946.98595232,,,,0,4600.0,4600.0,4600.0,13.687921315127598,0.0031577787750704574,,21.78012590841689,45,0.0,0.0
1520504,"Controladora Vuela Compania de Aviacion, S.A.B. de C.V.",Mexico,4512,"Air Transportation, Scheduled",20-F,active,2019,101784105000.0,,63295127000.0,7385334000.0,167397000.0,,,57765444000.0,MXN,ifrs-full:sum:TransportServicesComponents,4950.0,2.0,0.0,0.0,0.0,147563.0,MXN,5065955522.072794,3150298351.0632505,367579727.30272526,8331612.843954559,,,,0,4950.0,4950.0,4950.0,13.83866575323113,0.0026447059660690787,,21.87076299992206,45,0.0,0.0
1520504,"Controladora Vuela Compania de Aviacion, S.A.B. de C.V.",Mexico,4512,"Air Transportation, Scheduled",20-F,active,2020,2139764000.0,,3418223000.0,364994000.0,9603000.0,,,3278055000.0,USD,ifrs-full:sum:TransportServicesComponents,4846.0,2.0,0.0,0.0,0.0,149188.0,USD,2026566576.9637754,3237392761.261918,345685150.8822077,9094983.76390253,,,,0,4846.0,4846.0,4846.0,12.943699955293802,0.0028093544511285542,,21.898034139488914,45,0.0,0.0
1520504,"Controladora Vuela Compania de Aviacion, S.A.B. de C.V.",Mexico,4512,"Air Transportation, Scheduled",20-F,active,2021,6404829000.0,,3984568000.0,454602000.0,12632000.0,,,3671431000.0,USD,ifrs-full:sum:TransportServicesComponents,6714.0,2.0,0.0,0.0,0.0,168249.0,USD,5793816526.757154,3604445322.4883447,411233552.1677247,11426923.398891116,,,,0,6714.0,6714.0,6714.0,13.668106892176468,0.0031702307502344046,,22.005433732457718,45,0.0,0.0
1520504,"Controladora Vuela Compania de Aviacion, S.A.B. de C.V.",Mexico,4512,"Air Transportation, Scheduled",20-F,active,2022,8262639000.0,,4467653000.0,478771000.0,12725000.0,,,4232916000.0,USD,ifrs-full:sum:TransportServicesComponents,7364.0,2.0,0.0,0.0,0.0,168272.0,USD,6920555622.240278,3741981355.7591763,401005215.8657301,10658104.546623366,,,,0,7364.0,7364.0,7364.0,13.753403353231027,0.0028482516435363267,,22.042881082359166,45,0.0,0.0
1520504,"Controladora Vuela Compania de Aviacion, S.A.B. de C.V.",Mexico,4512,"Air Transportation, Scheduled",20-F,active,2023,6287098000.0,,5145972000.0,804610000.0,16219000.0,,,4903378000.0,USD,ifrs-full:sum:TransportServicesComponents,7198.0,2.0,0.0,0.1211,2.0,165128.0,USD,5057705395.8066635,4139717617.105699,647274837.8536488,13047502.013582144,,,,0,7198.0,7198.0,7198.0,13.462620249664479,0.003151785513018726,,22.14389341402876,45,0.0,0.1211
1520504,"Controladora Vuela Compania de Aviacion, S.A.B. de C.V.",Mexico,4512,"Air Transportation, Scheduled",20-F,active,2024,3141876000.0,,5703710000.0,1070070000.0,25957000.0,,,5338897000.0,USD,ifrs-full:sum:TransportServicesComponents,6901.0,2.0,1.0136,1.0136,16.0,157848.0,USD,2455093245.8173857,4456935887.062723,836163371.6772431,20283058.71450111,,,,0,6901.0,6901.0,6901.0,12.782008971854003,0.004550897573684497,,22.217727346033467,45,1.0136,1.0136
1534675,Tecnoglass Inc.,Colombia,3211,Flat Glass,10-K,active,2017,314456000.0,215274000.0,468000000.0,168701000.0,11517000.0,23130000.0,,346335000.0,USD,us-gaap:RevenueFromContractWithCustomerExcludingAssessedTax,5399.0,4.0,0.0,0.0,0.0,48929.0,USD,314456000.0,468000000.0,168701000.0,11517000.0,23130000.0,,215274000.0,0,5326.0,5853.0,5399.0,10.972385689488426,0.07403205128205129,,19.963978853881923,32,0.0,0.0
1534675,Tecnoglass Inc.,Colombia,3211,Flat Glass,10-K,active,2018,370984000.0,250767000.0,489774000.0,149199000.0,9006000.0,23561000.0,,356546000.0,USD,us-gaap:RevenueFromContractWithCustomerExcludingAssessedTax,5852.0,4.0,0.0,0.0,0.0,55117.0,USD,362138466.31015635,478096104.41040725,145641583.01977718,8791266.004973983,22999224.777169887,,244787852.79472694,0,5326.0,5853.0,5852.0,11.032998438133387,0.066493933936877,,19.98532232549873,32,0.0,0.0
1534675,Tecnoglass Inc.,Colombia,3211,Flat Glass,10-K,active,2019,430912000.0,295103000.0,569668000.0,154609000.0,6703000.0,23561000.0,,382458000.0,USD,us-gaap:RevenueFromContractWithCustomerExcludingAssessedTax,5852.0,4.0,0.0,0.0,0.0,48930.0,USD,413150423.2128366,546187099.2007885,148236237.98481697,6426711.9198250305,22589849.25302067,,282939276.09669197,0,5528.0,5852.0,5852.0,11.164783543327303,0.05312568022076016,,20.118472147539276,32,0.0,0.0
1534675,Tecnoglass Inc.,Colombia,3211,Flat Glass,10-K,active,2020,376607000.0,237166000.0,530112000.0,152474000.0,5112000.0,23561000.0,,321570000.0,USD,us-gaap:RevenueFromContractWithCustomerExcludingAssessedTax,5583.0,4.0,0.0,0.0,0.0,50763.0,USD,356683801.97563684,502068107.1592105,144407846.96628913,4841565.864945302,22314580.075112727,,224619485.50970608,0,5543.0,5583.0,5583.0,11.064878693210078,0.05408856996257395,,20.034246340085332,32,0.0,0.0
1534675,Tecnoglass Inc.,Colombia,3211,Flat Glass,10-K,active,2021,496785000.0,294201000.0,591563000.0,166629000.0,3337000.0,23561000.0,,346865000.0,USD,us-gaap:RevenueFromContractWithCustomerExcludingAssessedTax,6908.0,3.0,0.0,0.0,0.0,54266.0,USD,449392348.061916,535128648.4023294,150732807.07994202,3018654.4792669136,21313310.813907027,,266134601.87437975,0,5666.0,6908.0,6908.0,11.08297145129444,0.04546937519756983,,20.098017740256793,32,0.0,0.0
1534675,Tecnoglass Inc.,Colombia,3211,Flat Glass,10-K,active,2022,716570000.0,367071000.0,734308000.0,202865000.0,2706000.0,23561000.0,,383983000.0,USD,us-gaap:RevenueFromContractWithCustomerExcludingAssessedTax,8770.0,4.0,0.0,0.0,0.0,57854.0,USD,600179015.7150416,615035869.0311913,169914057.2770726,2266470.0120363715,19734035.459567238,,307448416.03407353,0,6908.0,8770.0,8770.0,11.13364644283891,0.035771093328684965,,20.237191147697988,32,0.0,0.0
1534675,Tecnoglass Inc.,Colombia,3211,Flat Glass,10-K,active,2023,833265000.0,442331000.0,962717000.0,324591000.0,3475000.0,23561000.0,,414697000.0,USD,us-gaap:RevenueFromContractWithCustomerExcludingAssessedTax,8531.0,3.0,0.0,0.0,0.0,58698.0,USD,670326577.8005749,774465256.5515605,261119780.87987185,2795491.0596952927,18953831.613663536,,355836649.1873607,0,8531.0,8770.0,8531.0,11.271813714238492,0.02808301920502079,,20.467683357617524,32,0.0,0.0
1534675,Tecnoglass Inc.,Colombia,3211,Flat Glass,10-K,active,2024,890181000.0,510209000.0,1016648000.0,344433000.0,4389000.0,23561000.0,,385465000.0,USD,us-gaap:RevenueFromContractWithCustomerExcludingAssessedTax,8531.0,5.0,0.0,0.0,0.0,55886.0,USD,695596312.730027,794418888.0063229,269143381.83194363,3429608.379163438,18410800.415007923,,398682401.80555904,0,2622.0,9837.0,8531.0,11.308818172673508,0.027492308055492166,,20.493121446855586,32,0.0,0.0
1540684,Atlas Lithium Corp,Brazil,1400,Mining & Quarrying of  Nonmetallic Minerals (No Fuels),10-K,active,2017,,208840.0,1291395.0,365472.0,620805.0,,,1811042.0,USD,,,0.0,0.0,0.0,0.0,22179.0,USD,,1291395.0,365472.0,620805.0,,,208840.0,0,,,,,0.48072433298874473,,14.071233587399934,14,0.0,0.0
1540684,Atlas Lithium Corp,Brazil,1400,Mining & Quarrying of  Nonmetallic Minerals (No Fuels),10-K,active,2018,,126217.0,987357.0,243778.0,530293.0,,,2261987.0,USD,,,0.0,0.0,0.0,0.0,23500.0,USD,,963815.0154200641,237965.49457700952,517648.99218028743,,,123207.55289249403,0,,,,,0.5370833447273884,,13.778654662461143,14,0.0,0.0
1540684,Atlas Lithium Corp,Brazil,1400,Mining & Quarrying of  Nonmetallic Minerals (No Fuels),10-K,active,2019,,182168.0,1026441.0,172802.0,509862.0,,,2347085.0,USD,,,0.0,0.0,0.0,0.0,21313.0,USD,,984132.5689537707,165679.3485259742,488846.2170469685,,,174659.29539171807,0,,,,,0.49672801456683824,,13.799515891506369,14,0.0,0.0
1540684,Atlas Lithium Corp,Brazil,1400,Mining & Quarrying of  Nonmetallic Minerals (No Fuels),10-K,active,2020,,129943.0,951888.0,89276.0,407467.0,,,2448140.0,USD,,,0.0,0.0,0.0,0.0,27877.0,USD,,901531.3865514582,84553.13657254633,385911.25162200065,,,123068.77801028705,0,,,,,0.4280619148471248,,13.711850136938981,14,0.0,0.0
1540684,Atlas Lithium Corp,Brazil,1400,Mining & Quarrying of  Nonmetallic Minerals (No Fuels),10-K,active,2021,,245810.0,1564197.0,53827.0,1302440.0,,,1107331.0,USD,,,0.0,0.0,0.0,0.0,37506.0,USD,,1414974.6120784741,48691.973226101334,1178188.8942092895,,,222360.04121923883,0,,,,,0.8326572675948106,,14.162622146904503,14,0.0,0.0
1540684,Atlas Lithium Corp,Brazil,1400,Mining & Quarrying of  Nonmetallic Minerals (No Fuels),10-K,active,2022,,63548.0,5684231.0,217550.0,4971267.0,,,,USD,,,0.0,0.0,0.0,0.0,46977.0,USD,,4760953.105316894,182213.80307409927,4163794.374473768,,,53226.02968399384,0,,,,,0.8745715999226632,,15.37595843837324,14,0.0,0.0
1540684,Atlas Lithium Corp,Brazil,1400,Mining & Quarrying of  Nonmetallic Minerals (No Fuels),10-K,active,2023,,,43573669.0,13477602.0,45777.0,,,,USD,,,0.0,0.0,0.0,0.0,50457.0,USD,,35053180.46838041,10842162.848095365,36825.66740709969,,,,0,,,,,0.0010505656523897495,,17.372376908223472,14,0.0,0.0
1540684,Atlas Lithium Corp,Brazil,1400,Mining & Quarrying of  Nonmetallic Minerals (No Fuels),10-K,active,2024,748654.0,401437.0,57854608.0,38855071.0,399773.0,,,,USD,us-gaap:RevenueFromContractWithCustomerExcludingAssessedTax,,0.0,0.1916,0.1916,1.0,52203.0,USD,585005.7032340453,45208167.77626249,30361740.04889276,312386.6098344282,,,313686.87603240676,0,,,,,0.006909959531659087,,17.626788331492293,14,0.1916,0.1916
1557860,Globant S.A.,Argentina,7374,Services-Computer Processing & Data Preparation,20-F,active,2017,413439000.0,263171000.0,357177000.0,43879000.0,11365000.0,98926000.0,,93813000.0,USD,ifrs-full:Revenue,5041.0,1.0,1.2783,1.2783,19.0,148638.0,USD,413439000.0,357177000.0,43879000.0,11365000.0,98926000.0,,263171000.0,0,5041.0,5041.0,5041.0,11.31466078630225,0.30878528012721984,,19.693742015195863,73,1.2783,1.2783
1557860,Globant S.A.,Argentina,7374,Services-Computer Processing & Data Preparation,20-F,active,2018,522310000.0,318554000.0,437099000.0,51460000.0,11778000.0,104846000.0,,99183000.0,USD,ifrs-full:Revenue,5631.0,1.0,0.7494,0.7494,12.0,160131.0,USD,509856334.3391029,426677057.46259415,50233016.723957494,11497171.997177834,102346110.98795272,,310958577.72024006,0,5631.0,5631.0,5631.0,11.41359722136956,0.26681369666826055,,19.87153797934124,73,0.7494,0.7494
1557860,Globant S.A.,Argentina,7374,Services-Computer Processing & Data Preparation,20-F,active,2019,659325000.0,405164000.0,687764000.0,87533000.0,27110000.0,188538000.0,,249050000.0,USD,ifrs-full:Revenue,3745.0,3.0,1.4751,1.4751,24.0,162699.0,USD,632148565.797201,659415350.8617847,83925014.84082417,25992564.545197163,180766733.0956246,,388463718.974189,0,3745.0,6753.0,3745.0,12.036458100998535,0.3135494152063789,,20.306864168376098,73,1.4751,1.4751
1557860,Globant S.A.,Argentina,7374,Services-Computer Processing & Data Preparation,20-F,active,2020,814139000.0,509812000.0,1288767000.0,101027000.0,86721000.0,392760000.0,,408828000.0,USD,ifrs-full:Revenue,8384.0,2.0,1.5704,1.5704,26.0,165561.0,USD,771069560.1957557,1220588872.2746406,95682487.21397282,82133300.73824756,371982278.778544,,482842014.22916555,0,500.0,8384.0,8384.0,11.429208741643897,0.37204630472381744,,20.922599261430328,73,1.5704,1.5704
1557860,Globant S.A.,Argentina,7374,Services-Computer Processing & Data Preparation,20-F,active,2021,1297078000.0,802090000.0,1884531000.0,133373000.0,102016000.0,567451000.0,,576218000.0,USD,ifrs-full:Revenue,11855.0,2.0,1.4019,1.4019,23.0,164059.0,USD,1173338422.1332242,1704749159.2650151,120649386.833463,92283804.4222036,513316902.28183675,,725571642.5757263,0,500.0,11855.0,11855.0,11.502613876424759,0.3552432939548354,,21.256683816192904,73,1.4019,1.4019
1557860,Globant S.A.,Argentina,7374,Services-Computer Processing & Data Preparation,20-F,active,2022,1780243000.0,1110848000.0,2195789000.0,161733000.0,182572000.0,734952000.0,,639629000.0,USD,ifrs-full:Revenue,16251.0,2.0,2.7336,2.7336,39.0,142670.0,USD,1491081808.43964,1839131530.3988662,135463043.03646654,152917207.3309329,615575265.4420382,,930415254.9632591,0,500.0,16251.0,16251.0,11.426858015066573,0.41785617834864824,,21.33255930279447,73,2.7336,2.7336
1557860,Globant S.A.,Argentina,7374,Services-Computer Processing & Data Preparation,20-F,active,2023,2095939000.0,1340178000.0,2726866000.0,162736000.0,285661000.0,1105072000.0,,931185000.0,USD,ifrs-full:Revenue,23526.0,1.0,2.2801,2.2801,32.0,140342.0,USD,1686094600.3357387,2193648783.8811693,130914254.12678364,229802236.43269554,888983855.0559989,,1078116724.4317462,0,23526.0,23526.0,23526.0,11.179819332764797,0.5100114930473297,,21.508832105712294,73,2.2801,2.2801
1557860,Globant S.A.,Argentina,7374,Services-Computer Processing & Data Preparation,20-F,active,2024,2415689000.0,1552322000.0,3149260000.0,154755000.0,378024000.0,1483443000.0,,1115911000.0,USD,ifrs-full:Revenue,31000.0,2.0,2.1363,2.1363,29.0,135747.0,USD,1887643480.4859755,2460863177.0709157,120927100.64193162,295391724.2936613,1159177157.168227,,1212999894.8188076,0,27122.0,31000.0,31000.0,11.0168525688826,0.5910807618297632,,21.62377801033312,73,2.1363,2.1363
1562767,Netshoes (Cayman) Ltd.,Brazil,5961,Retail-Catalog & Mail-Order Houses,20-F,delisted_in_window,2017,1835212000.0,1247014000.0,1497125000.0,73039000.0,115839000.0,,,1013776000.0,BRL,ifrs-full:Revenue,2728.0,3.0,0.0,0.0,0.0,106189.0,BRL,575051096.3578616,469113853.1323703,22886269.82979724,36297356.355014205,,,390743286.2653483,0,963.0,2728.0,2728.0,12.258645439081233,0.07737430074309093,,19.966356054161665,59,0.0,0.0
1562767,Netshoes (Cayman) Ltd.,Brazil,5961,Retail-Catalog & Mail-Order Houses,20-F,delisted_in_window,2018,1808064000.0,1389842000.0,994332000.0,76489000.0,143317000.0,,,837782000.0,BRL,ifrs-full:Revenue,2429.0,4.0,0.0,0.0,0.0,112084.0,BRL,483042664.8902836,265645894.76129463,20434813.36655832,38288592.44146267,,,371310409.06541,0,845.0,2429.0,2429.0,12.200380611819712,0.1441339512356034,,19.39767475717997,59,0.0,0.0
1565025,AMBEV S.A.,Brazil,2080,Beverages,20-F,active,2017,47899300000.0,18028400000.0,88766200000.0,20705100000.0,4674700000.0,31401900000.0,,40846600000.0,BRL,ifrs-full:Revenue,51432.0,2.0,0.0,0.0,0.0,124529.0,BRL,15008917214.89077,27814280110.15687,6487801112.459575,1464785191.1082184,9839570045.705854,,5649075521.290223,0,51432.0,51432.0,51432.0,12.58389451658599,0.4064227149523129,,24.0488153987854,20,0.0,0.0
1565025,AMBEV S.A.,Brazil,2080,Beverages,20-F,active,2018,50231300000.0,19249400000.0,95714300000.0,21638000000.0,5840600000.0,34276200000.0,,38259600000.0,BRL,ifrs-full:Revenue,49617.0,2.0,0.0,0.0,0.0,126982.0,BRL,13419802071.665218,25571047562.535435,5780811510.48633,1560375621.968133,9157235026.145279,,5142672755.797928,0,49617.0,49617.0,49617.0,12.5079084236971,0.4191306837118382,,23.96472659383173,20,0.0,0.0
1565025,AMBEV S.A.,Brazil,2080,Beverages,20-F,active,2019,52005100000.0,21678200000.0,101742900000.0,22576300000.0,6306400000.0,35009900000.0,,39186900000.0,BRL,ifrs-full:Revenue,51352.0,2.0,0.0,0.0,0.0,133053.0,BRL,12640864357.61861,24730616771.25425,5487614599.277859,1532894792.72006,8509846093.4368305,,5269313696.489916,0,51352.0,51352.0,51352.0,12.413741443058507,0.40608533863296603,,23.93130785837311,20,0.0,0.0
1565025,AMBEV S.A.,Brazil,2080,Beverages,20-F,active,2020,58379000000.0,27066100000.0,125196300000.0,24768400000.0,7580600000.0,40023500000.0,,50045100000.0,BRL,ifrs-full:Revenue,50479.0,2.0,0.0,0.0,0.0,139308.0,BRL,10725262221.298084,23000790466.37149,4550396286.37009,1392691255.327639,7353029899.692078,,4972524705.936656,0,50479.0,50479.0,50479.0,12.266555063806686,0.38023567789143925,,23.8587944203881,20,0.0,0.0
1565025,AMBEV S.A.,Brazil,2080,Beverages,20-F,active,2021,72854300000.0,35659700000.0,138602500000.0,29224300000.0,8689000000.0,42411300000.0,,54584900000.0,BRL,ifrs-full:Revenue,52806.0,2.0,0.0,0.0,0.0,174979.0,BRL,12217129534.179634,23242618435.166256,4900699871.465733,1457081305.0497618,7112062648.504656,,5979869054.40016,0,52806.0,52806.0,52806.0,12.351724764491598,0.36868238307389833,,23.8692534319107,20,0.0,0.0
1565025,AMBEV S.A.,Brazil,2080,Beverages,20-F,active,2022,79708800000.0,40422100000.0,137958000000.0,30055700000.0,9222200000.0,40594000000.0,,54630200000.0,BRL,ifrs-full:Revenue,47108.0,2.0,0.0,0.0,0.0,153686.0,BRL,12928398223.531902,22376148707.821648,4874895350.162188,1495798131.411537,6584158806.631815,,6556277422.711532,0,47108.0,47108.0,47108.0,12.522494024470918,0.3610968555647371,,23.831261438686592,20,0.0,0.0
1565025,AMBEV S.A.,Brazil,2080,Beverages,20-F,active,2023,79736900000.0,39291600000.0,132644300000.0,26630200000.0,10041700000.0,38003600000.0,,52500500000.0,BRL,ifrs-full:Revenue,42774.0,2.0,0.0,0.0,0.0,152288.0,BRL,12843431796.392965,21365365598.99228,4289396219.6210785,1617442978.9700785,6121339613.370971,,6328801154.436075,0,42774.0,42774.0,42774.0,12.612412653013628,0.3622115688348463,,23.78503701794805,20,0.0,0.0
1565025,AMBEV S.A.,Brazil,2080,Beverages,20-F,active,2024,89452700000.0,43615100000.0,162508300000.0,30170200000.0,12530700000.0,44342700000.0,,62927800000.0,BRL,ifrs-full:Revenue,42167.0,2.0,0.0,0.0638,1.0,156680.0,BRL,12970880753.072206,23564138149.932693,4374759694.188539,1816985015.013766,6429810100.413458,,6324306154.351066,0,42167.0,42167.0,42167.0,12.636579536325153,0.34997227833901406,,23.882991823342557,20,0.0,0.0638
1572621,AENZA S.A.A.,Peru,1600,Heavy Construction Other Than Bldg Const - Contractors,20-F,delisted_in_window,2017,4014013000.0,3511561000.0,8667670000.0,865735000.0,,116804000.0,,6078592000.0,PEN,ifrs-full:Revenue,31520.0,2.0,0.0,0.0,0.0,182151.0,PEN,1231107857.3921282,2658396134.312975,265523096.44223228,,35824079.83602199,,1077004568.4485223,0,31520.0,31520.0,31520.0,10.57280275404149,0.013475824529544848,,21.70098882086313,16,0.0,0.0
1572621,AENZA S.A.A.,Peru,1600,Heavy Construction Other Than Bldg Const - Contractors,20-F,delisted_in_window,2018,4202398000.0,3488428000.0,7430396000.0,503584000.0,,93288000.0,,4940465000.0,PEN,ifrs-full:Revenue,11891.0,2.0,0.0,0.0,0.0,175137.0,PEN,1248157676.5692139,2206908009.9860077,149569896.85351816,,27707545.38998658,,1036100861.3079935,0,11891.0,11891.0,11891.0,11.561397351880231,0.012554916319399399,,21.51485828233104,16,0.0,0.0
1572621,AENZA S.A.A.,Peru,1600,Heavy Construction Other Than Bldg Const - Contractors,20-F,delisted_in_window,2019,4085004000.0,3643241000.0,6404464000.0,854227000.0,,57367000.0,,4528379000.0,PEN,ifrs-full:Revenue,15164.0,3.0,0.0,0.0,0.0,169159.0,PEN,1173603334.445361,1839973793.3513098,245415587.24869233,,16481281.900122255,,1046686805.1507541,0,5850.0,15164.0,15164.0,11.256665149363895,0.008957346001164187,,21.333017165722023,16,0.0,0.0
1572621,AENZA S.A.A.,Peru,1600,Heavy Construction Other Than Bldg Const - Contractors,20-F,delisted_in_window,2020,3185553000.0,2836153000.0,6026750000.0,791990000.0,791990000.0,58946000.0,,4431454000.0,PEN,ifrs-full:Revenue,18204.0,2.0,0.0,0.0,0.0,174595.0,PEN,863256706.9040033,1633195981.461838,214622289.85074228,214622289.85074228,15973844.994939147,,768572395.1401561,0,18204.0,18204.0,18204.0,10.766826034432276,0.14119318040403203,,21.21380465687632,16,0.0,0.0
1572621,AENZA S.A.A.,Peru,1600,Heavy Construction Other Than Bldg Const - Contractors,20-F,delisted_in_window,2021,4141398000.0,3664692000.0,5837131000.0,303170000.0,743391000.0,57080000.0,,4381121000.0,PEN,ifrs-full:Revenue,18598.0,2.0,0.0,0.0,0.0,180431.0,PEN,965406953.4327239,1360701592.9156551,70672373.45268407,173292893.00842518,13305996.888475794,,854281365.6135622,0,18598.0,18598.0,18598.0,10.857250956770798,0.13713432163848988,,21.031266280819366,16,0.0,0.0
1572621,AENZA S.A.A.,Peru,1600,Heavy Construction Other Than Bldg Const - Contractors,20-F,delisted_in_window,2022,4405124000.0,3905604000.0,5921280000.0,284465000.0,787336000.0,,,4575274000.0,PEN,ifrs-full:Revenue,13261.0,2.0,0.0,0.0,0.0,198679.0,PEN,962042847.9123796,1293158847.3983061,62124816.175752394,171947706.28566673,,,852951788.6393168,0,13261.0,13261.0,13261.0,11.191986872409945,0.132967196281885,,20.980353781006635,16,0.0,0.0
1572621,AENZA S.A.A.,Peru,1600,Heavy Construction Other Than Bldg Const - Contractors,20-F,delisted_in_window,2023,4301475000.0,3605907000.0,5934508000.0,307165000.0,752456000.0,,,4447219000.0,PEN,ifrs-full:Revenue,12787.0,2.0,0.0,0.0,0.0,197504.0,PEN,924283119.7042618,1275182482.3229005,66002342.09520212,161684626.58046135,,,774822350.780473,0,12787.0,12787.0,12787.0,11.188344680468216,0.12679332473728236,,20.966355128706134,16,0.0,0.0
1575969,Avianca Holdings S.A.,Colombia,4512,"Air Transportation, Scheduled",20-F,delisted_in_window,2017,4441684000.0,,6861396000.0,4881016000.0,115306000.0,311273000.0,,5521696000.0,USD,ifrs-full:Revenue,25306.0,4.0,0.0,0.0,0.0,160053.0,USD,4441684000.0,6861396000.0,4881016000.0,115306000.0,311273000.0,,,0,241.0,25306.0,25306.0,12.075502620012411,0.06217087601415222,,22.64917675652346,45,0.0,0.0
1575969,Avianca Holdings S.A.,Colombia,4512,"Air Transportation, Scheduled",20-F,delisted_in_window,2018,4890830000.0,,7118643000.0,5313317000.0,205770000.0,308033000.0,,6126182000.0,USD,ifrs-full:Revenue,11001.0,5.0,0.0,0.0,0.0,199363.0,USD,4774215802.25482,6948910082.994227,5186629260.021135,200863735.93643087,300688434.52255726,,,0,229.0,21861.0,11001.0,12.980754110758184,0.07217709892180292,,22.661850661634404,45,0.0,0.0
1575969,Avianca Holdings S.A.,Colombia,4512,"Air Transportation, Scheduled",20-F,delisted_in_window,2019,4621496000.0,,7273910000.0,4953317000.0,197474000.0,308033000.0,,7268743000.0,USD,ifrs-full:Revenue,20874.0,3.0,0.0,0.0,0.0,151287.0,USD,4431004539.851365,6974089825.560867,4749148352.464861,189334403.94681907,295336319.9760501,,,0,206.0,20874.0,20874.0,12.26563250934911,0.06949591072751793,,22.665467665180138,45,0.0,0.0
1575969,Avianca Holdings S.A.,Colombia,4512,"Air Transportation, Scheduled",20-F,delisted_in_window,2020,1711585000.0,,6860494000.0,4811544000.0,180892000.0,308033000.0,,8162266000.0,USD,ifrs-full:Revenue,4740.0,5.0,0.0,0.0,0.0,141073.0,USD,1621039027.9640856,6497561339.409636,4557004536.009855,171322482.87200424,291737491.79904073,,,0,1303.0,14568.0,4740.0,12.742540741194828,0.07126673385327645,,22.594692764898557,45,0.0,0.0
1615903,Intercorp Financial Services Inc.,Peru,6029,"Commercial Banks, NEC",20-F,active,2017,3789599000.0,,,612639000.0,,,,,PEN,ifrs-full:InterestRevenueCalculatedUsingEffectiveInterestMethod,,,,,,,PEN,1162279520.5858455,,187897918.27900308,,,,,0,,,,,,,,60,,
1615903,Intercorp Financial Services Inc.,Peru,6029,"Commercial Banks, NEC",20-F,active,2018,4255936000.0,,63744409000.0,950943000.0,,,,56655933000.0,PEN,ifrs-full:InterestRevenueCalculatedUsingEffectiveInterestMethod,,,,,,,PEN,1264059041.8583088,18932779196.953186,282440360.344203,,,,,0,,,,,0.0,,23.66416060581054,60,,
1615903,Intercorp Financial Services Inc.,Peru,6029,"Commercial Banks, NEC",20-F,active,2019,4769395000.0,,71562293000.0,844427000.0,,,,62658845000.0,PEN,ifrs-full:InterestRevenueCalculatedUsingEffectiveInterestMethod,662.0,7.0,0.5263,0.5263,12.0,228005.0,PEN,1370225800.338759,20559525935.679844,242600091.1861268,,,,,0,296.0,6655.0,662.0,14.542975825033999,0.0,,23.746590219664423,60,0.5263,0.5263
1615903,Intercorp Financial Services Inc.,Peru,6029,"Commercial Banks, NEC",20-F,active,2020,4557302000.0,,88236029000.0,844427000.0,,,,79282080000.0,PEN,ifrs-full:InterestRevenueCalculatedUsingEffectiveInterestMethod,678.0,7.0,0.5978,0.5978,14.0,234179.0,PEN,1234988561.4482095,23911183968.63155,228832253.3766749,,,,,0,217.0,6408.0,678.0,14.41518025705781,0.0,,23.89761213490844,60,0.5978,0.5978
1615903,Intercorp Financial Services Inc.,Peru,6029,"Commercial Banks, NEC",20-F,active,2021,4499854000.0,,89954787000.0,815118000.0,,,,81219959000.0,PEN,ifrs-full:InterestRevenueCalculatedUsingEffectiveInterestMethod,811.0,7.0,0.4958,0.4958,13.0,262206.0,PEN,1048967121.9795964,20969483460.502853,190013272.10477597,,,,,0,301.0,6176.0,811.0,14.072803769503833,0.0,,23.766334049248936,60,0.4958,0.4958
1615903,Intercorp Financial Services Inc.,Peru,6029,"Commercial Banks, NEC",20-F,active,2022,5775325000.0,,87482089000.0,791432000.0,,,,78055862000.0,PEN,ifrs-full:InterestRevenueCalculatedUsingEffectiveInterestMethod,667.0,9.0,0.7785,0.7785,21.0,269743.0,PEN,1261283475.929296,19105368666.780838,172842238.99463227,,,,,0,290.0,6162.0,667.0,14.452605625230877,0.0,,23.673235214533253,60,0.7785,0.7785
1615903,Intercorp Financial Services Inc.,Peru,6029,"Commercial Banks, NEC",20-F,active,2023,7063415000.0,,89624779000.0,804832000.0,,,,79616678000.0,PEN,ifrs-full:InterestRevenueCalculatedUsingEffectiveInterestMethod,648.0,9.0,0.8349,0.8349,24.0,287466.0,PEN,1517757339.509326,19258201044.27551,172938964.37799135,,,,,0,245.0,6266.0,648.0,14.666608951393638,0.0,,23.68120283522998,60,0.8349,0.8349
1615903,Intercorp Financial Services Inc.,Peru,6029,"Commercial Banks, NEC",20-F,active,2024,6966896000.0,,95503781000.0,814432000.0,,,,84525186000.0,PEN,ifrs-full:InterestRevenueCalculatedUsingEffectiveInterestMethod,1274.0,7.0,0.8434,0.8434,23.0,272718.0,PEN,1450766696.182054,19887436935.22401,169595013.60504633,,,,,0,210.0,6328.0,1274.0,13.945441173492219,0.0,,23.713354059529188,60,0.8434,0.8434
1659939,Enel Chile S.A.,Chile,4911,Electric Services,20-F,active,2017,2484101582000.0,,5694773008000.0,3585687137000.0,55170904000.0,887257655000.0,,1907811351000.0,CLP,ifrs-full:Revenue,1948.0,3.0,0.0,0.0,0.0,152121.0,CLP,3828563817.6340847,8776936517.432652,5526356946.732202,85030873.28276722,1367465235.506567,,,0,1948.0,1993.0,1948.0,14.491197103272057,0.16549010077769197,,22.895393267698132,49,0.0,0.0
1659939,Enel Chile S.A.,Chile,4911,Electric Services,20-F,active,2018,2410360459000.0,,7488020164000.0,5290992961000.0,115372393000.0,915044725000.0,,3813856383000.0,CLP,ifrs-full:Revenue,2062.0,3.0,0.0,0.0,0.0,152945.0,CLP,3669069476.59928,11398322653.90325,8053990722.26763,175620755.81597334,1392888212.0865731,,,0,2062.0,2096.0,2062.0,14.391772253676551,0.13760875310591641,,23.15673204589883,49,0.0,0.0
1659939,Enel Chile S.A.,Chile,4911,Electric Services,20-F,active,2019,2624576323000.0,,7857988164000.0,5304476114000.0,132278593000.0,917352974000.0,,4110704512000.0,CLP,ifrs-full:Revenue,2148.0,3.0,0.0,0.0,0.0,162083.0,CLP,3580031676.3147383,10718623913.77151,7235526872.645231,180433523.265593,1251307754.513158,,,0,2142.0,2148.0,2148.0,14.32634502982373,0.13357510155190913,,23.095248618096758,49,0.0,0.0
1659939,Enel Chile S.A.,Chile,4911,Electric Services,20-F,active,2020,2548384317000.0,,7904471584000.0,5033496472000.0,165114521000.0,915705369000.0,,4310197085000.0,CLP,ifrs-full:Revenue,2219.0,3.0,0.0,0.0,0.0,179854.0,CLP,3044641478.7185745,9443741233.005993,6013689552.0044155,197267937.97222584,1094024370.7137434,,,0,2202.0,2219.0,2219.0,14.131837067264543,0.13673524896816175,,22.96861805564668,49,0.0,0.0
1659939,Enel Chile S.A.,Chile,4911,Electric Services,20-F,active,2021,2829682404000.0,,9500323596000.0,6110688761000.0,191221555000.0,921078198000.0,,6153830698000.0,CLP,ifrs-full:Revenue,2215.0,3.0,0.0,0.0,0.0,200281.0,CLP,3372707280.7357874,11323465317.620567,7283348988.353481,227917567.66428927,1097835976.26725,,,0,2215.0,2221.0,2215.0,14.23597392371998,0.11708019645439456,,23.150142986339937,49,0.0,0.0
1659939,Enel Chile S.A.,Chile,4911,Electric Services,20-F,active,2022,4379000090000.0,,11865579732000.0,6572353994000.0,191441263000.0,883613429000.0,,7476640429000.0,CLP,ifrs-full:Revenue,2158.0,3.0,0.0,0.0,0.0,218683.0,CLP,4199780787.537205,11379957243.034554,6303367313.448631,183606147.9252578,847449789.0965036,,,0,2158.0,2256.0,2158.0,14.481361021612006,0.09060279533588321,,23.15511950843495,49,0.0,0.0
1659939,Enel Chile S.A.,Chile,4911,Electric Services,20-F,active,2023,4262591097000.0,,11833721036000.0,6850184820000.0,195009500000.0,884464658000.0,,7072834764000.0,CLP,ifrs-full:Revenue,2077.0,3.0,0.0,0.0,0.0,223305.0,CLP,4081908751.8567405,11332114285.575258,6559819774.473242,186743454.07079685,846974046.0770682,,,0,2077.0,2134.0,2077.0,14.491150723424845,0.09122017957970055,,23.150906504071667,49,0.0,0.0
1659939,Enel Chile S.A.,Chile,4911,Electric Services,20-F,active,2024,3904732890000.0,,12719897584000.0,7552861067000.0,293348456000.0,889242912000.0,,7393518069000.0,CLP,ifrs-full:Revenue,1952.0,3.0,0.1358,0.1358,3.0,220905.0,CLP,3233665992.189774,10533857603.129845,6254827324.716717,242933627.66449776,736417738.2515413,,,0,1952.0,2003.0,1952.0,14.32027254570479,0.0929717680657703,,23.077860440081597,49,0.1358,0.1358
1691493,Nu Holdings Ltd.,Brazil,6199,Finance Services,20-F,active,2019,612109000.0,,,,,,,,USD,ifrs-full:Revenue,,,,,,,USD,586878741.8368163,,,,,,,0,,,,,,,,61,,
1691493,Nu Holdings Ltd.,Brazil,6199,Finance Services,20-F,active,2020,737133000.0,,10154250000.0,9850000.0,12372000.0,831000.0,,9716139000.0,USD,ifrs-full:Revenue,,,,,,,USD,698137318.2168869,9617071632.261509,9328917.01285431,11717498.60741457,787038.5825057798,,,0,,,,,0.0013002437403057832,,22.986805651152864,61,,
1691493,Nu Holdings Ltd.,Brazil,6199,Finance Services,20-F,active,2021,1698023000.0,,19858681000.0,14109000.0,72337000.0,401872000.0,,15416140000.0,USD,ifrs-full:Revenue,2452.0,3.0,1.1801,1.1801,26.0,220317.0,USD,1536033783.2928505,17964188298.766182,12763019.492950818,65436142.96276018,363533926.5483827,,,0,250.0,80000.0,2452.0,13.3478101687052,0.023879179085458897,,23.611646074123545,61,1.1801,1.1801
1691493,Nu Holdings Ltd.,Brazil,6199,Finance Services,20-F,active,2022,4792231000.0,,29934872000.0,27482000.0,182164000.0,397397000.0,,25044089000.0,USD,ifrs-full:Revenue,2929.0,2.0,1.2738,1.2738,29.0,227664.0,USD,4013838821.9700933,25072612602.419525,23018155.53244034,152575477.92778772,332848626.52373165,,,0,250.0,2929.0,2929.0,14.130597585718045,0.019360730855972928,,23.945041955989222,61,1.2738,1.2738
1691493,Nu Holdings Ltd.,Brazil,6199,Finance Services,20-F,active,2023,8028976000.0,,43345195000.0,39294000.0,295881000.0,397538000.0,,36938810000.0,USD,ifrs-full:Revenue,7700.0,2.0,1.4211,1.4211,31.0,218137.0,USD,6458972842.160596,34869382763.52492,31610367.10781779,238023795.75070587,319802568.31342363,,,0,6068.0,7700.0,7700.0,13.63976053149535,0.015997597888301112,,24.2748749964026,61,1.4211,1.4211
1691493,Nu Holdings Ltd.,Brazil,6199,Finance Services,20-F,active,2024,11517075000.0,,49931214000.0,25879000.0,347616000.0,414287000.0,,42284138000.0,USD,ifrs-full:Revenue,8049.0,1.0,2.0686,2.0686,46.0,222373.0,USD,8999557284.906301,39016748670.814026,20222108.736470863,271630609.7815625,323727994.2079023,,,0,8049.0,8049.0,8049.0,13.927138083413034,0.015259052183269568,,24.387256843985263,61,2.0686,2.0686
1698287,"Banco Santander Mexico S.A., Institucion de Banca Multiple, Grupo Financiero Santander Mexico",Mexico,6029,"Commercial Banks, NEC",20-F,delisted_in_window,2017,98002000000.0,,1329191000000.0,6498000000.0,5226000000.0,1734000000.0,,1213781000000.0,MXN,ifrs-full:RevenueFromInterest,15116.0,4.0,0.0,0.0,0.0,312572.0,MXN,5178026243.603541,70229034925.42638,343327835.46188664,276120539.877473,91617492.56554501,,,0,5202.0,15116.0,15116.0,12.744180722083133,0.005236267774909701,,24.975027665394364,60,0.0,0.0
1698287,"Banco Santander Mexico S.A., Institucion de Banca Multiple, Grupo Financiero Santander Mexico",Mexico,6029,"Commercial Banks, NEC",20-F,delisted_in_window,2018,,,1408724000000.0,8714000000.0,6310000000.0,1734000000.0,,1285437000000.0,MXN,,16016.0,4.0,0.0707,0.0707,2.0,282809.0,MXN,,71456597562.79837,442011913.7334389,320070596.24259806,87956008.53956658,,,0,5533.0,16016.0,16016.0,,0.005710132005985559,,24.992356075237105,60,0.0707,0.0707
1698287,"Banco Santander Mexico S.A., Institucion de Banca Multiple, Grupo Financiero Santander Mexico",Mexico,6029,"Commercial Banks, NEC",20-F,delisted_in_window,2019,,,1467548000000.0,10542000000.0,7098000000.0,1734000000.0,,1332750000000.0,MXN,,15857.0,4.0,0.0737,0.0737,2.0,271278.0,MXN,,73042179763.794,524691975.3697435,353278660.7071182,86303916.2674194,,,0,5141.0,15857.0,15857.0,,0.006018201789651855,,25.014302916213257,60,0.0737,0.0737
1698287,"Banco Santander Mexico S.A., Institucion de Banca Multiple, Grupo Financiero Santander Mexico",Mexico,6029,"Commercial Banks, NEC",20-F,delisted_in_window,2020,,,1837914000000.0,12206000000.0,6873000000.0,1734000000.0,,1684080000000.0,MXN,,21183.0,4.0,0.1153,0.1153,4.0,347042.0,MXN,,81016323399.76051,538047614.533366,302965857.3396547,76435733.54095173,,,0,5034.0,21183.0,21183.0,,0.004683026518106942,,25.11791649476956,60,0.1153,0.1153
1698287,"Banco Santander Mexico S.A., Institucion de Banca Multiple, Grupo Financiero Santander Mexico",Mexico,6029,"Commercial Banks, NEC",20-F,delisted_in_window,2021,,,1678213000000.0,12620000000.0,7677000000.0,1734000000.0,,1514625000000.0,MXN,,25276.0,4.0,0.0844,0.0844,3.0,355559.0,MXN,,74885707061.89474,563133299.0038283,342565319.8456727,77375050.75060524,,,0,5179.0,25276.0,25276.0,,0.00560775062521861,,25.03922888231581,60,0.0844,0.0844
1698287,"Banco Santander Mexico S.A., Institucion de Banca Multiple, Grupo Financiero Santander Mexico",Mexico,6029,"Commercial Banks, NEC",20-F,delisted_in_window,2022,,,1813421000000.0,13707000000.0,8947000000.0,1734000000.0,,1649967000000.0,MXN,,25990.0,4.0,0.0548,0.0548,2.0,364891.0,MXN,,75463027893.04346,570398006.4915686,372317134.6085988,72158031.9002247,,,0,5147.0,25990.0,25990.0,,0.005889972598751201,,25.046908676479884,60,0.0548,0.0548
1703141,"Despegar.com, Corp.",Argentina,4700,Transportation Services,20-F,delisted_in_window,2017,,142479000.0,738694000.0,16171000.0,35424000.0,38733000.0,71308000.0,520736000.0,USD,,2961.0,2.0,0.3088,0.3088,3.0,97155.0,USD,,738694000.0,16171000.0,35424000.0,38733000.0,71308000.0,142479000.0,0,2961.0,2961.0,2961.0,,0.10038933577367624,,20.420394320088832,47,0.3088,0.3088
1703141,"Despegar.com, Corp.",Argentina,4700,Transportation Services,20-F,delisted_in_window,2018,,172110000.0,763947000.0,19716000.0,37512000.0,36207000.0,71154000.0,516373000.0,USD,,3398.0,2.0,0.3164,0.3164,3.0,94810.0,USD,,745731877.7150632,19245902.793034315,36617584.985407956,35343700.6708964,69457444.07260923,168006306.0310984,0,3398.0,3398.0,3398.0,,0.09649753189684625,,20.429876680313026,47,0.3164,0.3164
1703141,"Despegar.com, Corp.",Argentina,4700,Transportation Services,20-F,delisted_in_window,2019,,179565000.0,801213000.0,21205000.0,49619000.0,46956000.0,73375000.0,606977000.0,USD,,3029.0,2.0,0.2998,0.2998,3.0,100078.0,USD,,768188145.2213595,20330960.20586152,47573775.73471553,45020540.78879668,70350587.36642721,172163587.3315503,0,3029.0,3029.0,3029.0,,0.12053598730924237,,20.45954524186604,47,0.2998,0.2998
1703141,"Despegar.com, Corp.",Argentina,4700,Transportation Services,20-F,delisted_in_window,2020,131334000.0,103825000.0,840978000.0,22462000.0,96495000.0,123217000.0,67043000.0,606241000.0,USD,us-gaap:RevenueFromContractWithCustomerExcludingAssessedTax,3577.0,2.0,0.2432,0.2432,3.0,123348.0,USD,124386191.57017338,796488728.0848925,21273719.1820034,91390238.28988594,116698595.6926771,63496302.87236461,98332467.90452778,0,3577.0,3577.0,3577.0,10.45662199260959,0.26125772612363224,0.5104771041771361,20.495723535406196,47,0.2432,0.2432
1703141,"Despegar.com, Corp.",Argentina,4700,Transportation Services,20-F,delisted_in_window,2021,322843000.0,160240000.0,822121000.0,17285000.0,85723000.0,122426000.0,74743000.0,694989000.0,USD,us-gaap:RevenueFromContractWithCustomerExcludingAssessedTax,3824.0,2.0,0.306,0.306,4.0,130707.0,USD,292044191.80400604,743691710.862869,15636033.165756248,77545135.72855787,110746716.59536444,67612613.64814112,144953309.4868835,0,3824.0,3824.0,3824.0,11.243363416404792,0.25318535835965755,0.23151500884330772,20.42713713980379,47,0.306,0.306
1703141,"Despegar.com, Corp.",Argentina,4700,Transportation Services,20-F,delisted_in_window,2022,537972000.0,182898000.0,804192000.0,15532000.0,91500000.0,138637000.0,89992000.0,763193000.0,USD,us-gaap:RevenueFromContractWithCustomerExcludingAssessedTax,4543.0,2.0,0.3638,0.3638,5.0,137455.0,USD,450590319.7765081,673568755.3287338,13009169.337379498,76637844.08770436,116118478.58783682,75374785.41137366,153190255.82462242,0,4543.0,4543.0,4543.0,11.504726237008445,0.28617171023835103,0.16728008149123,20.328100635209605,47,0.3638,0.3638
1703141,"Despegar.com, Corp.",Argentina,4700,Transportation Services,20-F,delisted_in_window,2023,706040000.0,228938000.0,898334000.0,16400000.0,90421000.0,150752000.0,109130000.0,842680000.0,USD,us-gaap:RevenueFromContractWithCustomerExcludingAssessedTax,4593.0,2.0,1.4547,1.4547,18.0,123733.0,USD,567979426.7013711,722671846.2216722,13193108.886043971,72739884.06005988,121273631.14566468,87790486.14231576,184170973.3020204,0,4593.0,4593.0,4593.0,11.725307071107473,0.26846696217665145,0.15456631352331313,20.398465799110927,47,1.4547,1.4547
1703141,"Despegar.com, Corp.",Argentina,4700,Transportation Services,20-F,delisted_in_window,2024,774061000.0,208142000.0,904787000.0,14190000.0,83050000.0,125832000.0,107958000.0,857151000.0,USD,us-gaap:RevenueFromContractWithCustomerExcludingAssessedTax,3956.0,2.0,1.476,1.476,19.0,128724.0,USD,604858986.4624356,707009586.8211778,11088207.541656228,64896098.40271669,98326379.94233169,84359458.05370846,162644234.9637358,0,3956.0,3956.0,3956.0,11.937517215857715,0.2308631755319208,0.13946962836262258,20.376554783629135,47,1.476,1.476
1711375,Loma Negra Compania Industrial Argentina Sociedad Anonima,Argentina,3241,"Cement, Hydraulic",20-F,active,2017,38209835000.0,28474285000.0,29525708170.0,18310023378.0,224682237.0,16577250.0,,15394769881.0,ARS,ifrs-full:Revenue,1239.0,2.0,0.0,0.0,0.0,125369.0,ARS,2306980083.1891785,1782661995.0137448,1105497033.8336778,13565550.487338947,1000878.0614741679,,1719180634.4636762,1,1239.0,1239.0,1239.0,14.437145301263634,0.00817116682217753,,21.30137358691644,32,0.0,0.0
1711375,Loma Negra Compania Industrial Argentina Sociedad Anonima,Argentina,3241,"Cement, Hydraulic",20-F,active,2018,51238154000.0,38393415000.0,50558310000.0,33655357000.0,336177000.0,25501000.0,,25094077000.0,ARS,ifrs-full:Revenue,1232.0,2.0,0.0,0.0,0.0,134050.0,ARS,1780262506.8744476,1756641422.0140612,1169350680.014243,11680422.928069016,886028.6845580989,,1333973843.6980188,1,1232.0,1232.0,1232.0,14.18363252205562,0.007153680571996967,,21.28666953995833,32,0.0,0.0
1711375,Loma Negra Compania Industrial Argentina Sociedad Anonima,Argentina,3241,"Cement, Hydraulic",20-F,active,2019,72079294000.0,52386043000.0,75725586000.0,53774641000.0,171467000.0,34717000.0,,35798859000.0,ARS,ifrs-full:Revenue,1221.0,3.0,0.0,0.0,0.0,144587.0,ARS,1435333638.1661012,1507943194.555152,1070828345.0668371,3414466.752898924,691328.6070228787,,1043176833.6731465,1,800.0,1221.0,1221.0,13.97723768548743,0.0027227785335329066,,21.13401243642953,32,0.0,0.0
1711375,Loma Negra Compania Industrial Argentina Sociedad Anonima,Argentina,3241,"Cement, Hydraulic",20-F,active,2020,122382364000.0,85344521000.0,107086884000.0,80839908000.0,290311000.0,52403000.0,,38573540000.0,ARS,ifrs-full:Revenue,2900.0,4.0,0.0,0.0,0.0,140477.0,ARS,1643173841.4055216,1437808200.423612,1085401669.2080646,3897877.320561305,703591.8901776855,,1145883114.4533553,1,1151.0,2900.0,2900.0,13.247429461736852,0.003200335906683026,,21.086385707950008,32,0.0,0.0
1711375,Loma Negra Compania Industrial Argentina Sociedad Anonima,Argentina,3241,"Cement, Hydraulic",20-F,active,2021,446871607000.0,305630509000.0,204242567000.0,158357491000.0,563115000.0,102078000.0,,62997858000.0,ARS,ifrs-full:Revenue,2849.0,4.0,0.0,0.0,0.0,136667.0,ARS,4255579245.4514256,1945011532.5024943,1508045804.4436932,5362570.521967352,972093.575453297,,2910533653.298665,1,1105.0,2849.0,2849.0,14.21677338809965,0.0032568773971588397,,21.38853374330644,32,0.0,0.0
1711375,Loma Negra Compania Industrial Argentina Sociedad Anonima,Argentina,3241,"Cement, Hydraulic",20-F,active,2022,984191542000.0,718413301000.0,631825607000.0,477921441000.0,1463250000.0,317878000.0,,270757053000.0,ARS,ifrs-full:Revenue,2886.0,4.0,0.0,0.0,0.0,140326.0,ARS,6311078831.101719,4051549970.834533,3064647236.34531,9383017.13185175,2038376.7092696193,,4606789209.6587515,1,1090.0,2886.0,2886.0,14.59794573120018,0.0028190183814439797,,22.12236535369854,32,0.0,0.0
1711375,Loma Negra Compania Industrial Argentina Sociedad Anonima,Argentina,3241,"Cement, Hydraulic",20-F,active,2023,919312709000.0,688685258000.0,1391171816000.0,1049899221000.0,3452567000.0,692222000.0,,750464331000.0,ARS,ifrs-full:Revenue,2885.0,4.0,0.0,0.0,0.0,137122.0,ARS,2496297921.1835346,3777582185.356172,2850891994.8310127,9375086.127354814,1879656.7508320054,,1870053096.2583985,1,1077.0,2885.0,2885.0,13.670794460837152,0.002979350898523378,,22.052350008421467,32,0.0,0.0
1711375,Loma Negra Compania Industrial Argentina Sociedad Anonima,Argentina,3241,"Cement, Hydraulic",20-F,active,2024,699178686000.0,512197718000.0,1408332054000.0,1054198440000.0,2897120000.0,692222000.0,,615210312000.0,ARS,ifrs-full:Revenue,2821.0,4.0,0.0,0.0,0.0,134630.0,ARS,597297753.9567357,1203116727.5592213,900585748.7433401,2474965.7041792865,591354.7625498406,,437562747.076025,1,1028.0,2821.0,2821.0,12.263079586366556,0.002548647522298033,,20.90818129962185,32,0.0,0.0
1712807,PagSeguro Digital Ltd.,Brazil,7374,Services-Computer Processing & Data Preparation,20-F,active,2017,2523385000.0,1324380000.0,4235757000.0,10889000.0,158868000.0,,,3365366000.0,BRL,ifrs-full:Revenue,,0.0,0.3737,0.5606,6.0,107027.0,BRL,790685387.1830517,1327245411.8409681,3411993.4853525124,49780198.46000394,,,414985391.87539357,0,,,,,0.03750640086293902,,21.006371512530738,73,0.3737,0.5606
1712807,PagSeguro Digital Ltd.,Brazil,7374,Services-Computer Processing & Data Preparation,20-F,active,2018,4334692000.0,2144699000.0,11417278000.0,67104000.0,,,,4842900000.0,BRL,ifrs-full:Revenue,,0.0,0.4584,0.4584,5.0,109083.0,BRL,1158057001.941631,3050241800.5740986,17927515.278661367,,,,572978124.8603624,0,,,,,0.0,,21.83848670330008,73,0.4584,0.4584
1712807,PagSeguro Digital Ltd.,Brazil,7374,Services-Computer Processing & Data Preparation,20-F,active,2019,5707209000.0,2762087000.0,14582248000.0,399990000.0,,,,6567300000.0,BRL,ifrs-full:Revenue,,0.0,0.3958,0.3958,5.0,126322.0,BRL,1387249612.6260722,3544502731.408174,97225451.62693404,,,,671379674.5115712,0,,,,,0.0,,21.988663713863698,73,0.3958,0.3958
1712807,PagSeguro Digital Ltd.,Brazil,7374,Services-Computer Processing & Data Preparation,20-F,active,2020,6814673000.0,3772298000.0,22324322000.0,1802613000.0,,,,12996863000.0,BRL,ifrs-full:Revenue,,0.0,0.4249,0.4249,6.0,141222.0,BRL,1251976821.7578251,4101375620.7316613,331172118.5446959,,,,693038339.5892069,0,,,,,0.0,,22.13458827163497,73,0.4249,0.4249
1712807,PagSeguro Digital Ltd.,Brazil,7374,Services-Computer Processing & Data Preparation,20-F,active,2021,10448722000.0,5775895000.0,31075804000.0,2289052000.0,,,,20573606000.0,BRL,ifrs-full:Revenue,,0.0,0.4496,0.4496,7.0,155692.0,BRL,1752173724.0030103,5211183455.839637,383857161.40945643,,,,968575051.7240641,0,,,,,0.0,,22.374072817749788,73,0.4496,0.4496
1712807,PagSeguro Digital Ltd.,Brazil,7374,Services-Computer Processing & Data Preparation,20-F,active,2022,15334914000.0,7470895000.0,45329322000.0,2493499000.0,,,,33487196000.0,BRL,ifrs-full:Revenue,,0.0,0.4025,0.4025,6.0,149050.0,BRL,2487252033.8483896,7352206105.457685,404433990.2492394,,,,1211744570.8151844,0,,,,,0.0,,22.718266255537443,73,0.4025,0.4025
1712807,PagSeguro Digital Ltd.,Brazil,7374,Services-Computer Processing & Data Preparation,20-F,active,2023,15948401000.0,8132580000.0,55108093000.0,2451011000.0,,,,41867408000.0,BRL,ifrs-full:Revenue,7273.0,2.0,0.4641,0.4641,7.0,150844.0,BRL,2568850814.4287696,8876405201.039677,394790775.7977664,,,,1309936009.033578,0,7273.0,7273.0,7273.0,12.774800341777107,0.0,,22.906662492286134,73,0.4641,0.4641
1712807,PagSeguro Digital Ltd.,Brazil,7374,Services-Computer Processing & Data Preparation,20-F,active,2024,18809632000.0,,72900617000.0,2572336000.0,,,,58232245000.0,BRL,ifrs-full:Revenue,8595.0,2.0,0.8364,0.8364,12.0,143464.0,BRL,2727446948.8475037,10570784447.337961,372995600.0527066,,,,,0,8595.0,8595.0,8595.0,12.667695907197011,0.0,,23.081359848581698,73,0.8364,0.8364
1713930,Nexa Resources S.A.,Peru,1000,Metal Mining,20-F,active,2017,2449484000.0,1752825000.0,5961524000.0,1996514000.0,,,,3052621000.0,USD,ifrs-full:Revenue,5446.0,1.0,0.0,0.0,0.0,122160.0,USD,2449484000.0,5961524000.0,1996514000.0,,,,1752825000.0,0,5446.0,5446.0,5446.0,13.01650655384257,0.0,,22.50859199003478,10,0.0,0.0
1713930,Nexa Resources S.A.,Peru,1000,Metal Mining,20-F,active,2018,2491670000.0,1892247000.0,5735406000.0,1968451000.0,,,,2833605000.0,USD,ifrs-full:Revenue,5591.0,1.0,0.0,0.0,0.0,117034.0,USD,2432260022.941764,5598654207.47544,1921516362.2870355,,,,1847129327.5720637,0,5591.0,5591.0,5591.0,12.983173271636463,0.0,,22.44579208571234,10,0.0,0.0
1713930,Nexa Resources S.A.,Peru,1000,Metal Mining,20-F,active,2019,2332715000.0,-1947828000.0,5466364000.0,2122690000.0,,,,2984178000.0,USD,ifrs-full:Revenue,5760.0,1.0,0.0,0.0,0.0,117173.0,USD,2236563821.580583,5241048288.363783,2035195751.9160666,,,,-1867541313.645972,0,5760.0,5760.0,5760.0,12.869513763105202,0.0,,22.379787370302278,10,0.0,0.0
1713930,Nexa Resources S.A.,Peru,1000,Metal Mining,20-F,active,2020,1950929000.0,1576159000.0,5064226000.0,1898296000.0,,,,3442982000.0,USD,ifrs-full:Revenue,5349.0,1.0,0.0,0.0,0.0,140803.0,USD,1847721293.2965324,4796319196.785698,1797872675.109978,,,,1492777310.6663384,0,5349.0,5349.0,5349.0,12.75255407694515,0.0,,22.291114626689687,10,0.0,0.0
1713930,Nexa Resources S.A.,Peru,1000,Metal Mining,20-F,active,2021,2622110000.0,-1989019000.0,4904836000.0,2087730000.0,,,,3260556000.0,USD,ifrs-full:Revenue,5840.0,1.0,0.0,0.0,0.0,146274.0,USD,2371964068.513805,4436920935.41193,1888563235.2412086,,,,-1799269138.0572362,0,5840.0,5840.0,5840.0,12.914498093963518,0.0,,22.21322648980464,10,0.0,0.0
1713930,Nexa Resources S.A.,Peru,1000,Metal Mining,20-F,active,2022,3033990000.0,-2393936000.0,4891782000.0,2295275000.0,,249082000.0,,3181528000.0,USD,ifrs-full:Revenue,5625.0,1.0,0.0,0.0,0.0,151449.0,USD,2541185274.1382966,4097219958.765449,1922458225.0098975,,208624125.47599536,,-2005093922.6660395,0,5625.0,5625.0,5625.0,13.020920225421616,0.0509184587538856,,22.133574521833115,10,0.0,0.0
1713930,Nexa Resources S.A.,Peru,1000,Metal Mining,20-F,active,2023,2573233000.0,2274357000.0,4904097000.0,2438614000.0,,,,3452060000.0,USD,ifrs-full:Revenue,5771.0,1.0,0.0,0.0,0.0,169076.0,USD,2070057509.643999,3945139372.483023,1961762197.1360507,,,,1829624362.6058724,0,5771.0,5771.0,5771.0,12.790241571563513,0.0,,22.095750119513234,10,0.0,0.0
1713930,Nexa Resources S.A.,Peru,1000,Metal Mining,20-F,active,2024,2766481000.0,2228410000.0,4637465000.0,2097508000.0,,,,3577172000.0,USD,ifrs-full:Revenue,500.0,3.0,0.0,0.279,5.0,179241.0,USD,2161755848.347334,3623761408.5388865,1639013673.3110833,,,,1741301801.825381,0,250.0,5253.0,500.0,15.279578522755317,0.0,,22.010778386463933,10,0.0,0.279
1716586,"ESTRE AMBIENTAL, INC.",Brazil,4953,Refuse Systems,20-F,delisted_in_window,2017,1365347000.0,953760000.0,2383842000.0,689451000.0,,0.0,,,BRL,ifrs-full:Revenue,,0.0,0.0,0.0,0.0,159289.0,BRL,427822120.41928524,746960544.9636977,216034743.36208788,,0.0,,298854156.17502177,0,,,,,0.0,,20.431522923715153,49,0.0,0.0
1716586,"ESTRE AMBIENTAL, INC.",Brazil,4953,Refuse Systems,20-F,delisted_in_window,2018,,,,,,,,,,,,0.0,0.0,0.0,0.0,168577.0,USD,,,,,,,,0,,,,,,,,49,0.0,0.0
1717161,CENTRAL PUERTO S.A.,Argentina,4911,Electric Services,20-F,active,2017,14827241000.0,7997976000.0,34348994000.0,17451669000.0,,,,17317459000.0,ARS,ifrs-full:Revenue,738.0,4.0,0.0,0.0,0.0,197376.0,ARS,895218460.7875433,2073875614.3695621,1053672511.3157387,,,,482890631.11172956,1,732.0,740.0,738.0,14.008634512118887,0.0,,21.45268497117008,49,0.0,0.0
1717161,CENTRAL PUERTO S.A.,Argentina,4911,Electric Services,20-F,active,2018,29875727000.0,13584983000.0,88084228000.0,34715815000.0,,,,37429069000.0,ARS,ifrs-full:Revenue,803.0,4.0,0.0,0.0,0.0,217794.0,ARS,1038027963.3750392,3060474203.566749,1206196145.1634178,,,,472008337.6037856,1,733.0,803.0,803.0,14.072233847048148,0.0,,21.841835709390192,49,0.0,0.0
1717161,CENTRAL PUERTO S.A.,Argentina,4911,Electric Services,20-F,active,2019,73896832000.0,-38954605000.0,161729542000.0,77187266000.0,,,,81201302000.0,ARS,ifrs-full:Revenue,894.0,4.0,0.0,0.0,0.0,238641.0,ARS,1471526742.805072,3220562231.336468,1537050006.7311234,,,,-775713132.2342502,1,738.0,894.0,894.0,14.313860524138814,0.0,,21.892821787265987,49,0.0,0.0
1717161,CENTRAL PUERTO S.A.,Argentina,4911,Electric Services,20-F,active,2020,112047140000.0,49441324000.0,239075862000.0,119525703000.0,,,,111513053000.0,ARS,ifrs-full:Revenue,885.0,4.0,0.0,0.0,0.0,257080.0,ARS,1504407362.5861833,3209965796.6230845,1604818718.3670146,,,,663826777.2083157,1,803.0,894.0,885.0,14.346077233575503,0.0,,21.88952611877396,49,0.0,0.0
1717161,CENTRAL PUERTO S.A.,Argentina,4911,Electric Services,20-F,active,2021,346243761000.0,179326913000.0,391454205000.0,215486695000.0,,,,144461488000.0,ARS,ifrs-full:Revenue,885.0,3.0,0.0,0.0,0.0,207278.0,ARS,3297295554.4670434,3727836730.38929,2052089890.1346433,,,,1707738592.382025,1,861.0,894.0,885.0,15.1307807954641,0.0,,22.03909393731427,49,0.0,0.0
1717161,CENTRAL PUERTO S.A.,Argentina,4911,Electric Services,20-F,active,2022,687576975000.0,361599896000.0,1189401130000.0,616321669000.0,,,,375520419000.0,ARS,ifrs-full:Revenue,865.0,4.0,0.0,0.0,0.0,213142.0,ARS,4409052817.968086,7626975007.301439,3952131747.1098332,,,,2318741171.3950524,1,861.0,885.0,865.0,15.444196215898547,0.0,,22.75495714325169,49,0.0,0.0
1717161,CENTRAL PUERTO S.A.,Argentina,4911,Electric Services,20-F,active,2023,682837408000.0,457666072000.0,3055850073000.0,1652681399000.0,,,,1190548795000.0,ARS,ifrs-full:Revenue,1181.0,4.0,0.047,0.047,1.0,212934.0,ARS,1854173868.5968206,8297842627.43011,4487684223.565319,,,,1242744555.737273,1,861.0,1181.0,1181.0,14.266588263752803,0.0,,22.83926139355675,49,0.047,0.047
1717161,CENTRAL PUERTO S.A.,Argentina,4911,Electric Services,20-F,active,2024,738169736000.0,446527758000.0,2662055984000.0,1617870189000.0,,,,798949003000.0,ARS,ifrs-full:Revenue,1324.0,4.0,0.0438,0.0438,1.0,228155.0,ARS,630607216.9820644,2274154078.1898036,1382121980.3077056,,,,381461895.6115273,1,865.0,1324.0,1324.0,13.073781013140232,0.0,,21.544873986439285,49,0.0438,0.0438
1717393,CORPORACION AMERICA AIRPORTS S.A.,Argentina,4581,"Airports, Flying Fields & Airport Terminal Services",20-F,active,2017,1575153000.0,1029983000.0,3801214000.0,74483000.0,,51000000.0,,3004072000.0,USD,ifrs-full:Revenue,5962.0,1.0,0.0,0.0,0.0,190139.0,USD,1575153000.0,3801214000.0,74483000.0,,51000000.0,,1029983000.0,0,5962.0,5962.0,5962.0,12.484456973125072,0.01341676632781001,,22.05858632634211,45,0.0,0.0
1717393,CORPORACION AMERICA AIRPORTS S.A.,Argentina,4581,"Airports, Flying Fields & Airport Terminal Services",20-F,active,2018,1426145000.0,971425000.0,3845278000.0,74299000.0,,,,2622581000.0,USD,ifrs-full:Revenue,5974.0,1.0,0.0,0.0,0.0,176238.0,USD,1392140801.317302,3753593355.6600432,72527456.46275394,,,,948262889.0608318,0,5974.0,5974.0,5974.0,12.358936545338855,0.0,,22.045979446297196,45,0.0,0.0
1717393,CORPORACION AMERICA AIRPORTS S.A.,Argentina,4581,"Airports, Flying Fields & Airport Terminal Services",20-F,active,2019,1558640000.0,1138425000.0,3882243000.0,79612000.0,71918000.0,50249000.0,,2683629000.0,USD,ifrs-full:Revenue,,0.0,0.0,0.0,0.0,180019.0,USD,1494395086.7844377,3722222491.98229,76330507.14025217,68953642.82410511,48177808.03510189,,1091500748.51959,0,,,,,0.03146814869651384,,22.037586770914064,45,0.0,0.0
1717393,CORPORACION AMERICA AIRPORTS S.A.,Argentina,4581,"Airports, Flying Fields & Airport Terminal Services",20-F,active,2020,607356000.0,653583000.0,3405651000.0,80833000.0,29743000.0,,,2600365000.0,USD,ifrs-full:Revenue,,0.0,0.0,0.0,0.0,190355.0,USD,575225758.5034661,3225485843.019725,76556786.69036065,28169540.986124437,,,619007265.7880566,0,,,,,0.008733425709210955,,21.89434942484609,45,0.0,0.0
1717393,CORPORACION AMERICA AIRPORTS S.A.,Argentina,4581,"Airports, Flying Fields & Airport Terminal Services",20-F,active,2021,706913000.0,622381000.0,3620631000.0,75480000.0,,,,2847023000.0,USD,ifrs-full:Revenue,6299.0,1.0,0.0,0.0,0.0,213678.0,USD,639474406.3236475,3275227445.586648,68279304.79324742,,,,563006650.7223916,0,6299.0,6299.0,6299.0,11.528010987174357,0.0,,21.909653152656244,45,0.0,0.0
1717393,CORPORACION AMERICA AIRPORTS S.A.,Argentina,4581,"Airports, Flying Fields & Airport Terminal Services",20-F,active,2022,1378663000.0,962978000.0,3835788000.0,74742000.0,,,,2973419000.0,USD,ifrs-full:Revenue,5822.0,1.0,0.0,0.0,0.0,209501.0,USD,1154729617.9616039,3212748881.939752,62601811.39675628,,,,806563473.4851297,0,5822.0,5822.0,5822.0,12.197732932206678,0.0,,21.890392757144227,45,0.0,0.0
1717393,CORPORACION AMERICA AIRPORTS S.A.,Argentina,4581,"Airports, Flying Fields & Airport Terminal Services",20-F,active,2023,1400038000.0,914677000.0,3541976000.0,74919000.0,,,,2738067000.0,USD,ifrs-full:Revenue,,0.0,0.0,0.0,0.0,218314.0,USD,1126271571.8658066,2849370429.253322,60269178.3313127,,,,735819101.0097586,0,,,,,0.0,,21.770363904808146,45,0.0,0.0
1717393,CORPORACION AMERICA AIRPORTS S.A.,Argentina,4581,"Airports, Flying Fields & Airport Terminal Services",20-F,active,2024,1843267000.0,1237333000.0,4181450000.0,77801000.0,,,,2663490000.0,USD,ifrs-full:Revenue,,0.0,0.0,0.0,0.0,209272.0,USD,1440347219.9214976,3267426738.9047523,60794477.44527105,,,,966864348.283307,0,,,,,0.0,,21.907268582065083,45,0.0,0.0
1740594,Arco Platform Ltd.,Brazil,8200,Services-Educational Services,20-F,delisted_in_window,2017,244382000.0,58517000.0,430409000.0,9079000.0,,89634000.0,,124674000.0,BRL,ifrs-full:RevenueFromContractsWithCustomers,,,,,,,BRL,76575424.00013019,134865708.88392776,2844842.3963188045,,28086199.28974994,,18335900.70551685,0,,,,,0.208253080209754,,18.71979009230361,82,,
1740594,Arco Platform Ltd.,Brazil,8200,Services-Educational Services,20-F,delisted_in_window,2018,380981000.0,80745000.0,1334878000.0,13347000.0,,89634000.0,,264994000.0,BRL,ifrs-full:RevenueFromContractsWithCustomers,284.0,3.0,0.0,0.0,0.0,98953.0,BRL,101782944.36068918,356626218.111423,3565786.636032029,,23946633.65056529,,21571847.001304127,0,207.0,603.0,284.0,12.78937886922178,0.06714770937868479,,19.692198783156805,82,0.0,0.0
1740594,Arco Platform Ltd.,Brazil,8200,Services-Educational Services,20-F,delisted_in_window,2019,572837000.0,117258000.0,3161423000.0,21328000.0,,916767000.0,,1566613000.0,BRL,ifrs-full:RevenueFromContractsWithCustomers,284.0,5.0,0.0,0.0,0.0,109014.0,BRL,139239321.0670717,768446158.5509056,5184190.685515261,,222838284.98629826,,28501867.56386668,0,207.0,828.0,284.0,13.102730506743839,0.2899855539736378,,20.459881058047337,82,0.0,0.0
1740594,Arco Platform Ltd.,Brazil,8200,Services-Educational Services,20-F,delisted_in_window,2020,1001710000.0,221130000.0,4576280000.0,26087000.0,,1394351000.0,,2375396000.0,BRL,ifrs-full:RevenueFromContractsWithCustomers,355.0,5.0,0.0,0.0,0.0,122486.0,BRL,184031970.73770538,840744154.5432774,4792646.594957143,,256167116.66060063,,40625520.04994339,0,284.0,1198.0,355.0,13.158502265013633,0.3046909280026572,,20.549797955891172,82,0.0,0.0
1740594,Arco Platform Ltd.,Brazil,8200,Services-Educational Services,20-F,delisted_in_window,2021,1232074000.0,294407000.0,5990119000.0,73885000.0,,1949901000.0,,4114885000.0,BRL,ifrs-full:RevenueFromContractsWithCustomers,436.0,5.0,0.0,0.0,0.0,137210.0,BRL,206609735.5090206,1004498838.7528338,12389970.33301895,,326984036.57473075,,49369885.57668146,0,355.0,1949.0,436.0,13.068699992693068,0.32551957648921503,,20.72775458617363,82,0.0,0.0
1740594,Arco Platform Ltd.,Brazil,8200,Services-Educational Services,20-F,delisted_in_window,2022,,500526000.0,5753408000.0,59031000.0,,1950876000.0,,3855978000.0,BRL,,563.0,5.0,0.0,0.0,0.0,136243.0,BRL,,933176133.205546,9574554.823724754,,316423052.57049435,,81182999.23260078,0,436.0,2746.0,563.0,,0.33908181029400314,,20.654104522565408,82,0.0,0.0
1745431,StoneCo Ltd.,Brazil,7374,Services-Computer Processing & Data Preparation,20-F,active,2017,,224109000.0,,189631000.0,,,,,BRL,,,,,,,,BRL,,,59419573.571575195,,,,70223018.45980956,0,,,,,,,,73,,
1745431,StoneCo Ltd.,Brazil,7374,Services-Computer Processing & Data Preparation,20-F,active,2018,,323039000.0,13293218000.0,266273000.0,,,,8200227000.0,BRL,,1129.0,1.0,0.4888,0.4888,7.0,143215.0,BRL,,3551418228.3854365,71137536.89489447,,,,86303150.45457037,0,1129.0,1129.0,1129.0,,0.0,,21.99061286160812,73,0.4888,0.4888
1745431,StoneCo Ltd.,Brazil,7374,Services-Computer Processing & Data Preparation,20-F,active,2019,,426961000.0,19605749000.0,548607000.0,,,,13632744000.0,BRL,,2806.0,1.0,0.4751,0.4751,7.0,147330.0,BRL,,4765563641.614317,133349742.09529588,,,,103781284.66233501,0,2806.0,2806.0,2806.0,,0.0,,22.284681654909022,73,0.4751,0.4751
1745431,StoneCo Ltd.,Brazil,7374,Services-Computer Processing & Data Preparation,20-F,active,2020,,769946000.0,31748664000.0,717234000.0,,,,16756639000.0,BRL,,1300.0,3.0,0.4058,0.4058,7.0,172478.0,BRL,,5832795124.546267,131768662.08791706,,,,141452795.46137434,0,1300.0,2806.0,1300.0,,0.0,,22.486762160587656,73,0.4058,0.4058
1745431,StoneCo Ltd.,Brazil,7374,Services-Computer Processing & Data Preparation,20-F,active,2021,2269214000.0,1713828000.0,42097012000.0,1569520000.0,,,,28469792000.0,BRL,ifrs-full:InterestIncomeOnLoansAndAdvancesToCustomers,1300.0,3.0,0.632,0.632,12.0,189875.0,BRL,380530474.9173886,7059358865.652604,263196944.40116262,,,,287396333.1650159,0,1300.0,3574.0,1300.0,12.58695728037633,0.0,,22.677620072097373,73,0.632,0.632
1745431,StoneCo Ltd.,Brazil,7374,Services-Computer Processing & Data Preparation,20-F,active,2022,4521948000.0,2669752000.0,42245440000.0,1641178000.0,,,,29295416000.0,BRL,ifrs-full:InterestIncomeOnLoansAndAdvancesToCustomers,8979.0,1.0,0.5724,0.5724,11.0,192171.0,BRL,733439024.17429,6852014726.709266,266191471.2014187,,,,433021410.61050653,0,8979.0,8979.0,8979.0,11.310611225610947,0.0,,22.64780856666302,73,0.5724,0.5724
1745431,StoneCo Ltd.,Brazil,7374,Services-Computer Processing & Data Preparation,20-F,active,2023,5962063000.0,2982758000.0,48693561000.0,1661897000.0,,,,34017601000.0,BRL,ifrs-full:InterestIncomeOnLoansAndAdvancesToCustomers,1300.0,3.0,1.0888,1.0888,20.0,183687.0,BRL,960325138.1267397,7843199693.32894,267686112.35362902,,,,480440660.9505196,0,200.0,17685.0,1300.0,13.512662927184211,0.0,,22.78291271219782,73,1.0888,1.0888
1745431,StoneCo Ltd.,Brazil,7374,Services-Computer Processing & Data Preparation,20-F,active,2024,7122635000.0,3389127000.0,54813463000.0,1833997000.0,,,,42986181000.0,BRL,ifrs-full:InterestIncomeOnLoansAndAdvancesToCustomers,1600.0,3.0,1.3409,1.3409,23.0,171527.0,BRL,1032801125.4289525,7948098740.853384,265934470.2674393,,,,491432479.66821957,0,200.0,16685.0,1600.0,13.377781578955453,0.0,,22.796198584917317,73,1.3409,1.3409
1762506,"Vista Energy, S.A.B. de C.V.",Mexico,1311,Crude Petroleum & Natural Gas,20-F,active,2017,198075000.0,,361871000.0,259229000.0,1021000.0,0.0,,81570000.0,USD,ifrs-full:Revenue,,,,,,,USD,198075000.0,361871000.0,259229000.0,1021000.0,0.0,,,0,,,,,0.00282144742187133,,19.706798352689855,13,,
1762506,"Vista Energy, S.A.B. de C.V.",Mexico,1311,Crude Petroleum & Natural Gas,20-F,active,2018,,,1086142000.0,820722000.0,31600000.0,28484000.0,,606485000.0,USD,,,,,,,,USD,,1060244641.4806187,801153166.5705371,30846547.385873623,27804843.536051404,,,0,,,,,0.05531873364624514,,20.781765512291223,13,,
1762506,"Vista Energy, S.A.B. de C.V.",Mexico,1311,Crude Petroleum & Natural Gas,20-F,active,2019,415976000.0,,1385133000.0,917066000.0,34029000.0,28484000.0,,781417000.0,USD,ifrs-full:Revenue,304.0,2.0,0.0,0.0,0.0,202442.0,USD,398830063.78653395,1328039797.3508883,879265850.1366943,32626373.253726088,27309930.22889694,,,0,304.0,304.0,304.0,14.087018277427587,0.045131406153777295,,21.00696985543633,13,0.0,0.0
1762506,"Vista Energy, S.A.B. de C.V.",Mexico,1311,Crude Petroleum & Natural Gas,20-F,active,2020,273938000.0,,1372612000.0,1002258000.0,21081000.0,28484000.0,,864094000.0,USD,ifrs-full:Revenue,382.0,2.0,0.0,0.0,0.0,222564.0,USD,259446179.56013033,1299998318.6647694,949236721.5704907,19965776.60385601,26977144.385192096,,,0,382.0,382.0,382.0,13.428639229914179,0.036109985924645864,,20.985628808078275,13,0.0,0.0
1762506,"Vista Energy, S.A.B. de C.V.",Mexico,1311,Crude Petroleum & Natural Gas,20-F,active,2021,665310000.0,,1683758000.0,1223982000.0,3878000.0,28416000.0,,1118499000.0,USD,ifrs-full:Revenue,411.0,2.0,0.0507,0.0507,1.0,197368.0,USD,601840279.1732305,1523129645.99985,1107215686.7971456,3508043.7730287956,25705150.03981079,,,0,411.0,411.0,411.0,14.196909436586093,0.01917971584990242,,21.14403303264675,13,0.0507,0.0507
1762506,"Vista Energy, S.A.B. de C.V.",Mexico,1311,Crude Petroleum & Natural Gas,20-F,active,2022,1187660000.0,,2037979000.0,1606339000.0,6792000.0,28288000.0,,1193919000.0,USD,ifrs-full:Revenue,465.0,2.0,0.0985,0.0985,2.0,203046.0,USD,994750840.5377373,1706954282.5794058,1345424675.781409,5688789.4758873,23693238.618065365,,,0,465.0,465.0,465.0,14.575965446657449,0.01721313124423755,,21.257976498079856,13,0.0985,0.0985
1762506,"Vista Energy, S.A.B. de C.V.",Mexico,1311,Crude Petroleum & Natural Gas,20-F,active,2023,1168774000.0,,2598003000.0,1927759000.0,10026000.0,22576000.0,,1350988000.0,USD,ifrs-full:Revenue,470.0,2.0,0.1041,0.1041,2.0,192100.0,USD,940229429.5839729,2089983930.809079,1550800877.6250756,8065494.493382735,18161440.62264199,,,0,470.0,470.0,470.0,14.508901782768504,0.012548869266124788,,21.460422214285476,13,0.1041,0.1041
1762506,"Vista Energy, S.A.B. de C.V.",Mexico,1311,Crude Petroleum & Natural Gas,20-F,active,2024,1647768000.0,,4232372000.0,2805983000.0,15443000.0,22576000.0,,2611159000.0,USD,ifrs-full:Revenue,528.0,2.0,0.0521,0.0521,1.0,192096.0,USD,1287582351.2684848,3307217697.638806,2192623105.1697793,12067314.240013894,17641111.589882385,,,0,528.0,528.0,528.0,14.706935866900693,0.00898290603945022,,21.919373098122865,13,0.0521,0.0521
1769484,Bioceres Crop Solutions Corp.,Argentina,2870,Agricultural Chemicals,20-F,active,2017,133542704.0,77094551.0,196638764.0,40177146.0,26657345.0,14438027.0,3950100.0,163505108.0,USD,ifrs-full:Revenue,,,,,,,USD,133542704.0,196638764.0,40177146.0,26657345.0,14438027.0,3950100.0,77094551.0,0,,,,,0.20898916960238825,0.029579302213320467,19.096878918164197,28,,
1769484,Bioceres Crop Solutions Corp.,Argentina,2870,Agricultural Chemicals,20-F,active,2018,160605296.0,86964881.0,242467297.0,43834548.0,39616426.0,29804715.0,3689391.0,180372431.0,USD,ifrs-full:Revenue,,,,,,,USD,156775913.71791962,236686043.24162006,42789381.709504806,38671834.236327715,29094068.15094805,3601423.2375479643,84891339.32510635,0,,,,,0.28631135769208493,0.02297178917437442,19.282245108832043,28,,
1769484,Bioceres Crop Solutions Corp.,Argentina,2870,Agricultural Chemicals,20-F,active,2019,173092172.0,93575588.0,297561369.0,41515106.0,35333464.0,25526855.0,4195270.0,236811887.0,USD,ifrs-full:Revenue,409.0,6.0,0.0,0.0,0.0,134782.0,USD,165957560.05084357,285296314.6399753,39803912.66343423,33877069.11196607,24474674.519490555,4022346.966415688,89718535.99943848,0,409.0,409.0,409.0,12.91352749524651,0.20453030984677315,0.024237202361756718,19.46903889860985,28,0.0,0.0
1769484,Bioceres Crop Solutions Corp.,Argentina,2870,Agricultural Chemicals,20-F,active,2020,209526177.0,118641803.0,394589957.0,47954596.0,67342362.0,28751206.0,5617655.0,304299653.0,USD,ifrs-full:Revenue,447.0,6.0,0.0,0.0,0.0,124012.0,USD,198441859.6196572,373715427.71154827,45417710.30141677,63779828.07589782,27230214.69984557,5320470.792065592,112365434.96877253,0,447.0,447.0,447.0,13.00344812193324,0.24352765775029594,0.026811232278628364,19.739005177284454,28,0.0,0.0
1769484,Bioceres Crop Solutions Corp.,Argentina,2870,Agricultural Chemicals,20-F,active,2021,334843618.0,208364095.0,518220361.0,49908325.0,76704869.0,36073685.0,6947460.0,359921513.0,USD,ifrs-full:Revenue,497.0,2.0,0.0735,0.0735,1.0,136077.0,USD,302899966.2360321,468782803.11056846,45147134.79591216,69387322.86138202,32632301.71079223,6284681.225210581,188486427.53675357,0,497.0,497.0,497.0,13.320323138431805,0.21762663624866718,0.0207483721550279,19.965650112769623,28,0.0735,0.0735
1769484,Bioceres Crop Solutions Corp.,Argentina,2870,Agricultural Chemicals,20-F,active,2022,420056993.0,235457053.0,818059158.0,67853835.0,173783956.0,112163432.0,15345315.0,487563051.0,USD,ifrs-full:Revenue,565.0,6.0,0.0,0.0,0.0,146571.0,USD,351828003.6883488,685183499.5117235,56832476.80309089,145556587.1570762,93944957.52959377,12852807.196138918,197212250.46081248,0,169.0,640.0,565.0,13.341827257114028,0.34954365488565314,0.036531507047187765,20.345197242851256,28,0.0,0.0
1769484,Bioceres Crop Solutions Corp.,Argentina,2870,Agricultural Chemicals,20-F,active,2023,464782802.0,278221812.0,852548194.0,74573278.0,176893136.0,112163432.0,17183041.0,501167342.0,USD,ifrs-full:Revenue,790.0,2.0,0.0,0.0,0.0,127068.0,USD,373898177.7528424,685839094.758667,59991059.5514163,142303073.44157222,90230754.35417004,13823032.372338895,223817723.18222287,0,790.0,790.0,790.0,13.067461120852688,0.3390501206081964,0.03697004477373068,20.346153602432274,28,0.0,0.0
1769484,Bioceres Crop Solutions Corp.,Argentina,2870,Agricultural Chemicals,20-F,active,2024,335108850.0,203424872.0,763645080.0,74575386.0,181173079.0,112163432.0,14914822.0,468426518.0,USD,ifrs-full:Revenue,983.0,2.0,0.0844,0.0844,1.0,118525.0,USD,261857398.0159088,596719882.6782717,58273950.49098832,141570451.086179,87645624.56662759,11654590.68237211,158958224.09237865,0,983.0,983.0,983.0,12.492701511020753,0.3841267608245443,0.04450739513444661,20.206958353000143,28,0.0844,0.0844
1771007,Afya Ltd,Brazil,8200,Services-Educational Services,20-F,active,2017,216008000.0,124065000.0,,65763000.0,,,,,BRL,ifrs-full:Revenue,,,,,,,BRL,67684625.65745482,,20606385.12051036,,,,38874917.05025801,0,,,,,,,,82,,
1771007,Afya Ltd,Brazil,8200,Services-Educational Services,20-F,active,2018,333935000.0,168052000.0,918418000.0,139320000.0,682469000.0,,,328064000.0,BRL,ifrs-full:Revenue,,,,,,,BRL,89214127.54202111,245364698.48589677,37220753.2877787,182328526.23856616,,,44896798.96294708,0,,,,,0.7430919254631332,,19.31825622694255,82,,
1771007,Afya Ltd,Brazil,8200,Services-Educational Services,20-F,active,2019,750630000.0,-308853000.0,2912453000.0,139320000.0,1312338000.0,,,798727000.0,BRL,ifrs-full:Revenue,3444.0,2.0,0.0,0.0,0.0,129129.0,BRL,182455413.27214554,707929093.8953947,33864471.41344646,318989611.583258,,,-75072807.84852986,0,3444.0,3444.0,3444.0,10.877627524752885,0.45059542591760277,,20.3778544967774,82,0.0,0.0
1771007,Afya Ltd,Brazil,8200,Services-Educational Services,20-F,active,2020,1201191000.0,434654000.0,4793093000.0,260381000.0,2573010000.0,,,1959313000.0,BRL,ifrs-full:Revenue,5260.0,2.0,0.0,0.0,0.0,141699.0,BRL,220680183.84801498,880576564.793304,47836627.938878976,472707770.7398582,,,79853682.4121019,0,5260.0,5260.0,5260.0,10.644338773734168,0.5368162061533127,,20.596087438160172,82,0.0,0.0
1771007,Afya Ltd,Brazil,8200,Services-Educational Services,20-F,active,2021,1719371000.0,652300000.0,6447406000.0,419808000.0,3900835000.0,,,3447388000.0,BRL,ifrs-full:Revenue,8079.0,2.0,0.0,0.0,0.0,159423.0,BRL,288325853.44052404,1081182500.7095942,70398709.69160207,654141299.6413611,,,109385905.77557366,0,8079.0,8079.0,8079.0,10.482578452587068,0.6050239429624875,,20.80132118717232,82,0.0,0.0
1771007,Afya Ltd,Brazil,8200,Services-Educational Services,20-F,active,2022,2329057000.0,859552000.0,7199539000.0,542087000.0,4041491000.0,,,3949381000.0,BRL,ifrs-full:Revenue,8708.0,2.0,0.0,0.0,0.0,161963.0,BRL,377762259.39048815,1167731884.2818942,87924000.96099475,655511123.8008873,,,139415353.76060477,0,8708.0,8708.0,8708.0,10.67777818995014,0.5613541367023638,,20.87832914387304,82,0.0,0.0
1771007,Afya Ltd,Brazil,8200,Services-Educational Services,20-F,active,2023,2875913000.0,1109813000.0,7584481000.0,608685000.0,4796016000.0,,,3941469000.0,BRL,ifrs-full:Revenue,9680.0,2.0,0.0,0.0,0.0,155287.0,BRL,463230856.32699394,1221652264.3159983,98042490.77889225,772506886.9044245,,,178760493.2252228,0,9680.0,9680.0,9680.0,10.77591891729286,0.6323459706735371,,20.923470094447286,82,0.0,0.0
1771007,Afya Ltd,Brazil,8200,Services-Educational Services,20-F,active,2024,3304329000.0,1215603000.0,8829539000.0,658482000.0,5532789000.0,,,4518956000.0,BRL,ifrs-full:Revenue,9717.0,2.0,0.4638,0.4638,7.0,150924.0,BRL,479136542.86475796,1280306770.769361,95481651.19716334,802269203.1756406,,,176265686.2909318,0,9717.0,9717.0,9717.0,10.80586396508716,0.6266226356778083,,20.970365550826514,82,0.4638,0.4638
1776967,Natura &Co Holding S.A.,Brazil,2844,"Perfumes, Cosmetics & Other Toilet Preparations",20-F,delisted_in_window,2019,14444690000.0,4033454000.0,21184512000.0,1773889000.0,,,,,BRL,ifrs-full:Revenue,9111.0,6.0,0.0,0.0,0.0,164293.0,BRL,3511066548.816365,5149313099.567998,431178677.3695602,,,,980410477.1780884,0,2200.0,18585.0,9111.0,12.86194793461585,0.0,,22.36212916400166,28,0.0,0.0
1776967,Natura &Co Holding S.A.,Brazil,2844,"Perfumes, Cosmetics & Other Toilet Preparations",20-F,delisted_in_window,2020,36921980000.0,13299720000.0,60917597000.0,5235057000.0,26917128000.0,,,33530489000.0,BRL,ifrs-full:Revenue,19151.0,6.0,0.0,0.0,0.0,188223.0,BRL,6783225427.457191,11191647710.92964,961773224.4204608,4945155895.857155,,,2443395475.596405,0,2474.0,36223.0,19151.0,12.777608339973652,0.4418612900965217,,23.138433596949426,28,0.0,0.0
1776967,Natura &Co Holding S.A.,Brazil,2844,"Perfumes, Cosmetics & Other Toilet Preparations",20-F,delisted_in_window,2021,31742726000.0,12531303000.0,60448490000.0,5377408000.0,26857583000.0,,,31881765000.0,BRL,ifrs-full:Revenue,7208.0,3.0,0.0,0.0,0.0,204244.0,BRL,5323021363.323398,10136766566.634535,901751716.7021555,4503818861.563159,,,2101407219.382437,0,3107.0,16718.0,7208.0,13.512360105239901,0.4443052754502221,,23.039434905226596,28,0.0,0.0
1776967,Natura &Co Holding S.A.,Brazil,2844,"Perfumes, Cosmetics & Other Toilet Preparations",20-F,delisted_in_window,2022,29223656000.0,11770762000.0,54685390000.0,4966150000.0,23260970000.0,,,32334206000.0,BRL,ifrs-full:Revenue,16681.0,6.0,0.0,0.0,0.0,194227.0,BRL,4739941666.610304,8869717006.518091,805486531.4468786,3772821610.9843435,,,1909163085.2605586,0,3852.0,32398.0,16681.0,12.557265039801315,0.42535986302740086,,22.905908728195026,28,0.0,0.0
1776967,Natura &Co Holding S.A.,Brazil,2844,"Perfumes, Cosmetics & Other Toilet Preparations",20-F,delisted_in_window,2023,26737277000.0,9675435000.0,42747015000.0,3457574000.0,16569866000.0,,,19626550000.0,BRL,ifrs-full:Revenue,19955.0,3.0,0.2277,0.2277,4.0,175672.0,BRL,4306643393.093616,6885373919.125111,556920520.4865202,2668951813.355808,,,1558447713.9559398,0,5458.0,19955.0,19955.0,12.28218962505489,0.3876262705126896,,22.652665276893455,28,0.2277,0.2277
1787425,XP Inc.,Brazil,6211,"Security Brokers, Dealers & Flotation Companies",20-F,active,2017,,,,47073000.0,,,,,BRL,,,,,,,,BRL,,,14750001.775736874,,,,,0,,,,,,,,62,,
1787425,XP Inc.,Brazil,6211,"Security Brokers, Dealers & Flotation Companies",20-F,active,2018,2054549000.0,,,99127000.0,,,,,BRL,ifrs-full:Revenue,,,,,,,BRL,548893636.5679905,,26482785.035584547,,,,,0,,,,,,,,62,,
1787425,XP Inc.,Brazil,6211,"Security Brokers, Dealers & Flotation Companies",20-F,active,2019,3595772000.0,,43622768000.0,142464000.0,,,,36466809000.0,BRL,ifrs-full:Revenue,1593.0,5.0,0.4743,0.4743,7.0,147592.0,BRL,874023242.1997646,10603373384.377026,34628682.56851304,,,,,0,975.0,2429.0,1593.0,13.215243216262085,0.0,,23.084438031244765,62,0.4743,0.4743
1787425,XP Inc.,Brazil,6211,"Security Brokers, Dealers & Flotation Companies",20-F,active,2020,5016488000.0,,96029161000.0,204032000.0,,,,85131547000.0,BRL,ifrs-full:Revenue,2429.0,5.0,0.4109,0.4109,7.0,170364.0,BRL,921618205.6903198,17642267469.745136,37484312.878533214,,,,,0,1593.0,3651.0,2429.0,12.846406673146893,0.0,,23.593563420633096,62,0.4109,0.4109
1787425,XP Inc.,Brazil,6211,"Security Brokers, Dealers & Flotation Companies",20-F,active,2021,6196465000.0,,139340402000.0,313964000.0,,,,124920773000.0,BRL,ifrs-full:Revenue,3651.0,5.0,0.397,0.397,7.0,176309.0,BRL,1039101543.2034954,23366359165.878517,52649450.43832931,,,,,0,2429.0,6193.0,3651.0,12.558865894300864,0.0,,23.87456318242677,62,0.397,0.397
1787425,XP Inc.,Brazil,6211,"Security Brokers, Dealers & Flotation Companies",20-F,active,2022,5940456000.0,,192034613000.0,310894000.0,,,,174992403000.0,BRL,ifrs-full:Revenue,6193.0,5.0,0.3715,0.3715,7.0,188420.0,BRL,963514452.574489,31147124904.22433,50425567.03032447,,,,,0,3651.0,6928.0,6193.0,11.954923144845445,0.0,,24.161987779500347,62,0.3715,0.3715
1787425,XP Inc.,Brazil,6211,"Security Brokers, Dealers & Flotation Companies",20-F,active,2023,6532005000.0,,249040678000.0,373362000.0,,,,229589834000.0,BRL,ifrs-full:Revenue,6669.0,5.0,0.3924,0.3924,7.0,178393.0,BRL,1052127192.1932987,40113635749.828026,60138397.434122354,,,,,0,6192.0,6928.0,6669.0,11.968854646447896,0.0,,24.41498215709381,62,0.3924,0.3924
1787425,XP Inc.,Brazil,6211,"Security Brokers, Dealers & Flotation Companies",20-F,active,2024,7424856000.0,,347456760000.0,449956000.0,,,,327409523000.0,BRL,ifrs-full:Revenue,6928.0,3.0,0.511,0.511,9.0,176131.0,BRL,1076623978.758972,50382159519.03999,65244823.46680825,,,,,0,6669.0,6928.0,6928.0,11.953769586273102,0.0,,24.64290297156198,62,0.511,0.511
1788257,"BETTERWARE DE MEXICO, S.A.P.I. DE C.V",Mexico,5961,Retail-Catalog & Mail-Order Houses,20-F,active,2017,1449705000.0,558105000.0,,,322072000.0,348441000.0,,,MXN,ifrs-full:Revenue,,,,,,,MXN,76596503.49465595,,,17016971.779452257,18410202.2647238,,29487993.476524506,0,,,,,,,,59,,
1788257,"BETTERWARE DE MEXICO, S.A.P.I. DE C.V",Mexico,5961,Retail-Catalog & Mail-Order Houses,20-F,active,2018,2316716000.0,958469000.0,1457598000.0,42972000.0,312099000.0,348441000.0,,1377334000.0,MXN,ifrs-full:Revenue,,,,,,,MXN,117513894.04829901,73935699.03993954,2179726.412319639,15831016.325945897,17674440.352673076,,48617709.08241628,0,,,,,0.45317021565616855,,18.11870634153558,59,,
1788257,"BETTERWARE DE MEXICO, S.A.P.I. DE C.V",Mexico,5961,Retail-Catalog & Mail-Order Houses,20-F,active,2019,3084662000.0,1280829000.0,1789726000.0,207350000.0,310965000.0,348441000.0,,1515244000.0,MXN,ifrs-full:Revenue,,0.0,0.0,0.0,0.0,60277.0,MXN,153528495.364066,89077487.22354294,10320136.700143838,15477218.755535223,17342458.412996475,,63748880.48955163,0,,,,,0.3684396382463014,,18.305017191867833,59,0.0,0.0
1788257,"BETTERWARE DE MEXICO, S.A.P.I. DE C.V",Mexico,5961,Retail-Catalog & Mail-Order Houses,20-F,active,2020,7237628000.0,3280348000.0,4359706000.0,791127000.0,319361000.0,348441000.0,,3477730000.0,MXN,ifrs-full:Revenue,,,,,,,MXN,319038872.70849556,192178388.77329206,34873340.58192187,14077619.549810775,15359482.947371833,,144599657.23736674,0,,,,,0.15317592516559603,,19.073934606832427,59,,
1788257,"BETTERWARE DE MEXICO, S.A.P.I. DE C.V",Mexico,5961,Retail-Catalog & Mail-Order Houses,20-F,active,2021,10067683000.0,4498008000.0,5185229000.0,1069492000.0,369760000.0,371075000.0,,3985026000.0,MXN,ifrs-full:Revenue,,0.0,0.0,0.0,0.0,77299.0,MXN,449243069.8189191,231376791.8272838,47723182.109207794,16499537.927072547,16558216.238339588,,200711417.11454925,0,,,,,0.14287411414230694,,19.259558073084172,59,0.0,0.0
1788257,"BETTERWARE DE MEXICO, S.A.P.I. DE C.V",Mexico,5961,Retail-Catalog & Mail-Order Houses,20-F,active,2022,11507549000.0,3983571000.0,11332733000.0,2973374000.0,1743882000.0,1599718000.0,,10235453000.0,MXN,ifrs-full:Revenue,,0.0,0.0,0.0,0.0,85123.0,MXN,478870869.5705875,471596141.4825427,123732881.16683894,72569257.77752459,66570070.631697595,,165770843.88397345,0,,,,,0.29503915780950635,,19.971633544835203,59,0.0,0.0
1788257,"BETTERWARE DE MEXICO, S.A.P.I. DE C.V",Mexico,5961,Retail-Catalog & Mail-Order Houses,20-F,active,2023,13009507000.0,4260842000.0,11093711000.0,2910353000.0,1649953000.0,1599718000.0,,9630872000.0,MXN,ifrs-full:Revenue,,0.0,0.0,0.0,0.0,91243.0,MXN,589321871.7924148,502537608.2002263,131837023.3043166,74741755.42005628,72466143.88231762,,193013261.98231313,0,,,,,0.29292911993110327,,20.035181037286474,59,0.0,0.0
1788257,"BETTERWARE DE MEXICO, S.A.P.I. DE C.V",Mexico,5961,Retail-Catalog & Mail-Order Houses,20-F,active,2024,14100758000.0,4520223000.0,10453767000.0,1801475000.0,1570223000.0,1599718000.0,,9291119000.0,MXN,ifrs-full:Revenue,,0.0,0.0,0.0,0.0,99974.0,MXN,601942541.8128011,446257362.86650544,76902563.71410784,67030724.43573048,68289826.62518501,,192962287.71394312,0,,,,,0.3032343269177513,,19.91640639034275,59,0.0,0.0
1792829,Vasta Platform Ltd,Brazil,8200,Services-Educational Services,20-F,delisted_in_window,2019,989683000.0,447049000.0,6167794000.0,184961000.0,,,,3067711000.0,BRL,ifrs-full:Revenue,,,,,,,BRL,240561955.6551388,1499203873.076562,44958415.85631978,,,,108664068.9126459,0,,,,,0.0,,21.128200052873964,82,,
1792829,Vasta Platform Ltd,Brazil,8200,Services-Educational Services,20-F,delisted_in_window,2020,997628000.0,378003000.0,6978270000.0,192006000.0,,,,2192953000.0,BRL,ifrs-full:Revenue,1960.0,2.0,0.1055,0.1055,2.0,189516.0,BRL,183282034.62390864,1282032504.8565028,35274922.45606399,,,,69445884.57214648,0,1960.0,1960.0,1960.0,11.44583694500136,0.0,,20.971712549925726,82,0.1055,0.1055
1792829,Vasta Platform Ltd,Brazil,8200,Services-Educational Services,20-F,delisted_in_window,2021,947419000.0,396829000.0,7333407000.0,185682000.0,,,,2668198000.0,BRL,ifrs-full:Revenue,788.0,2.0,0.1421,0.1421,2.0,140712.0,BRL,158875188.508337,1229758342.9647896,31137503.84212796,,,,66545300.63316744,0,300.0,788.0,788.0,12.214131384135133,0.0,,20.93008351789383,82,0.1421,0.1421
1792829,Vasta Platform Ltd,Brazil,8200,Services-Educational Services,20-F,delisted_in_window,2022,1264280000.0,473135000.0,7520591000.0,197688000.0,,,,2890912000.0,BRL,ifrs-full:Revenue,926.0,1.0,0.1417,0.1417,2.0,141144.0,BRL,205060361.03977117,1219805031.8698816,32064078.094433423,,,,76740305.88204522,0,926.0,926.0,926.0,12.307940703212791,0.0,,20.921956872977887,82,0.1417,0.1417
1792829,Vasta Platform Ltd,Brazil,8200,Services-Educational Services,20-F,delisted_in_window,2023,1486273000.0,570907000.0,7402880000.0,151492000.0,,,,2882089000.0,BRL,ifrs-full:Revenue,2012.0,2.0,0.225,0.225,3.0,133325.0,BRL,239397893.65175173,1192401314.5341938,24401214.114157476,,,,91957489.14973266,0,2012.0,2012.0,2012.0,11.686753021382659,0.0,,20.899235022194784,82,0.225,0.225
1792829,Vasta Platform Ltd,Brazil,8200,Services-Educational Services,20-F,delisted_in_window,2024,1674191000.0,653449000.0,7205155000.0,160952000.0,,,,2211844000.0,BRL,ifrs-full:Revenue,1808.0,2.0,0.2364,0.2364,3.0,126905.0,BRL,242762172.84516522,1044766746.139602,23338470.48740259,,,,94751852.73573945,0,1808.0,1808.0,1808.0,11.80761626852949,0.0,,20.767059488012464,82,0.2364,0.2364
1793663,VTEX,Brazil,7372,Services-Prepackaged Software,20-F,active,2021,,,,,,,,,,,592.0,3.0,0.2364,0.2364,3.0,126881.0,USD,,,,,,,,0,214.0,1727.0,592.0,,,,,73,0.2364,0.2364
1793663,VTEX,Brazil,7372,Services-Prepackaged Software,20-F,active,2022,,,,,,,,,,,438.0,3.0,0.1557,0.2335,3.0,128471.0,USD,,,,,,,,0,169.0,1349.0,438.0,,,,,73,0.1557,0.2335
1793663,VTEX,Brazil,7372,Services-Prepackaged Software,20-F,active,2023,200833000.0,60986000.0,,,,21832000.0,60206000.0,,USD,us-gaap:RevenueFromContractWithCustomerExcludingAssessedTax,417.0,3.0,0.3139,0.3139,4.0,127416.0,USD,161561685.177492,,,,17562923.97561658,48433189.85324167,49060666.98318766,0,138.0,1277.0,417.0,12.867311357466672,,0.2997814104255775,,73,0.3139,0.3139
1793663,VTEX,Brazil,7372,Services-Prepackaged Software,20-F,active,2024,226661000.0,59705000.0,362106000.0,2970000.0,6822000.0,22168000.0,55412000.0,,USD,us-gaap:RevenueFromContractWithCustomerExcludingAssessedTax,504.0,3.0,1.0483,1.0483,13.0,124010.0,USD,177115166.28607064,282953240.3156427,2320787.624997815,5330778.847722255,17322296.320185713,43299489.52066631,46654082.54225406,0,137.0,1368.0,504.0,12.769734467864705,0.08005943011162478,0.24447081765279424,19.460792213389134,73,1.0483,1.0483
1799207,AUNA S.A.,Peru,8011,Services-Offices & Clinics of  Doctors of  Medicine,20-F,active,2024,,,,,,,,,,,14842.0,4.0,0.0,0.0634,1.0,157848.0,USD,,,,,,,,0,200.0,14842.0,14842.0,,,,,80,0.0,0.0634
1805012,Vitru Ltd,Brazil,8200,Services-Educational Services,20-F,delisted_in_window,2017,,,,50330000.0,,,,,BRL,,,,,,,,BRL,,,15770560.392854435,,,,,0,,,,,,,,82,,
1805012,Vitru Ltd,Brazil,8200,Services-Educational Services,20-F,delisted_in_window,2018,383449000.0,184161000.0,,63428000.0,,,,,BRL,ifrs-full:Revenue,,,,,,,BRL,102442295.63196564,,16945434.5358687,,,,49200481.9568663,0,,,,,,,,82,,
1805012,Vitru Ltd,Brazil,8200,Services-Educational Services,20-F,delisted_in_window,2019,461067000.0,211547000.0,1088677000.0,70033000.0,,,,637344000.0,BRL,ifrs-full:Revenue,,,,,,,BRL,112071420.04869021,264624398.11209196,17022900.706990354,,,,51420667.054983914,0,,,,,0.0,,19.393822012922968,82,,
1805012,Vitru Ltd,Brazil,8200,Services-Educational Services,20-F,delisted_in_window,2020,519179000.0,221452000.0,1687845000.0,96669000.0,,,,709897000.0,BRL,ifrs-full:Revenue,6174.0,4.0,0.4322,0.4322,6.0,138822.0,BRL,95382430.57934046,310087192.55052096,17759817.29167448,,,,40684677.18581858,0,4150.0,6174.0,6174.0,9.645302748560795,0.0,,19.55236408218752,82,0.4322,0.4322
1805012,Vitru Ltd,Brazil,8200,Services-Educational Services,20-F,delisted_in_window,2021,631147000.0,240924000.0,1527427000.0,106839000.0,,,,461299000.0,BRL,ifrs-full:Revenue,6036.0,3.0,0.3326,0.3326,5.0,150331.0,BRL,105838703.46855126,256138258.31836143,17916113.42504448,,,,40401180.38184012,0,1000.0,6036.0,6036.0,9.771930007888999,0.0,,19.36122792821378,82,0.3326,0.3326
1805012,Vitru Ltd,Brazil,8200,Services-Educational Services,20-F,delisted_in_window,2022,1317346000.0,502331000.0,5659079000.0,194575000.0,,,,3484690000.0,BRL,ifrs-full:Revenue,10177.0,3.0,0.0662,0.0662,1.0,150970.0,BRL,213667420.48778623,917876406.2490804,31559163.91093229,,,,81475761.8735322,0,1000.0,10177.0,10177.0,9.95204570304264,0.0,,20.637573305805233,82,0.0662,0.0662
1805012,Vitru Ltd,Brazil,8200,Services-Educational Services,20-F,delisted_in_window,2023,1962525000.0,669480000.0,5869720000.0,205852000.0,,,,3585012000.0,BRL,ifrs-full:Revenue,10922.0,3.0,0.1314,0.1314,2.0,152213.0,BRL,316109053.47732484,945451208.7116971,33157122.011905216,,,,107834901.01884024,0,1000.0,10922.0,10922.0,10.27306343524463,0.0,,20.667172841041896,82,0.1314,0.1314
1819615,Clever Leaves Holdings Inc.,Colombia,2834,Pharmaceutical Preparations,10-K,delisted_in_window,2018,,,,6588000.0,,18508000.0,,,USD,,,,,,,,USD,,,6430919.436016944,,18066705.665118642,,,0,,,,,,,,28,,
1819615,Clever Leaves Holdings Inc.,Colombia,2834,Pharmaceutical Preparations,10-K,delisted_in_window,2019,7834000.0,4732000.0,95717000.0,24374000.0,25510000.0,20190000.0,,45524000.0,USD,us-gaap:RevenueFromContractWithCustomerExcludingAssessedTax,,,,,,,USD,7511093.716232925,91771682.05727173,23369338.55494783,24458514.258501645,19357797.05523905,,4536953.722901991,0,,,,,0.4774491469644891,,18.33481433368107,28,,
1819615,Clever Leaves Holdings Inc.,Colombia,2834,Pharmaceutical Preparations,10-K,delisted_in_window,2020,12117000.0,4704000.0,165878000.0,25680000.0,24279000.0,18508000.0,1009000.0,70628000.0,USD,us-gaap:RevenueFromContractWithCustomerExcludingAssessedTax,,0.0,0.0,0.0,0.0,91447.0,USD,11475988.57307164,157102750.88916212,24321481.10559377,22994596.563968506,17528893.00242716,955622.057458883,4455149.809996616,0,,,,,0.25794258430895,0.08327143682429645,18.87241061350642,28,0.0,0.0
1819615,Clever Leaves Holdings Inc.,Colombia,2834,Pharmaceutical Preparations,10-K,delisted_in_window,2021,15374000.0,8565000.0,116160000.0,30932000.0,23117000.0,0.0,1546000.0,43390000.0,USD,us-gaap:RevenueFromContractWithCustomerExcludingAssessedTax,560.0,2.0,0.0,0.0,0.0,97395.0,USD,13907340.115148194,105078484.96003735,27981126.866252374,20911667.844534982,0.0,1398513.5825431969,7747909.98349449,0,560.0,560.0,560.0,10.119990540832026,0.19900998622589533,0.10055938597632366,18.470218104710767,28,0.0,0.0
1819615,Clever Leaves Holdings Inc.,Colombia,2834,Pharmaceutical Preparations,10-K,delisted_in_window,2022,16410000.0,9193000.0,52098000.0,13963000.0,3354000.0,0.0,1719000.0,11690000.0,USD,us-gaap:RevenueFromContractWithCustomerExcludingAssessedTax,400.0,2.0,0.0,0.0,0.0,74107.0,USD,13744557.611794846,43635829.52219915,11695018.764990337,2809216.711149294,0.0,1439786.3823690033,7699800.007631324,0,400.0,400.0,400.0,10.444688946564114,0.0643786709662559,0.10475319926873859,17.591389148876658,28,0.0,0.0
1819615,Clever Leaves Holdings Inc.,Colombia,2834,Pharmaceutical Preparations,10-K,delisted_in_window,2023,17417000.0,10861000.0,31243000.0,12321000.0,2653000.0,,1140000.0,7026000.0,USD,us-gaap:RevenueFromContractWithCustomerExcludingAssessedTax,296.0,2.0,0.0,0.0,0.0,58227.0,USD,14011242.528550478,25133676.885772668,9911725.279569985,2134226.699675284,,917081.959151837,8737216.80556851,0,296.0,296.0,296.0,10.765011148746776,0.0849150209646961,0.06545329275994718,17.03971921341185,28,0.0,0.0
1825570,Patria Investments Ltd,Brazil,6282,Investment Advice,20-F,active,2018,,,,3366000.0,31554000.0,,,,USD,,,,,,,,USD,,,3285742.9905332476,30801644.183982797,,,,0,,,,,,,,62,,
1825570,Patria Investments Ltd,Brazil,6282,Investment Advice,20-F,active,2019,123215000.0,,,6464000.0,25457000.0,,,,USD,ifrs-full:RevenueFromContractsWithCustomers,,,,,,,USD,118136253.79699257,,6197563.158249888,24407698.84275486,,,,0,,,,,,,,62,,
1825570,Patria Investments Ltd,Brazil,6282,Investment Advice,20-F,active,2020,115017000.0,,107203000.0,3819000.0,22357000.0,,,,USD,ifrs-full:RevenueFromContractsWithCustomers,30000.0,2.0,0.0,0.0,0.0,123691.0,USD,108932390.66674761,101531765.53594117,3616967.9261005693,21174273.873744547,,,,0,176.0,30000.0,176.0,13.33575398359639,0.20854826823876196,,18.43588226842929,62,0.0,0.0
1825570,Patria Investments Ltd,Brazil,6282,Investment Advice,20-F,active,2021,235515000.0,,761321000.0,13408000.0,358908000.0,,,,USD,ifrs-full:RevenueFromContractsWithCustomers,30000.0,2.0,0.0,0.0,0.0,149738.0,USD,213047171.01724517,688691952.8948054,12128893.994009823,324668637.0526609,,,,0,167.0,30000.0,30000.0,8.868071498685582,0.4714279522041294,,20.350304635961116,62,0.0,0.0
1825570,Patria Investments Ltd,Brazil,6282,Investment Advice,20-F,active,2022,258877000.0,,976238000.0,24627000.0,411521000.0,,,,USD,ifrs-full:RevenueFromContractsWithCustomers,30000.0,2.0,0.0,0.0,0.0,166158.0,USD,216828143.86767912,817669679.0873479,20626887.28249066,344678494.3914337,,,,0,158.0,30000.0,30000.0,8.885662973348069,0.4215375758780133,,20.521968997715028,62,0.0,0.0
1825570,Patria Investments Ltd,Brazil,6282,Investment Advice,20-F,active,2023,327617000.0,,1011578000.0,28185000.0,487012000.0,,,,USD,ifrs-full:RevenueFromContractsWithCustomers,30000.0,2.0,0.0,0.0,0.0,171887.0,USD,263554070.36091876,813771871.9955237,22673644.753240813,391780630.7811004,,,,0,390.0,30000.0,30000.0,9.08081644486133,0.4814379118565251,,20.51719062915414,62,0.0,0.0
1825570,Patria Investments Ltd,Brazil,6282,Investment Advice,20-F,active,2024,374204000.0,,1206107000.0,32622000.0,,,,,USD,ifrs-full:RevenueFromContractsWithCustomers,30000.0,2.0,0.0549,0.0549,1.0,182293.0,USD,292406738.1901288,942464040.4118654,25491156.196188126,,,,,0,385.0,30000.0,30000.0,9.184703669355972,0.0,,20.664008323149417,62,0.0549,0.0549
1826168,TIM S.A.,Brazil,4813,Telephone Communications (No Radiotelephone),20-F,active,2018,16981329000.0,7701418000.0,,11203622000.0,,,,,BRL,ifrs-full:Revenue,,,,,,,BRL,4536734547.858181,,2993161429.741098,,,,2057512053.8620303,0,,,,,,,,48,,
1826168,TIM S.A.,Brazil,4813,Telephone Communications (No Radiotelephone),20-F,active,2019,17377194000.0,7433731000.0,40348924000.0,17612164000.0,,,,17917106000.0,BRL,ifrs-full:Revenue,,,,,,,BRL,4223869433.3829556,9807601086.429255,4280983522.1571264,,,,1806914807.240531,0,,,,,0.0,,23.006423543048573,48,,
1826168,TIM S.A.,Brazil,4813,Telephone Communications (No Radiotelephone),20-F,active,2020,17267812000.0,7996615000.0,41654417000.0,18100698000.0,,,,18471672000.0,BRL,ifrs-full:Revenue,9421.0,2.0,0.215,0.215,3.0,139515.0,BRL,3172404660.7183695,7652658404.568366,3325420655.3473983,,,,1469120621.418071,0,9421.0,9421.0,9421.0,12.727059186269566,0.0,,22.758318928284517,48,0.215,0.215
1826168,TIM S.A.,Brazil,4813,Telephone Communications (No Radiotelephone),20-F,active,2021,18058027000.0,8443023000.0,49819186000.0,18308400000.0,,,,24712080000.0,BRL,ifrs-full:Revenue,9337.0,3.0,0.3865,0.3865,6.0,155236.0,BRL,3028198129.564257,8354310571.227624,3070183837.6537066,,,,1415832773.7835371,0,140.0,9337.0,9337.0,12.689493322381969,0.0,,22.84604347868034,48,0.3865,0.3865
1826168,TIM S.A.,Brazil,4813,Telephone Communications (No Radiotelephone),20-F,active,2022,21530801000.0,10655981000.0,56408367000.0,22661152000.0,,,,31011002000.0,BRL,ifrs-full:Revenue,9406.0,3.0,0.6158,0.6158,10.0,162403.0,BRL,3492196211.705846,9149175896.703194,3675533909.1792426,,,,1728350769.681512,0,140.0,9406.0,9406.0,12.824693599759435,0.0,,22.936929646243584,48,0.6158,0.6158
1826168,TIM S.A.,Brazil,4813,Telephone Communications (No Radiotelephone),20-F,active,2023,23833893000.0,11496437000.0,55260156000.0,22411815000.0,,,,29244216000.0,BRL,ifrs-full:Revenue,9275.0,3.0,0.5908,0.5908,10.0,169276.0,BRL,3838987710.683858,8900898387.622738,3609929874.197226,,,,1851761286.318236,0,600.0,9275.0,9275.0,12.933396664307928,0.0,,22.90941805101968,48,0.5908,0.5908
1826168,TIM S.A.,Brazil,4813,Telephone Communications (No Radiotelephone),20-F,active,2024,25447930000.0,11893115000.0,56327311000.0,22815328000.0,,,,29922675000.0,BRL,ifrs-full:Revenue,9127.0,2.0,0.7874,0.7874,13.0,165104.0,BRL,3690017913.8531184,8167610749.839997,3308283582.611027,,,,1724533484.708392,0,9127.0,9127.0,9127.0,12.909904817172928,0.0,,22.823442261168807,48,0.7874,0.7874
1826286,Vinci Compass Investments Ltd.,Brazil,6282,Investment Advice,20-F,active,2019,296717000.0,,,16412000.0,2720000.0,,,,BRL,ifrs-full:RevenueFromRenderingOfServices,,,,,,,BRL,72122913.89881994,,3989260.0117533975,661149.5998031464,,,,0,,,,,,,,62,,
1826286,Vinci Compass Investments Ltd.,Brazil,6282,Investment Advice,20-F,active,2020,339892000.0,,328524000.0,15043000.0,1441000.0,,,309288000.0,BRL,ifrs-full:RevenueFromRenderingOfServices,215.0,5.0,0.0,0.0,0.0,130314.0,BRL,62444214.99034666,60355710.88901371,2763667.0651259366,264737.36893215944,,,,0,172.0,215.0,215.0,12.579146127855516,0.004386285324664256,,17.915766130509,62,0.0,0.0
1826286,Vinci Compass Investments Ltd.,Brazil,6282,Investment Advice,20-F,active,2021,465458000.0,,1647005000.0,14294000.0,1157000.0,,,232129000.0,BRL,ifrs-full:RevenueFromRenderingOfServices,244.0,3.0,0.1563,0.1563,2.0,127978.0,BRL,78053878.4769078,276190608.2199888,2396998.523924651,194020.3786330503,,,,0,177.0,244.0,244.0,12.675741670606836,0.0007024872419938008,,19.43660179481314,62,0.1563,0.1563
1826286,Vinci Compass Investments Ltd.,Brazil,6282,Investment Advice,20-F,active,2022,408095000.0,,1766954000.0,11951000.0,189238000.0,,,391407000.0,BRL,ifrs-full:RevenueFromRenderingOfServices,283.0,3.0,0.2114,0.2114,3.0,141920.0,BRL,66191119.08637757,286591755.9248488,1938396.85416704,30693527.226915095,,,,0,215.0,283.0,283.0,12.362609961490959,0.10709843040622449,,19.473569307853378,62,0.2114,0.2114
1826286,Vinci Compass Investments Ltd.,Brazil,6282,Investment Advice,20-F,active,2023,454420000.0,,2299719000.0,12591000.0,214748000.0,162290000.0,,918946000.0,BRL,ifrs-full:RevenueFromRenderingOfServices,275.0,3.0,0.1989,0.1989,3.0,150842.0,BRL,73194622.27546959,370421776.20861906,2028065.422011438,34590024.08435488,26140476.31945328,,,0,244.0,275.0,275.0,12.491861412384088,0.16394959558102531,,19.73015285006816,62,0.1989,0.1989
1826286,Vinci Compass Investments Ltd.,Brazil,6282,Investment Advice,20-F,active,2024,600779000.0,,3585051000.0,59132000.0,1057949000.0,555175000.0,,1643008000.0,BRL,ifrs-full:RevenueFromRenderingOfServices,593.0,3.0,0.2253,0.2253,4.0,177512.0,BRL,87114561.86286123,519841983.69285965,8574298.156351522,153405434.6244662,80501859.88893418,,,0,283.0,594.0,593.0,11.897540214417775,0.4499584524738979,,20.069035445845888,62,0.2253,0.2253
1834048,Sendas Distributor S.A.,Brazil,5411,Retail-Grocery Stores,20-F,delisted_in_window,2017,,,,3725000000.0,,,,,BRL,,,,,,,,BRL,,,1167203208.0942335,,,,,0,,,,,,,,54,,
1834048,Sendas Distributor S.A.,Brazil,5411,Retail-Grocery Stores,20-F,delisted_in_window,2018,23017000000.0,18845000000.0,,4655000000.0,,,,,BRL,ifrs-full:Revenue,,,,,,,BRL,6149225369.112851,,1243630538.0032287,,,,5034633187.684393,0,,,,,,,,54,,
1834048,Sendas Distributor S.A.,Brazil,5411,Retail-Grocery Stores,20-F,delisted_in_window,2019,28082000000.0,23349000000.0,35905000000.0,14652000000.0,,,,,BRL,ifrs-full:Revenue,,,,,,,BRL,6825883478.555868,8727417787.107344,3561457329.527832,,,,5675434560.9572315,0,,,,,0.0,,22.889735376917127,54,,
1834048,Sendas Distributor S.A.,Brazil,5411,Retail-Grocery Stores,20-F,delisted_in_window,2020,36043000000.0,30129000000.0,18821000000.0,5047000000.0,,,,,BRL,ifrs-full:Revenue,46409.0,2.0,0.0,0.0,0.0,122718.0,BRL,6621741143.942972,3457752963.686449,927223803.6090276,,,,5535233996.222784,0,500.0,46409.0,46409.0,11.868375500071055,0.0,,21.963884782582873,54,0.0,0.0
1834048,Sendas Distributor S.A.,Brazil,5411,Retail-Grocery Stores,20-F,delisted_in_window,2021,41898000000.0,34753000000.0,22854000000.0,6700000000.0,,,,,BRL,ifrs-full:Revenue,60277.0,2.0,0.0,0.0,0.0,133174.0,BRL,7025986018.98664,3832447479.06632,1123540654.1412594,,,,5827822142.294208,0,500.0,60277.0,60277.0,11.66617551714001,0.0,,22.066769464524057,54,0.0,0.0
1834048,Sendas Distributor S.A.,Brazil,5411,Retail-Grocery Stores,20-F,delisted_in_window,2022,54520000000.0,45557000000.0,40618000000.0,11582000000.0,,,,,BRL,ifrs-full:Revenue,55979.0,4.0,0.0,0.0,0.0,136208.0,BRL,8842891514.449589,6588051495.486305,1878546763.0292575,,,,7389134422.666541,0,500.0,73898.0,55979.0,11.970147855119802,0.0,,22.60852346578959,54,0.0,0.0
1834048,Sendas Distributor S.A.,Brazil,5411,Retail-Grocery Stores,20-F,delisted_in_window,2023,66503000000.0,55682000000.0,43177000000.0,13148000000.0,,,,,BRL,ifrs-full:Revenue,77370.0,5.0,0.0,0.0,0.0,128712.0,BRL,10711812783.736532,6954632731.80747,2117782874.1645927,,,,8968845908.064562,0,55979.0,80000.0,77370.0,11.838258580392651,0.0,,22.66267385457345,54,0.0,0.0
1834048,Sendas Distributor S.A.,Brazil,5411,Retail-Grocery Stores,20-F,delisted_in_window,2024,73819000000.0,61598000000.0,45593000000.0,13564000000.0,,,,,BRL,ifrs-full:Revenue,80000.0,5.0,0.0,0.0,0.0,134615.0,BRL,10703952438.674711,6611106944.5061035,1966816278.7112231,,,,8931874751.994537,0,73898.0,86749.0,80000.0,11.804096983343777,0.0,,22.612016941918803,54,0.0,0.0
1836934,Zenvia Inc.,Brazil,7372,Services-Prepackaged Software,20-F,delisted_in_window,2019,354035000.0,260786000.0,,17496000.0,,,,,BRL,ifrs-full:Revenue,,,,,,,BRL,86055183.29643638,,4252747.572851417,,,,63389176.299361534,0,,,,,,,,73,,
1836934,Zenvia Inc.,Brazil,7372,Services-Prepackaged Software,20-F,delisted_in_window,2020,429701000.0,325870000.0,,12495000.0,,,,,BRL,ifrs-full:Revenue,,,,,,,BRL,78943728.0829409,,2295554.076896136,,,,59868123.81257655,0,,,,,,,,73,,
1836934,Zenvia Inc.,Brazil,7372,Services-Prepackaged Software,20-F,delisted_in_window,2021,612324000.0,431419000.0,,15732000.0,,,,,BRL,ifrs-full:Revenue,470.0,8.0,1.866,1.866,21.0,112543.0,BRL,102682225.00095412,,2638140.532977656,,,,72345788.87596537,0,108.0,1085.0,470.0,12.294416888301358,,,,73,1.866,1.866
1836934,Zenvia Inc.,Brazil,7372,Services-Prepackaged Software,20-F,delisted_in_window,2022,756715000.0,467803000.0,,19590000.0,,,,,BRL,ifrs-full:Revenue,470.0,5.0,1.8303,1.8303,22.0,120196.0,BRL,122735668.60522228,,3177407.2774773925,,,,75875480.17487271,0,108.0,1191.0,470.0,12.472810870411726,,,,73,1.8303,1.8303
1836934,Zenvia Inc.,Brazil,7372,Services-Prepackaged Software,20-F,delisted_in_window,2023,807577000.0,477035000.0,,,,,,,BRL,ifrs-full:Revenue,1076.0,3.0,3.6156,3.6156,43.0,118928.0,BRL,130078547.32044566,,,,,,76837279.69098772,0,1017.0,1076.0,1076.0,11.702643295393937,,,,73,3.6156,3.6156
1836934,Zenvia Inc.,Brazil,7372,Services-Prepackaged Software,20-F,delisted_in_window,2024,959680000.0,664907000.0,,,,,,,BRL,ifrs-full:Revenue,956.0,4.0,3.8423,3.8423,46.0,119719.0,BRL,139156166.7910341,,,,,,96413293.38167524,0,803.0,1128.0,956.0,11.888349449481176,,,,73,3.8423,3.8423
1846832,dLocal Ltd,Uruguay,7389,"Services-Business Services, NEC",20-F,active,2019,55289000.0,19413000.0,,192000.0,,,1347000.0,,USD,ifrs-full:Revenue,,,,,,,USD,53010066.43819277,,184086.03440346202,,,1291478.5851117882,18612823.884762544,0,,,,,,0.02436289316138834,,73,,
1846832,dLocal Ltd,Uruguay,7389,"Services-Business Services, NEC",20-F,active,2020,104143000.0,44065000.0,200467000.0,913000.0,4153000.0,,2005000.0,155419000.0,USD,ifrs-full:Revenue,,,,,,,USD,98633645.12382603,189861929.62597612,864700.6327650745,3933298.716181111,,1898931.838657146,41733881.03263199,0,,,,,0.02071662667670988,0.01925237413940447,19.061807679781303,73,,
1846832,dLocal Ltd,Uruguay,7389,"Services-Business Services, NEC",20-F,active,2021,244120000.0,113677000.0,583008000.0,2485000.0,46969000.0,,3386000.0,302707000.0,USD,ifrs-full:Revenue,,0.0,0.1686,0.1686,2.0,118607.0,USD,220831265.05203444,527389784.43165857,2247934.186688127,42488217.631611526,,3062979.942103017,102832359.97591397,0,,,,,0.0805632169712937,0.013870227756840896,20.083450462017556,73,0.1686,0.1686
1846832,dLocal Ltd,Uruguay,7389,"Services-Business Services, NEC",20-F,active,2022,418925000.0,216758000.0,826301000.0,2734000.0,51443000.0,,6348000.0,426681000.0,USD,ifrs-full:Revenue,,0.0,0.2374,0.2374,3.0,126366.0,USD,350879877.97203875,692086636.1476961,2289922.0298992754,43087219.818620495,,5316907.478346964,181550445.99740568,0,,,,,0.062256974153486445,0.015153070358656085,20.35522170249071,73,0.2374,0.2374
1846832,dLocal Ltd,Uruguay,7389,"Services-Business Services, NEC",20-F,active,2023,650351000.0,373492000.0,1084453000.0,2917000.0,57887000.0,,12650000.0,629313000.0,USD,ifrs-full:Revenue,280.0,3.0,0.246,0.246,3.0,121944.0,USD,523179972.9968038,872396738.4632343,2346603.5744262356,46567652.07844069,,10176391.91514977,300458574.63819116,0,245.0,291.0,280.0,14.440646476294088,0.053378984612518936,0.019451034902691008,20.586754853705248,73,0.246,0.246
1846832,dLocal Ltd,Uruguay,7389,"Services-Business Services, NEC",20-F,active,2024,745974000.0,451301000.0,1171329000.0,3377000.0,63318000.0,,25625000.0,682342000.0,USD,ifrs-full:Revenue,371.0,3.0,1.7193,1.7193,21.0,122140.0,USD,582911524.501724,915288164.3101232,2638821.4847197384,49477316.78101403,,20023630.60288519,352651103.0131781,0,280.0,392.0,371.0,14.267343911188581,0.054056546025924405,0.03435106317378354,20.634749507330863,73,1.7193,1.7193
1863362,Sofgen Pharma S.A.,Colombia,2834,Pharmaceutical Preparations,20-F,active,2020,331467000.0,140153000.0,,,,6863000.0,,,USD,ifrs-full:Revenue,,,,,,,USD,313931790.406069,,,,6499934.767433413,,132738650.36574315,0,,,,,,,,28,,
1863362,Sofgen Pharma S.A.,Colombia,2834,Pharmaceutical Preparations,20-F,active,2021,403739000.0,173667000.0,450331000.0,71449000.0,30133000.0,6803000.0,,,USD,ifrs-full:Revenue,640.0,1.0,0.0,0.0,0.0,121193.0,USD,365222817.1425665,407370000.0907247,64632857.02401609,27258350.441639166,6154002.523959488,,157099390.90525833,0,640.0,640.0,640.0,13.254550006864244,0.08201966997608426,,19.825232421565797,28,0.0,0.0
1863362,Sofgen Pharma S.A.,Colombia,2834,Pharmaceutical Preparations,20-F,active,2022,403203000.0,168075000.0,442526000.0,70585000.0,32179000.0,5791000.0,,,USD,ifrs-full:Revenue,670.0,1.0,0.0,0.0,0.0,130917.0,USD,337711569.94201815,370647416.3142673,59120024.316181555,26952231.528942496,4850379.83728848,,140774925.0824143,0,670.0,670.0,670.0,13.130425033390754,0.08580286808006761,,19.7307618083541,28,0.0,0.0
1863362,Sofgen Pharma S.A.,Colombia,2834,Pharmaceutical Preparations,20-F,active,2023,423748000.0,185772000.0,472499000.0,90982000.0,42870000.0,0.0,,,USD,ifrs-full:Revenue,670.0,1.0,0.0,0.0,0.0,162576.0,USD,340887408.7953269,380105533.8748104,73191184.91890565,34487108.411262505,0.0,,149445745.36452198,0,670.0,670.0,670.0,13.139785088855687,0.09073035075206509,,19.75595949285063,28,0.0,0.0
1863362,Sofgen Pharma S.A.,Colombia,2834,Pharmaceutical Preparations,20-F,active,2024,373795000.0,182316000.0,411693000.0,93719000.0,30312000.0,,,,USD,ifrs-full:Revenue,670.0,1.0,0.0,0.0,0.0,151477.0,USD,292087141.51045734,321701016.7334093,73232961.42328964,23686099.154523157,,,142463540.9559265,0,670.0,670.0,670.0,12.985285033156552,0.07362767887722162,,19.589133152705998,28,0.0,0.0
1864163,"Inter & Co, Inc.",Brazil,6029,"Commercial Banks, NEC",20-F,active,2019,712224000.0,,,91851000.0,,,,,BRL,ifrs-full:Revenue,,,,,,,BRL,173120078.15080744,,22326195.548352506,,,,,0,,,,,,,,60,,
1864163,"Inter & Co, Inc.",Brazil,6029,"Commercial Banks, NEC",20-F,active,2020,1011531000.0,,19921613000.0,137846000.0,,,,16597398000.0,BRL,ifrs-full:Revenue,,,,,,,BRL,185836263.38189882,3659955177.31069,25324765.688981578,,,,,0,,,,,0.0,,22.02071673764827,60,,
1864163,"Inter & Co, Inc.",Brazil,6029,"Commercial Banks, NEC",20-F,active,2021,2221823000.0,100297000.0,36626337000.0,163475000.0,,,,28176554000.0,BRL,ifrs-full:Revenue,,0.0,0.551,0.551,10.0,181496.0,BRL,372583353.2546411,6141966959.966898,27413553.497871995,,,,16819068.20722476,0,,,,,0.0,,22.538410879589925,60,0.551,0.551
1864163,"Inter & Co, Inc.",Brazil,6029,"Commercial Banks, NEC",20-F,active,2022,3562697000.0,129233000.0,46343100000.0,188019000.0,,,,39253996000.0,BRL,ifrs-full:Revenue,,0.0,0.6989,0.6989,11.0,157381.0,BRL,577852954.3260272,7516636202.187981,30495811.072180796,,,,20960994.113845628,0,,,,,0.0,,22.740384561294782,60,0.6989,0.6989
1864163,"Inter & Co, Inc.",Brazil,6029,"Commercial Banks, NEC",20-F,active,2023,4752576000.0,135582000.0,60351797000.0,167547000.0,,,,52755107000.0,BRL,ifrs-full:Revenue,,0.0,0.7187,0.7187,11.0,153056.0,BRL,765509892.0722288,9721022369.30773,26987235.10934401,,,,21838548.649603274,0,,,,,0.0,,22.99755663191506,60,0.7187,0.7187
1864163,"Inter & Co, Inc.",Brazil,6029,"Commercial Banks, NEC",20-F,active,2024,6400165000.0,143430000.0,76458430000.0,369942000.0,,,,67386123000.0,BRL,ifrs-full:Revenue,,0.0,0.8639,0.8639,13.0,150476.0,BRL,928041043.0874237,11086676848.17919,53642579.458787024,,,,20797733.622497104,0,,,,,0.0,,23.129009940399172,60,0.8639,0.8639
1867325,Getnet Adquirencia E Servicos Para Meios De Pagamento S.A. - Instituicao De Pagamento,Brazil,7389,"Services-Business Services, NEC",20-F,delisted_in_window,2019,2662893000.0,1086511000.0,,657237000.0,139500000.0,,,,BRL,ifrs-full:RevenueFromRenderingOfServices,,,,,,,BRL,647268618.113456,,159754404.23743406,33908223.96049226,,,264097909.12930754,0,,,,,,,,73,,
1867325,Getnet Adquirencia E Servicos Para Meios De Pagamento S.A. - Instituicao De Pagamento,Brazil,7389,"Services-Business Services, NEC",20-F,delisted_in_window,2020,2320495000.0,1426192000.0,43021698000.0,613861000.0,163976000.0,,,,BRL,ifrs-full:RevenueFromRenderingOfServices,,,,,,,BRL,426316267.1202161,7903852280.023558,112777200.57603355,30125312.149909634,,,262016875.55315363,0,,,,,0.0038114720623067927,,22.790616107949056,73,,
1867325,Getnet Adquirencia E Servicos Para Meios De Pagamento S.A. - Instituicao De Pagamento,Brazil,7389,"Services-Business Services, NEC",20-F,delisted_in_window,2021,2853141000.0,1758858000.0,59034821000.0,631598000.0,196593000.0,,,,BRL,ifrs-full:RevenueFromRenderingOfServices,,0.0,0.1507,0.1507,2.0,132732.0,BRL,478450732.16376823,9899704687.082413,105914332.84691212,32967198.18202875,,,294947532.5166548,0,,,,,0.003330119354473862,,23.01577076405441,73,0.1507,0.1507
1868995,CI&T Inc,Brazil,7371,Services-Computer Programming Services,20-F,active,2019,677133000.0,448979000.0,,,,,12093000.0,,BRL,ifrs-full:Revenue,,,,,,,BRL,164590519.10422942,,,,,2939441.952360092,109133193.44485918,0,,,,,,0.017859120734036,,73,,
1868995,CI&T Inc,Brazil,7371,Services-Computer Programming Services,20-F,active,2020,956519000.0,600866000.0,585082000.0,38771000.0,3596000.0,14570000.0,3462000.0,,BRL,ifrs-full:Revenue,,,,,,,BRL,175729579.03790438,107489985.62773472,7122923.338562633,660649.2565440981,2676768.539445915,636031.0695649799,110389787.59249891,0,,,,,0.031048639336024694,0.003619374000934639,18.49290824424131,73,,
1868995,CI&T Inc,Brazil,7371,Services-Computer Programming Services,20-F,active,2021,1444380000.0,935732000.0,2362344000.0,57721000.0,119334000.0,619469000.0,4000.0,,BRL,ifrs-full:Revenue,,0.0,0.3695,0.3695,4.0,108260.0,BRL,242211888.06396303,396147690.0099521,9679386.581744423,20011432.898700457,103880388.87764654,670.7705397858265,156915364.68371776,0,,,,,0.3127414974279783,2.769354325039117e-06,19.797297654259072,73,0.3695,0.3695
1868995,CI&T Inc,Brazil,7371,Services-Computer Programming Services,20-F,active,2022,424105000.0,276300000.0,575533000.0,10592000.0,318004000.0,1437990000.0,0.0,324853000.0,BRL;USD,ifrs-full:Revenue,,0.0,0.4248,0.4248,5.0,117710.0,BRL,68787866.9430602,93348787.27046432,1717973.3477815487,51578776.10346711,233235318.5778313,0.0,44814580.43731513,0,,,,,3.051074395386537,0.0,18.35185343665674,73,0.4248,0.4248
1868995,CI&T Inc,Brazil,7371,Services-Computer Programming Services,20-F,active,2023,446943000.0,297733000.0,561190000.0,7970000.0,277046000.0,1392819000.0,0.0,269687000.0,BRL;USD,ifrs-full:Revenue,,0.0,2.4637,2.4637,27.0,109592.0,BRL,71990282.25796665,90392346.4521165,1283748.8216528601,44624526.47975386,224345012.5502779,0.0,47956635.87417453,0,,,,,2.975578681017124,0.0,18.319670158637976,73,2.4637,2.4637
1868995,CI&T Inc,Brazil,7371,Services-Computer Programming Services,20-F,active,2024,438961000.0,288715000.0,526416000.0,5896000.0,,,,,USD,ifrs-full:Revenue,,0.0,3.7135,3.7135,39.0,105021.0,USD,343008503.9248034,411346713.26627946,4607193.211106774,,,,225604780.8590048,0,,,,,0.0,,19.834947001432496,73,3.7135,3.7135
1896049,"Semantix, Inc.",Brazil,7371,Services-Computer Programming Services,20-F,delisted_in_window,2020,123453000.0,85472000.0,,,,,7876000.0,,BRL,ifrs-full:Revenue,,,,,,,BRL,22680515.20248569,,,,,1446961.4973696654,15702728.936411891,0,,,,,,0.06379755858504856,,73,,
1896049,"Semantix, Inc.",Brazil,7371,Services-Computer Programming Services,20-F,delisted_in_window,2021,211659000.0,125454000.0,206435000.0,3555000.0,,,19920000.0,270330000.0,BRL,ifrs-full:Revenue,,,,,,,BRL,35493655.42013206,34617629.09517177,596147.3172346533,,,3340437.2881334163,21037711.824572768,0,,,,,0.0,0.0941136450611597,17.35987362169223,73,,
1896049,"Semantix, Inc.",Brazil,7371,Services-Computer Programming Services,20-F,delisted_in_window,2022,262094000.0,143327000.0,702541000.0,3474000.0,,,33160000.0,281116000.0,BRL,ifrs-full:Revenue,1000.0,2.0,3.1932,3.1932,46.0,144055.0,BRL,42510433.02619498,113948896.68842494,563466.711687415,,,5378398.433953565,23246975.64364483,0,500.0,1000.0,1000.0,10.657504807755789,0.0,0.12651949300632598,18.551260631190708,73,3.1932,3.1932
1937441,Ambipar Emergency Response,Brazil,4955,Hazardous Waste Management,20-F,active,2020,364284000.0,256147000.0,,,,,,,BRL,ifrs-full:Revenue,,,,,,,BRL,66925459.89179929,,,,,,47058766.71746416,0,,,,,,,,49,,
1937441,Ambipar Emergency Response,Brazil,4955,Hazardous Waste Management,20-F,active,2021,822203000.0,618691000.0,1431081000.0,296396000.0,9632000.0,585746000.0,,,BRL,ifrs-full:Revenue,,,,,,,BRL,137877387.5308815,239981743.7118101,49703426.22758996,1615215.4598042704,98225290.14934719,,103749924.00765821,0,,,,,0.4160337535052174,,19.2960734105455,49,,
1937441,Ambipar Emergency Response,Brazil,4955,Hazardous Waste Management,20-F,active,2022,1684896000.0,1337749000.0,3430757000.0,516081000.0,420197000.0,1192302000.0,,2983669000.0,BRL,ifrs-full:Revenue,5041.0,6.0,0.0635,0.0635,1.0,157455.0,BRL,273282328.3406099,556452897.3484689,83705948.19641705,68154007.4412541,193385862.77441806,,216976692.6002095,0,210.0,15000.0,5041.0,10.900656234427293,0.47001259488795033,,20.137093084214378,49,0.0635,0.0635
1937441,Ambipar Emergency Response,Brazil,4955,Hazardous Waste Management,20-F,active,2023,2589960000.0,2090482000.0,4309172000.0,787561000.0,358703000.0,1537135000.0,,2952375000.0,BRL,ifrs-full:Revenue,7089.0,5.0,0.1383,0.1383,2.0,144624.0,BRL,417171655.97591484,694089645.834316,126854517.65743388,57777233.82350638,247590369.5070727,,336719423.3609177,0,7000.0,15000.0,7089.0,10.982708774231662,0.4399541257578022,,20.35811168280093,49,0.1383,0.1383
1937441,Ambipar Emergency Response,Brazil,4955,Hazardous Waste Management,20-F,active,2024,3248442000.0,2769665000.0,5800282000.0,979293000.0,439526000.0,1803606000.0,,,BRL,ifrs-full:Revenue,7400.0,5.0,1.0436,1.0436,15.0,143727.0,BRL,471032778.3875879,841056403.621033,142000104.24859554,63732445.570394345,261527693.982692,,401608832.8352049,0,958.0,7435.0,7400.0,11.06120296354653,0.38672809356510596,,20.550169283014153,49,1.0436,1.0436
1945711,Lavoro Ltd,Brazil,5900,Retail-Miscellaneous Retail,20-F,active,2020,5098545000.0,4362657000.0,,,,,,,BRL,ifrs-full:Revenue,,,,,,,BRL,936693538.2943907,,,,,,801497804.1176044,0,,,,,,,,59,,
1945711,Lavoro Ltd,Brazil,5900,Retail-Miscellaneous Retail,20-F,active,2021,7746534000.0,6421037000.0,5685763000.0,146205000.0,,,,,BRL,ifrs-full:Revenue,,,,,,,BRL,1299036698.1623144,953460579.1510701,24517501.692346692,,,,1076760613.618691,0,,,,,0.0,,20.675608638837105,59,,
1945711,Lavoro Ltd,Brazil,5900,Retail-Miscellaneous Retail,20-F,active,2022,9347413000.0,7616606000.0,7523984000.0,196588000.0,,,,,BRL,ifrs-full:Revenue,,,,,,,BRL,1516107100.1422555,1220355360.756685,31885663.188602634,,,,1235378220.2183752,0,,,,,0.0,,20.922407932586754,59,,
1945711,Lavoro Ltd,Brazil,5900,Retail-Miscellaneous Retail,20-F,active,2023,9392264000.0,8054807000.0,8348724000.0,236781000.0,,,,,BRL,ifrs-full:Revenue,2375.0,1.0,0.0613,0.0613,1.0,163087.0,BRL,1512836617.6477513,1344750890.5025034,38138937.23209359,,,,1297408907.7655218,0,2375.0,2375.0,2375.0,13.364499563760846,0.0,,21.01947462132414,59,0.0613,0.0613
1945711,Lavoro Ltd,Brazil,5900,Retail-Miscellaneous Retail,20-F,active,2024,,,,,,,,,,,3379.0,1.0,0.1229,0.1229,2.0,162717.0,USD,,,,,,,,0,3379.0,3379.0,3379.0,,,,,59,0.1229,0.1229
1965143,Nvni Group Ltd,Brazil,7372,Services-Prepackaged Software,20-F,active,2022,124545000.0,52813000.0,,,,,8000.0,,BRL,ifrs-full:Revenue,,,,,,,BRL,20200622.224268597,,,,,1297.562951496638,8566024.019673992,0,,,,,,6.42338110723032e-05,,73,,
1965143,Nvni Group Ltd,Brazil,7372,Services-Prepackaged Software,20-F,active,2023,168985000.0,66138000.0,419861000.0,3990000.0,137061000.0,204099000.0,,473490000.0,BRL,ifrs-full:Revenue,603.0,1.0,0.3154,0.3942,5.0,126838.0,BRL,27218857.54416669,67628113.42634773,642679.7739516827,22076775.06205303,32874761.700191606,,10653021.275593081,0,603.0,603.0,603.0,10.717503386388069,0.8125546311755558,,18.029534333647437,73,0.3154,0.3942
1965143,Nvni Group Ltd,Brazil,7372,Services-Prepackaged Software,20-F,active,2024,193282000.0,70754000.0,405393000.0,4479000.0,133617000.0,185758000.0,,517015000.0,BRL,ifrs-full:Revenue,618.0,1.0,0.3136,0.392,5.0,127550.0,BRL,28026406.95826177,58783069.27717331,649466.9796776443,19374822.37633128,26935406.83432906,,10259519.240927003,0,618.0,618.0,618.0,10.722169271889275,0.7878157738293459,,17.889364433943864,73,0.3136,0.392
1969373,"Vesta Real Estate Corporation, S.A.B. de C.V.",Mexico,6500,Real Estate,20-F,active,2021,160786358.0,,2759867070.0,,,,,1306241663.0,USD,ifrs-full:Revenue,,,,,,,USD,145447545.6343163,2496579290.691265,,,,,,0,,,,,0.0,,21.63818734814212,65,,
1969373,"Vesta Real Estate Corporation, S.A.B. de C.V.",Mexico,6500,Real Estate,20-F,active,2022,178025461.0,,2953156400.0,,,,,1313368572.0,USD,ifrs-full:Revenue,,,,,,,USD,149109153.26513326,2473481308.741052,,,,,,0,,,,,0.0,,21.62889243199991,65,,
1969373,"Vesta Real Estate Corporation, S.A.B. de C.V.",Mexico,6500,Real Estate,20-F,active,2023,214467612.0,,3792216293.0,,,,,1305247868.0,USD,ifrs-full:Revenue,,0.0,0.0,0.0,0.0,122455.0,USD,172530155.95401406,3050678199.571892,,,,,,0,,,,,0.0,,21.838629763362672,65,0.0,0.0
1969373,"Vesta Real Estate Corporation, S.A.B. de C.V.",Mexico,6500,Real Estate,20-F,active,2024,252327122.0,,3957947434.0,,,,,1360663251.0,USD,ifrs-full:Revenue,107.0,2.0,0.0,0.0,0.0,123997.0,USD,197170930.02993736,3092779604.450861,,,,,,0,107.0,107.0,107.0,14.426752741163153,0.0,,21.85233607187088,65,0.0,0.0
1978954,BBB FOODS INC,Mexico,5411,Retail-Grocery Stores,20-F,active,2021,23091181000.0,19655090000.0,,1900585000.0,7831000.0,,,,MXN,ifrs-full:Revenue,,,,,,,MXN,1030381373.5677115,,84808454.91974571,349437.15249595715,,,877055124.716098,0,,,,,,,,54,,
1978954,BBB FOODS INC,Mexico,5411,Retail-Grocery Stores,20-F,active,2022,32580397000.0,27655643000.0,11794907000.0,3164204000.0,8241000.0,,,16508168000.0,MXN,ifrs-full:Revenue,,,,,,,MXN,1355788538.666658,490828878.64255106,131674009.90243284,342937.91285452805,,,1150851655.0260818,0,,,,,0.0006986913928189514,,20.011606109010028,54,,
1978954,BBB FOODS INC,Mexico,5411,Retail-Grocery Stores,20-F,active,2023,44078459000.0,37038542000.0,14963802000.0,4606300000.0,6771000.0,,,19598650000.0,MXN,ifrs-full:Revenue,21924.0,2.0,0.0,0.0,0.0,101873.0,MXN,1996724392.6772332,677850114.0566726,208662275.82931468,306721.72234554624,,,1677820912.0377867,0,21924.0,21924.0,21924.0,11.419436665012332,0.00045249195358238495,,20.334436750752065,54,0.0,0.0
1978954,BBB FOODS INC,Mexico,5411,Retail-Grocery Stores,20-F,active,2024,57439019000.0,48062913000.0,22776813000.0,6455625000.0,6790000.0,,,18742031000.0,MXN,ifrs-full:Revenue,25300.0,2.0,0.1031,0.1031,1.0,96977.0,MXN,2451995069.7752404,972311751.7239039,275582016.33488524,289856.03886747925,,,2051741616.8795693,0,25300.0,25300.0,25300.0,11.48160816960749,0.0002981101877598064,,20.695187043227367,54,0.1031,0.1031
