cik,name,country,fy,revenue,revenue_concept,cogs,cogs_concept,ppe_net,ppe_net_concept,assets,assets_concept,intangibles,intangibles_concept,goodwill,goodwill_concept,rnd,rnd_concept,liabilities,liabilities_concept,units
887153,"GRUPO SIMEC, S.A.B. de C.V.",Mexico,2016,27515565000,ifrs-full:Revenue,22775593000,ifrs-full:CostOfSales,14491000000,ifrs-full:PropertyPlantAndEquipment,41879728000,ifrs-full:Assets,2544273000,ifrs-full:IntangibleAssetsOtherThanGoodwill,,,,,8648055000,ifrs-full:Liabilities,MXN
887153,"GRUPO SIMEC, S.A.B. de C.V.",Mexico,2017,28700450000,ifrs-full:Revenue,23994526000,ifrs-full:CostOfSales,15737081000,ifrs-full:PropertyPlantAndEquipment,45976531000,ifrs-full:Assets,2471548000,ifrs-full:IntangibleAssetsOtherThanGoodwill,,,,,11658995000,ifrs-full:Liabilities,MXN
887153,"GRUPO SIMEC, S.A.B. de C.V.",Mexico,2018,35678253000,ifrs-full:Revenue,30563315000,ifrs-full:CostOfSales,16971000000,ifrs-full:PropertyPlantAndEquipment,48853823000,ifrs-full:Assets,2300052000,ifrs-full:IntangibleAssetsOtherThanGoodwill,,,,,13344820000,ifrs-full:Liabilities,MXN
887153,"GRUPO SIMEC, S.A.B. de C.V.",Mexico,2019,34171201000,ifrs-full:Revenue,30067141000,ifrs-full:CostOfSales,16737595000,ifrs-full:PropertyPlantAndEquipment,44014759000,ifrs-full:Assets,2335117000,ifrs-full:IntangibleAssetsOtherThanGoodwill,,,,,11404982000,ifrs-full:Liabilities,MXN
887153,"GRUPO SIMEC, S.A.B. de C.V.",Mexico,2020,35869314000,ifrs-full:Revenue,29211724000,ifrs-full:CostOfSales,15950352000,ifrs-full:PropertyPlantAndEquipment,45503647000,ifrs-full:Assets,2322956000,ifrs-full:IntangibleAssetsOtherThanGoodwill,,,,,12484988000,ifrs-full:Liabilities,MXN
887153,"GRUPO SIMEC, S.A.B. de C.V.",Mexico,2021,55620356000,ifrs-full:Revenue,39968186000,ifrs-full:CostOfSales,16012749000,ifrs-full:PropertyPlantAndEquipment,57342572000,ifrs-full:Assets,2312569000,ifrs-full:IntangibleAssetsOtherThanGoodwill,,,,,15542504000,ifrs-full:Liabilities,MXN
887153,"GRUPO SIMEC, S.A.B. de C.V.",Mexico,2022,54159247000,ifrs-full:Revenue,39683861000,ifrs-full:CostOfSales,16782893000,ifrs-full:PropertyPlantAndEquipment,67632903000,ifrs-full:Assets,2325255000,ifrs-full:IntangibleAssetsOtherThanGoodwill,,,,,19638527000,ifrs-full:Liabilities,MXN
887153,"GRUPO SIMEC, S.A.B. de C.V.",Mexico,2023,41139248000,ifrs-full:Revenue,31100106000,ifrs-full:CostOfSales,17953857000,ifrs-full:PropertyPlantAndEquipment,66787612000,ifrs-full:Assets,2298081000,ifrs-full:IntangibleAssetsOtherThanGoodwill,,,,,16982147000,ifrs-full:Liabilities,MXN
887153,"GRUPO SIMEC, S.A.B. de C.V.",Mexico,2024,33657672000,ifrs-full:Revenue,26032751000,ifrs-full:CostOfSales,19630424000,ifrs-full:PropertyPlantAndEquipment,73298401000,ifrs-full:Assets,-2262605000,ifrs-full:IntangibleAssetsOtherThanGoodwill,,,,,14056389000,ifrs-full:Liabilities,MXN
888746,UNITED BREWERIES CO INC,Chile,2016,1558897708000,ifrs-full:Revenue,741819916000,ifrs-full:CostOfSales,904104722000,ifrs-full:PropertyPlantAndEquipment,1872027323000,ifrs-full:Assets,77934155000,ifrs-full:IntangibleAssetsOtherThanGoodwill,96926551000,ifrs-full:Goodwill,,,671371605000,ifrs-full:Liabilities,CLP
888746,UNITED BREWERIES CO INC,Chile,2017,1698360794000,ifrs-full:Revenue,798738655000,ifrs-full:CostOfSales,917913428000,ifrs-full:PropertyPlantAndEquipment,1976229087000,ifrs-full:Assets,77032480000,ifrs-full:IntangibleAssetsOtherThanGoodwill,94617474000,ifrs-full:Goodwill,,,749400479000,ifrs-full:Liabilities,CLP
888746,UNITED BREWERIES CO INC,Chile,2018,1783282337000,ifrs-full:Revenue,860011392000,ifrs-full:CostOfSales,1008946571000,ifrs-full:PropertyPlantAndEquipment,2405864916000,ifrs-full:Assets,118964142000,ifrs-full:IntangibleAssetsOtherThanGoodwill,124955438000,ifrs-full:Goodwill,,,1016748973000,ifrs-full:Liabilities,CLP
888746,UNITED BREWERIES CO INC,Chile,2019,1822540697000,ifrs-full:Revenue,908318190000,ifrs-full:CostOfSales,1071730034000,ifrs-full:PropertyPlantAndEquipment,2353690714000,ifrs-full:Assets,125618666000,ifrs-full:IntangibleAssetsOtherThanGoodwill,124955438000,ifrs-full:Goodwill,,,910763491000,ifrs-full:Liabilities,CLP
888746,UNITED BREWERIES CO INC,Chile,2020,1857593678000,ifrs-full:Revenue,984035922000,ifrs-full:CostOfSales,1082515880000,ifrs-full:PropertyPlantAndEquipment,2525336532000,ifrs-full:Assets,128257441000,ifrs-full:IntangibleAssetsOtherThanGoodwill,117190763000,ifrs-full:Goodwill,,,1116517857000,ifrs-full:Liabilities,CLP
888746,UNITED BREWERIES CO INC,Chile,2021,2484712280000,ifrs-full:Revenue,1291559797000,ifrs-full:CostOfSales,1222261454000,ifrs-full:PropertyPlantAndEquipment,2846750637000,ifrs-full:Assets,151943693000,ifrs-full:IntangibleAssetsOtherThanGoodwill,131172835000,ifrs-full:Goodwill,,,1421235334000,ifrs-full:Liabilities,CLP
888746,UNITED BREWERIES CO INC,Chile,2022,2711434948000,ifrs-full:Revenue,1514925309000,ifrs-full:CostOfSales,1356846302000,ifrs-full:PropertyPlantAndEquipment,3595078979000,ifrs-full:Assets,172389672000,ifrs-full:IntangibleAssetsOtherThanGoodwill,136969434000,ifrs-full:Goodwill,,,2159109926000,ifrs-full:Liabilities,CLP
888746,UNITED BREWERIES CO INC,Chile,2023,2565556067000,ifrs-full:Revenue,1378611966000,ifrs-full:CostOfSales,1273987695000,ifrs-full:PropertyPlantAndEquipment,3423946280000,ifrs-full:Assets,153123207000,ifrs-full:IntangibleAssetsOtherThanGoodwill,127592056000,ifrs-full:Goodwill,,,2086563699000,ifrs-full:Liabilities,CLP
888746,UNITED BREWERIES CO INC,Chile,2024,2904566454000,ifrs-full:Revenue,1590957777000,ifrs-full:CostOfSales,1522708449000,ifrs-full:PropertyPlantAndEquipment,3989716990000,ifrs-full:Assets,244632721000,ifrs-full:IntangibleAssetsOtherThanGoodwill,161583233000,ifrs-full:Goodwill,,,2317201680000,ifrs-full:Liabilities,CLP
904851,YPF SOCIEDAD ANONIMA,Argentina,2016,210100000000,ifrs-full:Revenue,177304000000,ifrs-full:CostOfSales,308014000000,ifrs-full:PropertyPlantAndEquipment,421139000000,ifrs-full:Assets,8114000000,ifrs-full:IntangibleAssetsOtherThanGoodwill,,,400000000,ifrs-full:ResearchAndDevelopmentExpense,302478000000,ifrs-full:Liabilities,ARS
904851,YPF SOCIEDAD ANONIMA,Argentina,2017,252813000000,ifrs-full:Revenue,211812000000,ifrs-full:CostOfSales,354443000000,ifrs-full:PropertyPlantAndEquipment,505718000000,ifrs-full:Assets,9976000000,ifrs-full:IntangibleAssetsOtherThanGoodwill,,,449000000,ifrs-full:ResearchAndDevelopmentExpense,353185000000,ifrs-full:Liabilities,ARS
904851,YPF SOCIEDAD ANONIMA,Argentina,2018,435820000000,ifrs-full:Revenue,359570000000,ifrs-full:CostOfSales,699087000000,ifrs-full:PropertyPlantAndEquipment,994016000000,ifrs-full:Assets,20402000000,ifrs-full:IntangibleAssetsOtherThanGoodwill,,,700000000,ifrs-full:ResearchAndDevelopmentExpense,631659000000,ifrs-full:Liabilities,ARS
904851,YPF SOCIEDAD ANONIMA,Argentina,2019,678595000000,ifrs-full:Revenue,575608000000,ifrs-full:CostOfSales,1069011000000,ifrs-full:PropertyPlantAndEquipment,1573289000000,ifrs-full:Assets,37179000000,ifrs-full:IntangibleAssetsOtherThanGoodwill,,,1261000000,ifrs-full:ResearchAndDevelopmentExpense,1025190000000,ifrs-full:Liabilities,ARS
904851,YPF SOCIEDAD ANONIMA,Argentina,2020,9690000000,ifrs-full:Revenue,8663000000,ifrs-full:CostOfSales,16413000000,ifrs-full:PropertyPlantAndEquipment,22882000000,ifrs-full:Assets,465000000,ifrs-full:IntangibleAssetsOtherThanGoodwill,,,22000000,ifrs-full:ResearchAndDevelopmentExpense,14751000000,ifrs-full:Liabilities,USD
904851,YPF SOCIEDAD ANONIMA,Argentina,2021,13682000000,ifrs-full:Revenue,10629000000,ifrs-full:CostOfSales,16003000000,ifrs-full:PropertyPlantAndEquipment,23290000000,ifrs-full:Assets,419000000,ifrs-full:IntangibleAssetsOtherThanGoodwill,,,19000000,ifrs-full:ResearchAndDevelopmentExpense,15026000000,ifrs-full:Liabilities,USD
904851,YPF SOCIEDAD ANONIMA,Argentina,2022,18757000000,ifrs-full:Revenue,13684000000,ifrs-full:CostOfSales,17510000000,ifrs-full:PropertyPlantAndEquipment,25912000000,ifrs-full:Assets,384000000,ifrs-full:IntangibleAssetsOtherThanGoodwill,,,27000000,ifrs-full:ResearchAndDevelopmentExpense,15360000000,ifrs-full:Liabilities,USD
904851,YPF SOCIEDAD ANONIMA,Argentina,2023,17311000000,ifrs-full:Revenue,13853000000,ifrs-full:CostOfSales,17712000000,ifrs-full:PropertyPlantAndEquipment,25035000000,ifrs-full:Assets,367000000,ifrs-full:IntangibleAssetsOtherThanGoodwill,,,23000000,ifrs-full:ResearchAndDevelopmentExpense,15984000000,ifrs-full:Liabilities,USD
904851,YPF SOCIEDAD ANONIMA,Argentina,2024,19293000000,ifrs-full:Revenue,13910000000,ifrs-full:CostOfSales,18736000000,ifrs-full:PropertyPlantAndEquipment,29391000000,ifrs-full:Assets,491000000,ifrs-full:IntangibleAssetsOtherThanGoodwill,,,40000000,ifrs-full:ResearchAndDevelopmentExpense,17521000000,ifrs-full:Liabilities,USD
904851,YPF SOCIEDAD ANONIMA,Argentina,2025,18448000000,ifrs-full:Revenue,13348000000,ifrs-full:CostOfSales,19085000000,ifrs-full:PropertyPlantAndEquipment,29439000000,ifrs-full:Assets,1068000000,ifrs-full:IntangibleAssetsOtherThanGoodwill,,,28000000,ifrs-full:ResearchAndDevelopmentExpense,18395000000,ifrs-full:Liabilities,USD
909037,CHEMICAL & MINING CO OF CHILE INC,Chile,2016,1939322000,ifrs-full:Revenue,1328285000,ifrs-full:CostOfSales,1532710000,ifrs-full:PropertyPlantAndEquipment,4217980000,ifrs-full:Assets,109439000,ifrs-full:IntangibleAssetsOtherThanGoodwill,37972000,ifrs-full:Goodwill,,,1910708000,ifrs-full:Liabilities,USD
909037,CHEMICAL & MINING CO OF CHILE INC,Chile,2017,2157323000,ifrs-full:Revenue,1394822000,ifrs-full:CostOfSales,1429354000,ifrs-full:PropertyPlantAndEquipment,4296236000,ifrs-full:Assets,113787000,ifrs-full:IntangibleAssetsOtherThanGoodwill,37972000,ifrs-full:Goodwill,,,2048768000,ifrs-full:Liabilities,USD
909037,CHEMICAL & MINING CO OF CHILE INC,Chile,2018,2265803000,ifrs-full:Revenue,1485631000,ifrs-full:CostOfSales,1454823000,ifrs-full:PropertyPlantAndEquipment,4268094000,ifrs-full:Assets,189350000,ifrs-full:IntangibleAssetsOtherThanGoodwill,34866000,ifrs-full:Goodwill,1.7,ifrs-full:ResearchAndDevelopmentExpense,2130292000,ifrs-full:Liabilities,USD
909037,CHEMICAL & MINING CO OF CHILE INC,Chile,2019,1943655000,ifrs-full:Revenue,1383603000,ifrs-full:CostOfSales,1569906000,ifrs-full:PropertyPlantAndEquipment,4684151000,ifrs-full:Assets,188358000,ifrs-full:IntangibleAssetsOtherThanGoodwill,34726000,ifrs-full:Goodwill,1.7,ifrs-full:ResearchAndDevelopmentExpense,2549679000,ifrs-full:Liabilities,USD
909037,CHEMICAL & MINING CO OF CHILE INC,Chile,2020,1817191000,ifrs-full:Revenue,1334321000,ifrs-full:CostOfSales,1737319000,ifrs-full:PropertyPlantAndEquipment,4818463000,ifrs-full:Assets,178407000,ifrs-full:IntangibleAssetsOtherThanGoodwill,41966000,ifrs-full:Goodwill,,,2655885000,ifrs-full:Liabilities,USD
909037,CHEMICAL & MINING CO OF CHILE INC,Chile,2021,2862315000,ifrs-full:Revenue,1772208000,ifrs-full:CostOfSales,2012225000,ifrs-full:PropertyPlantAndEquipment,7180201000,ifrs-full:Assets,179658000,ifrs-full:IntangibleAssetsOtherThanGoodwill,34596000,ifrs-full:Goodwill,,,3964230000,ifrs-full:Liabilities,USD
909037,CHEMICAL & MINING CO OF CHILE INC,Chile,2022,10710578000,ifrs-full:Revenue,4973953000,ifrs-full:CostOfSales,2726838000,ifrs-full:PropertyPlantAndEquipment,10819101000,ifrs-full:Assets,166336000,ifrs-full:IntangibleAssetsOtherThanGoodwill,967000,ifrs-full:Goodwill,,,5887100000,ifrs-full:Liabilities,USD
909037,CHEMICAL & MINING CO OF CHILE INC,Chile,2023,7467490000,ifrs-full:Revenue,4392436000,ifrs-full:CostOfSales,3609937000,ifrs-full:PropertyPlantAndEquipment,10778837000,ifrs-full:Assets,155874000,ifrs-full:IntangibleAssetsOtherThanGoodwill,958000,ifrs-full:Goodwill,,,6301408000,ifrs-full:Liabilities,USD
909037,CHEMICAL & MINING CO OF CHILE INC,Chile,2024,4528761000,ifrs-full:Revenue,3201654000,ifrs-full:CostOfSales,4433645000,ifrs-full:PropertyPlantAndEquipment,11495569000,ifrs-full:Assets,167968000,ifrs-full:IntangibleAssetsOtherThanGoodwill,948000,ifrs-full:Goodwill,,,6297502000,ifrs-full:Liabilities,USD
909327,Suzano S.A.,Brazil,2016,9839162000,ifrs-full:RevenueFromContractsWithCustomers,6563080000,ifrs-full:CostOfSales,17020259000,ifrs-full:PropertyPlantAndEquipment,29371275000,ifrs-full:Assets,172947000,ifrs-full:IntangibleAssetsOtherThanGoodwill,,,,,19246286000,ifrs-full:Liabilities,BRL
909327,Suzano S.A.,Brazil,2017,10580673000,ifrs-full:RevenueFromContractsWithCustomers,6496304000,ifrs-full:CostOfSales,16211228000,ifrs-full:PropertyPlantAndEquipment,28526195000,ifrs-full:Assets,141785000,ifrs-full:IntangibleAssetsOtherThanGoodwill,45445000,ifrs-full:Goodwill,,,16909584000,ifrs-full:Liabilities,BRL
909327,Suzano S.A.,Brazil,2018,13443376000,ifrs-full:RevenueFromContractsWithCustomers,6922331000,ifrs-full:CostOfSales,17020259000,ifrs-full:PropertyPlantAndEquipment,53932644000,ifrs-full:Assets,180311000,ifrs-full:IntangibleAssetsOtherThanGoodwill,158334000,ifrs-full:Goodwill,,,41906709000,ifrs-full:Liabilities,BRL
909327,Suzano S.A.,Brazil,2019,26012950000,ifrs-full:RevenueFromContractsWithCustomers,20743482000,ifrs-full:CostOfSales,41120945000,ifrs-full:PropertyPlantAndEquipment,97908225000,ifrs-full:Assets,9649789000,ifrs-full:IntangibleAssetsOtherThanGoodwill,161462000,ifrs-full:Goodwill,,,79820256000,ifrs-full:Liabilities,BRL
909327,Suzano S.A.,Brazil,2020,30460277000,ifrs-full:RevenueFromContractsWithCustomers,18966331000,ifrs-full:CostOfSales,39156890000,ifrs-full:PropertyPlantAndEquipment,101800748000,ifrs-full:Assets,8741949000,ifrs-full:IntangibleAssetsOtherThanGoodwill,236360000,ifrs-full:Goodwill,,,94463370000,ifrs-full:Liabilities,BRL
909327,Suzano S.A.,Brazil,2021,40965431000,ifrs-full:RevenueFromContractsWithCustomers,20615588000,ifrs-full:CostOfSales,38169703000,ifrs-full:PropertyPlantAndEquipment,118975152000,ifrs-full:Assets,8014740000,ifrs-full:IntangibleAssetsOtherThanGoodwill,231743000,ifrs-full:Goodwill,,,103800022000,ifrs-full:Liabilities,BRL
909327,Suzano S.A.,Brazil,2022,49830946000,ifrs-full:RevenueFromContractsWithCustomers,24821288000,ifrs-full:CostOfSales,50656634000,ifrs-full:PropertyPlantAndEquipment,133197968000,ifrs-full:Assets,7173183000,ifrs-full:IntangibleAssetsOtherThanGoodwill,233399000,ifrs-full:Goodwill,,,100031603000,ifrs-full:Liabilities,BRL
909327,Suzano S.A.,Brazil,2023,39755575000,ifrs-full:RevenueFromContractsWithCustomers,25076675000,ifrs-full:CostOfSales,59289069000,ifrs-full:PropertyPlantAndEquipment,143593025000,ifrs-full:Assets,6557009000,ifrs-full:IntangibleAssetsOtherThanGoodwill,228887000,ifrs-full:Goodwill,,,98782725000,ifrs-full:Liabilities,BRL
909327,Suzano S.A.,Brazil,2024,47403282000,ifrs-full:RevenueFromContractsWithCustomers,27401527000,ifrs-full:CostOfSales,64986040000,ifrs-full:PropertyPlantAndEquipment,165936105000,ifrs-full:Assets,5709964000,ifrs-full:IntangibleAssetsOtherThanGoodwill,225486000,ifrs-full:Goodwill,,,133520530000,ifrs-full:Liabilities,BRL
909327,Suzano S.A.,Brazil,2025,50115679000,ifrs-full:RevenueFromContractsWithCustomers,33889504000,ifrs-full:CostOfSales,64296187000,ifrs-full:PropertyPlantAndEquipment,167935519000,ifrs-full:Assets,4778353000,ifrs-full:IntangibleAssetsOtherThanGoodwill,29384000,ifrs-full:Goodwill,,,123983346000,ifrs-full:Liabilities,BRL
910631,COCA COLA FEMSA SAB DE CV,Mexico,2016,,,98056000000,ifrs-full:CostOfSales,65288000000,ifrs-full:PropertyPlantAndEquipment,279256000000,ifrs-full:Assets,,,118920000000,ifrs-full:Goodwill,,,150023000000,ifrs-full:Liabilities,MXN
910631,COCA COLA FEMSA SAB DE CV,Mexico,2017,,,99748000000,ifrs-full:CostOfSales,75827000000,ifrs-full:PropertyPlantAndEquipment,285677000000,ifrs-full:Assets,,,118130000000,ifrs-full:Goodwill,,,144967000000,ifrs-full:Liabilities,MXN
910631,COCA COLA FEMSA SAB DE CV,Mexico,2018,,,98404000000,ifrs-full:CostOfSales,61942000000,ifrs-full:PropertyPlantAndEquipment,263787000000,ifrs-full:Assets,,,111347000000,ifrs-full:Goodwill,,,132037000000,ifrs-full:Liabilities,MXN
910631,COCA COLA FEMSA SAB DE CV,Mexico,2019,,,106964000000,ifrs-full:CostOfSales,61187000000,ifrs-full:PropertyPlantAndEquipment,257839000000,ifrs-full:Assets,,,107088000000,ifrs-full:Goodwill,,,128154000000,ifrs-full:Liabilities,MXN
910631,COCA COLA FEMSA SAB DE CV,Mexico,2020,,,100804000000,ifrs-full:CostOfSales,59460000000,ifrs-full:PropertyPlantAndEquipment,263066000000,ifrs-full:Assets,,,100082000000,ifrs-full:Goodwill,,,140609000000,ifrs-full:Liabilities,MXN
910631,COCA COLA FEMSA SAB DE CV,Mexico,2021,189376000000,us-gaap:Revenues,106206000000,ifrs-full:CostOfSales,62183000000,ifrs-full:PropertyPlantAndEquipment,271567000000,ifrs-full:Assets,,,,,,,143995000000,ifrs-full:Liabilities,MXN
910631,COCA COLA FEMSA SAB DE CV,Mexico,2022,220251000000,us-gaap:Revenues,126440000000,ifrs-full:CostOfSales,71205000000,ifrs-full:PropertyPlantAndEquipment,277995000000,ifrs-full:Assets,,,,,,,146119000000,ifrs-full:Liabilities,MXN
910631,COCA COLA FEMSA SAB DE CV,Mexico,2023,236635000000,us-gaap:Revenues,134228000000,ifrs-full:CostOfSales,78730000000,ifrs-full:PropertyPlantAndEquipment,273520000000,ifrs-full:Assets,,,,,,,139815000000,ifrs-full:Liabilities,MXN
910631,COCA COLA FEMSA SAB DE CV,Mexico,2024,,,151057000000,ifrs-full:CostOfSales,99381000000,ifrs-full:PropertyPlantAndEquipment,307986000000,ifrs-full:Assets,,,,,,,157445000000,ifrs-full:Liabilities,MXN
912505,ENEL AMERICAS S.A.,Chile,2016,7007908000,ifrs-full:Revenue,,,,,,,1810158000,ifrs-full:IntangibleAssetsOtherThanGoodwill,,,288000,ifrs-full:ResearchAndDevelopmentExpense,,,USD
912505,ENEL AMERICAS S.A.,Chile,2017,9489266000,ifrs-full:Revenue,,,8092467000,ifrs-full:PropertyPlantAndEquipment,20168991000,ifrs-full:Assets,3682479000,ifrs-full:IntangibleAssetsOtherThanGoodwill,713175000,ifrs-full:Goodwill,137000,ifrs-full:ResearchAndDevelopmentExpense,11890484000,ifrs-full:Liabilities,USD
912505,ENEL AMERICAS S.A.,Chile,2018,11924761000,ifrs-full:Revenue,,,8686827000,ifrs-full:PropertyPlantAndEquipment,27396356000,ifrs-full:Assets,5827289000,ifrs-full:IntangibleAssetsOtherThanGoodwill,1205570000,ifrs-full:Goodwill,856000,ifrs-full:ResearchAndDevelopmentExpense,18564456000,ifrs-full:Liabilities,USD
912505,ENEL AMERICAS S.A.,Chile,2019,13053376000,ifrs-full:Revenue,,,8763438000,ifrs-full:PropertyPlantAndEquipment,29776384000,ifrs-full:Assets,5527879000,ifrs-full:IntangibleAssetsOtherThanGoodwill,1173043000,ifrs-full:Goodwill,86000,ifrs-full:ResearchAndDevelopmentExpense,17530198000,ifrs-full:Liabilities,USD
912505,ENEL AMERICAS S.A.,Chile,2020,11238976000,ifrs-full:Revenue,,,8354672000,ifrs-full:PropertyPlantAndEquipment,26933558000,ifrs-full:Assets,4524826000,ifrs-full:IntangibleAssetsOtherThanGoodwill,945512000,ifrs-full:Goodwill,54000,ifrs-full:ResearchAndDevelopmentExpense,16599895000,ifrs-full:Liabilities,USD
912505,ENEL AMERICAS S.A.,Chile,2021,14535024000,ifrs-full:Revenue,,,12997528000,ifrs-full:PropertyPlantAndEquipment,34958938000,ifrs-full:Assets,4756270000,ifrs-full:IntangibleAssetsOtherThanGoodwill,1470225000,ifrs-full:Goodwill,154000,ifrs-full:ResearchAndDevelopmentExpense,19928845000,ifrs-full:Liabilities,USD
912892,"GRUPO TELEVISA, S.A.B.",Mexico,2016,96287363000,ifrs-full:Revenue,52377790000,ifrs-full:CostOfSales,86783572000,ifrs-full:PropertyPlantAndEquipment,309054150000,ifrs-full:Assets,,,,,,,212769750000,ifrs-full:Liabilities,MXN
912892,"GRUPO TELEVISA, S.A.B.",Mexico,2017,94274235000,ifrs-full:Revenue,53534553000,ifrs-full:CostOfSales,85719810000,ifrs-full:PropertyPlantAndEquipment,297220101000,ifrs-full:Assets,,,,,,,197563187000,ifrs-full:Liabilities,MXN
912892,"GRUPO TELEVISA, S.A.B.",Mexico,2018,101282333000,ifrs-full:Revenue,57839268000,ifrs-full:CostOfSales,87342530000,ifrs-full:PropertyPlantAndEquipment,297170593000,ifrs-full:Assets,,,,,,,192639902000,ifrs-full:Liabilities,MXN
912892,"GRUPO TELEVISA, S.A.B.",Mexico,2019,101757181000,ifrs-full:Revenue,59067362000,ifrs-full:CostOfSales,83329232000,ifrs-full:PropertyPlantAndEquipment,290343892000,ifrs-full:Assets,,,,,,,184718659000,ifrs-full:Liabilities,MXN
912892,"GRUPO TELEVISA, S.A.B.",Mexico,2020,70680227000,ifrs-full:Revenue,45220302000,ifrs-full:CostOfSales,83281627000,ifrs-full:PropertyPlantAndEquipment,271246332000,ifrs-full:Assets,,,,,,,183307299000,ifrs-full:Liabilities,MXN
912892,"GRUPO TELEVISA, S.A.B.",Mexico,2021,73915432000,ifrs-full:Revenue,46653598000,ifrs-full:CostOfSales,87922126000,ifrs-full:PropertyPlantAndEquipment,293742081000,ifrs-full:Assets,,,,,,,197218017000,ifrs-full:Liabilities,MXN
912892,"GRUPO TELEVISA, S.A.B.",Mexico,2022,68615768000,ifrs-full:Revenue,43357747000,ifrs-full:CostOfSales,82236399000,ifrs-full:PropertyPlantAndEquipment,299107531000,ifrs-full:Assets,,,,,,,154977626000,ifrs-full:Liabilities,MXN
912892,"GRUPO TELEVISA, S.A.B.",Mexico,2023,66222836000,ifrs-full:Revenue,43297440000,ifrs-full:CostOfSales,77848576000,ifrs-full:PropertyPlantAndEquipment,262670257000,ifrs-full:Assets,,,,,,,127997824000,ifrs-full:Liabilities,MXN
912892,"GRUPO TELEVISA, S.A.B.",Mexico,2024,62260864000,ifrs-full:Revenue,41117033000,ifrs-full:CostOfSales,63664261000,ifrs-full:PropertyPlantAndEquipment,251657896000,ifrs-full:Assets,,,,,,,139962271000,ifrs-full:Liabilities,MXN
913059,Banco BBVA Argentina S.A.,Argentina,2018,,,,,26057844000,ifrs-full:PropertyPlantAndEquipment,556169426000,ifrs-full:Assets,,,,,,,486110858000,ifrs-full:Liabilities,ARS
913059,Banco BBVA Argentina S.A.,Argentina,2019,,,,,35494157000,ifrs-full:PropertyPlantAndEquipment,618310699000,ifrs-full:Assets,,,,,,,503493790000,ifrs-full:Liabilities,ARS
913059,Banco BBVA Argentina S.A.,Argentina,2020,,,,,50970192000,ifrs-full:PropertyPlantAndEquipment,1046062309000,ifrs-full:Assets,,,,,,,873168961000,ifrs-full:Liabilities,ARS
913059,Banco BBVA Argentina S.A.,Argentina,2021,,,,,99191276000,ifrs-full:PropertyPlantAndEquipment,2008278980000,ifrs-full:Assets,,,,,,,1690739197000,ifrs-full:Liabilities,ARS
913059,Banco BBVA Argentina S.A.,Argentina,2022,,,,,299274663000,ifrs-full:PropertyPlantAndEquipment,6078456674000,ifrs-full:Assets,,,,,,,4953031616000,ifrs-full:Liabilities,ARS
913059,Banco BBVA Argentina S.A.,Argentina,2023,,,,,649407209000,ifrs-full:PropertyPlantAndEquipment,13305540254000,ifrs-full:Assets,,,,,,,10224683502000,ifrs-full:Liabilities,ARS
913059,Banco BBVA Argentina S.A.,Argentina,2024,,,,,646547368000,ifrs-full:PropertyPlantAndEquipment,14719893843000,ifrs-full:Assets,,,,,,,12104066606000,ifrs-full:Liabilities,ARS
917851,Vale S.A.,Brazil,2016,27488000000,ifrs-full:Revenue,17650000000,ifrs-full:CostOfSales,55419000000,ifrs-full:PropertyPlantAndEquipment,99014000000,ifrs-full:Assets,,,,,319000000,ifrs-full:ResearchAndDevelopmentExpense,57990000000,ifrs-full:Liabilities,USD
917851,Vale S.A.,Brazil,2017,33967000000,ifrs-full:Revenue,21039000000,ifrs-full:CostOfSales,54878000000,ifrs-full:PropertyPlantAndEquipment,99184000000,ifrs-full:Assets,,,,,340000000,ifrs-full:ResearchAndDevelopmentExpense,54412000000,ifrs-full:Liabilities,USD
917851,Vale S.A.,Brazil,2018,36575000000,ifrs-full:Revenue,22109000000,ifrs-full:CostOfSales,48385000000,ifrs-full:PropertyPlantAndEquipment,88190000000,ifrs-full:Assets,,,,,373000000,ifrs-full:ResearchAndDevelopmentExpense,43358000000,ifrs-full:Liabilities,USD
917851,Vale S.A.,Brazil,2019,36549000000,ifrs-full:Revenue,19312000000,ifrs-full:CostOfSales,46576000000,ifrs-full:PropertyPlantAndEquipment,91713000000,ifrs-full:Assets,,,,,413000000,ifrs-full:ResearchAndDevelopmentExpense,52720000000,ifrs-full:Liabilities,USD
917851,Vale S.A.,Brazil,2020,39545000000,ifrs-full:Revenue,17564000000,ifrs-full:CostOfSales,41148000000,ifrs-full:PropertyPlantAndEquipment,92007000000,ifrs-full:Assets,,,,,415000000,ifrs-full:ResearchAndDevelopmentExpense,57186000000,ifrs-full:Liabilities,USD
917851,Vale S.A.,Brazil,2021,54502000000,ifrs-full:Revenue,21729000000,ifrs-full:CostOfSales,41931000000,ifrs-full:PropertyPlantAndEquipment,89442000000,ifrs-full:Assets,,,3208000000,ifrs-full:Goodwill,549000000,ifrs-full:ResearchAndDevelopmentExpense,54136000000,ifrs-full:Liabilities,USD
917851,Vale S.A.,Brazil,2022,43839000000,ifrs-full:Revenue,24028000000,ifrs-full:CostOfSales,44938000000,ifrs-full:PropertyPlantAndEquipment,86894000000,ifrs-full:Assets,,,,,660000000,ifrs-full:ResearchAndDevelopmentExpense,49536000000,ifrs-full:Liabilities,USD
917851,Vale S.A.,Brazil,2023,41784000000,ifrs-full:Revenue,24089000000,ifrs-full:CostOfSales,48396000000,ifrs-full:PropertyPlantAndEquipment,94186000000,ifrs-full:Assets,,,,,723000000,ifrs-full:ResearchAndDevelopmentExpense,53205000000,ifrs-full:Liabilities,USD
917851,Vale S.A.,Brazil,2024,38056000000,ifrs-full:Revenue,24265000000,ifrs-full:CostOfSales,39984000000,ifrs-full:PropertyPlantAndEquipment,80152000000,ifrs-full:Assets,,,,,790000000,ifrs-full:ResearchAndDevelopmentExpense,45624000000,ifrs-full:Liabilities,USD
917851,Vale S.A.,Brazil,2025,38403000000,ifrs-full:Revenue,24947000000,ifrs-full:CostOfSales,43625000000,ifrs-full:PropertyPlantAndEquipment,86525000000,ifrs-full:Assets,,,,,693000000,ifrs-full:ResearchAndDevelopmentExpense,52175000000,ifrs-full:Liabilities,USD
925261,ANDINA BOTTLING CO INC,Chile,2016,1777459320000,ifrs-full:Revenue,1033910027000,ifrs-full:CostOfSales,666150885000,ifrs-full:PropertyPlantAndEquipment,2199109747000,ifrs-full:Assets,680996062000,ifrs-full:IntangibleAssetsOtherThanGoodwill,102919505000,ifrs-full:Goodwill,,,1356939720000,ifrs-full:Liabilities,CLP
925261,ANDINA BOTTLING CO INC,Chile,2017,1848878619000,ifrs-full:Revenue,1069024964000,ifrs-full:CostOfSales,659750499000,ifrs-full:PropertyPlantAndEquipment,2114859467000,ifrs-full:Assets,663272878000,ifrs-full:IntangibleAssetsOtherThanGoodwill,93598217000,ifrs-full:Goodwill,,,1301626118000,ifrs-full:Liabilities,CLP
925261,ANDINA BOTTLING CO INC,Chile,2018,1672915799000,ifrs-full:Revenue,968027774000,ifrs-full:CostOfSales,710770968000,ifrs-full:PropertyPlantAndEquipment,2214504689000,ifrs-full:Assets,668822553000,ifrs-full:IntangibleAssetsOtherThanGoodwill,117229173000,ifrs-full:Goodwill,,,1350789946000,ifrs-full:Liabilities,CLP
925261,ANDINA BOTTLING CO INC,Chile,2019,1779025115000,ifrs-full:Revenue,1048343767000,ifrs-full:CostOfSales,722718863000,ifrs-full:PropertyPlantAndEquipment,2390948423000,ifrs-full:Assets,675075375000,ifrs-full:IntangibleAssetsOtherThanGoodwill,121221661000,ifrs-full:Goodwill,,,1422044475000,ifrs-full:Liabilities,CLP
925261,ANDINA BOTTLING CO INC,Chile,2020,1698281237000,ifrs-full:Revenue,1022498659000,ifrs-full:CostOfSales,605576545000,ifrs-full:PropertyPlantAndEquipment,2448064400000,ifrs-full:Assets,604514165000,ifrs-full:IntangibleAssetsOtherThanGoodwill,98325593000,ifrs-full:Goodwill,,,1616503809000,ifrs-full:Liabilities,CLP
925261,ANDINA BOTTLING CO INC,Chile,2021,2216732593000,ifrs-full:Revenue,1375392773000,ifrs-full:CostOfSales,716379127000,ifrs-full:PropertyPlantAndEquipment,2946106647000,ifrs-full:Assets,659631543000,ifrs-full:IntangibleAssetsOtherThanGoodwill,118042900000,ifrs-full:Goodwill,,,1844693088000,ifrs-full:Liabilities,CLP
925261,ANDINA BOTTLING CO INC,Chile,2022,2656878395000,ifrs-full:Revenue,1628701823000,ifrs-full:CostOfSales,798221259000,ifrs-full:PropertyPlantAndEquipment,3010700607000,ifrs-full:Assets,671778888000,ifrs-full:IntangibleAssetsOtherThanGoodwill,129023922000,ifrs-full:Goodwill,,,2127297955000,ifrs-full:Liabilities,CLP
925261,ANDINA BOTTLING CO INC,Chile,2023,2618437052000,ifrs-full:Revenue,1601997255000,ifrs-full:CostOfSales,872388811000,ifrs-full:PropertyPlantAndEquipment,2921520889000,ifrs-full:Assets,695926565000,ifrs-full:IntangibleAssetsOtherThanGoodwill,122103802000,ifrs-full:Goodwill,,,2000535475000,ifrs-full:Liabilities,CLP
925261,ANDINA BOTTLING CO INC,Chile,2024,3224233005000,ifrs-full:Revenue,1945363408000,ifrs-full:CostOfSales,1097773572000,ifrs-full:PropertyPlantAndEquipment,3291104273000,ifrs-full:Assets,693383630000,ifrs-full:IntangibleAssetsOtherThanGoodwill,144681420000,ifrs-full:Goodwill,,,2276707253000,ifrs-full:Liabilities,CLP
925261,ANDINA BOTTLING CO INC,Chile,2025,3344835851000,ifrs-full:Revenue,2037679124000,ifrs-full:CostOfSales,1179385259000,ifrs-full:PropertyPlantAndEquipment,3420405418000,ifrs-full:Assets,719489720000,ifrs-full:IntangibleAssetsOtherThanGoodwill,137128318000,ifrs-full:Goodwill,,,2223851570000,ifrs-full:Liabilities,CLP
926864,ENEL GENERACION CHILE S.A.,Chile,2016,1639959815000,ifrs-full:Revenue,,,2726838537000,ifrs-full:PropertyPlantAndEquipment,,,19266874000,ifrs-full:IntangibleAssetsOtherThanGoodwill,24860356000,ifrs-full:Goodwill,,,,,CLP
926864,ENEL GENERACION CHILE S.A.,Chile,2017,1599032140000,ifrs-full:Revenue,,,5917673000,ifrs-full:PropertyPlantAndEquipment,5983136000,ifrs-full:Assets,18607973000,ifrs-full:IntangibleAssetsOtherThanGoodwill,24860356000,ifrs-full:Goodwill,,,1565448238000,ifrs-full:Liabilities,CLP
926864,ENEL GENERACION CHILE S.A.,Chile,2018,1481554138000,ifrs-full:Revenue,,,2919097994000,ifrs-full:PropertyPlantAndEquipment,3669228079000,ifrs-full:Assets,23910977000,ifrs-full:IntangibleAssetsOtherThanGoodwill,24860356000,ifrs-full:Goodwill,,,1671737032000,ifrs-full:Liabilities,CLP
926864,ENEL GENERACION CHILE S.A.,Chile,2019,1494119513000,ifrs-full:Revenue,,,2747643715000,ifrs-full:PropertyPlantAndEquipment,3587198777000,ifrs-full:Assets,30393637000,ifrs-full:IntangibleAssetsOtherThanGoodwill,24860356000,ifrs-full:Goodwill,,,1613344383000,ifrs-full:Liabilities,CLP
930543,CONCHA Y TORO WINERY INC,Chile,2016,628572029000,ifrs-full:Revenue,412381871000,ifrs-full:CostOfSales,361938676000,ifrs-full:PropertyPlantAndEquipment,1015838586000,ifrs-full:Assets,40647715000,ifrs-full:IntangibleAssetsOtherThanGoodwill,26769828000,ifrs-full:Goodwill,,,498131966000,ifrs-full:Liabilities,CLP
930543,CONCHA Y TORO WINERY INC,Chile,2017,613515357000,ifrs-full:Revenue,412079217000,ifrs-full:CostOfSales,381736948000,ifrs-full:PropertyPlantAndEquipment,1056826587000,ifrs-full:Assets,43426623000,ifrs-full:IntangibleAssetsOtherThanGoodwill,31021819000,ifrs-full:Goodwill,,,511486336000,ifrs-full:Liabilities,CLP
930543,CONCHA Y TORO WINERY INC,Chile,2018,614128905000,ifrs-full:Revenue,409542596000,ifrs-full:CostOfSales,391263749000,ifrs-full:PropertyPlantAndEquipment,1146168107000,ifrs-full:Assets,47719373000,ifrs-full:IntangibleAssetsOtherThanGoodwill,69028561000,ifrs-full:Goodwill,,,574014863000,ifrs-full:Liabilities,CLP
931427,GAS TRANSPORTER OF THE SOUTH INC,Argentina,2016,14645510000,ifrs-full:Revenue,10025424000,ifrs-full:CostOfSales,5333344000,ifrs-full:PropertyPlantAndEquipment,8931332000,ifrs-full:Assets,,,,,,,6404954000,ifrs-full:Liabilities,ARS
931427,GAS TRANSPORTER OF THE SOUTH INC,Argentina,2017,30694588000,ifrs-full:Revenue,18360946000,ifrs-full:CostOfSales,34160708000,ifrs-full:PropertyPlantAndEquipment,44853427000,ifrs-full:Assets,,,,,,,19573838000,ifrs-full:Liabilities,ARS
931427,GAS TRANSPORTER OF THE SOUTH INC,Argentina,2018,71336882000,ifrs-full:Revenue,33902908000,ifrs-full:CostOfSales,59510863000,ifrs-full:PropertyPlantAndEquipment,95288446000,ifrs-full:Assets,,,,,,,47684540000,ifrs-full:Liabilities,ARS
931427,GAS TRANSPORTER OF THE SOUTH INC,Argentina,2019,99790386000,ifrs-full:Revenue,50089910000,ifrs-full:CostOfSales,101496521000,ifrs-full:PropertyPlantAndEquipment,130152205000,ifrs-full:Assets,,,,,,,64691087000,ifrs-full:Liabilities,ARS
931427,GAS TRANSPORTER OF THE SOUTH INC,Argentina,2020,164275443000,ifrs-full:Revenue,81049791000,ifrs-full:CostOfSales,149241162000,ifrs-full:PropertyPlantAndEquipment,378098311000,ifrs-full:Assets,,,,,,,183964125000,ifrs-full:Liabilities,ARS
931427,GAS TRANSPORTER OF THE SOUTH INC,Argentina,2021,539731171000,ifrs-full:Revenue,289121457000,ifrs-full:CostOfSales,292534643000,ifrs-full:PropertyPlantAndEquipment,1262820015000,ifrs-full:Assets,,,,,,,531303259000,ifrs-full:Liabilities,ARS
931427,GAS TRANSPORTER OF THE SOUTH INC,Argentina,2022,1115696199000,ifrs-full:Revenue,651289136000,ifrs-full:CostOfSales,917031971000,ifrs-full:PropertyPlantAndEquipment,2794531641000,ifrs-full:Assets,,,,,,,982396672000,ifrs-full:Liabilities,ARS
931427,GAS TRANSPORTER OF THE SOUTH INC,Argentina,2023,986052768000,ifrs-full:Revenue,620072661000,ifrs-full:CostOfSales,2162194240000,ifrs-full:PropertyPlantAndEquipment,3322617568000,ifrs-full:Assets,,,,,,,1459268884000,ifrs-full:Liabilities,ARS
931427,GAS TRANSPORTER OF THE SOUTH INC,Argentina,2024,1219766287000,ifrs-full:Revenue,575240137000,ifrs-full:CostOfSales,2384877108000,ifrs-full:PropertyPlantAndEquipment,3394598260000,ifrs-full:Assets,,,,,,,1161086081000,ifrs-full:Liabilities,ARS
932470,TELECOM ARGENTINA SA,Argentina,2016,53240000000,ifrs-full:Revenue,,,23165000000,ifrs-full:PropertyPlantAndEquipment,47914000000,ifrs-full:Assets,7592000000,ifrs-full:IntangibleAssetsOtherThanGoodwill,,,,,28036000000,ifrs-full:Liabilities,ARS
932470,TELECOM ARGENTINA SA,Argentina,2017,65186000000,ifrs-full:Revenue,,,45701000000,ifrs-full:PropertyPlantAndEquipment,94070000000,ifrs-full:Assets,4635000000,ifrs-full:IntangibleAssetsOtherThanGoodwill,31954000000,ifrs-full:Goodwill,,,39042000000,ifrs-full:Liabilities,ARS
932470,TELECOM ARGENTINA SA,Argentina,2018,,,,,231236000000,ifrs-full:PropertyPlantAndEquipment,571873000000,ifrs-full:Assets,91474000000,ifrs-full:IntangibleAssetsOtherThanGoodwill,185295000000,ifrs-full:Goodwill,,,219723000000,ifrs-full:Liabilities,ARS
932470,TELECOM ARGENTINA SA,Argentina,2019,,,,,334903000000,ifrs-full:PropertyPlantAndEquipment,787097000000,ifrs-full:Assets,112388000000,ifrs-full:IntangibleAssetsOtherThanGoodwill,252052000000,ifrs-full:Goodwill,,,365270000000,ifrs-full:Liabilities,ARS
932470,TELECOM ARGENTINA SA,Argentina,2020,,,,,484316000000,ifrs-full:PropertyPlantAndEquipment,1135163000000,ifrs-full:Assets,157019000000,ifrs-full:IntangibleAssetsOtherThanGoodwill,380234000000,ifrs-full:Goodwill,,,548219000000,ifrs-full:Liabilities,ARS
932470,TELECOM ARGENTINA SA,Argentina,2021,,,,,878856000000,ifrs-full:PropertyPlantAndEquipment,2101802000000,ifrs-full:Assets,280724000000,ifrs-full:IntangibleAssetsOtherThanGoodwill,2299612000000,ifrs-full:Goodwill,,,1030688000000,ifrs-full:Liabilities,ARS
932470,TELECOM ARGENTINA SA,Argentina,2022,,,,,2468820000000,ifrs-full:PropertyPlantAndEquipment,5384152000000,ifrs-full:Assets,793489000000,ifrs-full:IntangibleAssetsOtherThanGoodwill,3355071000000,ifrs-full:Goodwill,,,2853801000000,ifrs-full:Liabilities,ARS
932470,TELECOM ARGENTINA SA,Argentina,2023,,,,,4947233000000,ifrs-full:PropertyPlantAndEquipment,11928224000000,ifrs-full:Assets,1973865000000,ifrs-full:IntangibleAssetsOtherThanGoodwill,4422870000000,ifrs-full:Goodwill,,,7038495000000,ifrs-full:Liabilities,ARS
932470,TELECOM ARGENTINA SA,Argentina,2024,,,,,5696731000000,ifrs-full:PropertyPlantAndEquipment,14393744000000,ifrs-full:Assets,2494659000000,ifrs-full:IntangibleAssetsOtherThanGoodwill,4436736000000,ifrs-full:Goodwill,,,7112817000000,ifrs-full:Liabilities,ARS
932470,TELECOM ARGENTINA SA,Argentina,2025,,,,,6789118000000,ifrs-full:PropertyPlantAndEquipment,16622552000000,ifrs-full:Assets,2671525000000,ifrs-full:IntangibleAssetsOtherThanGoodwill,4443998000000,ifrs-full:Goodwill,,,9639244000000,ifrs-full:Liabilities,ARS
932782,MEXICAN PETROLEUM,Mexico,2016,1074093232000,ifrs-full:Revenue,865822221000,ifrs-full:CostOfSales,1667742248000,ifrs-full:PropertyPlantAndEquipment,2329886024000,ifrs-full:Assets,8639242000,ifrs-full:IntangibleAssetsOtherThanGoodwill,,,,,3562894171000,ifrs-full:Liabilities,MXN
932782,MEXICAN PETROLEUM,Mexico,2017,1397029719000,ifrs-full:Revenue,1004204880000,ifrs-full:CostOfSales,1436509326000,ifrs-full:PropertyPlantAndEquipment,2132002114000,ifrs-full:Assets,14678640000,ifrs-full:IntangibleAssetsOtherThanGoodwill,,,,,3634354499000,ifrs-full:Liabilities,MXN
932782,MEXICAN PETROLEUM,Mexico,2018,1681119150000,ifrs-full:Revenue,,,1402486084000,ifrs-full:PropertyPlantAndEquipment,2075197268000,ifrs-full:Assets,13720540000,ifrs-full:IntangibleAssetsOtherThanGoodwill,,,,,3534602700000,ifrs-full:Liabilities,MXN
932782,MEXICAN PETROLEUM,Mexico,2019,1401971185000,ifrs-full:Revenue,,,1277548562000,ifrs-full:PropertyPlantAndEquipment,1984247080000,ifrs-full:Assets,14584524000,ifrs-full:IntangibleAssetsOtherThanGoodwill,,,,,3915656382000,ifrs-full:Liabilities,MXN
932782,MEXICAN PETROLEUM,Mexico,2020,953661844000,ifrs-full:Revenue,,,1276129521000,ifrs-full:PropertyPlantAndEquipment,1928487928000,ifrs-full:Assets,22775784000,ifrs-full:IntangibleAssetsOtherThanGoodwill,,,,,4333214958000,ifrs-full:Liabilities,MXN
932782,MEXICAN PETROLEUM,Mexico,2021,1495628620000,ifrs-full:Revenue,,,1274532607000,ifrs-full:PropertyPlantAndEquipment,2052098171000,ifrs-full:Assets,20016146000,ifrs-full:IntangibleAssetsOtherThanGoodwill,,,,,4222098954000,ifrs-full:Liabilities,MXN
932782,MEXICAN PETROLEUM,Mexico,2022,2383388309000,ifrs-full:Revenue,,,1368750850000,ifrs-full:PropertyPlantAndEquipment,2245558044000,ifrs-full:Assets,30024934000,ifrs-full:IntangibleAssetsOtherThanGoodwill,,,,,4014380269000,ifrs-full:Liabilities,MXN
932782,MEXICAN PETROLEUM,Mexico,2023,1719937618000,ifrs-full:Revenue,,,1482322166000,ifrs-full:PropertyPlantAndEquipment,2303475336000,ifrs-full:Assets,20350819000,ifrs-full:IntangibleAssetsOtherThanGoodwill,,,,,3956454146000,ifrs-full:Liabilities,MXN
932782,MEXICAN PETROLEUM,Mexico,2024,1672672906000,ifrs-full:Revenue,,,1650532712000,ifrs-full:PropertyPlantAndEquipment,2208752583000,ifrs-full:Assets,17088277000,ifrs-full:IntangibleAssetsOtherThanGoodwill,,,,,4192528319000,ifrs-full:Liabilities,MXN
933267,IRSA INVESTMENTS & REPRESENTATIONS INC,Argentina,2015,12916000000,ifrs-full:Revenue,7036000000,ifrs-full:CostOfSales,24049000000,ifrs-full:PropertyPlantAndEquipment,,,,,,,,,,,ARS
933267,IRSA INVESTMENTS & REPRESENTATIONS INC,Argentina,2016,59669000000,ifrs-full:Revenue,35370000000,ifrs-full:CostOfSales,27113000000,ifrs-full:PropertyPlantAndEquipment,231242000000,ifrs-full:Assets,19000000,ifrs-full:IntangibleAssetsOtherThanGoodwill,,,,,,,ARS
933267,IRSA INVESTMENTS & REPRESENTATIONS INC,Argentina,2017,78187000000,ifrs-full:Revenue,49112000000,ifrs-full:CostOfSales,31591000000,ifrs-full:PropertyPlantAndEquipment,526856000000,ifrs-full:Assets,19289000000,ifrs-full:IntangibleAssetsOtherThanGoodwill,,,,,,,ARS
933267,IRSA INVESTMENTS & REPRESENTATIONS INC,Argentina,2018,28004000000,ifrs-full:Revenue,10461000000,ifrs-full:CostOfSales,31905000000,ifrs-full:PropertyPlantAndEquipment,678360000000,ifrs-full:Assets,,,,,,,,,ARS
933267,IRSA INVESTMENTS & REPRESENTATIONS INC,Argentina,2019,34868000000,ifrs-full:Revenue,14549000000,ifrs-full:CostOfSales,56670000000,ifrs-full:PropertyPlantAndEquipment,942054000000,ifrs-full:Assets,,,,,,,,,ARS
933267,IRSA INVESTMENTS & REPRESENTATIONS INC,Argentina,2020,45880000000,ifrs-full:Revenue,23204000000,ifrs-full:CostOfSales,14657000000,ifrs-full:PropertyPlantAndEquipment,365325000000,ifrs-full:Assets,,,,,,,,,ARS
933267,IRSA INVESTMENTS & REPRESENTATIONS INC,Argentina,2021,256980000000,ifrs-full:Revenue,97040000000,ifrs-full:CostOfSales,63996000000,ifrs-full:PropertyPlantAndEquipment,803667000000,ifrs-full:Assets,,,,,,,,,ARS
933267,IRSA INVESTMENTS & REPRESENTATIONS INC,Argentina,2022,462486000000,ifrs-full:Revenue,159559000000,ifrs-full:CostOfSales,52565000000,ifrs-full:PropertyPlantAndEquipment,2643849000000,ifrs-full:Assets,,,,,,,,,ARS
933267,IRSA INVESTMENTS & REPRESENTATIONS INC,Argentina,2023,458059000000,ifrs-full:Revenue,152304000000,ifrs-full:CostOfSales,50969000000,ifrs-full:PropertyPlantAndEquipment,3125471000000,ifrs-full:Assets,,,,,,,,,ARS
933267,IRSA INVESTMENTS & REPRESENTATIONS INC,Argentina,2024,468526000000,ifrs-full:Revenue,183736000000,ifrs-full:CostOfSales,54091000000,ifrs-full:PropertyPlantAndEquipment,3362069000000,ifrs-full:Assets,,,,,,,,,ARS
1001290,CREDICORP LTD,Peru,2016,16819000000,ifrs-full:Revenue,,,1551703000,ifrs-full:PropertyPlantAndEquipment,156435000000,ifrs-full:Assets,1324541000,ifrs-full:IntangibleAssetsOtherThanGoodwill,636149000,ifrs-full:Goodwill,,,136319000000,ifrs-full:Liabilities,PEN;USD
1001290,CREDICORP LTD,Peru,2017,17599000000,ifrs-full:Revenue,,,1509492000,ifrs-full:PropertyPlantAndEquipment,170472000000,ifrs-full:Assets,1342890000,ifrs-full:IntangibleAssetsOtherThanGoodwill,635975000,ifrs-full:Goodwill,,,148219000000,ifrs-full:Liabilities,PEN
1001290,CREDICORP LTD,Peru,2018,17995000000,ifrs-full:Revenue,,,1480702000,ifrs-full:PropertyPlantAndEquipment,177263000000,ifrs-full:Assets,1464372000,ifrs-full:IntangibleAssetsOtherThanGoodwill,591330000,ifrs-full:Goodwill,,,152997000000,ifrs-full:Liabilities,PEN
1001290,CREDICORP LTD,Peru,2019,19674000000,ifrs-full:Revenue,,,1428173000,ifrs-full:PropertyPlantAndEquipment,187859000000,ifrs-full:Assets,1666265000,ifrs-full:IntangibleAssetsOtherThanGoodwill,865822000,ifrs-full:Goodwill,,,161113000000,ifrs-full:Liabilities,PEN
1001290,CREDICORP LTD,Peru,2020,18415000000,ifrs-full:Revenue,,,1374875000,ifrs-full:PropertyPlantAndEquipment,237406000000,ifrs-full:Assets,1818398000,ifrs-full:IntangibleAssetsOtherThanGoodwill,820899000,ifrs-full:Goodwill,,,211961000000,ifrs-full:Liabilities,PEN
1001290,CREDICORP LTD,Peru,2021,19452000000,ifrs-full:Revenue,,,1308779000,ifrs-full:PropertyPlantAndEquipment,243443872000,ifrs-full:Assets,1913221000,ifrs-full:IntangibleAssetsOtherThanGoodwill,796859000,ifrs-full:Goodwill,,,216611348000,ifrs-full:Liabilities,PEN
1001290,CREDICORP LTD,Peru,2022,20919000000,ifrs-full:Revenue,,,1281098000,ifrs-full:PropertyPlantAndEquipment,235414157000,ifrs-full:Assets,2127216000,ifrs-full:IntangibleAssetsOtherThanGoodwill,772213000,ifrs-full:Goodwill,,,205818944000,ifrs-full:Liabilities,PEN
1001290,CREDICORP LTD,Peru,2023,25665000000,ifrs-full:Revenue,,,1357525000,ifrs-full:PropertyPlantAndEquipment,238840188000,ifrs-full:Assets,2427017000,ifrs-full:IntangibleAssetsOtherThanGoodwill,513458,ifrs-full:Goodwill,,,205733123000,ifrs-full:Liabilities,COP;PEN
1001290,CREDICORP LTD,Peru,2024,27472000000,ifrs-full:Revenue,,,1438609000,ifrs-full:PropertyPlantAndEquipment,256088940000,ifrs-full:Assets,2566796000,ifrs-full:IntangibleAssetsOtherThanGoodwill,722361000,ifrs-full:Goodwill,,,221111706000,ifrs-full:Liabilities,PEN
1001838,SOUTHERN COPPER CORP/,Peru,2016,5379800000,us-gaap:RevenueFromContractWithCustomerExcludingAssessedTax,3034100000,us-gaap:CostOfRevenue,8766500000,us-gaap:PropertyPlantAndEquipmentNet,13234300000,us-gaap:Assets,28000000,us-gaap:FiniteLivedIntangibleAssetsNet,41900000,us-gaap:Goodwill,,,,,USD
1001838,SOUTHERN COPPER CORP/,Peru,2017,6654500000,us-gaap:RevenueFromContractWithCustomerExcludingAssessedTax,3252800000,us-gaap:CostOfRevenue,9099600000,us-gaap:PropertyPlantAndEquipmentNet,13780100000,us-gaap:Assets,26100000,us-gaap:FiniteLivedIntangibleAssetsNet,41900000,us-gaap:Goodwill,,,,,USD
1001838,SOUTHERN COPPER CORP/,Peru,2018,7096700000,us-gaap:RevenueFromContractWithCustomerExcludingAssessedTax,3409000000,us-gaap:CostOfRevenue,9403800000,us-gaap:PropertyPlantAndEquipmentNet,14287600000,us-gaap:Assets,24800000,us-gaap:FiniteLivedIntangibleAssetsNet,41900000,us-gaap:Goodwill,,,,,USD
1001838,SOUTHERN COPPER CORP/,Peru,2019,7285600000,us-gaap:RevenueFromContractWithCustomerExcludingAssessedTax,3606400000,us-gaap:CostOfRevenue,9371000000,us-gaap:PropertyPlantAndEquipmentNet,16407400000,us-gaap:Assets,30500000,us-gaap:FiniteLivedIntangibleAssetsNet,41900000,us-gaap:Goodwill,,,,,USD
1001838,SOUTHERN COPPER CORP/,Peru,2020,7984900000,us-gaap:RevenueFromContractWithCustomerExcludingAssessedTax,3929800000,us-gaap:CostOfRevenue,9458700000,us-gaap:PropertyPlantAndEquipmentNet,16946500000,us-gaap:Assets,25400000,us-gaap:FiniteLivedIntangibleAssetsNet,41900000,us-gaap:Goodwill,,,,,USD
1001838,SOUTHERN COPPER CORP/,Peru,2021,10934100000,us-gaap:RevenueFromContractWithCustomerExcludingAssessedTax,3894400000,us-gaap:CostOfRevenue,9464400000,us-gaap:PropertyPlantAndEquipmentNet,18297600000,us-gaap:Assets,21000000,us-gaap:FiniteLivedIntangibleAssetsNet,41900000,us-gaap:Goodwill,,,,,USD
1001838,SOUTHERN COPPER CORP/,Peru,2022,10047900000,us-gaap:RevenueFromContractWithCustomerExcludingAssessedTax,4649100000,us-gaap:CostOfRevenue,9596600000,us-gaap:PropertyPlantAndEquipmentNet,17277400000,us-gaap:Assets,21400000,us-gaap:FiniteLivedIntangibleAssetsNet,41900000,us-gaap:Goodwill,,,,,USD
1001838,SOUTHERN COPPER CORP/,Peru,2023,9895800000,us-gaap:RevenueFromContractWithCustomerExcludingAssessedTax,4687700000,us-gaap:CostOfRevenue,9782900000,us-gaap:PropertyPlantAndEquipmentNet,16725300000,us-gaap:Assets,18500000,us-gaap:FiniteLivedIntangibleAssetsNet,41900000,us-gaap:Goodwill,,,,,USD
1001838,SOUTHERN COPPER CORP/,Peru,2024,11433400000,us-gaap:RevenueFromContractWithCustomerExcludingAssessedTax,4841400000,us-gaap:CostOfRevenue,9883300000,us-gaap:PropertyPlantAndEquipmentNet,18713500000,us-gaap:Assets,16000000,us-gaap:FiniteLivedIntangibleAssetsNet,41900000,us-gaap:Goodwill,,,,,USD
1001838,SOUTHERN COPPER CORP/,Peru,2025,13420000000,us-gaap:RevenueFromContractWithCustomerExcludingAssessedTax,5359200000,us-gaap:CostOfRevenue,10272200000,us-gaap:PropertyPlantAndEquipmentNet,21381400000,us-gaap:Assets,15700000,us-gaap:FiniteLivedIntangibleAssetsNet,41900000,us-gaap:Goodwill,,,,,USD
1013131,BUENAVENTURA MINING CO INC,Peru,2016,1068791000,ifrs-full:Revenue,824973000,ifrs-full:CostOfSales,1960025000,ifrs-full:PropertyPlantAndEquipment,4266415000,ifrs-full:Assets,,,,,,,1219202000,ifrs-full:Liabilities,USD
1013131,BUENAVENTURA MINING CO INC,Peru,2017,1237642000,ifrs-full:Revenue,947953000,ifrs-full:CostOfSales,1949555000,ifrs-full:PropertyPlantAndEquipment,4332813000,ifrs-full:Assets,,,,,,,1269186000,ifrs-full:Liabilities,USD
1013131,BUENAVENTURA MINING CO INC,Peru,2018,1150715000,ifrs-full:Revenue,967696000,ifrs-full:CostOfSales,1847615000,ifrs-full:PropertyPlantAndEquipment,4217221000,ifrs-full:Assets,,,,,,,1187656000,ifrs-full:Liabilities,USD
1013131,BUENAVENTURA MINING CO INC,Peru,2019,867888000,ifrs-full:Revenue,799582000,ifrs-full:CostOfSales,1754372000,ifrs-full:PropertyPlantAndEquipment,4107274000,ifrs-full:Assets,,,,,,,1139074000,ifrs-full:Liabilities,USD
1013131,BUENAVENTURA MINING CO INC,Peru,2020,676542000,ifrs-full:Revenue,652613000,ifrs-full:CostOfSales,1650361000,ifrs-full:PropertyPlantAndEquipment,3979617000,ifrs-full:Assets,,,,,,,1179760000,ifrs-full:Liabilities,USD
1013131,BUENAVENTURA MINING CO INC,Peru,2021,900450000,ifrs-full:Revenue,813106000,ifrs-full:CostOfSales,1537870000,ifrs-full:PropertyPlantAndEquipment,4561811000,ifrs-full:Assets,,,,,,,2023280000,ifrs-full:Liabilities,USD
1013131,BUENAVENTURA MINING CO INC,Peru,2022,824802000,ifrs-full:Revenue,763473000,ifrs-full:CostOfSales,1535195000,ifrs-full:PropertyPlantAndEquipment,4503227000,ifrs-full:Assets,,,,,,,1340286000,ifrs-full:Liabilities,USD
1013131,BUENAVENTURA MINING CO INC,Peru,2023,823845000,ifrs-full:Revenue,732597000,ifrs-full:CostOfSales,,,4533799000,ifrs-full:Assets,,,,,,,1364588000,ifrs-full:Liabilities,USD
1013131,BUENAVENTURA MINING CO INC,Peru,2024,1154605000,ifrs-full:Revenue,795318000,ifrs-full:CostOfSales,,,5047903000,ifrs-full:Assets,,,,,,,1488202000,ifrs-full:Liabilities,USD
1027552,BANCO SANTANDER CHILE,Chile,2016,,,,,257379000000,ifrs-full:PropertyPlantAndEquipment,37030025000000,ifrs-full:Assets,58085000000,ifrs-full:IntangibleAssetsOtherThanGoodwill,,,,,,,CLP
1027552,BANCO SANTANDER CHILE,Chile,2017,,,,,242547000000,ifrs-full:PropertyPlantAndEquipment,35823605000000,ifrs-full:Assets,63219000000,ifrs-full:IntangibleAssetsOtherThanGoodwill,,,,,,,CLP
1027552,BANCO SANTANDER CHILE,Chile,2018,,,,,253586000000,ifrs-full:PropertyPlantAndEquipment,39132512000000,ifrs-full:Assets,66923000000,ifrs-full:IntangibleAssetsOtherThanGoodwill,,,,,,,CLP
1027552,BANCO SANTANDER CHILE,Chile,2019,,,1551000000,ifrs-full:CostOfSales,250761000000,ifrs-full:PropertyPlantAndEquipment,50574714000000,ifrs-full:Assets,73389000000,ifrs-full:IntangibleAssetsOtherThanGoodwill,,,2808000000,ifrs-full:ResearchAndDevelopmentExpense,8385368000000,us-gaap:Liabilities,CLP
1027552,BANCO SANTANDER CHILE,Chile,2020,,,,,240854000000,ifrs-full:PropertyPlantAndEquipment,55703223000000,ifrs-full:Assets,82537000000,ifrs-full:IntangibleAssetsOtherThanGoodwill,,,1559000000,ifrs-full:ResearchAndDevelopmentExpense,9642865000000,us-gaap:Liabilities,CLP
1027552,BANCO SANTANDER CHILE,Chile,2021,,,,,236939000000,ifrs-full:PropertyPlantAndEquipment,63841950000000,ifrs-full:Assets,95411000000,ifrs-full:IntangibleAssetsOtherThanGoodwill,,,2305000000,ifrs-full:ResearchAndDevelopmentExpense,,,CLP
1027552,BANCO SANTANDER CHILE,Chile,2022,,,,,238095000000,ifrs-full:PropertyPlantAndEquipment,68422026000000,ifrs-full:Assets,107789000000,ifrs-full:IntangibleAssetsOtherThanGoodwill,,,2583000000,ifrs-full:ResearchAndDevelopmentExpense,,,CLP
1027552,BANCO SANTANDER CHILE,Chile,2023,,,,,251823000000,ifrs-full:PropertyPlantAndEquipment,70781592000000,ifrs-full:Assets,97551000000,ifrs-full:IntangibleAssetsOtherThanGoodwill,0,ifrs-full:Goodwill,1791000000,ifrs-full:ResearchAndDevelopmentExpense,,,CLP
1027552,BANCO SANTANDER CHILE,Chile,2024,,,,,251846000000,ifrs-full:PropertyPlantAndEquipment,68403283000000,ifrs-full:Assets,88669000000,ifrs-full:IntangibleAssetsOtherThanGoodwill,0,ifrs-full:Goodwill,627000000,ifrs-full:ResearchAndDevelopmentExpense,,,CLP
1027552,BANCO SANTANDER CHILE,Chile,2025,,,,,242522000000,ifrs-full:PropertyPlantAndEquipment,68147280000000,ifrs-full:Assets,91475000000,ifrs-full:IntangibleAssetsOtherThanGoodwill,0,ifrs-full:Goodwill,592000000,ifrs-full:ResearchAndDevelopmentExpense,,,CLP
1034957,CRESUD INC,Argentina,2015,15622000000,ifrs-full:Revenue,9380000000,ifrs-full:CostOfSales,26801000000,ifrs-full:PropertyPlantAndEquipment,,,,,,,,,,,ARS
1034957,CRESUD INC,Argentina,2016,67907000000,ifrs-full:Revenue,42629000000,ifrs-full:CostOfSales,67352000000,ifrs-full:PropertyPlantAndEquipment,241446000000,ifrs-full:Assets,,,12443000000,ifrs-full:Goodwill,,,192273000000,ifrs-full:Liabilities,ARS
1034957,CRESUD INC,Argentina,2017,93266000000,ifrs-full:Revenue,62078000000,ifrs-full:CostOfSales,52073000000,ifrs-full:PropertyPlantAndEquipment,557674000000,ifrs-full:Assets,,,19588000000,ifrs-full:Goodwill,,,434213000000,ifrs-full:Liabilities,ARS
1034957,CRESUD INC,Argentina,2018,47529000000,ifrs-full:Revenue,26733000000,ifrs-full:CostOfSales,81268000000,ifrs-full:PropertyPlantAndEquipment,726034000000,ifrs-full:Assets,,,26018000000,ifrs-full:Goodwill,,,598833000000,ifrs-full:Liabilities,ARS
1034957,CRESUD INC,Argentina,2019,82244000000,ifrs-full:Revenue,55631000000,ifrs-full:CostOfSales,90054000000,ifrs-full:PropertyPlantAndEquipment,1031784000000,ifrs-full:Assets,,,42344000000,ifrs-full:Goodwill,,,848309000000,ifrs-full:Liabilities,ARS
1034957,CRESUD INC,Argentina,2020,149930000000,ifrs-full:Revenue,-119602000000,ifrs-full:CostOfSales,65783000000,ifrs-full:PropertyPlantAndEquipment,556183000000,ifrs-full:Assets,,,4902000000,ifrs-full:Goodwill,,,382537000000,ifrs-full:Liabilities,ARS
1034957,CRESUD INC,Argentina,2021,767704000000,ifrs-full:Revenue,558938000000,ifrs-full:CostOfSales,128124000000,ifrs-full:PropertyPlantAndEquipment,1140909000000,ifrs-full:Assets,,,9231000000,ifrs-full:Goodwill,,,695110000000,ifrs-full:Liabilities,ARS
1034957,CRESUD INC,Argentina,2022,986274000000,ifrs-full:Revenue,597247000000,ifrs-full:CostOfSales,540773000000,ifrs-full:PropertyPlantAndEquipment,3972964000000,ifrs-full:Assets,,,37031000000,ifrs-full:Goodwill,,,2178387000000,ifrs-full:Liabilities,ARS
1034957,CRESUD INC,Argentina,2023,959359000000,ifrs-full:Revenue,571311000000,ifrs-full:CostOfSales,753946000000,ifrs-full:PropertyPlantAndEquipment,5539113000000,ifrs-full:Assets,,,51628000000,ifrs-full:Goodwill,,,3037296000000,ifrs-full:Liabilities,ARS
1034957,CRESUD INC,Argentina,2024,914157000000,ifrs-full:Revenue,570742000000,ifrs-full:CostOfSales,712680000000,ifrs-full:PropertyPlantAndEquipment,5088822000000,ifrs-full:Assets,,,28500000000,ifrs-full:Goodwill,,,2875030000000,ifrs-full:Liabilities,ARS
1038572,BRAZILIAN DISTRIBUTION CO COMPANHIA BRASILEIRA DE DISTR CBD,Brazil,2016,41454000000,ifrs-full:Revenue,31654000000,ifrs-full:CostOfSales,9182000000,ifrs-full:PropertyPlantAndEquipment,45051000000,ifrs-full:Assets,,,,,,,,,BRL
1038572,BRAZILIAN DISTRIBUTION CO COMPANHIA BRASILEIRA DE DISTR CBD,Brazil,2017,44634000000,ifrs-full:Revenue,33585000000,ifrs-full:CostOfSales,13292000000,ifrs-full:PropertyPlantAndEquipment,55779000000,ifrs-full:Assets,,,,,,,,,BRL
1038572,BRAZILIAN DISTRIBUTION CO COMPANHIA BRASILEIRA DE DISTR CBD,Brazil,2018,26490000000,ifrs-full:Revenue,19046000000,ifrs-full:CostOfSales,14052000000,ifrs-full:PropertyPlantAndEquipment,61657000000,ifrs-full:Assets,,,,,,,,,BRL
1038572,BRAZILIAN DISTRIBUTION CO COMPANHIA BRASILEIRA DE DISTR CBD,Brazil,2019,28838000000,ifrs-full:Revenue,21225000000,ifrs-full:CostOfSales,24290000000,ifrs-full:PropertyPlantAndEquipment,58475000000,ifrs-full:Assets,,,,,,,,,BRL
1038572,BRAZILIAN DISTRIBUTION CO COMPANHIA BRASILEIRA DE DISTR CBD,Brazil,2020,16796000000,ifrs-full:Revenue,11939000000,ifrs-full:CostOfSales,19888000000,ifrs-full:PropertyPlantAndEquipment,53511000000,ifrs-full:Assets,,,,,,,,,BRL
1038572,BRAZILIAN DISTRIBUTION CO COMPANHIA BRASILEIRA DE DISTR CBD,Brazil,2021,16298000000,ifrs-full:Revenue,11942000000,ifrs-full:CostOfSales,16344000000,ifrs-full:PropertyPlantAndEquipment,49443000000,ifrs-full:Assets,,,,,,,,,BRL
1038572,BRAZILIAN DISTRIBUTION CO COMPANHIA BRASILEIRA DE DISTR CBD,Brazil,2022,17321000000,ifrs-full:Revenue,13019000000,ifrs-full:CostOfSales,6844000000,ifrs-full:PropertyPlantAndEquipment,43839000000,ifrs-full:Assets,,,,,,,,,BRL
1038572,BRAZILIAN DISTRIBUTION CO COMPANHIA BRASILEIRA DE DISTR CBD,Brazil,2023,19250000000,ifrs-full:Revenue,14433000000,ifrs-full:CostOfSales,6577000000,ifrs-full:PropertyPlantAndEquipment,22050000000,ifrs-full:Assets,,,,,,,,,BRL
1041792,ENERGY CO OF PARANA,Brazil,2016,13101753000,ifrs-full:Revenue,,,8934303000,ifrs-full:PropertyPlantAndEquipment,30288900000,ifrs-full:Assets,6459812000,ifrs-full:IntangibleAssetsOtherThanGoodwill,,,,,30288900000,ifrs-full:Liabilities,BRL
1041792,ENERGY CO OF PARANA,Brazil,2017,14024573000,ifrs-full:Revenue,,,9829450000,ifrs-full:PropertyPlantAndEquipment,33162377000,ifrs-full:Assets,6452824000,ifrs-full:IntangibleAssetsOtherThanGoodwill,,,,,33162377000,ifrs-full:Liabilities,BRL
1041792,ENERGY CO OF PARANA,Brazil,2018,14934780000,ifrs-full:Revenue,,,10840663000,ifrs-full:PropertyPlantAndEquipment,35930100000,ifrs-full:Assets,6029097000,ifrs-full:IntangibleAssetsOtherThanGoodwill,,,,,,,BRL
1041792,ENERGY CO OF PARANA,Brazil,2019,16244274000,ifrs-full:Revenue,,,10592103000,ifrs-full:PropertyPlantAndEquipment,38312550000,ifrs-full:Assets,6332611000,ifrs-full:IntangibleAssetsOtherThanGoodwill,,,,,,,BRL
1041792,ENERGY CO OF PARANA,Brazil,2020,18633249000,ifrs-full:Revenue,,,9495460000,ifrs-full:PropertyPlantAndEquipment,46784664000,ifrs-full:Assets,6929456000,ifrs-full:IntangibleAssetsOtherThanGoodwill,,,,,,,BRL
1041792,ENERGY CO OF PARANA,Brazil,2021,20976216000,ifrs-full:Revenue,,,10142591000,ifrs-full:PropertyPlantAndEquipment,49537535000,ifrs-full:Assets,9215560000,ifrs-full:IntangibleAssetsOtherThanGoodwill,,,,,,,BRL
1041792,ENERGY CO OF PARANA,Brazil,2022,20535341000,ifrs-full:Revenue,,,10069468000,ifrs-full:PropertyPlantAndEquipment,49703700000,ifrs-full:Assets,10277727000,ifrs-full:IntangibleAssetsOtherThanGoodwill,204057000,ifrs-full:Goodwill,,,,,BRL
1041792,ENERGY CO OF PARANA,Brazil,2023,21479468000,ifrs-full:Revenue,,,10825421000,ifrs-full:PropertyPlantAndEquipment,55819074000,ifrs-full:Assets,11170089000,ifrs-full:IntangibleAssetsOtherThanGoodwill,,,,,,,BRL
1041792,ENERGY CO OF PARANA,Brazil,2024,22651036000,ifrs-full:Revenue,,,8516697000,ifrs-full:PropertyPlantAndEquipment,57384156000,ifrs-full:Assets,16623610000,ifrs-full:IntangibleAssetsOtherThanGoodwill,,,,,,,BRL
1044896,Industrias Bachoco S.A.B. de C.V.,Mexico,2016,52020303000,ifrs-full:Revenue,42635071000,ifrs-full:CostOfSales,15081105000,ifrs-full:PropertyPlantAndEquipment,45090466000,ifrs-full:Assets,0,ifrs-full:IntangibleAssetsOtherThanGoodwill,484877000,ifrs-full:Goodwill,,,13374292000,ifrs-full:Liabilities,MXN
1044896,Industrias Bachoco S.A.B. de C.V.,Mexico,2017,58050025000,ifrs-full:Revenue,47502959000,ifrs-full:CostOfSales,17320041000,ifrs-full:PropertyPlantAndEquipment,50557389000,ifrs-full:Assets,1040042000,ifrs-full:IntangibleAssetsOtherThanGoodwill,1631094000,ifrs-full:Goodwill,,,14879461000,ifrs-full:Liabilities,MXN
1044896,Industrias Bachoco S.A.B. de C.V.,Mexico,2018,61052092000,ifrs-full:Revenue,51422376000,ifrs-full:CostOfSales,18018176000,ifrs-full:PropertyPlantAndEquipment,52865594000,ifrs-full:Assets,949355000,ifrs-full:IntangibleAssetsOtherThanGoodwill,1631771000,ifrs-full:Goodwill,,,14699889000,ifrs-full:Liabilities,MXN
1044896,Industrias Bachoco S.A.B. de C.V.,Mexico,2019,61655245000,ifrs-full:Revenue,51557351000,ifrs-full:CostOfSales,18556646000,ifrs-full:PropertyPlantAndEquipment,55702491000,ifrs-full:Assets,772640000,ifrs-full:IntangibleAssetsOtherThanGoodwill,1578994000,ifrs-full:Goodwill,,,15442156000,ifrs-full:Liabilities,MXN
1044896,Industrias Bachoco S.A.B. de C.V.,Mexico,2020,68792002000,ifrs-full:Revenue,57707566000,ifrs-full:CostOfSales,19733822000,ifrs-full:PropertyPlantAndEquipment,58475000000,ifrs-full:Assets,753224000,ifrs-full:IntangibleAssetsOtherThanGoodwill,1650716000,ifrs-full:Goodwill,,,14548192000,ifrs-full:Liabilities,MXN
1044896,Industrias Bachoco S.A.B. de C.V.,Mexico,2021,81699068000,ifrs-full:Revenue,68356654000,ifrs-full:CostOfSales,21763402000,ifrs-full:PropertyPlantAndEquipment,65988761000,ifrs-full:Assets,704374000,ifrs-full:IntangibleAssetsOtherThanGoodwill,1688607000,ifrs-full:Goodwill,,,17704701000,ifrs-full:Liabilities,MXN
1047716,LATAM AIRLINES GROUP S.A.,Chile,2016,8988340000,ifrs-full:Revenue,6967037000,ifrs-full:CostOfSales,10498149000,ifrs-full:PropertyPlantAndEquipment,,,1610313000,ifrs-full:IntangibleAssetsOtherThanGoodwill,2710382000,ifrs-full:Goodwill,,,15012890000,ifrs-full:Liabilities,USD
1047716,LATAM AIRLINES GROUP S.A.,Chile,2017,9613907000,ifrs-full:Revenue,7279358000,ifrs-full:CostOfSales,12930652000,ifrs-full:PropertyPlantAndEquipment,,,1617247000,ifrs-full:IntangibleAssetsOtherThanGoodwill,2672550000,ifrs-full:Goodwill,,,17717420000,ifrs-full:Liabilities,USD
1047716,LATAM AIRLINES GROUP S.A.,Chile,2018,9895456000,ifrs-full:Revenue,7773432000,ifrs-full:CostOfSales,12501809000,ifrs-full:PropertyPlantAndEquipment,2695220000,us-gaap:Assets,1441072000,ifrs-full:IntangibleAssetsOtherThanGoodwill,2294072000,ifrs-full:Goodwill,,,16638121000,ifrs-full:Liabilities,USD
1047716,LATAM AIRLINES GROUP S.A.,Chile,2019,10070063000,ifrs-full:Revenue,7951269000,ifrs-full:CostOfSales,12919618000,ifrs-full:PropertyPlantAndEquipment,2887708000,us-gaap:Assets,1448241000,ifrs-full:IntangibleAssetsOtherThanGoodwill,2209576000,ifrs-full:Goodwill,,,17958629000,ifrs-full:Liabilities,USD
1047716,LATAM AIRLINES GROUP S.A.,Chile,2020,3923667000,ifrs-full:Revenue,4513228000,ifrs-full:CostOfSales,10730269000,ifrs-full:PropertyPlantAndEquipment,,,1046559000,ifrs-full:IntangibleAssetsOtherThanGoodwill,,,,,18092475000,ifrs-full:Liabilities,USD
1047716,LATAM AIRLINES GROUP S.A.,Chile,2021,4884015000,ifrs-full:Revenue,4963485000,ifrs-full:CostOfSales,9489867000,ifrs-full:PropertyPlantAndEquipment,,,1018892000,ifrs-full:IntangibleAssetsOtherThanGoodwill,,,,,20358436000,ifrs-full:Liabilities,USD
1047716,LATAM AIRLINES GROUP S.A.,Chile,2022,9362521000,ifrs-full:Revenue,8103483000,ifrs-full:CostOfSales,8411661000,ifrs-full:PropertyPlantAndEquipment,,,1080386000,ifrs-full:IntangibleAssetsOtherThanGoodwill,,,,,13180303000,ifrs-full:Liabilities,USD
1047716,LATAM AIRLINES GROUP S.A.,Chile,2023,11640541000,ifrs-full:Revenue,8816590000,ifrs-full:CostOfSales,9091130000,ifrs-full:PropertyPlantAndEquipment,,,1151986000,ifrs-full:IntangibleAssetsOtherThanGoodwill,,,,,14229040000,ifrs-full:Liabilities,USD
1047716,LATAM AIRLINES GROUP S.A.,Chile,2024,12833043000,ifrs-full:Revenue,9565899000,ifrs-full:CostOfSales,10186697000,ifrs-full:PropertyPlantAndEquipment,,,1000170000,ifrs-full:IntangibleAssetsOtherThanGoodwill,,,,,14542036000,ifrs-full:Liabilities,USD
1047716,LATAM AIRLINES GROUP S.A.,Chile,2025,14265056000,ifrs-full:Revenue,10104884000,ifrs-full:CostOfSales,11947014000,ifrs-full:PropertyPlantAndEquipment,,,1129961000,ifrs-full:IntangibleAssetsOtherThanGoodwill,,,,,16303689000,ifrs-full:Liabilities,USD
1049659,NATIONAL STEEL CO,Brazil,2016,17148949000,ifrs-full:Revenue,12640042000,ifrs-full:CostOfSales,18135879000,ifrs-full:PropertyPlantAndEquipment,44153623000,ifrs-full:Assets,,,3590931000,ifrs-full:Goodwill,,,,,BRL
1049659,NATIONAL STEEL CO,Brazil,2017,18524601000,ifrs-full:Revenue,13596141000,ifrs-full:CostOfSales,17964839000,ifrs-full:PropertyPlantAndEquipment,45209970000,ifrs-full:Assets,,,3590931000,ifrs-full:Goodwill,,,,,BRL
1049659,NATIONAL STEEL CO,Brazil,2018,22968885000,ifrs-full:Revenue,16105657000,ifrs-full:CostOfSales,18046864000,ifrs-full:PropertyPlantAndEquipment,47327524000,ifrs-full:Assets,,,3590931000,ifrs-full:Goodwill,,,,,BRL
1049659,NATIONAL STEEL CO,Brazil,2019,25436417000,ifrs-full:Revenue,17263264000,ifrs-full:CostOfSales,19700944000,ifrs-full:PropertyPlantAndEquipment,50869276000,ifrs-full:Assets,,,,,,,419894000,ifrs-full:Liabilities,BRL
1049659,NATIONAL STEEL CO,Brazil,2020,30064020000,ifrs-full:Revenue,19124901000,ifrs-full:CostOfSales,21531134000,ifrs-full:PropertyPlantAndEquipment,63002149000,ifrs-full:Assets,,,,,,,344488000,ifrs-full:Liabilities,BRL
1049659,NATIONAL STEEL CO,Brazil,2021,47912039000,ifrs-full:Revenue,25837475000,ifrs-full:CostOfSales,26370445000,ifrs-full:PropertyPlantAndEquipment,79379103000,ifrs-full:Assets,,,,,,,,,BRL
1049659,NATIONAL STEEL CO,Brazil,2022,44362120000,ifrs-full:Revenue,31054016000,ifrs-full:CostOfSales,26370445000,ifrs-full:PropertyPlantAndEquipment,85354359000,ifrs-full:Assets,,,11415000,ifrs-full:Goodwill,,,,,BRL
1049659,NATIONAL STEEL CO,Brazil,2023,45437950000,ifrs-full:Revenue,33475189000,ifrs-full:CostOfSales,27927458000,ifrs-full:PropertyPlantAndEquipment,91529720000,ifrs-full:Assets,,,,,,,,,BRL
1049659,NATIONAL STEEL CO,Brazil,2024,43687460000,ifrs-full:Revenue,31990696000,ifrs-full:CostOfSales,30426023000,ifrs-full:PropertyPlantAndEquipment,103906654000,ifrs-full:Assets,,,,,,,,,BRL
1061736,MEXICAN ECONOMIC DEVELOPMENT INC,Mexico,2016,399507000000,ifrs-full:Revenue,251303000000,ifrs-full:CostOfSales,102223000000,ifrs-full:PropertyPlantAndEquipment,545623000000,ifrs-full:Assets,,,,,,,259453000000,ifrs-full:Liabilities,MXN
1061736,MEXICAN ECONOMIC DEVELOPMENT INC,Mexico,2017,439932000000,ifrs-full:Revenue,277842000000,ifrs-full:CostOfSales,116712000000,ifrs-full:PropertyPlantAndEquipment,588541000000,ifrs-full:Assets,,,0,ifrs-full:Goodwill,,,251629000000,ifrs-full:Liabilities,MXN
1061736,MEXICAN ECONOMIC DEVELOPMENT INC,Mexico,2018,469744000000,ifrs-full:Revenue,294574000000,ifrs-full:CostOfSales,108602000000,ifrs-full:PropertyPlantAndEquipment,576381000000,ifrs-full:Assets,,,0,ifrs-full:Goodwill,,,240839000000,ifrs-full:Liabilities,MXN
1061736,MEXICAN ECONOMIC DEVELOPMENT INC,Mexico,2019,506711000000,ifrs-full:Revenue,315230000000,ifrs-full:CostOfSales,114513000000,ifrs-full:PropertyPlantAndEquipment,637541000000,ifrs-full:Assets,,,0,ifrs-full:Goodwill,,,,,MXN
1061736,MEXICAN ECONOMIC DEVELOPMENT INC,Mexico,2020,,,303313000000,ifrs-full:CostOfSales,113106000000,ifrs-full:PropertyPlantAndEquipment,684848000000,ifrs-full:Assets,,,,,,,,,MXN
1061736,MEXICAN ECONOMIC DEVELOPMENT INC,Mexico,2021,,,299276000000,ifrs-full:CostOfSales,115147000000,ifrs-full:PropertyPlantAndEquipment,737500000000,ifrs-full:Assets,,,,,,,,,MXN
1061736,MEXICAN ECONOMIC DEVELOPMENT INC,Mexico,2022,,,355490000000,ifrs-full:CostOfSales,134001000000,ifrs-full:PropertyPlantAndEquipment,798815000000,ifrs-full:Assets,,,,,,,,,MXN
1061736,MEXICAN ECONOMIC DEVELOPMENT INC,Mexico,2023,,,423185000000,ifrs-full:CostOfSales,141530000000,ifrs-full:PropertyPlantAndEquipment,805856000000,ifrs-full:Assets,,,,,,,,,MXN
1061736,MEXICAN ECONOMIC DEVELOPMENT INC,Mexico,2024,,,460072000000,ifrs-full:CostOfSales,177511000000,ifrs-full:PropertyPlantAndEquipment,851536000000,ifrs-full:Assets,,,,,,,,,MXN
1066116,TIM PARTICIPACOES SA,Brazil,2016,15617413000,ifrs-full:Revenue,7966487000,ifrs-full:CostOfSales,11084530000,ifrs-full:PropertyPlantAndEquipment,34655680000,ifrs-full:Assets,,,,,,,17468167000,ifrs-full:Liabilities,BRL
1066116,TIM PARTICIPACOES SA,Brazil,2017,16233959000,ifrs-full:Revenue,8002077000,ifrs-full:CostOfSales,10838488000,ifrs-full:PropertyPlantAndEquipment,32600365000,ifrs-full:Assets,,,,,,,14449181000,ifrs-full:Liabilities,BRL
1066116,TIM PARTICIPACOES SA,Brazil,2018,16981329000,ifrs-full:Revenue,7701418000,ifrs-full:CostOfSales,11203622000,ifrs-full:PropertyPlantAndEquipment,31957889000,ifrs-full:Assets,,,,,,,12163052000,ifrs-full:Liabilities,BRL
1066116,TIM PARTICIPACOES SA,Brazil,2019,17377194000,ifrs-full:Revenue,7433731000,ifrs-full:CostOfSales,17612164000,ifrs-full:PropertyPlantAndEquipment,40348924000,ifrs-full:Assets,,,157556000,ifrs-full:Goodwill,,,17917106000,ifrs-full:Liabilities,BRL
1066119,TELEFONICA BRASIL S.A.,Brazil,2016,,,20823014000,ifrs-full:CostOfSales,31924918000,ifrs-full:PropertyPlantAndEquipment,,,,,,,,,,,BRL
1066119,TELEFONICA BRASIL S.A.,Brazil,2017,,,20272530000,ifrs-full:CostOfSales,33222316000,ifrs-full:PropertyPlantAndEquipment,101382835000,ifrs-full:Assets,,,,,,,31921477000,ifrs-full:Liabilities,BRL
1066119,TELEFONICA BRASIL S.A.,Brazil,2018,,,21025767000,ifrs-full:CostOfSales,34115327000,ifrs-full:PropertyPlantAndEquipment,102561318000,ifrs-full:Assets,,,23062421000,ifrs-full:Goodwill,,,30954291000,ifrs-full:Liabilities,BRL
1066119,TELEFONICA BRASIL S.A.,Brazil,2019,,,22158947000,ifrs-full:CostOfSales,42847264000,ifrs-full:PropertyPlantAndEquipment,108289722000,ifrs-full:Assets,,,23059172000,ifrs-full:Goodwill,,,37834144000,ifrs-full:Liabilities,BRL
1066119,TELEFONICA BRASIL S.A.,Brazil,2020,,,22693083000,ifrs-full:CostOfSales,44352593000,ifrs-full:PropertyPlantAndEquipment,108738378000,ifrs-full:Assets,,,23026429000,ifrs-full:Goodwill,,,39181614000,ifrs-full:Liabilities,BRL
1066119,TELEFONICA BRASIL S.A.,Brazil,2021,,,24781369000,ifrs-full:CostOfSales,44408491000,ifrs-full:PropertyPlantAndEquipment,115663533000,ifrs-full:Assets,,,,,,,45657337000,ifrs-full:Liabilities,BRL
1066119,TELEFONICA BRASIL S.A.,Brazil,2022,,,27431680000,ifrs-full:CostOfSales,45898185000,ifrs-full:PropertyPlantAndEquipment,119121483000,ifrs-full:Assets,,,,,,,50665636000,ifrs-full:Liabilities,BRL
1066119,TELEFONICA BRASIL S.A.,Brazil,2023,,,29415400000,ifrs-full:CostOfSales,46318147000,ifrs-full:PropertyPlantAndEquipment,120737980000,ifrs-full:Assets,,,,,,,51110660000,ifrs-full:Liabilities,BRL
1066119,TELEFONICA BRASIL S.A.,Brazil,2024,,,31352158000,ifrs-full:CostOfSales,46812381000,ifrs-full:PropertyPlantAndEquipment,124940673000,ifrs-full:Assets,,,,,,,55141178000,ifrs-full:Liabilities,BRL
1066119,TELEFONICA BRASIL S.A.,Brazil,2025,,,32925368000,ifrs-full:CostOfSales,47357040000,ifrs-full:PropertyPlantAndEquipment,128071708000,ifrs-full:Assets,,,,,,,59068982000,ifrs-full:Liabilities,BRL
1071371,BANCOLOMBIA SA,Colombia,2016,,,,,3115697000000,ifrs-full:PropertyPlantAndEquipment,196261044000000,ifrs-full:Assets,563942000000,ifrs-full:IntangibleAssetsOtherThanGoodwill,6130095000000,ifrs-full:Goodwill,16715000000,ifrs-full:ResearchAndDevelopmentExpense,173784064000000,ifrs-full:Liabilities,COP
1071371,BANCOLOMBIA SA,Colombia,2017,90590000000,ifrs-full:RevenueFromContractsWithCustomers,,,3127405000000,ifrs-full:PropertyPlantAndEquipment,203908211000000,ifrs-full:Assets,535465000000,ifrs-full:IntangibleAssetsOtherThanGoodwill,6095959000000,ifrs-full:Goodwill,105145000000,ifrs-full:ResearchAndDevelopmentExpense,179478661000000,ifrs-full:Liabilities,COP
1071371,BANCOLOMBIA SA,Colombia,2018,3994259000000,ifrs-full:RevenueFromContractsWithCustomers,,,3368647000000,ifrs-full:PropertyPlantAndEquipment,220076482000000,ifrs-full:Assets,563452000000,ifrs-full:IntangibleAssetsOtherThanGoodwill,6638403000000,ifrs-full:Goodwill,78222000000,ifrs-full:ResearchAndDevelopmentExpense,193421257000000,ifrs-full:Liabilities,COP
1071371,BANCOLOMBIA SA,Colombia,2019,4578972000000,ifrs-full:RevenueFromContractsWithCustomers,,,3827865000000,ifrs-full:PropertyPlantAndEquipment,236088113000000,ifrs-full:Assets,538958000000,ifrs-full:IntangibleAssetsOtherThanGoodwill,6694354000000,ifrs-full:Goodwill,85532000000,ifrs-full:ResearchAndDevelopmentExpense,207282494000000,ifrs-full:Liabilities,COP
1071371,BANCOLOMBIA SA,Colombia,2020,4598413000000,ifrs-full:RevenueFromContractsWithCustomers,,,4302304000000,ifrs-full:PropertyPlantAndEquipment,255568505000000,ifrs-full:Assets,495606000000,ifrs-full:IntangibleAssetsOtherThanGoodwill,7011715000000,ifrs-full:Goodwill,,,227453292000000,ifrs-full:Liabilities,COP
1071371,BANCOLOMBIA SA,Colombia,2021,,,,,5100652000000,ifrs-full:PropertyPlantAndEquipment,289855048000000,ifrs-full:Assets,485626000000,ifrs-full:IntangibleAssetsOtherThanGoodwill,8143146000000,ifrs-full:Goodwill,,,255929590000000,ifrs-full:Liabilities,COP
1071371,BANCOLOMBIA SA,Colombia,2022,,,,,6727066000000,ifrs-full:PropertyPlantAndEquipment,352814733000000,ifrs-full:Assets,602531000000,ifrs-full:IntangibleAssetsOtherThanGoodwill,9836661000000,ifrs-full:Goodwill,,,312817182000000,ifrs-full:Liabilities,COP
1071371,BANCOLOMBIA SA,Colombia,2023,,,,,6522534000000,ifrs-full:PropertyPlantAndEquipment,342928809000000,ifrs-full:Assets,671572000000,ifrs-full:IntangibleAssetsOtherThanGoodwill,7818125000000,ifrs-full:Goodwill,,,303879080000000,ifrs-full:Liabilities,COP
1071371,BANCOLOMBIA SA,Colombia,2024,,,,,5906064000000,ifrs-full:PropertyPlantAndEquipment,372215382000000,ifrs-full:Assets,750484000000,ifrs-full:IntangibleAssetsOtherThanGoodwill,9017419000000,ifrs-full:Goodwill,,,327631107000000,ifrs-full:Liabilities,COP
1071438,BRASKEM SA,Brazil,2016,47663988000,ifrs-full:Revenue,34985569000,ifrs-full:CostOfSales,29761610000,ifrs-full:PropertyPlantAndEquipment,51821851000,ifrs-full:Assets,2809087000,ifrs-full:IntangibleAssetsOtherThanGoodwill,,,162010000,ifrs-full:ResearchAndDevelopmentExpense,,,BRL
1071438,BRASKEM SA,Brazil,2017,49260594000,ifrs-full:Revenue,36177408000,ifrs-full:CostOfSales,29761610000,ifrs-full:PropertyPlantAndEquipment,52731844000,ifrs-full:Assets,2727497000,ifrs-full:IntangibleAssetsOtherThanGoodwill,,,167456000,ifrs-full:ResearchAndDevelopmentExpense,,,BRL
1071438,BRASKEM SA,Brazil,2018,57999866000,ifrs-full:Revenue,46576657000,ifrs-full:CostOfSales,31759890000,ifrs-full:PropertyPlantAndEquipment,58807533000,ifrs-full:Assets,2740982000,ifrs-full:IntangibleAssetsOtherThanGoodwill,,,219256000,ifrs-full:ResearchAndDevelopmentExpense,,,BRL
1071438,BRASKEM SA,Brazil,2019,52323525000,ifrs-full:Revenue,45879118000,ifrs-full:CostOfSales,32315181000,ifrs-full:PropertyPlantAndEquipment,68129037000,ifrs-full:Assets,2762088000,ifrs-full:IntangibleAssetsOtherThanGoodwill,,,247730000,ifrs-full:ResearchAndDevelopmentExpense,,,BRL
1071438,BRASKEM SA,Brazil,2020,58543494000,ifrs-full:Revenue,47331414000,ifrs-full:CostOfSales,35929149000,ifrs-full:PropertyPlantAndEquipment,86083919000,ifrs-full:Assets,2828691000,ifrs-full:IntangibleAssetsOtherThanGoodwill,,,250648000,ifrs-full:ResearchAndDevelopmentExpense,,,BRL
1071438,BRASKEM SA,Brazil,2021,105625000000,ifrs-full:Revenue,73568000000,ifrs-full:CostOfSales,37223000000,ifrs-full:PropertyPlantAndEquipment,92564368000,ifrs-full:Assets,2877299000,ifrs-full:IntangibleAssetsOtherThanGoodwill,,,297000000,ifrs-full:ResearchAndDevelopmentExpense,4192302000,ifrs-full:Liabilities,BRL
1071438,BRASKEM SA,Brazil,2022,96519000000,ifrs-full:Revenue,85161000000,ifrs-full:CostOfSales,37763000000,ifrs-full:PropertyPlantAndEquipment,88049000000,ifrs-full:Assets,,,,,374000000,ifrs-full:ResearchAndDevelopmentExpense,3012580000,ifrs-full:Liabilities,BRL
1071438,BRASKEM SA,Brazil,2023,70569000000,ifrs-full:Revenue,67548000000,ifrs-full:CostOfSales,38405000000,ifrs-full:PropertyPlantAndEquipment,91741000000,ifrs-full:Assets,,,,,383000000,ifrs-full:ResearchAndDevelopmentExpense,,,BRL
1071438,BRASKEM SA,Brazil,2024,77411000000,ifrs-full:Revenue,71414000000,ifrs-full:CostOfSales,40417000000,ifrs-full:PropertyPlantAndEquipment,101575000000,ifrs-full:Assets,,,,,463000000,ifrs-full:ResearchAndDevelopmentExpense,,,BRL
1073404,GERDAU S.A.,Brazil,2016,37651667000,ifrs-full:Revenue,34187941000,ifrs-full:CostOfSales,19351891000,ifrs-full:PropertyPlantAndEquipment,54635141000,ifrs-full:Assets,1319941000,ifrs-full:IntangibleAssetsOtherThanGoodwill,9470016000,ifrs-full:Goodwill,,,30360488000,ifrs-full:Liabilities,BRL
1073404,GERDAU S.A.,Brazil,2017,36917619000,ifrs-full:Revenue,33312995000,ifrs-full:CostOfSales,16443742000,ifrs-full:PropertyPlantAndEquipment,50301761000,ifrs-full:Assets,972089000,ifrs-full:IntangibleAssetsOtherThanGoodwill,7891142000,ifrs-full:Goodwill,,,26407820000,ifrs-full:Liabilities,BRL
1073404,GERDAU S.A.,Brazil,2018,46159478000,ifrs-full:Revenue,40010100000,ifrs-full:CostOfSales,15546481000,ifrs-full:PropertyPlantAndEquipment,51281029000,ifrs-full:Assets,836096000,ifrs-full:IntangibleAssetsOtherThanGoodwill,9112390000,ifrs-full:Goodwill,,,25342458000,ifrs-full:Liabilities,BRL
1073404,GERDAU S.A.,Brazil,2019,39644010000,ifrs-full:Revenue,35440726000,ifrs-full:CostOfSales,15901493000,ifrs-full:PropertyPlantAndEquipment,54002970000,ifrs-full:Assets,673262000,ifrs-full:IntangibleAssetsOtherThanGoodwill,9469311000,ifrs-full:Goodwill,,,26829843000,ifrs-full:Liabilities,BRL
1073404,GERDAU S.A.,Brazil,2020,43814661000,ifrs-full:Revenue,37884102000,ifrs-full:CostOfSales,17252915000,ifrs-full:PropertyPlantAndEquipment,63123009000,ifrs-full:Assets,622578000,ifrs-full:IntangibleAssetsOtherThanGoodwill,12103519000,ifrs-full:Goodwill,,,32037799000,ifrs-full:Liabilities,BRL
1073404,GERDAU S.A.,Brazil,2021,78345081000,ifrs-full:Revenue,57527721000,ifrs-full:CostOfSales,18741786000,ifrs-full:PropertyPlantAndEquipment,73814613000,ifrs-full:Assets,509760000,ifrs-full:IntangibleAssetsOtherThanGoodwill,12427527000,ifrs-full:Goodwill,,,,,BRL
1073404,GERDAU S.A.,Brazil,2022,82412210000,ifrs-full:Revenue,63661156000,ifrs-full:CostOfSales,20422734000,ifrs-full:PropertyPlantAndEquipment,73798652000,ifrs-full:Assets,415159000,ifrs-full:IntangibleAssetsOtherThanGoodwill,11634464000,ifrs-full:Goodwill,,,,,BRL
1073404,GERDAU S.A.,Brazil,2023,68916447000,ifrs-full:Revenue,57583992000,ifrs-full:CostOfSales,22880530000,ifrs-full:PropertyPlantAndEquipment,74885144000,ifrs-full:Assets,373710000,ifrs-full:IntangibleAssetsOtherThanGoodwill,10825148000,ifrs-full:Goodwill,,,,,BRL
1073404,GERDAU S.A.,Brazil,2024,67026656000,ifrs-full:Revenue,57823416000,ifrs-full:CostOfSales,29591314000,ifrs-full:PropertyPlantAndEquipment,86814493000,ifrs-full:Assets,400567000,ifrs-full:IntangibleAssetsOtherThanGoodwill,13853114000,ifrs-full:Goodwill,,,,,BRL
1073404,GERDAU S.A.,Brazil,2025,69858532000,ifrs-full:Revenue,61891039000,ifrs-full:CostOfSales,30640833000,ifrs-full:PropertyPlantAndEquipment,81688175000,ifrs-full:Assets,691365000,ifrs-full:IntangibleAssetsOtherThanGoodwill,11995727000,ifrs-full:Goodwill,,,,,BRL
1076378,CEMEX SAB DE CV,Mexico,2016,249477000000,ifrs-full:Revenue,159946000000,ifrs-full:CostOfSales,11030000000,ifrs-full:PropertyPlantAndEquipment,29818000000,ifrs-full:Assets,1989000000,ifrs-full:IntangibleAssetsOtherThanGoodwill,9957000000,ifrs-full:Goodwill,,,20428000000,ifrs-full:Liabilities,MXN;USD
1076378,CEMEX SAB DE CV,Mexico,2017,12926000000,ifrs-full:Revenue,8365000000,ifrs-full:CostOfSales,11588000000,ifrs-full:PropertyPlantAndEquipment,29884000000,ifrs-full:Assets,2006000000,ifrs-full:IntangibleAssetsOtherThanGoodwill,9948000000,ifrs-full:Goodwill,,,19286000000,ifrs-full:Liabilities,USD
1076378,CEMEX SAB DE CV,Mexico,2018,13531000000,ifrs-full:Revenue,8849000000,ifrs-full:CostOfSales,11232000000,ifrs-full:PropertyPlantAndEquipment,29181000000,ifrs-full:Assets,2024000000,ifrs-full:IntangibleAssetsOtherThanGoodwill,9912000000,ifrs-full:Goodwill,,,18128000000,ifrs-full:Liabilities,USD
1076378,CEMEX SAB DE CV,Mexico,2019,12959000000,ifrs-full:Revenue,8714000000,ifrs-full:CostOfSales,10565000000,ifrs-full:PropertyPlantAndEquipment,29363000000,ifrs-full:Assets,2028000000,ifrs-full:IntangibleAssetsOtherThanGoodwill,9562000000,ifrs-full:Goodwill,,,18539000000,ifrs-full:Liabilities,USD
1076378,CEMEX SAB DE CV,Mexico,2020,12669000000,ifrs-full:Revenue,8586000000,ifrs-full:CostOfSales,10170000000,ifrs-full:PropertyPlantAndEquipment,27425000000,ifrs-full:Assets,1746000000,ifrs-full:IntangibleAssetsOtherThanGoodwill,8506000000,ifrs-full:Goodwill,,,18473000000,ifrs-full:Liabilities,USD
1076378,CEMEX SAB DE CV,Mexico,2021,14379000000,ifrs-full:Revenue,9743000000,ifrs-full:CostOfSales,10202000000,ifrs-full:PropertyPlantAndEquipment,26650000000,ifrs-full:Assets,1779000000,ifrs-full:IntangibleAssetsOtherThanGoodwill,41000000,ifrs-full:Goodwill,,,16379000000,ifrs-full:Liabilities,USD
1076378,CEMEX SAB DE CV,Mexico,2022,14706000000,ifrs-full:Revenue,10221000000,ifrs-full:CostOfSales,10156000000,ifrs-full:PropertyPlantAndEquipment,26447000000,ifrs-full:Assets,1755000000,ifrs-full:IntangibleAssetsOtherThanGoodwill,7538000000,ifrs-full:Goodwill,,,15538000000,ifrs-full:Liabilities,USD
1076378,CEMEX SAB DE CV,Mexico,2023,16554000000,ifrs-full:Revenue,10979000000,ifrs-full:CostOfSales,11272000000,ifrs-full:PropertyPlantAndEquipment,28433000000,ifrs-full:Assets,1856000000,ifrs-full:IntangibleAssetsOtherThanGoodwill,7674000000,ifrs-full:Goodwill,,,16317000000,ifrs-full:Liabilities,USD
1076378,CEMEX SAB DE CV,Mexico,2024,16200000000,ifrs-full:Revenue,10761000000,ifrs-full:CostOfSales,10152000000,ifrs-full:PropertyPlantAndEquipment,27299000000,ifrs-full:Assets,1920000000,ifrs-full:IntangibleAssetsOtherThanGoodwill,7441000000,ifrs-full:Goodwill,,,14822000000,ifrs-full:Liabilities,USD
1094972,ULTRAPAR HOLDINGS INC,Brazil,2016,76740033000,ifrs-full:Revenue,70196945000,ifrs-full:CostOfSales,5796418000,ifrs-full:PropertyPlantAndEquipment,24074516000,ifrs-full:Assets,1891636000,ifrs-full:IntangibleAssetsOtherThanGoodwill,,,50129000,ifrs-full:ResearchAndDevelopmentExpense,,,BRL
1094972,ULTRAPAR HOLDINGS INC,Brazil,2017,79230014000,ifrs-full:Revenue,72431473000,ifrs-full:CostOfSales,6637826000,ifrs-full:PropertyPlantAndEquipment,28284346000,ifrs-full:Assets,2238042000,ifrs-full:IntangibleAssetsOtherThanGoodwill,,,55836000,ifrs-full:ResearchAndDevelopmentExpense,,,BRL
1094972,ULTRAPAR HOLDINGS INC,Brazil,2018,90697983000,ifrs-full:Revenue,84537368000,ifrs-full:CostOfSales,7278865000,ifrs-full:PropertyPlantAndEquipment,30499395000,ifrs-full:Assets,2369355000,ifrs-full:IntangibleAssetsOtherThanGoodwill,,,63085000,ifrs-full:ResearchAndDevelopmentExpense,,,BRL
1094972,ULTRAPAR HOLDINGS INC,Brazil,2019,83004729000,ifrs-full:Revenue,78208786000,ifrs-full:CostOfSales,7572762000,ifrs-full:PropertyPlantAndEquipment,31195472000,ifrs-full:Assets,1762593000,ifrs-full:IntangibleAssetsOtherThanGoodwill,,,61589000,ifrs-full:ResearchAndDevelopmentExpense,,,BRL
1094972,ULTRAPAR HOLDINGS INC,Brazil,2020,74058056000,ifrs-full:Revenue,70056447000,ifrs-full:CostOfSales,8005860000,ifrs-full:PropertyPlantAndEquipment,36250162000,ifrs-full:Assets,1782655000,ifrs-full:IntangibleAssetsOtherThanGoodwill,,,63746000,ifrs-full:ResearchAndDevelopmentExpense,,,BRL
1094972,ULTRAPAR HOLDINGS INC,Brazil,2021,109732842000,ifrs-full:Revenue,104827966000,ifrs-full:CostOfSales,5534591000,ifrs-full:PropertyPlantAndEquipment,39010357000,ifrs-full:Assets,,,,,,,,,BRL
1094972,ULTRAPAR HOLDINGS INC,Brazil,2022,143634708000,ifrs-full:Revenue,136276257000,ifrs-full:CostOfSales,5862413000,ifrs-full:PropertyPlantAndEquipment,36441003000,ifrs-full:Assets,,,,,,,,,BRL
1094972,ULTRAPAR HOLDINGS INC,Brazil,2023,126048701000,ifrs-full:Revenue,116730469000,ifrs-full:CostOfSales,6387581000,ifrs-full:PropertyPlantAndEquipment,38251974000,ifrs-full:Assets,,,,,,,,,BRL
1094972,ULTRAPAR HOLDINGS INC,Brazil,2024,133498913000,ifrs-full:Revenue,123811893000,ifrs-full:CostOfSales,7135966000,ifrs-full:PropertyPlantAndEquipment,39558074000,ifrs-full:Assets,,,,,,,,,BRL
1099590,MERCADOLIBRE INC,Argentina,2016,,,307538000,us-gaap:CostOfRevenue,124261000,us-gaap:PropertyPlantAndEquipmentNet,1367435000,us-gaap:Assets,26277000,us-gaap:IntangibleAssetsNetExcludingGoodwill,91797000,us-gaap:Goodwill,98479000,us-gaap:ResearchAndDevelopmentExpense,938581000,us-gaap:Liabilities,USD
1099590,MERCADOLIBRE INC,Argentina,2017,1216542000,us-gaap:RevenueFromContractWithCustomerExcludingAssessedTax,496942000,us-gaap:CostOfRevenue,114837000,us-gaap:PropertyPlantAndEquipmentNet,1673187000,us-gaap:Assets,23174000,us-gaap:IntangibleAssetsNetExcludingGoodwill,92279000,us-gaap:Goodwill,127160000,us-gaap:ResearchAndDevelopmentExpense,1347408000,us-gaap:Liabilities,USD
1099590,MERCADOLIBRE INC,Argentina,2018,1439653000,us-gaap:RevenueFromContractWithCustomerExcludingAssessedTax,742645000,us-gaap:CostOfRevenue,165614000,us-gaap:PropertyPlantAndEquipmentNet,2239519000,us-gaap:Assets,18581000,us-gaap:IntangibleAssetsNetExcludingGoodwill,88883000,us-gaap:Goodwill,146273000,us-gaap:ResearchAndDevelopmentExpense,1902819000,us-gaap:Liabilities,USD
1099590,MERCADOLIBRE INC,Argentina,2019,2296314000,us-gaap:RevenueFromContractWithCustomerExcludingAssessedTax,,,244257000,us-gaap:PropertyPlantAndEquipmentNet,4781691000,us-gaap:Assets,14275000,us-gaap:IntangibleAssetsNetExcludingGoodwill,87609000,us-gaap:Goodwill,223807000,us-gaap:ResearchAndDevelopmentExpense,2699728000,us-gaap:Liabilities,USD
1099590,MERCADOLIBRE INC,Argentina,2020,3974000000,us-gaap:RevenueFromContractWithCustomerExcludingAssessedTax,,,391684000,us-gaap:PropertyPlantAndEquipmentNet,6526332000,us-gaap:Assets,14155000,us-gaap:IntangibleAssetsNetExcludingGoodwill,85000000,us-gaap:Goodwill,353000000,us-gaap:ResearchAndDevelopmentExpense,4874754000,us-gaap:Liabilities,USD
1099590,MERCADOLIBRE INC,Argentina,2021,5710000000,us-gaap:RevenueFromContractWithCustomerExcludingAssessedTax,,,807000000,us-gaap:PropertyPlantAndEquipmentNet,10101000000,us-gaap:Assets,45000000,us-gaap:IntangibleAssetsNetExcludingGoodwill,148000000,us-gaap:Goodwill,590000000,us-gaap:ResearchAndDevelopmentExpense,8570000000,us-gaap:Liabilities,USD
1099590,MERCADOLIBRE INC,Argentina,2022,7450000000,us-gaap:RevenueFromContractWithCustomerExcludingAssessedTax,,,993000000,us-gaap:PropertyPlantAndEquipmentNet,13736000000,us-gaap:Assets,25000000,us-gaap:IntangibleAssetsNetExcludingGoodwill,153000000,us-gaap:Goodwill,1099000000,us-gaap:ResearchAndDevelopmentExpense,11909000000,us-gaap:Liabilities,USD
1099590,MERCADOLIBRE INC,Argentina,2023,10487000000,us-gaap:RevenueFromContractWithCustomerExcludingAssessedTax,,,1250000000,us-gaap:PropertyPlantAndEquipmentNet,17612000000,us-gaap:Assets,11000000,us-gaap:IntangibleAssetsNetExcludingGoodwill,163000000,us-gaap:Goodwill,1831000000,us-gaap:ResearchAndDevelopmentExpense,14541000000,us-gaap:Liabilities,USD
1099590,MERCADOLIBRE INC,Argentina,2024,15137000000,us-gaap:RevenueFromContractWithCustomerExcludingAssessedTax,,,1380000000,us-gaap:PropertyPlantAndEquipmentNet,25196000000,us-gaap:Assets,12000000,us-gaap:IntangibleAssetsNetExcludingGoodwill,149000000,us-gaap:Goodwill,1934000000,us-gaap:ResearchAndDevelopmentExpense,20845000000,us-gaap:Liabilities,USD
1099590,MERCADOLIBRE INC,Argentina,2025,20335000000,us-gaap:RevenueFromContractWithCustomerExcludingAssessedTax,,,2303000000,us-gaap:PropertyPlantAndEquipmentNet,42667000000,us-gaap:Assets,33000000,us-gaap:IntangibleAssetsNetExcludingGoodwill,163000000,us-gaap:Goodwill,2269000000,us-gaap:ResearchAndDevelopmentExpense,35919000000,us-gaap:Liabilities,USD
1110649,Fibria Celulose S.A.,Brazil,2016,9614817000,ifrs-full:Revenue,7108346000,ifrs-full:CostOfSales,13107192000,ifrs-full:PropertyPlantAndEquipment,34440328000,ifrs-full:Assets,,,4230450000,ifrs-full:Goodwill,,,20622648000,ifrs-full:Liabilities,BRL
1110649,Fibria Celulose S.A.,Brazil,2017,11739153000,ifrs-full:Revenue,8248416000,ifrs-full:CostOfSales,15101738000,ifrs-full:PropertyPlantAndEquipment,38693331000,ifrs-full:Assets,,,4230450000,ifrs-full:Goodwill,,,24043402000,ifrs-full:Liabilities,BRL
1114700,GRUPO FINANCIERO GALICIA SA,Argentina,2018,,,,,29785930000,ifrs-full:PropertyPlantAndEquipment,876370731000,ifrs-full:Assets,7056518000,ifrs-full:IntangibleAssetsOtherThanGoodwill,,,,,781228951000,ifrs-full:Liabilities,ARS
1114700,GRUPO FINANCIERO GALICIA SA,Argentina,2019,,,,,44877360000,ifrs-full:PropertyPlantAndEquipment,933269606000,ifrs-full:Assets,11834308000,ifrs-full:IntangibleAssetsOtherThanGoodwill,,,,,774209789000,ifrs-full:Liabilities,ARS
1114700,GRUPO FINANCIERO GALICIA SA,Argentina,2020,,,,,66008914000,ifrs-full:PropertyPlantAndEquipment,1592855622000,ifrs-full:Assets,21839477000,ifrs-full:IntangibleAssetsOtherThanGoodwill,,,,,1317638103000,ifrs-full:Liabilities,ARS
1114700,GRUPO FINANCIERO GALICIA SA,Argentina,2021,,,,,121153619000,ifrs-full:PropertyPlantAndEquipment,3268713477000,ifrs-full:Assets,41357399000,ifrs-full:IntangibleAssetsOtherThanGoodwill,,,,,2675628185000,ifrs-full:Liabilities,ARS
1114700,GRUPO FINANCIERO GALICIA SA,Argentina,2022,,,,,360675413000,ifrs-full:PropertyPlantAndEquipment,10488176207000,ifrs-full:Assets,119932486000,ifrs-full:IntangibleAssetsOtherThanGoodwill,,,,,8592294336000,ifrs-full:Liabilities,ARS
1114700,GRUPO FINANCIERO GALICIA SA,Argentina,2023,,,,,773625233000,ifrs-full:PropertyPlantAndEquipment,22246858046000,ifrs-full:Assets,269188109000,ifrs-full:IntangibleAssetsOtherThanGoodwill,,,,,17854034339000,ifrs-full:Liabilities,ARS
1114700,GRUPO FINANCIERO GALICIA SA,Argentina,2024,,,,,995520817000,ifrs-full:PropertyPlantAndEquipment,32517979372000,ifrs-full:Assets,304486250000,ifrs-full:IntangibleAssetsOtherThanGoodwill,,,,,26454235292000,ifrs-full:Liabilities,ARS
1119639,PETROBRAS - PETROLEO BRASILEIRO SA,Brazil,2016,81405000000,ifrs-full:Revenue,55417000000,ifrs-full:CostOfSales,175470000000,ifrs-full:PropertyPlantAndEquipment,246983000000,ifrs-full:Assets,,,,,523000000,ifrs-full:ResearchAndDevelopmentExpense,169433000000,ifrs-full:Liabilities,USD
1119639,PETROBRAS - PETROLEO BRASILEIRO SA,Brazil,2017,77884000000,ifrs-full:Revenue,51198000000,ifrs-full:CostOfSales,176650000000,ifrs-full:PropertyPlantAndEquipment,251366000000,ifrs-full:Assets,,,,,572000000,ifrs-full:ResearchAndDevelopmentExpense,169864000000,ifrs-full:Liabilities,USD
1119639,PETROBRAS - PETROLEO BRASILEIRO SA,Brazil,2018,84638000000,ifrs-full:Revenue,52184000000,ifrs-full:CostOfSales,157383000000,ifrs-full:PropertyPlantAndEquipment,222068000000,ifrs-full:Assets,,,,,641000000,ifrs-full:ResearchAndDevelopmentExpense,148893000000,ifrs-full:Liabilities,USD
1119639,PETROBRAS - PETROLEO BRASILEIRO SA,Brazil,2019,76589000000,ifrs-full:Revenue,45732000000,ifrs-full:CostOfSales,159265000000,ifrs-full:PropertyPlantAndEquipment,229740000000,ifrs-full:Assets,,,,,-576000000,ifrs-full:ResearchAndDevelopmentExpense,155525000000,ifrs-full:Liabilities,USD
1119639,PETROBRAS - PETROLEO BRASILEIRO SA,Brazil,2020,53683000000,ifrs-full:Revenue,29195000000,ifrs-full:CostOfSales,124201000000,ifrs-full:PropertyPlantAndEquipment,190010000000,ifrs-full:Assets,,,,,355000000,ifrs-full:ResearchAndDevelopmentExpense,130134000000,ifrs-full:Liabilities,USD
1119639,PETROBRAS - PETROLEO BRASILEIRO SA,Brazil,2021,83966000000,ifrs-full:Revenue,43164000000,ifrs-full:CostOfSales,125330000000,ifrs-full:PropertyPlantAndEquipment,174348000000,ifrs-full:Assets,,,,,563000000,ifrs-full:ResearchAndDevelopmentExpense,104536000000,ifrs-full:Liabilities,USD
1119639,PETROBRAS - PETROLEO BRASILEIRO SA,Brazil,2022,124474000000,ifrs-full:Revenue,59486000000,ifrs-full:CostOfSales,130169000000,ifrs-full:PropertyPlantAndEquipment,187191000000,ifrs-full:Assets,,,,,792000000,ifrs-full:ResearchAndDevelopmentExpense,117355000000,ifrs-full:Liabilities,USD
1119639,PETROBRAS - PETROLEO BRASILEIRO SA,Brazil,2023,102409000000,ifrs-full:Revenue,48435000000,ifrs-full:CostOfSales,153424000000,ifrs-full:PropertyPlantAndEquipment,217067000000,ifrs-full:Assets,,,,,726000000,ifrs-full:ResearchAndDevelopmentExpense,138092000000,ifrs-full:Liabilities,USD
1119639,PETROBRAS - PETROLEO BRASILEIRO SA,Brazil,2024,91416000000,ifrs-full:Revenue,45444000000,ifrs-full:CostOfSales,136285000000,ifrs-full:PropertyPlantAndEquipment,181645000000,ifrs-full:Assets,,,,,789000000,ifrs-full:ResearchAndDevelopmentExpense,122295000000,ifrs-full:Liabilities,USD
1122491,BRF S.A.,Brazil,2016,27883900000,ifrs-full:Revenue,20934000000,ifrs-full:CostOfSales,11746200000,ifrs-full:PropertyPlantAndEquipment,42944900000,ifrs-full:Assets,5656700000,ifrs-full:IntangibleAssetsOtherThanGoodwill,,,200200000,ifrs-full:ResearchAndDevelopmentExpense,18085100000,ifrs-full:Liabilities,BRL
1122491,BRF S.A.,Brazil,2017,28314160000,ifrs-full:Revenue,22601215000,ifrs-full:CostOfSales,12190583000,ifrs-full:PropertyPlantAndEquipment,45228500000,ifrs-full:Assets,663184000,ifrs-full:IntangibleAssetsOtherThanGoodwill,,,52000000,ifrs-full:ResearchAndDevelopmentExpense,18641300000,ifrs-full:Liabilities,BRL
1122491,BRF S.A.,Brazil,2018,30188421000,ifrs-full:Revenue,25320753000,ifrs-full:CostOfSales,10696998000,ifrs-full:PropertyPlantAndEquipment,42382377000,ifrs-full:Assets,-206334000,ifrs-full:IntangibleAssetsOtherThanGoodwill,,,53500000,ifrs-full:ResearchAndDevelopmentExpense,20361960000,ifrs-full:Liabilities,BRL
1122491,BRF S.A.,Brazil,2019,33446980000,ifrs-full:Revenue,25490912000,ifrs-full:CostOfSales,12276889000,ifrs-full:PropertyPlantAndEquipment,41770139000,ifrs-full:Assets,2748337000,ifrs-full:IntangibleAssetsOtherThanGoodwill,,,,,20228277000,ifrs-full:Liabilities,BRL
1122491,BRF S.A.,Brazil,2020,39469700000,ifrs-full:Revenue,30505478000,ifrs-full:CostOfSales,12215580000,ifrs-full:PropertyPlantAndEquipment,49664906000,ifrs-full:Assets,3051229000,ifrs-full:IntangibleAssetsOtherThanGoodwill,2935577000,ifrs-full:Goodwill,,,25411044000,ifrs-full:Liabilities,BRL
1122491,BRF S.A.,Brazil,2021,48343305000,ifrs-full:Revenue,38650772000,ifrs-full:CostOfSales,13040862000,ifrs-full:PropertyPlantAndEquipment,55903387000,ifrs-full:Assets,,,3425183000,ifrs-full:Goodwill,,,25852475000,ifrs-full:Liabilities,BRL
1122491,BRF S.A.,Brazil,2022,53805028000,ifrs-full:Revenue,45672376000,ifrs-full:CostOfSales,14290884000,ifrs-full:PropertyPlantAndEquipment,57854447000,ifrs-full:Assets,,,3474103000,ifrs-full:Goodwill,,,,,BRL
1122491,BRF S.A.,Brazil,2023,53615440000,ifrs-full:Revenue,44781739000,ifrs-full:CostOfSales,14608914000,ifrs-full:PropertyPlantAndEquipment,57272090000,ifrs-full:Assets,,,3390938000,ifrs-full:Goodwill,48041000,ifrs-full:ResearchAndDevelopmentExpense,,,BRL
1122491,BRF S.A.,Brazil,2024,61379038000,ifrs-full:Revenue,45543222000,ifrs-full:CostOfSales,15068229000,ifrs-full:PropertyPlantAndEquipment,62675076000,ifrs-full:Assets,,,3771262000,ifrs-full:Goodwill,66068000,ifrs-full:ResearchAndDevelopmentExpense,,,BRL
1123452,SOUTHEAST AIRPORT GROUP,Mexico,2016,9753491000,ifrs-full:Revenue,,,323099000,ifrs-full:PropertyPlantAndEquipment,29216091000,us-gaap:Assets,,,,,,,6462137000,us-gaap:Liabilities,MXN
1123452,SOUTHEAST AIRPORT GROUP,Mexico,2017,12589818000,ifrs-full:Revenue,,,473238000,ifrs-full:PropertyPlantAndEquipment,56614103000,us-gaap:Assets,,,2362124000,ifrs-full:Goodwill,,,22925802000,us-gaap:Liabilities,MXN
1123452,SOUTHEAST AIRPORT GROUP,Mexico,2018,15410241000,ifrs-full:Revenue,,,558480000,ifrs-full:PropertyPlantAndEquipment,,,,,2362124000,ifrs-full:Goodwill,,,,,MXN
1123452,SOUTHEAST AIRPORT GROUP,Mexico,2019,16821638000,ifrs-full:Revenue,,,520623000,ifrs-full:PropertyPlantAndEquipment,,,,,2567365000,ifrs-full:Goodwill,,,,,MXN
1123452,SOUTHEAST AIRPORT GROUP,Mexico,2020,12624731000,ifrs-full:Revenue,,,504385000,ifrs-full:PropertyPlantAndEquipment,,,,,2567365000,ifrs-full:Goodwill,,,,,MXN
1123452,SOUTHEAST AIRPORT GROUP,Mexico,2021,18784661000,ifrs-full:Revenue,,,184590000,ifrs-full:PropertyPlantAndEquipment,,,,,2603242000,ifrs-full:Goodwill,,,,,MXN
1123452,SOUTHEAST AIRPORT GROUP,Mexico,2022,25313882000,ifrs-full:Revenue,,,171004000,ifrs-full:PropertyPlantAndEquipment,,,,,2469378000,ifrs-full:Goodwill,,,,,MXN
1123452,SOUTHEAST AIRPORT GROUP,Mexico,2023,25821644000,ifrs-full:Revenue,,,184016000,ifrs-full:PropertyPlantAndEquipment,,,,,2149185000,ifrs-full:Goodwill,,,,,MXN
1123452,SOUTHEAST AIRPORT GROUP,Mexico,2024,31332787000,ifrs-full:Revenue,,,268450000,ifrs-full:PropertyPlantAndEquipment,,,,,2623663000,ifrs-full:Goodwill,,,,,MXN
1128173,IRSA PROPIEDADES COMERCIALES S.A.,Argentina,2015,3858500000,ifrs-full:Revenue,,,118325000,ifrs-full:PropertyPlantAndEquipment,,,,,,,,,,,ARS
1128173,IRSA PROPIEDADES COMERCIALES S.A.,Argentina,2016,11275368000,ifrs-full:Revenue,,,371033000,ifrs-full:PropertyPlantAndEquipment,42421508000,ifrs-full:Assets,111560000,ifrs-full:IntangibleAssetsOtherThanGoodwill,63072000,ifrs-full:Goodwill,,,19405260000,ifrs-full:Liabilities,ARS
1128173,IRSA PROPIEDADES COMERCIALES S.A.,Argentina,2017,10894651000,ifrs-full:Revenue,,,314659000,ifrs-full:PropertyPlantAndEquipment,106206871000,ifrs-full:Assets,469857000,ifrs-full:IntangibleAssetsOtherThanGoodwill,192088000,ifrs-full:Goodwill,,,46755303000,ifrs-full:Liabilities,ARS;USD
1128173,IRSA PROPIEDADES COMERCIALES S.A.,Argentina,2018,21833000000,ifrs-full:Revenue,,,712000000,ifrs-full:PropertyPlantAndEquipment,173881000000,ifrs-full:Assets,405770000,ifrs-full:IntangibleAssetsOtherThanGoodwill,136000000,ifrs-full:Goodwill,,,40385939000,ifrs-full:Liabilities,ARS
1128173,IRSA PROPIEDADES COMERCIALES S.A.,Argentina,2019,17532000000,ifrs-full:Revenue,,,528000000,ifrs-full:PropertyPlantAndEquipment,217042000000,ifrs-full:Assets,1528000000,ifrs-full:IntangibleAssetsOtherThanGoodwill,136000000,ifrs-full:Goodwill,,,103529000000,ifrs-full:Liabilities,ARS
1128173,IRSA PROPIEDADES COMERCIALES S.A.,Argentina,2020,11003000000,ifrs-full:Revenue,,,1373000000,ifrs-full:PropertyPlantAndEquipment,177404000000,ifrs-full:Assets,1474000000,ifrs-full:IntangibleAssetsOtherThanGoodwill,136000000,ifrs-full:Goodwill,,,99391000000,ifrs-full:Liabilities,ARS
1129137,AMERICA MOVIL SAB DE CV/,Mexico,2016,975412488000,ifrs-full:Revenue,485060579000,ifrs-full:CostOfSales,701190066000,ifrs-full:PropertyPlantAndEquipment,1515042274000,ifrs-full:Assets,152369446000,ifrs-full:IntangibleAssetsOtherThanGoodwill,152632635000,ifrs-full:Goodwill,,,1244018507000,ifrs-full:Liabilities,MXN
1129137,AMERICA MOVIL SAB DE CV/,Mexico,2017,1021633535000,ifrs-full:Revenue,496335746000,ifrs-full:CostOfSales,676343198000,ifrs-full:PropertyPlantAndEquipment,1486211852000,ifrs-full:Assets,143539626000,ifrs-full:IntangibleAssetsOtherThanGoodwill,151463232000,ifrs-full:Goodwill,,,1225578335000,ifrs-full:Liabilities,MXN
1129137,AMERICA MOVIL SAB DE CV/,Mexico,2018,1038207681000,ifrs-full:Revenue,508822430000,ifrs-full:CostOfSales,640000720000,ifrs-full:PropertyPlantAndEquipment,1429223392000,ifrs-full:Assets,122137703000,ifrs-full:IntangibleAssetsOtherThanGoodwill,145566497000,ifrs-full:Goodwill,,,1183350970000,ifrs-full:Liabilities,MXN
1129137,AMERICA MOVIL SAB DE CV/,Mexico,2019,851483476000,ifrs-full:Revenue,348776249000,ifrs-full:CostOfSales,639343370000,ifrs-full:PropertyPlantAndEquipment,1531933657000,ifrs-full:Assets,125169389000,ifrs-full:IntangibleAssetsOtherThanGoodwill,152899801000,ifrs-full:Goodwill,,,1305026792000,ifrs-full:Liabilities,MXN
1129137,AMERICA MOVIL SAB DE CV/,Mexico,2020,815399087000,ifrs-full:Revenue,323468972000,ifrs-full:CostOfSales,722929631000,ifrs-full:PropertyPlantAndEquipment,1625048227000,ifrs-full:Assets,133456967000,ifrs-full:IntangibleAssetsOtherThanGoodwill,143052859000,ifrs-full:Goodwill,,,1309930609000,ifrs-full:Liabilities,MXN
1129137,AMERICA MOVIL SAB DE CV/,Mexico,2021,830687452000,ifrs-full:Revenue,328510002000,ifrs-full:CostOfSales,731196679000,ifrs-full:PropertyPlantAndEquipment,1689649849000,ifrs-full:Assets,143225764000,ifrs-full:IntangibleAssetsOtherThanGoodwill,136578194000,ifrs-full:Goodwill,,,1235608123000,ifrs-full:Liabilities,MXN
1129137,AMERICA MOVIL SAB DE CV/,Mexico,2022,844501397000,ifrs-full:Revenue,330532450000,ifrs-full:CostOfSales,657226210000,ifrs-full:PropertyPlantAndEquipment,1618099344000,ifrs-full:Assets,128893422000,ifrs-full:IntangibleAssetsOtherThanGoodwill,141121365000,ifrs-full:Goodwill,,,1180270071000,ifrs-full:Liabilities,MXN
1129137,AMERICA MOVIL SAB DE CV/,Mexico,2023,816012844000,ifrs-full:Revenue,316476140000,ifrs-full:CostOfSales,628650904000,ifrs-full:PropertyPlantAndEquipment,1564185960000,ifrs-full:Assets,121498519000,ifrs-full:IntangibleAssetsOtherThanGoodwill,146078897000,ifrs-full:Goodwill,,,1142483578000,ifrs-full:Liabilities,MXN
1129137,AMERICA MOVIL SAB DE CV/,Mexico,2024,869220584000,ifrs-full:Revenue,331177822000,ifrs-full:CostOfSales,713784429000,ifrs-full:PropertyPlantAndEquipment,1793920957000,ifrs-full:Assets,141736581000,ifrs-full:IntangibleAssetsOtherThanGoodwill,156836369000,ifrs-full:Goodwill,,,1361736636000,ifrs-full:Liabilities,MXN
1132597,Itau Unibanco Holding S.A.,Brazil,2016,,,,,8042000000,ifrs-full:PropertyPlantAndEquipment,1351314000000,ifrs-full:Assets,7381000000,ifrs-full:IntangibleAssetsOtherThanGoodwill,9675000000,ifrs-full:Goodwill,,,1218930000000,ifrs-full:Liabilities,BRL
1132597,Itau Unibanco Holding S.A.,Brazil,2017,111523000000,ifrs-full:Revenue,,,7359000000,ifrs-full:PropertyPlantAndEquipment,1436239000000,ifrs-full:Assets,8667000000,ifrs-full:IntangibleAssetsOtherThanGoodwill,10716000000,ifrs-full:Goodwill,,,1291883000000,ifrs-full:Liabilities,BRL
1132597,Itau Unibanco Holding S.A.,Brazil,2018,104200000000,ifrs-full:Revenue,,,7302000000,ifrs-full:PropertyPlantAndEquipment,1552797000000,ifrs-full:Assets,,,,,,,1402331000000,ifrs-full:Liabilities,BRL
1132597,Itau Unibanco Holding S.A.,Brazil,2019,117079000000,ifrs-full:Revenue,,,7166000000,ifrs-full:PropertyPlantAndEquipment,1637481000000,ifrs-full:Assets,,,,,,,1488016000000,ifrs-full:Liabilities,BRL
1132597,Itau Unibanco Holding S.A.,Brazil,2020,100199000000,ifrs-full:Revenue,,,6937000000,ifrs-full:PropertyPlantAndEquipment,2019251000000,ifrs-full:Assets,,,,,,,1864726000000,ifrs-full:Liabilities,BRL
1132597,Itau Unibanco Holding S.A.,Brazil,2021,126374000000,ifrs-full:Revenue,,,6963000000,ifrs-full:PropertyPlantAndEquipment,2069206000000,ifrs-full:Assets,,,,,,,1904730000000,ifrs-full:Liabilities,BRL
1132597,Itau Unibanco Holding S.A.,Brazil,2022,142279000000,ifrs-full:Revenue,,,7767000000,ifrs-full:PropertyPlantAndEquipment,2321066000000,ifrs-full:Assets,,,,,,,2143959000000,ifrs-full:Liabilities,BRL
1132597,Itau Unibanco Holding S.A.,Brazil,2023,154971000000,ifrs-full:Revenue,,,9135000000,ifrs-full:PropertyPlantAndEquipment,2543100000000,ifrs-full:Assets,,,,,,,2344050000000,ifrs-full:Liabilities,BRL
1132597,Itau Unibanco Holding S.A.,Brazil,2024,168050000000,ifrs-full:Revenue,,,9193000000,ifrs-full:PropertyPlantAndEquipment,2854475000000,ifrs-full:Assets,,,,,,,2633191000000,ifrs-full:Liabilities,BRL
1157557,ENERGY CO OF MINAS GERAIS,Brazil,2016,,,,,3775000000,ifrs-full:PropertyPlantAndEquipment,,,10820000000,ifrs-full:IntangibleAssetsOtherThanGoodwill,,,,,,,BRL
1157557,ENERGY CO OF MINAS GERAIS,Brazil,2017,21712000000,ifrs-full:Revenue,17488000000,ifrs-full:CostOfSales,2762000000,ifrs-full:PropertyPlantAndEquipment,,,11156000000,ifrs-full:IntangibleAssetsOtherThanGoodwill,,,,,,,BRL
1157557,ENERGY CO OF MINAS GERAIS,Brazil,2018,22266000000,ifrs-full:Revenue,17677000000,ifrs-full:CostOfSales,2662000000,ifrs-full:PropertyPlantAndEquipment,59855000000,ifrs-full:Assets,10777000000,ifrs-full:IntangibleAssetsOtherThanGoodwill,,,225000000,ifrs-full:ResearchAndDevelopmentExpense,43916000000,ifrs-full:Liabilities,BRL
1157557,ENERGY CO OF MINAS GERAIS,Brazil,2019,25486000000,ifrs-full:Revenue,19598000000,ifrs-full:CostOfSales,2450000000,ifrs-full:PropertyPlantAndEquipment,50526000000,ifrs-full:Assets,11624000000,ifrs-full:IntangibleAssetsOtherThanGoodwill,,,199000000,ifrs-full:ResearchAndDevelopmentExpense,-34423000000,ifrs-full:Liabilities,BRL
1157557,ENERGY CO OF MINAS GERAIS,Brazil,2020,25228000000,ifrs-full:Revenue,19845000000,ifrs-full:CostOfSales,2407000000,ifrs-full:PropertyPlantAndEquipment,54083000000,ifrs-full:Assets,11810000000,ifrs-full:IntangibleAssetsOtherThanGoodwill,,,225000000,ifrs-full:ResearchAndDevelopmentExpense,36605000000,ifrs-full:Liabilities,BRL
1157557,ENERGY CO OF MINAS GERAIS,Brazil,2021,33646000000,ifrs-full:Revenue,26923000000,ifrs-full:CostOfSales,2419000000,ifrs-full:PropertyPlantAndEquipment,52046000000,ifrs-full:Assets,12953000000,ifrs-full:IntangibleAssetsOtherThanGoodwill,,,,,32584000000,ifrs-full:Liabilities,BRL
1157557,ENERGY CO OF MINAS GERAIS,Brazil,2022,34463000000,ifrs-full:Revenue,27651000000,ifrs-full:CostOfSales,2411000000,ifrs-full:PropertyPlantAndEquipment,53671000000,ifrs-full:Assets,14621000000,ifrs-full:IntangibleAssetsOtherThanGoodwill,,,6000000,ifrs-full:ResearchAndDevelopmentExpense,31887000000,ifrs-full:Liabilities,BRL
1157557,ENERGY CO OF MINAS GERAIS,Brazil,2023,36850000000,ifrs-full:Revenue,28466000000,ifrs-full:CostOfSales,3256000000,ifrs-full:PropertyPlantAndEquipment,55000000000,ifrs-full:Assets,15249000000,ifrs-full:IntangibleAssetsOtherThanGoodwill,6000000,ifrs-full:Goodwill,6000000,ifrs-full:ResearchAndDevelopmentExpense,30344000000,ifrs-full:Liabilities,BRL
1157557,ENERGY CO OF MINAS GERAIS,Brazil,2024,39820000000,ifrs-full:Revenue,31664000000,ifrs-full:CostOfSales,3715000000,ifrs-full:PropertyPlantAndEquipment,59726000000,ifrs-full:Assets,16806000000,ifrs-full:IntangibleAssetsOtherThanGoodwill,,,3000000,ifrs-full:ResearchAndDevelopmentExpense,32344000000,ifrs-full:Liabilities,BRL
1160330,BANK BRADESCO,Brazil,2016,,,,,8397116000,ifrs-full:PropertyPlantAndEquipment,1192029656000,ifrs-full:Assets,15797526000,ifrs-full:IntangibleAssetsOtherThanGoodwill,,,,,1086550449000,ifrs-full:Liabilities,BRL
1160330,BANK BRADESCO,Brazil,2017,,,,,8432475000,ifrs-full:PropertyPlantAndEquipment,1224353440000,ifrs-full:Assets,16179307000,ifrs-full:IntangibleAssetsOtherThanGoodwill,,,,,1106659736000,ifrs-full:Liabilities,BRL
1160330,BANK BRADESCO,Brazil,2018,,,,,14659222000,ifrs-full:PropertyPlantAndEquipment,1305543714000,ifrs-full:Assets,16128548000,ifrs-full:IntangibleAssetsOtherThanGoodwill,,,,,1180867594000,ifrs-full:Liabilities,BRL
1160330,BANK BRADESCO,Brazil,2019,,,,,14071129000,ifrs-full:PropertyPlantAndEquipment,1378527685000,ifrs-full:Assets,14724647000,ifrs-full:IntangibleAssetsOtherThanGoodwill,,,,,1242984111000,ifrs-full:Liabilities,BRL
1160330,BANK BRADESCO,Brazil,2020,,,,,14071129000,ifrs-full:PropertyPlantAndEquipment,1604653790000,ifrs-full:Assets,14669464000,ifrs-full:IntangibleAssetsOtherThanGoodwill,,,,,1458536416000,ifrs-full:Liabilities,BRL
1160330,BANK BRADESCO,Brazil,2021,,,,,13513105000,ifrs-full:PropertyPlantAndEquipment,1675572193000,ifrs-full:Assets,14911007000,ifrs-full:IntangibleAssetsOtherThanGoodwill,,,,,1525343486000,ifrs-full:Liabilities,BRL
1160330,BANK BRADESCO,Brazil,2022,,,,,11971122000,ifrs-full:PropertyPlantAndEquipment,1792288792000,ifrs-full:Assets,18799813000,ifrs-full:IntangibleAssetsOtherThanGoodwill,,,,,1632277955000,ifrs-full:Liabilities,BRL
1160330,BANK BRADESCO,Brazil,2023,,,,,11118009000,ifrs-full:PropertyPlantAndEquipment,1927523249000,ifrs-full:Assets,22107146000,ifrs-full:IntangibleAssetsOtherThanGoodwill,,,,,1760509125000,ifrs-full:Liabilities,BRL
1160330,BANK BRADESCO,Brazil,2024,,,,,10220444000,ifrs-full:PropertyPlantAndEquipment,2069484362000,ifrs-full:Assets,23749208000,ifrs-full:IntangibleAssetsOtherThanGoodwill,,,,,1900541870000,ifrs-full:Liabilities,BRL
1160330,BANK BRADESCO,Brazil,2025,,,,,9405491000,ifrs-full:PropertyPlantAndEquipment,2330327216000,ifrs-full:Assets,25739659000,ifrs-full:IntangibleAssetsOtherThanGoodwill,,,,,2151378586000,ifrs-full:Liabilities,BRL
1160846,OI S.A. - In Judicial Reorganization,Brazil,2016,25996423000,us-gaap:Revenues,16741791000,us-gaap:CostOfRevenue,26079832000,us-gaap:PropertyPlantAndEquipmentNet,74046854000,us-gaap:Assets,10511059000,us-gaap:IntangibleAssetsNetExcludingGoodwill,,,,,79396148000,us-gaap:Liabilities,BRL
1160846,OI S.A. - In Judicial Reorganization,Brazil,2017,23789654000,us-gaap:Revenues,15676216000,us-gaap:CostOfRevenue,27083454000,us-gaap:PropertyPlantAndEquipmentNet,70986768000,us-gaap:Assets,9254839000,us-gaap:IntangibleAssetsNetExcludingGoodwill,,,,,80670829000,us-gaap:Liabilities,BRL
1160846,OI S.A. - In Judicial Reorganization,Brazil,2018,22060014000,us-gaap:Revenues,15822732000,us-gaap:CostOfRevenue,28468798000,us-gaap:PropertyPlantAndEquipmentNet,67247601000,us-gaap:Assets,8025442000,us-gaap:IntangibleAssetsNetExcludingGoodwill,,,,,38048105000,us-gaap:Liabilities,BRL
1161125,BANK OF CHILE,Chile,2016,,,,,219082000000,ifrs-full:PropertyPlantAndEquipment,31357304000000,ifrs-full:Assets,,,16714000000,ifrs-full:Goodwill,,,28049630000000,ifrs-full:Liabilities,CLP
1161125,BANK OF CHILE,Chile,2017,,,,,216259000000,ifrs-full:PropertyPlantAndEquipment,32561437000000,ifrs-full:Assets,,,16714000000,ifrs-full:Goodwill,,,29016089000000,ifrs-full:Liabilities,CLP
1161125,BANK OF CHILE,Chile,2018,,,,,215872000000,ifrs-full:PropertyPlantAndEquipment,35601430000000,ifrs-full:Assets,,,85471000000,ifrs-full:Goodwill,,,31927714000000,ifrs-full:Liabilities,CLP
1161125,BANK OF CHILE,Chile,2019,,,,,220262000000,ifrs-full:PropertyPlantAndEquipment,41013874000000,ifrs-full:Assets,91717000000,ifrs-full:IntangibleAssetsOtherThanGoodwill,,,,,37108113000000,ifrs-full:Liabilities,CLP
1161125,BANK OF CHILE,Chile,2020,,,,,217928000000,ifrs-full:PropertyPlantAndEquipment,45550960000000,ifrs-full:Assets,94111000000,ifrs-full:IntangibleAssetsOtherThanGoodwill,,,,,41553879000000,ifrs-full:Liabilities,CLP
1161125,BANK OF CHILE,Chile,2021,103000000,ifrs-full:RevenueFromContractsWithCustomers,,,222320000000,ifrs-full:PropertyPlantAndEquipment,51425948000000,ifrs-full:Assets,105942000000,ifrs-full:IntangibleAssetsOtherThanGoodwill,,,,,46606976000000,ifrs-full:Liabilities,CLP
1161125,BANK OF CHILE,Chile,2022,92000000,ifrs-full:RevenueFromContractsWithCustomers,,,210124000000,ifrs-full:PropertyPlantAndEquipment,55108854000000,ifrs-full:Assets,,,,,,,49677417000000,ifrs-full:Liabilities,CLP
1161125,BANK OF CHILE,Chile,2023,,,,,201657000000,ifrs-full:PropertyPlantAndEquipment,55718041000000,ifrs-full:Assets,,,,,,,49636096000000,ifrs-full:Liabilities,CLP
1161125,BANK OF CHILE,Chile,2024,,,,,189073000000,ifrs-full:PropertyPlantAndEquipment,52055542000000,ifrs-full:Assets,,,,,,,45550646000000,ifrs-full:Liabilities,CLP
1170858,COMPANHIA DE SANEAMENTO BASICO DO ESTADO DE SAO PAULO-SABESP,Brazil,2016,14098208000,ifrs-full:Revenue,9013120000,ifrs-full:CostOfSales,302383000,ifrs-full:PropertyPlantAndEquipment,36745034000,ifrs-full:Assets,31246788000,ifrs-full:IntangibleAssetsOtherThanGoodwill,,,,,21325823000,ifrs-full:Liabilities,BRL
1170858,COMPANHIA DE SANEAMENTO BASICO DO ESTADO DE SAO PAULO-SABESP,Brazil,2017,14608233000,ifrs-full:Revenue,8778963000,ifrs-full:CostOfSales,255050000,ifrs-full:PropertyPlantAndEquipment,39546444000,ifrs-full:Assets,33466132000,ifrs-full:IntangibleAssetsOtherThanGoodwill,,,,,22033435000,ifrs-full:Liabilities,BRL
1170858,COMPANHIA DE SANEAMENTO BASICO DO ESTADO DE SAO PAULO-SABESP,Brazil,2018,16085094000,ifrs-full:Revenue,9086456000,ifrs-full:CostOfSales,267612000,ifrs-full:PropertyPlantAndEquipment,43565118000,ifrs-full:Assets,29012460000,ifrs-full:IntangibleAssetsOtherThanGoodwill,,,,,24013430000,ifrs-full:Liabilities,BRL
1170858,COMPANHIA DE SANEAMENTO BASICO DO ESTADO DE SAO PAULO-SABESP,Brazil,2019,17983654000,ifrs-full:Revenue,10137637000,ifrs-full:CostOfSales,314393000,ifrs-full:PropertyPlantAndEquipment,46457800000,ifrs-full:Assets,32325447000,ifrs-full:IntangibleAssetsOtherThanGoodwill,,,,,24822017000,ifrs-full:Liabilities,BRL
1170858,COMPANHIA DE SANEAMENTO BASICO DO ESTADO DE SAO PAULO-SABESP,Brazil,2020,17797541000,ifrs-full:Revenue,11179667000,ifrs-full:CostOfSales,268251000,ifrs-full:PropertyPlantAndEquipment,50418636000,ifrs-full:Assets,34405575000,ifrs-full:IntangibleAssetsOtherThanGoodwill,,,,,27624932000,ifrs-full:Liabilities,BRL
1170858,COMPANHIA DE SANEAMENTO BASICO DO ESTADO DE SAO PAULO-SABESP,Brazil,2021,19491061000,ifrs-full:Revenue,12800042000,ifrs-full:CostOfSales,291157000,ifrs-full:PropertyPlantAndEquipment,53165485000,ifrs-full:Assets,39320871000,ifrs-full:IntangibleAssetsOtherThanGoodwill,,,,,28233626000,ifrs-full:Liabilities,BRL
1170858,COMPANHIA DE SANEAMENTO BASICO DO ESTADO DE SAO PAULO-SABESP,Brazil,2022,22055720000,ifrs-full:Revenue,14350903000,ifrs-full:CostOfSales,338939000,ifrs-full:PropertyPlantAndEquipment,57207765000,ifrs-full:Assets,39320871000,ifrs-full:IntangibleAssetsOtherThanGoodwill,,,,,29874232000,ifrs-full:Liabilities,BRL
1170858,COMPANHIA DE SANEAMENTO BASICO DO ESTADO DE SAO PAULO-SABESP,Brazil,2023,25572056000,ifrs-full:Revenue,16051866000,ifrs-full:CostOfSales,474559000,ifrs-full:PropertyPlantAndEquipment,61470957000,ifrs-full:Assets,44012858000,ifrs-full:IntangibleAssetsOtherThanGoodwill,,,,,31613581000,ifrs-full:Liabilities,BRL
1170858,COMPANHIA DE SANEAMENTO BASICO DO ESTADO DE SAO PAULO-SABESP,Brazil,2024,36145477000,ifrs-full:Revenue,16603073000,ifrs-full:CostOfSales,561548000,ifrs-full:PropertyPlantAndEquipment,80965430000,ifrs-full:Assets,44771124000,ifrs-full:IntangibleAssetsOtherThanGoodwill,,,,,44037376000,ifrs-full:Liabilities,BRL
1190723,TENARIS SA,Argentina,2016,4293592000,ifrs-full:Revenue,3165684000,ifrs-full:CostOfSales,6001939000,ifrs-full:PropertyPlantAndEquipment,14003275000,ifrs-full:Assets,,,,,68600000,ifrs-full:ResearchAndDevelopmentExpense,2590203000,ifrs-full:Liabilities,USD
1190723,TENARIS SA,Argentina,2017,5288504000,ifrs-full:Revenue,3685057000,ifrs-full:CostOfSales,6229143000,ifrs-full:PropertyPlantAndEquipment,14398218000,ifrs-full:Assets,,,1292000000,ifrs-full:Goodwill,63700000,ifrs-full:ResearchAndDevelopmentExpense,2817248000,ifrs-full:Liabilities,USD
1190723,TENARIS SA,Argentina,2018,7658588000,ifrs-full:Revenue,5279300000,ifrs-full:CostOfSales,6063908000,ifrs-full:PropertyPlantAndEquipment,14251299000,ifrs-full:Assets,,,1288000000,ifrs-full:Goodwill,63400000,ifrs-full:ResearchAndDevelopmentExpense,2375807000,ifrs-full:Liabilities,USD
1190723,TENARIS SA,Argentina,2019,7294055000,ifrs-full:Revenue,5107495000,ifrs-full:CostOfSales,6090017000,ifrs-full:PropertyPlantAndEquipment,14842991000,ifrs-full:Assets,,,1320000000,ifrs-full:Goodwill,61100000,ifrs-full:ResearchAndDevelopmentExpense,2656619000,ifrs-full:Liabilities,USD
1190723,TENARIS SA,Argentina,2020,5146734000,ifrs-full:Revenue,4087317000,ifrs-full:CostOfSales,6193181000,ifrs-full:PropertyPlantAndEquipment,13716189000,ifrs-full:Assets,,,1086000000,ifrs-full:Goodwill,41800000,ifrs-full:ResearchAndDevelopmentExpense,2269716000,ifrs-full:Liabilities,USD
1190723,TENARIS SA,Argentina,2021,6521207000,ifrs-full:Revenue,4611602000,ifrs-full:CostOfSales,5824801000,ifrs-full:PropertyPlantAndEquipment,14449431000,ifrs-full:Assets,,,1085000000,ifrs-full:Goodwill,45300000,ifrs-full:ResearchAndDevelopmentExpense,2343729000,ifrs-full:Liabilities,USD
1190723,TENARIS SA,Argentina,2022,11762526000,ifrs-full:Revenue,7087739000,ifrs-full:CostOfSales,5556263000,ifrs-full:PropertyPlantAndEquipment,17550246000,ifrs-full:Assets,,,1085000000,ifrs-full:Goodwill,50700000,ifrs-full:ResearchAndDevelopmentExpense,3515809000,ifrs-full:Liabilities,USD
1190723,TENARIS SA,Argentina,2023,14868860000,ifrs-full:Revenue,8668915000,ifrs-full:CostOfSales,6078179000,ifrs-full:PropertyPlantAndEquipment,21081895000,ifrs-full:Assets,,,1104000000,ifrs-full:Goodwill,60000000,ifrs-full:ResearchAndDevelopmentExpense,4051458000,ifrs-full:Liabilities,USD
1190723,TENARIS SA,Argentina,2024,12523934000,ifrs-full:Revenue,8135489000,ifrs-full:CostOfSales,6121471000,ifrs-full:PropertyPlantAndEquipment,20450125000,ifrs-full:Assets,,,,,74200000,ifrs-full:ResearchAndDevelopmentExpense,3636290000,ifrs-full:Liabilities,USD
1190723,TENARIS SA,Argentina,2025,11981157000,ifrs-full:Revenue,7860744000,ifrs-full:CostOfSales,6205082000,ifrs-full:PropertyPlantAndEquipment,20072313000,ifrs-full:Assets,,,,,64200000,ifrs-full:ResearchAndDevelopmentExpense,3243245000,ifrs-full:Liabilities,USD
1273441,GRAN TIERRA ENERGY INC.,Colombia,2016,,,,,1066609000,us-gaap:PropertyPlantAndEquipmentNet,1367896000,us-gaap:Assets,,,102581000,us-gaap:Goodwill,,,,,USD
1273441,GRAN TIERRA ENERGY INC.,Colombia,2017,421734000,us-gaap:RevenueFromContractWithCustomerExcludingAssessedTax,,,1099224000,us-gaap:PropertyPlantAndEquipmentNet,1429619000,us-gaap:Assets,,,102581000,us-gaap:Goodwill,,,,,USD
1273441,GRAN TIERRA ENERGY INC.,Colombia,2018,613431000,us-gaap:RevenueFromContractWithCustomerExcludingAssessedTax,,,1312777000,us-gaap:PropertyPlantAndEquipmentNet,1676584000,us-gaap:Assets,,,102581000,us-gaap:Goodwill,,,,,USD
1273441,GRAN TIERRA ENERGY INC.,Colombia,2019,570983000,us-gaap:RevenueFromContractWithCustomerExcludingAssessedTax,,,1577393000,us-gaap:PropertyPlantAndEquipmentNet,2044664000,us-gaap:Assets,,,102581000,us-gaap:Goodwill,,,,,USD
1273441,GRAN TIERRA ENERGY INC.,Colombia,2020,237838000,us-gaap:RevenueFromContractWithCustomerExcludingAssessedTax,,,964482000,us-gaap:PropertyPlantAndEquipmentNet,1201725000,us-gaap:Assets,,,0,us-gaap:Goodwill,,,,,USD
1273441,GRAN TIERRA ENERGY INC.,Colombia,2021,473722000,us-gaap:RevenueFromContractWithCustomerExcludingAssessedTax,147339000,us-gaap:CostOfGoodsAndServicesSold,995797000,us-gaap:PropertyPlantAndEquipmentNet,1189111000,us-gaap:Assets,,,,,,,,,USD
1273441,GRAN TIERRA ENERGY INC.,Colombia,2022,711388000,us-gaap:RevenueFromContractWithCustomerExcludingAssessedTax,172582000,us-gaap:CostOfGoodsAndServicesSold,,,1335610000,us-gaap:Assets,,,,,,,,,USD
1273441,GRAN TIERRA ENERGY INC.,Colombia,2023,636957000,us-gaap:RevenueFromContractWithCustomerExcludingAssessedTax,201410000,us-gaap:CostOfGoodsAndServicesSold,1142850000,us-gaap:PropertyPlantAndEquipmentNet,1326289000,us-gaap:Assets,,,,,,,,,USD
1273441,GRAN TIERRA ENERGY INC.,Colombia,2024,621849000,us-gaap:RevenueFromContractWithCustomerExcludingAssessedTax,220795000,us-gaap:CostOfGoodsAndServicesSold,1423131000,us-gaap:PropertyPlantAndEquipmentNet,1654787000,us-gaap:Assets,,,,,,,,,USD
1273441,GRAN TIERRA ENERGY INC.,Colombia,2025,596713000,us-gaap:RevenueFromContractWithCustomerExcludingAssessedTax,265772000,us-gaap:CostOfGoodsAndServicesSold,1304420000,us-gaap:PropertyPlantAndEquipmentNet,1586079000,us-gaap:Assets,,,,,,,,,USD
1276671,BANCO ITAU CHILE,Chile,2016,,,,,121043000000,ifrs-full:PropertyPlantAndEquipment,28909337000000,ifrs-full:Assets,1614475000000,ifrs-full:IntangibleAssetsOtherThanGoodwill,1145308000000,ifrs-full:Goodwill,,,25485625000000,ifrs-full:Liabilities,CLP
1276671,BANCO ITAU CHILE,Chile,2017,,,,,130579000000,ifrs-full:PropertyPlantAndEquipment,28032773000000,ifrs-full:Assets,1562654000000,ifrs-full:IntangibleAssetsOtherThanGoodwill,3428757000000,ifrs-full:Goodwill,,,24604016000000,ifrs-full:Liabilities,CLP
1276671,BANCO ITAU CHILE,Chile,2018,,,,,95564000000,ifrs-full:PropertyPlantAndEquipment,29323338000000,ifrs-full:Assets,1570964000000,ifrs-full:IntangibleAssetsOtherThanGoodwill,,,,,25885778000000,ifrs-full:Liabilities,CLP
1276671,BANCO ITAU CHILE,Chile,2019,,,,,95080000000,ifrs-full:PropertyPlantAndEquipment,33610056000000,ifrs-full:Assets,1574433000000,ifrs-full:IntangibleAssetsOtherThanGoodwill,,,,,30283718000000,ifrs-full:Liabilities,CLP
1276671,BANCO ITAU CHILE,Chile,2020,,,,,80615000000,ifrs-full:PropertyPlantAndEquipment,35486448000000,ifrs-full:Assets,718683000000,ifrs-full:IntangibleAssetsOtherThanGoodwill,,,,,33103113000000,ifrs-full:Liabilities,CLP
1276671,BANCO ITAU CHILE,Chile,2021,,,,,71933000000,ifrs-full:PropertyPlantAndEquipment,37600243000000,ifrs-full:Assets,699344000000,ifrs-full:IntangibleAssetsOtherThanGoodwill,,,,,34275022000000,ifrs-full:Liabilities,CLP
1276671,BANCO ITAU CHILE,Chile,2022,,,,,60196000000,ifrs-full:PropertyPlantAndEquipment,40320766000000,ifrs-full:Assets,,,,,,,37002977000000,ifrs-full:Liabilities,CLP
1291733,Gol Intelligent Airlines Inc.,Brazil,2016,9720497000,ifrs-full:Revenue,,,3025010000,ifrs-full:PropertyPlantAndEquipment,8404355000,ifrs-full:Assets,,,1038900000,ifrs-full:Goodwill,,,,,BRL
1291733,Gol Intelligent Airlines Inc.,Brazil,2017,10329034000,ifrs-full:Revenue,,,3195766000,ifrs-full:PropertyPlantAndEquipment,10004748000,ifrs-full:Assets,,,1038900000,ifrs-full:Goodwill,,,,,BRL
1291733,Gol Intelligent Airlines Inc.,Brazil,2018,11411354000,ifrs-full:Revenue,,,2818057000,ifrs-full:PropertyPlantAndEquipment,10378266000,ifrs-full:Assets,,,,,,,,,BRL
1291733,Gol Intelligent Airlines Inc.,Brazil,2019,13864704000,ifrs-full:Revenue,,,6058101000,ifrs-full:PropertyPlantAndEquipment,15298446000,ifrs-full:Assets,,,110741000,ifrs-full:Goodwill,,,,,BRL
1291733,Gol Intelligent Airlines Inc.,Brazil,2020,6371817000,ifrs-full:Revenue,,,4960288000,ifrs-full:PropertyPlantAndEquipment,12814136000,ifrs-full:Assets,,,65611000,ifrs-full:Goodwill,,,,,BRL
1291733,Gol Intelligent Airlines Inc.,Brazil,2021,7433384000,ifrs-full:Revenue,,,7675170000,ifrs-full:PropertyPlantAndEquipment,14402343000,ifrs-full:Assets,1823209000,ifrs-full:IntangibleAssetsOtherThanGoodwill,66757000,ifrs-full:Goodwill,,,,,BRL
1291733,Gol Intelligent Airlines Inc.,Brazil,2022,15198725000,ifrs-full:Revenue,,,9588696000,ifrs-full:PropertyPlantAndEquipment,16970285000,ifrs-full:Assets,1862989000,ifrs-full:IntangibleAssetsOtherThanGoodwill,69932000,ifrs-full:Goodwill,,,,,BRL
1291733,Gol Intelligent Airlines Inc.,Brazil,2023,18774024000,ifrs-full:Revenue,,,9187700000,ifrs-full:PropertyPlantAndEquipment,16726194000,ifrs-full:Assets,1937800000,ifrs-full:IntangibleAssetsOtherThanGoodwill,45147000,ifrs-full:Goodwill,,,,,BRL
1300482,CPFL Energy INC,Brazil,2016,19112089000,ifrs-full:Revenue,,,9712998000,ifrs-full:PropertyPlantAndEquipment,42170992000,ifrs-full:Assets,,,,,,,,,BRL
1300482,CPFL Energy INC,Brazil,2017,26744905000,ifrs-full:Revenue,,,9787125000,ifrs-full:PropertyPlantAndEquipment,41282912000,ifrs-full:Assets,,,,,,,,,BRL
1300482,CPFL Energy INC,Brazil,2018,28136627000,ifrs-full:Revenue,,,9456614000,ifrs-full:PropertyPlantAndEquipment,42211530000,ifrs-full:Assets,,,,,,,,,BRL
1300482,CPFL Energy INC,Brazil,2019,29932474000,ifrs-full:Revenue,,,9083710000,ifrs-full:PropertyPlantAndEquipment,44078293000,ifrs-full:Assets,,,,,,,,,BRL
1342874,Ternium S.A.,Mexico,2016,7223975000,ifrs-full:Revenue,5384390000,ifrs-full:CostOfSales,4135977000,ifrs-full:PropertyPlantAndEquipment,8322870000,ifrs-full:Assets,,,,,9200000,ifrs-full:ResearchAndDevelopmentExpense,3156277000,ifrs-full:Liabilities,USD
1342874,Ternium S.A.,Mexico,2017,9700296000,ifrs-full:Revenue,7403025000,ifrs-full:CostOfSales,5349753000,ifrs-full:PropertyPlantAndEquipment,12122566000,ifrs-full:Assets,,,,,9800000,ifrs-full:ResearchAndDevelopmentExpense,6269795000,ifrs-full:Liabilities,USD
1342874,Ternium S.A.,Mexico,2018,11454807000,ifrs-full:Revenue,8483328000,ifrs-full:CostOfSales,5817609000,ifrs-full:PropertyPlantAndEquipment,12547862000,ifrs-full:Assets,,,,,8900000,ifrs-full:ResearchAndDevelopmentExpense,5063286000,ifrs-full:Liabilities,USD
1342874,Ternium S.A.,Mexico,2019,10192818000,ifrs-full:Revenue,8452440000,ifrs-full:CostOfSales,6539581000,ifrs-full:PropertyPlantAndEquipment,12935533000,ifrs-full:Assets,,,,,10000000,ifrs-full:ResearchAndDevelopmentExpense,5220660000,ifrs-full:Liabilities,USD
1342874,Ternium S.A.,Mexico,2020,8735435000,ifrs-full:Revenue,7099923000,ifrs-full:CostOfSales,6504681000,ifrs-full:PropertyPlantAndEquipment,12856235000,ifrs-full:Assets,,,,,8300000,ifrs-full:ResearchAndDevelopmentExpense,4413082000,ifrs-full:Liabilities,USD
1342874,Ternium S.A.,Mexico,2021,16090744000,ifrs-full:Revenue,9895070000,ifrs-full:CostOfSales,6431578000,ifrs-full:PropertyPlantAndEquipment,17097907000,ifrs-full:Assets,,,,,9800000,ifrs-full:ResearchAndDevelopmentExpense,4862869000,ifrs-full:Liabilities,USD
1342874,Ternium S.A.,Mexico,2022,16414466000,ifrs-full:Revenue,12487282000,ifrs-full:CostOfSales,6261887000,ifrs-full:PropertyPlantAndEquipment,17491548000,ifrs-full:Assets,,,,,16300000,ifrs-full:ResearchAndDevelopmentExpense,3723155000,ifrs-full:Liabilities,USD
1342874,Ternium S.A.,Mexico,2023,17610092000,ifrs-full:Revenue,14050737000,ifrs-full:CostOfSales,7637687000,ifrs-full:PropertyPlantAndEquipment,24179104000,ifrs-full:Assets,,,,,19000000,ifrs-full:ResearchAndDevelopmentExpense,7367245000,ifrs-full:Liabilities,USD
1342874,Ternium S.A.,Mexico,2024,17649060000,ifrs-full:Revenue,14760224000,ifrs-full:CostOfSales,8381155000,ifrs-full:PropertyPlantAndEquipment,23128547000,ifrs-full:Assets,,,,,23800000,ifrs-full:ResearchAndDevelopmentExpense,6996978000,ifrs-full:Liabilities,USD
1342874,Ternium S.A.,Mexico,2025,15609094000,ifrs-full:Revenue,13255990000,ifrs-full:CostOfSales,10406110000,ifrs-full:PropertyPlantAndEquipment,23615091000,ifrs-full:Assets,,,,,21800000,ifrs-full:ResearchAndDevelopmentExpense,7467345000,ifrs-full:Liabilities,USD
1345105,"Copa Holdings, S.A.",Panama,2016,2219186000,ifrs-full:Revenue,,,2418164000,ifrs-full:PropertyPlantAndEquipment,3640595000,ifrs-full:Assets,,,,,,,2008715000,ifrs-full:Liabilities,USD
1345105,"Copa Holdings, S.A.",Panama,2017,2521786000,ifrs-full:Revenue,,,2614216000,ifrs-full:PropertyPlantAndEquipment,4422263000,ifrs-full:Assets,,,,,,,2571325000,ifrs-full:Liabilities,USD
1345105,"Copa Holdings, S.A.",Panama,2018,2677627000,ifrs-full:Revenue,,,2698131000,ifrs-full:PropertyPlantAndEquipment,4441905000,ifrs-full:Assets,,,,,,,2645311000,ifrs-full:Liabilities,USD
1345105,"Copa Holdings, S.A.",Panama,2019,2707408000,ifrs-full:Revenue,,,2532402000,ifrs-full:PropertyPlantAndEquipment,4357378000,ifrs-full:Assets,,,,,,,2422472000,ifrs-full:Liabilities,USD
1345105,"Copa Holdings, S.A.",Panama,2020,801003000,ifrs-full:Revenue,,,2147486000,ifrs-full:PropertyPlantAndEquipment,3853384000,ifrs-full:Assets,,,,,,,2569826000,ifrs-full:Liabilities,USD
1345105,"Copa Holdings, S.A.",Panama,2021,1509931000,ifrs-full:Revenue,,,2512704000,ifrs-full:PropertyPlantAndEquipment,4248261000,ifrs-full:Assets,,,,,,,2948864000,ifrs-full:Liabilities,USD
1345105,"Copa Holdings, S.A.",Panama,2022,2965033000,ifrs-full:Revenue,,,2883524000,ifrs-full:PropertyPlantAndEquipment,4690362000,ifrs-full:Assets,,,,,,,3198252000,ifrs-full:Liabilities,USD
1345105,"Copa Holdings, S.A.",Panama,2023,3457004000,ifrs-full:Revenue,,,3238632000,ifrs-full:PropertyPlantAndEquipment,5196836000,ifrs-full:Assets,,,,,,,3074688000,ifrs-full:Liabilities,USD
1345105,"Copa Holdings, S.A.",Panama,2024,3446198000,ifrs-full:Revenue,,,3458260000,ifrs-full:PropertyPlantAndEquipment,5742286000,ifrs-full:Assets,,,,,,,3369543000,ifrs-full:Liabilities,USD
1345105,"Copa Holdings, S.A.",Panama,2025,3617822000,ifrs-full:Revenue,,,4120055000,ifrs-full:PropertyPlantAndEquipment,6583024000,ifrs-full:Assets,,,,,,,3807601000,ifrs-full:Liabilities,USD
1347557,Pacific Airport Group,Mexico,2016,11107561000,ifrs-full:Revenue,1782371000,ifrs-full:CostOfSales,1630393000,ifrs-full:PropertyPlantAndEquipment,36051462000,ifrs-full:Assets,,,,,,,13646893000,ifrs-full:Liabilities,MXN
1347557,Pacific Airport Group,Mexico,2017,12365918000,ifrs-full:Revenue,2110407000,ifrs-full:CostOfSales,1655688000,ifrs-full:PropertyPlantAndEquipment,39517532000,ifrs-full:Assets,,,,,,,17440763000,ifrs-full:Liabilities,MXN
1347557,Pacific Airport Group,Mexico,2018,14122890000,ifrs-full:Revenue,2453722000,ifrs-full:CostOfSales,1906233000,ifrs-full:PropertyPlantAndEquipment,39550502000,ifrs-full:Assets,,,,,,,17778352000,ifrs-full:Liabilities,MXN
1347557,Pacific Airport Group,Mexico,2019,16226021000,ifrs-full:Revenue,2744864000,ifrs-full:CostOfSales,1905684000,ifrs-full:PropertyPlantAndEquipment,41577804000,ifrs-full:Assets,,,,,,,20908361000,ifrs-full:Liabilities,MXN
1347557,Pacific Airport Group,Mexico,2020,11866373000,ifrs-full:Revenue,2668707000,ifrs-full:CostOfSales,2146232000,ifrs-full:PropertyPlantAndEquipment,51361173000,ifrs-full:Assets,,,,,,,28508390000,ifrs-full:Liabilities,MXN
1347557,Pacific Airport Group,Mexico,2021,19014906000,ifrs-full:Revenue,,,3094220000,ifrs-full:PropertyPlantAndEquipment,55323085000,ifrs-full:Assets,,,,,,,34894485000,ifrs-full:Liabilities,MXN
1347557,Pacific Airport Group,Mexico,2022,27380376000,ifrs-full:Revenue,,,3928258000,ifrs-full:PropertyPlantAndEquipment,60505341000,ifrs-full:Assets,,,,,,,40677296000,ifrs-full:Liabilities,MXN
1347557,Pacific Airport Group,Mexico,2023,33224144000,ifrs-full:Revenue,,,4552283000,ifrs-full:PropertyPlantAndEquipment,67444859000,ifrs-full:Assets,,,,,,,46500212000,ifrs-full:Liabilities,MXN
1347557,Pacific Airport Group,Mexico,2024,33614374000,ifrs-full:Revenue,,,4819108000,ifrs-full:PropertyPlantAndEquipment,81653073000,ifrs-full:Assets,,,,,,,57031334000,ifrs-full:Liabilities,MXN
1355444,EMBRAER S.A.,Brazil,2016,6203900000,ifrs-full:Revenue,4982000000,ifrs-full:CostOfSales,2154200000,ifrs-full:PropertyPlantAndEquipment,11719800000,ifrs-full:Assets,,,,,47600000,ifrs-full:ResearchAndDevelopmentExpense,7783400000,ifrs-full:Liabilities,USD
1355444,EMBRAER S.A.,Brazil,2017,2546500000,ifrs-full:Revenue,2248600000,ifrs-full:CostOfSales,2104900000,ifrs-full:PropertyPlantAndEquipment,11974600000,ifrs-full:Assets,,,,,22200000,ifrs-full:ResearchAndDevelopmentExpense,7797100000,ifrs-full:Liabilities,USD
1355444,EMBRAER S.A.,Brazil,2018,5071100000,ifrs-full:Revenue,4303100000,ifrs-full:CostOfSales,1964700000,ifrs-full:PropertyPlantAndEquipment,11293300000,ifrs-full:Assets,,,,,46100000,ifrs-full:ResearchAndDevelopmentExpense,7353200000,ifrs-full:Liabilities,USD
1355444,EMBRAER S.A.,Brazil,2019,5462600000,ifrs-full:Revenue,4667100000,ifrs-full:CostOfSales,968900000,ifrs-full:PropertyPlantAndEquipment,10540900000,ifrs-full:Assets,,,,,49400000,ifrs-full:ResearchAndDevelopmentExpense,6957900000,ifrs-full:Liabilities,USD
1355444,EMBRAER S.A.,Brazil,2020,3771100000,ifrs-full:Revenue,3293500000,ifrs-full:CostOfSales,1956000000,ifrs-full:PropertyPlantAndEquipment,10516000000,ifrs-full:Assets,,,10200000,ifrs-full:Goodwill,29800000,ifrs-full:ResearchAndDevelopmentExpense,7608500000,ifrs-full:Liabilities,USD
1355444,EMBRAER S.A.,Brazil,2021,4197200000,ifrs-full:Revenue,3537600000,ifrs-full:CostOfSales,1687600000,ifrs-full:PropertyPlantAndEquipment,10155000000,ifrs-full:Assets,,,,,43000000,ifrs-full:ResearchAndDevelopmentExpense,7380000000,ifrs-full:Liabilities,USD
1355444,EMBRAER S.A.,Brazil,2022,4540400000,ifrs-full:Revenue,3628200000,ifrs-full:CostOfSales,1649200000,ifrs-full:PropertyPlantAndEquipment,10142100000,ifrs-full:Assets,,,,,110000000,ifrs-full:ResearchAndDevelopmentExpense,7317800000,ifrs-full:Liabilities,USD
1355444,EMBRAER S.A.,Brazil,2023,5268500000,ifrs-full:Revenue,4358900000,ifrs-full:CostOfSales,1770700000,ifrs-full:PropertyPlantAndEquipment,10782500000,ifrs-full:Assets,,,,,90300000,ifrs-full:ResearchAndDevelopmentExpense,7743200000,ifrs-full:Liabilities,USD
1355444,EMBRAER S.A.,Brazil,2024,6394700000,ifrs-full:Revenue,5241600000,ifrs-full:CostOfSales,1941300000,ifrs-full:PropertyPlantAndEquipment,11824300000,ifrs-full:Assets,,,,,55000000,ifrs-full:ResearchAndDevelopmentExpense,8479700000,ifrs-full:Liabilities,USD
1355444,EMBRAER S.A.,Brazil,2025,7577500000,ifrs-full:Revenue,6248800000,ifrs-full:CostOfSales,2130900000,ifrs-full:PropertyPlantAndEquipment,12920200000,ifrs-full:Assets,,,,,74400000,ifrs-full:ResearchAndDevelopmentExpense,9108200000,ifrs-full:Liabilities,USD
1378239,Central North Airport Group,Mexico,2016,5550269000,ifrs-full:Revenue,900141000,ifrs-full:CostOfSales,2444205000,ifrs-full:PropertyPlantAndEquipment,13545323000,ifrs-full:Assets,6513514000,ifrs-full:IntangibleAssetsOtherThanGoodwill,,,,,6858343000,ifrs-full:Liabilities,MXN
1378239,Central North Airport Group,Mexico,2017,7129827000,ifrs-full:Revenue,981065000,ifrs-full:CostOfSales,2601397000,ifrs-full:PropertyPlantAndEquipment,14200800000,ifrs-full:Assets,7648417000,ifrs-full:IntangibleAssetsOtherThanGoodwill,,,,,6971485000,ifrs-full:Liabilities,MXN
1378239,Central North Airport Group,Mexico,2018,7907054000,ifrs-full:Revenue,977896000,ifrs-full:CostOfSales,2670262000,ifrs-full:PropertyPlantAndEquipment,15590484000,ifrs-full:Assets,8566656000,ifrs-full:IntangibleAssetsOtherThanGoodwill,,,,,7078557000,ifrs-full:Liabilities,MXN
1378239,Central North Airport Group,Mexico,2019,8527101000,ifrs-full:Revenue,954207000,ifrs-full:CostOfSales,2647101000,ifrs-full:PropertyPlantAndEquipment,17276961000,ifrs-full:Assets,9267111000,ifrs-full:IntangibleAssetsOtherThanGoodwill,,,,,7389466000,ifrs-full:Liabilities,MXN
1378239,Central North Airport Group,Mexico,2020,5367466000,ifrs-full:Revenue,765958000,ifrs-full:CostOfSales,2700469000,ifrs-full:PropertyPlantAndEquipment,18191580000,ifrs-full:Assets,10229656000,ifrs-full:IntangibleAssetsOtherThanGoodwill,,,,,7365333000,ifrs-full:Liabilities,MXN
1378239,Central North Airport Group,Mexico,2021,8720010000,ifrs-full:Revenue,,,2724296000,ifrs-full:PropertyPlantAndEquipment,22889141000,ifrs-full:Assets,11680684000,ifrs-full:IntangibleAssetsOtherThanGoodwill,,,,,11650909000,ifrs-full:Liabilities,MXN
1378239,Central North Airport Group,Mexico,2022,11934768000,ifrs-full:Revenue,,,2566095000,ifrs-full:PropertyPlantAndEquipment,23069978000,ifrs-full:Assets,13940366000,ifrs-full:IntangibleAssetsOtherThanGoodwill,,,,,14515358000,ifrs-full:Liabilities,MXN
1378239,Central North Airport Group,Mexico,2023,14457080000,ifrs-full:Revenue,,,2852674000,ifrs-full:PropertyPlantAndEquipment,25237595000,ifrs-full:Assets,16421304000,ifrs-full:IntangibleAssetsOtherThanGoodwill,,,,,15399093000,ifrs-full:Liabilities,MXN
1378239,Central North Airport Group,Mexico,2024,15072956000,ifrs-full:Revenue,,,3112540000,ifrs-full:PropertyPlantAndEquipment,27233060000,ifrs-full:Assets,18715808000,ifrs-full:IntangibleAssetsOtherThanGoodwill,,,,,16688823000,ifrs-full:Liabilities,MXN
1395213,EDENOR,Argentina,2016,25826759000,ifrs-full:Revenue,,,50894768000,ifrs-full:PropertyPlantAndEquipment,18933530000,ifrs-full:Assets,,,,,,,18571698000,ifrs-full:Liabilities,ARS
1395213,EDENOR,Argentina,2017,60897330000,ifrs-full:Revenue,,,119440000000,ifrs-full:PropertyPlantAndEquipment,70881927000,ifrs-full:Assets,,,,,,,43088208000,ifrs-full:Liabilities,ARS
1395213,EDENOR,Argentina,2018,117120000000,ifrs-full:Revenue,,,130774000000,ifrs-full:PropertyPlantAndEquipment,118388260000,ifrs-full:Assets,,,,,,,70767270000,ifrs-full:Liabilities,ARS
1395213,EDENOR,Argentina,2019,184739000000,ifrs-full:Revenue,,,208061000000,ifrs-full:PropertyPlantAndEquipment,162633000000,ifrs-full:Assets,,,,,,,82113000000,ifrs-full:Liabilities,ARS
1395213,EDENOR,Argentina,2020,268389000000,ifrs-full:Revenue,,,367141000000,ifrs-full:PropertyPlantAndEquipment,224510000000,ifrs-full:Assets,,,,,,,129608000000,ifrs-full:Liabilities,ARS
1395213,EDENOR,Argentina,2021,688502000000,ifrs-full:Revenue,,,1185172000000,ifrs-full:PropertyPlantAndEquipment,463268000000,ifrs-full:Assets,,,,,,,319718000000,ifrs-full:Liabilities,ARS
1395213,EDENOR,Argentina,2022,1395852000000,ifrs-full:Revenue,,,2685037000000,ifrs-full:PropertyPlantAndEquipment,3255963000000,ifrs-full:Assets,,,,,,,2212788000000,ifrs-full:Liabilities,ARS
1395213,EDENOR,Argentina,2023,1526735000000,ifrs-full:Revenue,,,2772111000000,ifrs-full:PropertyPlantAndEquipment,3285627000000,ifrs-full:Assets,,,,,,,2053023000000,ifrs-full:Liabilities,ARS
1395213,EDENOR,Argentina,2024,2043127000000,ifrs-full:Revenue,,,3002617000000,ifrs-full:PropertyPlantAndEquipment,3979577000000,ifrs-full:Assets,,,,,,,2472512000000,ifrs-full:Liabilities,ARS
1402902,Cosan Ltd.,Brazil,2016,12518139000,ifrs-full:Revenue,8317490000,ifrs-full:CostOfSales,10726448000,ifrs-full:PropertyPlantAndEquipment,50469850000,ifrs-full:Assets,16394180000,ifrs-full:IntangibleAssetsOtherThanGoodwill,614808000,ifrs-full:Goodwill,,,34460101000,ifrs-full:Liabilities,BRL
1402902,Cosan Ltd.,Brazil,2017,13579021000,ifrs-full:Revenue,9224314000,ifrs-full:CostOfSales,11681575000,ifrs-full:PropertyPlantAndEquipment,55624511000,ifrs-full:Assets,16121725000,ifrs-full:IntangibleAssetsOtherThanGoodwill,751434000,ifrs-full:Goodwill,,,38565098000,ifrs-full:Liabilities,BRL
1402902,Cosan Ltd.,Brazil,2018,16834768000,ifrs-full:Revenue,12108305000,ifrs-full:CostOfSales,12417822000,ifrs-full:PropertyPlantAndEquipment,56360716000,ifrs-full:Assets,15248060000,ifrs-full:IntangibleAssetsOtherThanGoodwill,782783000,ifrs-full:Goodwill,,,38391360000,ifrs-full:Liabilities,BRL
1402902,Cosan Ltd.,Brazil,2019,20611409000,ifrs-full:Revenue,14160233000,ifrs-full:CostOfSales,12153136000,ifrs-full:PropertyPlantAndEquipment,65717874000,ifrs-full:Assets,15139819000,ifrs-full:IntangibleAssetsOtherThanGoodwill,,,,,49477393000,ifrs-full:Liabilities,BRL
1430162,Cosan S.A.,Brazil,2018,16834768000,ifrs-full:Revenue,12108305000,ifrs-full:CostOfSales,,,,,,,,,,,,,BRL
1430162,Cosan S.A.,Brazil,2019,20611409000,ifrs-full:Revenue,14616985000,ifrs-full:CostOfSales,12153136000,ifrs-full:PropertyPlantAndEquipment,65717874000,ifrs-full:Assets,15938682000,ifrs-full:IntangibleAssetsOtherThanGoodwill,,,,,49477393000,ifrs-full:Liabilities,BRL
1430162,Cosan S.A.,Brazil,2020,20437835000,ifrs-full:Revenue,14999823000,ifrs-full:CostOfSales,14068506000,ifrs-full:PropertyPlantAndEquipment,83713565000,ifrs-full:Assets,16219719000,ifrs-full:IntangibleAssetsOtherThanGoodwill,,,,,62894698000,ifrs-full:Liabilities,BRL
1430162,Cosan S.A.,Brazil,2021,26093154000,ifrs-full:Revenue,20263186000,ifrs-full:CostOfSales,16648553000,ifrs-full:PropertyPlantAndEquipment,97842023000,ifrs-full:Assets,16648681000,ifrs-full:IntangibleAssetsOtherThanGoodwill,,,,,68972001000,ifrs-full:Liabilities,BRL
1430162,Cosan S.A.,Brazil,2022,39322786000,ifrs-full:Revenue,30556819000,ifrs-full:CostOfSales,18948436000,ifrs-full:PropertyPlantAndEquipment,134484992000,ifrs-full:Assets,20661870000,ifrs-full:IntangibleAssetsOtherThanGoodwill,,,,,86315593000,ifrs-full:Liabilities,BRL
1430162,Cosan S.A.,Brazil,2023,39468497000,ifrs-full:Revenue,28549896000,ifrs-full:CostOfSales,21239974000,ifrs-full:PropertyPlantAndEquipment,139865382000,ifrs-full:Assets,21258313000,ifrs-full:IntangibleAssetsOtherThanGoodwill,,,,,88884202000,ifrs-full:Liabilities,BRL
1430162,Cosan S.A.,Brazil,2024,43950742000,ifrs-full:Revenue,30236061000,ifrs-full:CostOfSales,23019016000,ifrs-full:PropertyPlantAndEquipment,141265902000,ifrs-full:Assets,24745764000,ifrs-full:IntangibleAssetsOtherThanGoodwill,,,,,101867540000,ifrs-full:Liabilities,BRL
1432364,AZUL SA,Brazil,2016,6669891000,ifrs-full:Revenue,,,3440000000,ifrs-full:PropertyPlantAndEquipment,8400600000,ifrs-full:Assets,,,,,,,,,BRL
1432364,AZUL SA,Brazil,2017,7704831000,ifrs-full:Revenue,,,1880771000,ifrs-full:PropertyPlantAndEquipment,13917116000,ifrs-full:Assets,,,,,,,,,BRL
1432364,AZUL SA,Brazil,2018,9057064000,ifrs-full:Revenue,,,1842239000,ifrs-full:PropertyPlantAndEquipment,16094398000,ifrs-full:Assets,,,,,,,,,BRL
1432364,AZUL SA,Brazil,2019,11442317000,ifrs-full:Revenue,,,9553643000,ifrs-full:PropertyPlantAndEquipment,19197490000,ifrs-full:Assets,,,,,,,,,BRL
1432364,AZUL SA,Brazil,2020,5744126000,ifrs-full:Revenue,,,1799706000,ifrs-full:PropertyPlantAndEquipment,15794457000,ifrs-full:Assets,,,810948000,ifrs-full:Goodwill,,,,,BRL
1432364,AZUL SA,Brazil,2021,9975729000,ifrs-full:Revenue,,,1961174000,ifrs-full:PropertyPlantAndEquipment,18533473000,ifrs-full:Assets,,,,,,,,,BRL
1432364,AZUL SA,Brazil,2022,15948067000,ifrs-full:Revenue,,,1953089000,ifrs-full:PropertyPlantAndEquipment,18721293000,ifrs-full:Assets,,,,,,,,,BRL
1432364,AZUL SA,Brazil,2023,18554425000,ifrs-full:Revenue,,,2295851000,ifrs-full:PropertyPlantAndEquipment,20532909000,ifrs-full:Assets,,,,,,,,,BRL
1432364,AZUL SA,Brazil,2024,19526208000,ifrs-full:Revenue,,,3034554000,ifrs-full:PropertyPlantAndEquipment,26274943000,ifrs-full:Assets,,,,,,,,,BRL
1432364,AZUL SA,Brazil,2025,21640393000,ifrs-full:Revenue,,,2772299000,ifrs-full:PropertyPlantAndEquipment,23637914000,ifrs-full:Assets,,,,,,,,,BRL
1439124,AXIA Energia S.A.,Brazil,2016,50400113000,ifrs-full:Revenue,,,26812925000,ifrs-full:PropertyPlantAndEquipment,170499429000,ifrs-full:Assets,761739000,ifrs-full:IntangibleAssetsOtherThanGoodwill,,,,,,,BRL
1439124,AXIA Energia S.A.,Brazil,2017,29441332000,ifrs-full:Revenue,,,27965837000,ifrs-full:PropertyPlantAndEquipment,172975359000,ifrs-full:Assets,749762000,ifrs-full:IntangibleAssetsOtherThanGoodwill,,,,,130222827000,ifrs-full:Liabilities,BRL
1439124,AXIA Energia S.A.,Brazil,2018,26214853000,ifrs-full:Revenue,,,32370392000,ifrs-full:PropertyPlantAndEquipment,181710095000,ifrs-full:Assets,649650000,ifrs-full:IntangibleAssetsOtherThanGoodwill,,,,,,,BRL
1439124,AXIA Energia S.A.,Brazil,2019,29042129000,ifrs-full:Revenue,,,33315874000,ifrs-full:PropertyPlantAndEquipment,178622483000,ifrs-full:Assets,818362000,ifrs-full:IntangibleAssetsOtherThanGoodwill,,,,,,,BRL
1439124,AXIA Energia S.A.,Brazil,2020,25400936000,ifrs-full:Revenue,,,32662912000,ifrs-full:PropertyPlantAndEquipment,178966449000,ifrs-full:Assets,785493000,ifrs-full:IntangibleAssetsOtherThanGoodwill,,,,,,,BRL
1439124,AXIA Energia S.A.,Brazil,2021,34626834000,ifrs-full:Revenue,9678430000,ifrs-full:CostOfSales,33367981000,ifrs-full:PropertyPlantAndEquipment,188303069000,ifrs-full:Assets,4992176000,ifrs-full:IntangibleAssetsOtherThanGoodwill,,,,,,,BRL
1439124,AXIA Energia S.A.,Brazil,2022,34074233000,ifrs-full:Revenue,,,34739705000,ifrs-full:PropertyPlantAndEquipment,270217462000,ifrs-full:Assets,79980581000,ifrs-full:IntangibleAssetsOtherThanGoodwill,,,,,,,BRL
1439124,AXIA Energia S.A.,Brazil,2023,37158908000,ifrs-full:Revenue,,,,,267057654000,ifrs-full:Assets,79866241000,ifrs-full:IntangibleAssetsOtherThanGoodwill,,,,,,,BRL
1439124,AXIA Energia S.A.,Brazil,2024,40181552000,ifrs-full:Revenue,,,,,289871330000,ifrs-full:Assets,78173273000,ifrs-full:IntangibleAssetsOtherThanGoodwill,,,,,,,BRL
1444406,ECOPETROL S.A.,Colombia,2016,48485561000000,ifrs-full:Revenue,34251423000000,ifrs-full:CostOfSales,62328502000000,ifrs-full:PropertyPlantAndEquipment,118958977000000,ifrs-full:Assets,272132000000,ifrs-full:IntangibleAssetsOtherThanGoodwill,1159922000000,ifrs-full:Goodwill,,,75398476000000,ifrs-full:Liabilities,COP
1444406,ECOPETROL S.A.,Colombia,2017,55954228000000,ifrs-full:Revenue,36908325000000,ifrs-full:CostOfSales,61404374000000,ifrs-full:PropertyPlantAndEquipment,117847412000000,ifrs-full:Assets,380226000000,ifrs-full:IntangibleAssetsOtherThanGoodwill,1159922000000,ifrs-full:Goodwill,,,69631713000000,ifrs-full:Liabilities,COP
1444406,ECOPETROL S.A.,Colombia,2018,68603872000000,ifrs-full:Revenue,41184379000000,ifrs-full:CostOfSales,62799983000000,ifrs-full:PropertyPlantAndEquipment,124643498000000,ifrs-full:Assets,410747000000,ifrs-full:IntangibleAssetsOtherThanGoodwill,1159922000000,ifrs-full:Goodwill,,,67535718000000,ifrs-full:Liabilities,COP
1444406,ECOPETROL S.A.,Colombia,2019,71488512000000,ifrs-full:Revenue,44972360000000,ifrs-full:CostOfSales,64214822000000,ifrs-full:PropertyPlantAndEquipment,133890296000000,ifrs-full:Assets,483098000000,ifrs-full:IntangibleAssetsOtherThanGoodwill,1159922000000,ifrs-full:Goodwill,,,75658668000000,ifrs-full:Liabilities,COP
1444406,ECOPETROL S.A.,Colombia,2020,50223393000000,ifrs-full:Revenue,37567472000000,ifrs-full:CostOfSales,66508338000000,ifrs-full:PropertyPlantAndEquipment,137694169000000,ifrs-full:Assets,555043000000,ifrs-full:IntangibleAssetsOtherThanGoodwill,1594279000000,ifrs-full:Goodwill,,,84194806000000,ifrs-full:Liabilities,COP
1444406,ECOPETROL S.A.,Colombia,2021,91881204000000,ifrs-full:Revenue,55581776000000,ifrs-full:CostOfSales,90076526000000,ifrs-full:PropertyPlantAndEquipment,242426616000000,ifrs-full:Assets,15508516000000,ifrs-full:IntangibleAssetsOtherThanGoodwill,4686324000000,ifrs-full:Goodwill,,,151842844000000,ifrs-full:Liabilities,COP
1444406,ECOPETROL S.A.,Colombia,2022,159611078000000,ifrs-full:Revenue,89458148000000,ifrs-full:CostOfSales,100997498000000,ifrs-full:PropertyPlantAndEquipment,302792431000000,ifrs-full:Assets,18146605000000,ifrs-full:IntangibleAssetsOtherThanGoodwill,5350114000000,ifrs-full:Goodwill,,,188889342000000,ifrs-full:Liabilities,COP
1444406,ECOPETROL S.A.,Colombia,2023,143189602000000,ifrs-full:Revenue,88178198000000,ifrs-full:CostOfSales,95171302000000,ifrs-full:PropertyPlantAndEquipment,280141090000000,ifrs-full:Assets,14714809000000,ifrs-full:IntangibleAssetsOtherThanGoodwill,4846667000000,ifrs-full:Goodwill,,,179888610000000,ifrs-full:Liabilities,COP
1444406,ECOPETROL S.A.,Colombia,2024,133330428000000,ifrs-full:Revenue,86481154000000,ifrs-full:CostOfSales,107454558000000,ifrs-full:PropertyPlantAndEquipment,298242156000000,ifrs-full:Assets,16413285000000,ifrs-full:IntangibleAssetsOtherThanGoodwill,5145785000000,ifrs-full:Goodwill,,,,,COP
1450123,JBS S.A.,Brazil,2020,,,,,9077589000,ifrs-full:PropertyPlantAndEquipment,,,,,,,,,,,USD
1450123,JBS S.A.,Brazil,2021,65042706000,ifrs-full:Revenue,52753839000,ifrs-full:CostOfSales,10208289000,ifrs-full:PropertyPlantAndEquipment,,,,,5835418000,ifrs-full:Goodwill,,,,,USD
1450123,JBS S.A.,Brazil,2022,72613910000,ifrs-full:Revenue,61070237000,ifrs-full:CostOfSales,11915363000,ifrs-full:PropertyPlantAndEquipment,39885511000,ifrs-full:Assets,1979491000,ifrs-full:IntangibleAssetsOtherThanGoodwill,5828691000,ifrs-full:Goodwill,,,,,USD
1450123,JBS S.A.,Brazil,2023,72918123000,ifrs-full:Revenue,64950972000,ifrs-full:CostOfSales,12918249000,ifrs-full:PropertyPlantAndEquipment,42577834000,ifrs-full:Assets,1985595000,ifrs-full:IntangibleAssetsOtherThanGoodwill,6105020000,ifrs-full:Goodwill,,,,,USD
1450123,JBS S.A.,Brazil,2024,77182547000,ifrs-full:Revenue,65594321000,ifrs-full:CostOfSales,11780880000,ifrs-full:PropertyPlantAndEquipment,40685373000,ifrs-full:Assets,1803199000,ifrs-full:IntangibleAssetsOtherThanGoodwill,5417134000,ifrs-full:Goodwill,4141000,ifrs-full:ResearchAndDevelopmentExpense,,,USD
1464591,GeoPark Ltd,Colombia,2016,192670000,ifrs-full:Revenue,,,473646000,ifrs-full:PropertyPlantAndEquipment,640540000,ifrs-full:Assets,,,,,,,498947000,ifrs-full:Liabilities,USD
1464591,GeoPark Ltd,Colombia,2017,330122000,ifrs-full:Revenue,,,517403000,ifrs-full:PropertyPlantAndEquipment,786163000,ifrs-full:Assets,,,,,,,659323000,ifrs-full:Liabilities,USD
1464591,GeoPark Ltd,Colombia,2018,601161000,ifrs-full:Revenue,,,557170000,ifrs-full:PropertyPlantAndEquipment,862660000,ifrs-full:Assets,,,,,,,719639000,ifrs-full:Liabilities,USD
1464591,GeoPark Ltd,Colombia,2019,628907000,ifrs-full:Revenue,,,567788000,ifrs-full:PropertyPlantAndEquipment,852132000,ifrs-full:Assets,,,,,,,719247000,ifrs-full:Liabilities,USD
1464591,GeoPark Ltd,Colombia,2020,393692000,ifrs-full:Revenue,,,614665000,ifrs-full:PropertyPlantAndEquipment,960266000,ifrs-full:Assets,,,,,,,1069456000,ifrs-full:Liabilities,USD
1464591,GeoPark Ltd,Colombia,2021,688543000,ifrs-full:Revenue,,,614047000,ifrs-full:PropertyPlantAndEquipment,895741000,ifrs-full:Assets,,,,,,,957686000,ifrs-full:Liabilities,USD
1464591,GeoPark Ltd,Colombia,2022,1049579000,ifrs-full:Revenue,,,666879000,ifrs-full:PropertyPlantAndEquipment,973975000,ifrs-full:Assets,,,,,,,858390000,ifrs-full:Liabilities,USD
1464591,GeoPark Ltd,Colombia,2023,756625000,ifrs-full:Revenue,,,686824000,ifrs-full:PropertyPlantAndEquipment,1016549000,ifrs-full:Assets,,,,,,,840529000,ifrs-full:Liabilities,USD
1464591,GeoPark Ltd,Colombia,2024,660838000,ifrs-full:Revenue,,,740491000,ifrs-full:PropertyPlantAndEquipment,1200055000,ifrs-full:Assets,,,,,,,996764000,ifrs-full:Liabilities,USD
1464591,GeoPark Ltd,Colombia,2025,492518000,ifrs-full:Revenue,,,775686000,ifrs-full:PropertyPlantAndEquipment,1040447000,ifrs-full:Assets,,,,,,,794650000,ifrs-full:Liabilities,USD
1469395,Pampa Energy Inc.,Argentina,2016,51262000000,ifrs-full:Revenue,42851000000,ifrs-full:CostOfSales,41001000000,ifrs-full:PropertyPlantAndEquipment,77277000000,ifrs-full:Assets,,,,,,,63203000000,ifrs-full:Liabilities,ARS
1469395,Pampa Energy Inc.,Argentina,2017,2175000000,ifrs-full:Revenue,1574000000,ifrs-full:CostOfSales,111571000000,ifrs-full:PropertyPlantAndEquipment,5657000000,ifrs-full:Assets,,,,,,,3687000000,ifrs-full:Liabilities,ARS;USD
1469395,Pampa Energy Inc.,Argentina,2018,1436000000,ifrs-full:Revenue,831000000,ifrs-full:CostOfSales,3316000000,ifrs-full:PropertyPlantAndEquipment,5672000000,ifrs-full:Assets,,,,,,,3877000000,ifrs-full:Liabilities,USD
1469395,Pampa Energy Inc.,Argentina,2019,1340000000,ifrs-full:Revenue,811000000,ifrs-full:CostOfSales,3507000000,ifrs-full:PropertyPlantAndEquipment,5684000000,ifrs-full:Assets,,,,,,,3275000000,ifrs-full:Liabilities,USD
1469395,Pampa Energy Inc.,Argentina,2020,1073000000,ifrs-full:Revenue,663000000,ifrs-full:CostOfSales,1610000000,ifrs-full:PropertyPlantAndEquipment,4890000000,ifrs-full:Assets,,,,,,,3121000000,ifrs-full:Liabilities,USD
1469395,Pampa Energy Inc.,Argentina,2021,1508000000,ifrs-full:Revenue,951000000,ifrs-full:CostOfSales,1659000000,ifrs-full:PropertyPlantAndEquipment,3861000000,ifrs-full:Assets,,,,,,,2070000000,ifrs-full:Liabilities,USD
1469395,Pampa Energy Inc.,Argentina,2022,1829000000,ifrs-full:Revenue,1139000000,ifrs-full:CostOfSales,2164000000,ifrs-full:PropertyPlantAndEquipment,4742000000,ifrs-full:Assets,,,,,,,2458000000,ifrs-full:Liabilities,USD
1469395,Pampa Energy Inc.,Argentina,2023,1732000000,ifrs-full:Revenue,1107000000,ifrs-full:CostOfSales,2544000000,ifrs-full:PropertyPlantAndEquipment,4722000000,ifrs-full:Assets,,,,,,,2309000000,ifrs-full:Liabilities,USD
1469395,Pampa Energy Inc.,Argentina,2024,1876000000,ifrs-full:Revenue,1279000000,ifrs-full:CostOfSales,2607000000,ifrs-full:PropertyPlantAndEquipment,6345000000,ifrs-full:Assets,,,,,,,3050000000,ifrs-full:Liabilities,USD
1471055,Banco Santander (Brasil) S.A.,Brazil,2016,,,,,6646433000,ifrs-full:PropertyPlantAndEquipment,634393240000,ifrs-full:Assets,30236842000,ifrs-full:IntangibleAssetsOtherThanGoodwill,28355039000,ifrs-full:Goodwill,,,549580681000,ifrs-full:Liabilities,BRL
1471055,Banco Santander (Brasil) S.A.,Brazil,2017,,,,,6509883000,ifrs-full:PropertyPlantAndEquipment,645703039000,ifrs-full:Assets,30202043000,ifrs-full:IntangibleAssetsOtherThanGoodwill,28364256000,ifrs-full:Goodwill,,,558615438000,ifrs-full:Liabilities,BRL
1471055,Banco Santander (Brasil) S.A.,Brazil,2018,,,,,6588975000,ifrs-full:PropertyPlantAndEquipment,723865007000,ifrs-full:Assets,30018988000,ifrs-full:IntangibleAssetsOtherThanGoodwill,28378288000,ifrs-full:Goodwill,,,632269547000,ifrs-full:Liabilities,BRL
1471055,Banco Santander (Brasil) S.A.,Brazil,2019,,,,,9781957000,ifrs-full:PropertyPlantAndEquipment,760612618000,ifrs-full:Assets,30595788000,ifrs-full:IntangibleAssetsOtherThanGoodwill,28375004000,ifrs-full:Goodwill,,,663403457000,ifrs-full:Liabilities,BRL
1471055,Banco Santander (Brasil) S.A.,Brazil,2020,,,,,9537111000,ifrs-full:PropertyPlantAndEquipment,933578379000,ifrs-full:Assets,30766498000,ifrs-full:IntangibleAssetsOtherThanGoodwill,28360137000,ifrs-full:Goodwill,,,827488507000,ifrs-full:Liabilities,BRL
1471055,Banco Santander (Brasil) S.A.,Brazil,2021,,,,,8783785000,ifrs-full:PropertyPlantAndEquipment,931208396000,ifrs-full:Assets,30786788000,ifrs-full:IntangibleAssetsOtherThanGoodwill,27915469000,ifrs-full:Goodwill,,,825233901000,ifrs-full:Liabilities,BRL
1471055,Banco Santander (Brasil) S.A.,Brazil,2022,,,,,8190763000,ifrs-full:PropertyPlantAndEquipment,985450829000,ifrs-full:Assets,31602734000,ifrs-full:IntangibleAssetsOtherThanGoodwill,27889327000,ifrs-full:Goodwill,,,874770653000,ifrs-full:Liabilities,BRL
1471055,Banco Santander (Brasil) S.A.,Brazil,2023,,,,,7085564000,ifrs-full:PropertyPlantAndEquipment,1115652776000,ifrs-full:Assets,32375513000,ifrs-full:IntangibleAssetsOtherThanGoodwill,27852568000,ifrs-full:Goodwill,,,1000796422000,ifrs-full:Liabilities,BRL
1471055,Banco Santander (Brasil) S.A.,Brazil,2024,,,,,6021900000,ifrs-full:PropertyPlantAndEquipment,1238796810000,ifrs-full:Assets,32826797000,ifrs-full:IntangibleAssetsOtherThanGoodwill,27892878000,ifrs-full:Goodwill,,,1118969678000,ifrs-full:Liabilities,BRL
1471055,Banco Santander (Brasil) S.A.,Brazil,2025,,,,,5046133000,ifrs-full:PropertyPlantAndEquipment,1270029465000,ifrs-full:Assets,33226983000,ifrs-full:IntangibleAssetsOtherThanGoodwill,27844674000,ifrs-full:Goodwill,,,1143476321000,ifrs-full:Liabilities,BRL
1499505,Adecoagro S.A.,Argentina,2016,869235000,ifrs-full:Revenue,678581000,ifrs-full:CostOfSales,814867000,ifrs-full:PropertyPlantAndEquipment,1496397000,ifrs-full:Assets,,,13405000,ifrs-full:Goodwill,,,784093000,ifrs-full:Liabilities,USD
1499505,Adecoagro S.A.,Argentina,2017,933178000,ifrs-full:Revenue,766727000,ifrs-full:CostOfSales,831377000,ifrs-full:PropertyPlantAndEquipment,1645089000,ifrs-full:Assets,,,12412000,ifrs-full:Goodwill,,,962070000,ifrs-full:Liabilities,USD
1499505,Adecoagro S.A.,Argentina,2018,793239000,ifrs-full:Revenue,609965000,ifrs-full:CostOfSales,1480439000,ifrs-full:PropertyPlantAndEquipment,2277372000,ifrs-full:Assets,,,,,,,1169227000,ifrs-full:Liabilities,USD
1499505,Adecoagro S.A.,Argentina,2019,887138000,ifrs-full:Revenue,671173000,ifrs-full:CostOfSales,1493220000,ifrs-full:PropertyPlantAndEquipment,2521307000,ifrs-full:Assets,,,,,,,1492424000,ifrs-full:Liabilities,USD
1499505,Adecoagro S.A.,Argentina,2020,817764000,ifrs-full:Revenue,611946000,ifrs-full:CostOfSales,1358292000,ifrs-full:PropertyPlantAndEquipment,2482236000,ifrs-full:Assets,,,,,,,1518512000,ifrs-full:Liabilities,USD
1499505,Adecoagro S.A.,Argentina,2021,1124352000,ifrs-full:Revenue,854965000,ifrs-full:CostOfSales,1422623000,ifrs-full:PropertyPlantAndEquipment,2582401000,ifrs-full:Assets,,,,,,,1534571000,ifrs-full:Liabilities,USD
1499505,Adecoagro S.A.,Argentina,2022,1347724000,ifrs-full:Revenue,1075747000,ifrs-full:CostOfSales,1565355000,ifrs-full:PropertyPlantAndEquipment,3108855000,ifrs-full:Assets,,,,,,,1945212000,ifrs-full:Liabilities,USD
1499505,Adecoagro S.A.,Argentina,2023,1298871000,ifrs-full:Revenue,973180000,ifrs-full:CostOfSales,1549565000,ifrs-full:PropertyPlantAndEquipment,3164894000,ifrs-full:Assets,,,,,,,1899246000,ifrs-full:Liabilities,USD
1499505,Adecoagro S.A.,Argentina,2024,1518907000,ifrs-full:Revenue,1198715000,ifrs-full:CostOfSales,1548589000,ifrs-full:PropertyPlantAndEquipment,3114888000,ifrs-full:Assets,,,,,,,1706787000,ifrs-full:Liabilities,USD
1499849,BrasilAgro - Brazilian Agricultural Real Estate Co,Brazil,2015,147128000,ifrs-full:Revenue,134714000,ifrs-full:CostOfSales,27803000,ifrs-full:PropertyPlantAndEquipment,,,,,,,,,,,BRL
1499849,BrasilAgro - Brazilian Agricultural Real Estate Co,Brazil,2016,146911000,ifrs-full:Revenue,136362000,ifrs-full:CostOfSales,54745000,ifrs-full:PropertyPlantAndEquipment,883293000,ifrs-full:Assets,,,1672000,ifrs-full:Goodwill,,,215825000,ifrs-full:Liabilities,BRL
1499849,BrasilAgro - Brazilian Agricultural Real Estate Co,Brazil,2017,244278000,ifrs-full:Revenue,228319000,ifrs-full:CostOfSales,84830000,ifrs-full:PropertyPlantAndEquipment,1179599000,ifrs-full:Assets,,,1403000,ifrs-full:Goodwill,,,423735000,ifrs-full:Liabilities,BRL
1499849,BrasilAgro - Brazilian Agricultural Real Estate Co,Brazil,2018,357910000,ifrs-full:Revenue,319214000,ifrs-full:CostOfSales,107852000,ifrs-full:PropertyPlantAndEquipment,1357614000,ifrs-full:Assets,,,1557000,ifrs-full:Goodwill,,,477081000,ifrs-full:Liabilities,BRL
1499849,BrasilAgro - Brazilian Agricultural Real Estate Co,Brazil,2019,487568000,ifrs-full:Revenue,483813000,ifrs-full:CostOfSales,237238000,ifrs-full:PropertyPlantAndEquipment,2044368000,ifrs-full:Assets,1469000,ifrs-full:IntangibleAssetsOtherThanGoodwill,47000,ifrs-full:Goodwill,,,31029000,ifrs-full:Liabilities,BRL
1499849,BrasilAgro - Brazilian Agricultural Real Estate Co,Brazil,2020,662952000,ifrs-full:Revenue,729145000,ifrs-full:CostOfSales,110390000,ifrs-full:PropertyPlantAndEquipment,3428318000,ifrs-full:Assets,1104000,ifrs-full:IntangibleAssetsOtherThanGoodwill,,,,,1245717000,ifrs-full:Liabilities,BRL
1499849,BrasilAgro - Brazilian Agricultural Real Estate Co,Brazil,2021,1168137000,ifrs-full:Revenue,1142688000,ifrs-full:CostOfSales,128131000,ifrs-full:PropertyPlantAndEquipment,3345263000,ifrs-full:Assets,812000,ifrs-full:IntangibleAssetsOtherThanGoodwill,,,,,1129215000,ifrs-full:Liabilities,BRL
1499849,BrasilAgro - Brazilian Agricultural Real Estate Co,Brazil,2022,903372000,ifrs-full:Revenue,886225000,ifrs-full:CostOfSales,155108000,ifrs-full:PropertyPlantAndEquipment,3508075000,ifrs-full:Assets,1917000,ifrs-full:IntangibleAssetsOtherThanGoodwill,,,,,1310933000,ifrs-full:Liabilities,BRL
1499849,BrasilAgro - Brazilian Agricultural Real Estate Co,Brazil,2023,771126000,ifrs-full:Revenue,747019000,ifrs-full:CostOfSales,202130000,ifrs-full:PropertyPlantAndEquipment,3605082000,ifrs-full:Assets,4479000,ifrs-full:IntangibleAssetsOtherThanGoodwill,,,,,1425403000,ifrs-full:Liabilities,BRL
1499849,BrasilAgro - Brazilian Agricultural Real Estate Co,Brazil,2024,877443000,ifrs-full:Revenue,833910000,ifrs-full:CostOfSales,232669000,ifrs-full:PropertyPlantAndEquipment,3837002000,ifrs-full:Assets,5095000,ifrs-full:IntangibleAssetsOtherThanGoodwill,,,,,1659274000,ifrs-full:Liabilities,BRL
1504764,Grupo Aval Acciones Y Valores S.A.,Colombia,2016,31662566000000,ifrs-full:Revenue,4283588000000,ifrs-full:CostOfSales,6559515000000,ifrs-full:PropertyPlantAndEquipment,224073721000000,ifrs-full:Assets,735043000000,ifrs-full:IntangibleAssetsOtherThanGoodwill,6824935000000,ifrs-full:Goodwill,,,199414499000000,ifrs-full:Liabilities,COP
1504764,Grupo Aval Acciones Y Valores S.A.,Colombia,2017,31659852000000,ifrs-full:Revenue,3408808000000,ifrs-full:CostOfSales,6654006000000,ifrs-full:PropertyPlantAndEquipment,236538540000000,ifrs-full:Assets,848681000000,ifrs-full:IntangibleAssetsOtherThanGoodwill,6901056000000,ifrs-full:Goodwill,,,210667313000000,ifrs-full:Liabilities,COP
1504764,Grupo Aval Acciones Y Valores S.A.,Colombia,2018,34083225000000,ifrs-full:Revenue,3812993000000,ifrs-full:CostOfSales,6588483000000,ifrs-full:PropertyPlantAndEquipment,259675153000000,ifrs-full:Assets,,,7318594000000,ifrs-full:Goodwill,,,230120805000000,ifrs-full:Liabilities,COP
1504764,Grupo Aval Acciones Y Valores S.A.,Colombia,2019,37055156000000,ifrs-full:Revenue,5041089000000,ifrs-full:CostOfSales,8950411000000,ifrs-full:PropertyPlantAndEquipment,278832589000000,ifrs-full:Assets,1206491000000,ifrs-full:IntangibleAssetsOtherThanGoodwill,7348587000000,ifrs-full:Goodwill,,,245484320000000,ifrs-full:Liabilities,COP
1504764,Grupo Aval Acciones Y Valores S.A.,Colombia,2020,38468156000000,ifrs-full:Revenue,4766263000000,ifrs-full:CostOfSales,8973952000000,ifrs-full:PropertyPlantAndEquipment,322895870000000,ifrs-full:Assets,1623670000000,ifrs-full:IntangibleAssetsOtherThanGoodwill,7713817000000,ifrs-full:Goodwill,,,287456313000000,ifrs-full:Liabilities,COP
1504764,Grupo Aval Acciones Y Valores S.A.,Colombia,2021,39064493000000,ifrs-full:Revenue,,,9100553000000,ifrs-full:PropertyPlantAndEquipment,366903925000000,ifrs-full:Assets,1886042000000,ifrs-full:IntangibleAssetsOtherThanGoodwill,8486560000000,ifrs-full:Goodwill,,,327432278000000,ifrs-full:Liabilities,COP
1504764,Grupo Aval Acciones Y Valores S.A.,Colombia,2022,37274770000000,ifrs-full:Revenue,,,7235441000000,ifrs-full:PropertyPlantAndEquipment,295591236000000,ifrs-full:Assets,2040158000000,ifrs-full:IntangibleAssetsOtherThanGoodwill,2248217000000,ifrs-full:Goodwill,,,264769577000000,ifrs-full:Liabilities,COP
1504764,Grupo Aval Acciones Y Valores S.A.,Colombia,2023,47658238000000,ifrs-full:Revenue,,,,,301181596000000,ifrs-full:Assets,2382427000000,ifrs-full:IntangibleAssetsOtherThanGoodwill,2202222000000,ifrs-full:Goodwill,,,269661180000000,ifrs-full:Liabilities,COP
1504764,Grupo Aval Acciones Y Valores S.A.,Colombia,2024,46492667000000,ifrs-full:Revenue,,,,,327859383000000,ifrs-full:Assets,2758318000000,ifrs-full:IntangibleAssetsOtherThanGoodwill,2223608000000,ifrs-full:Goodwill,,,294696465000000,ifrs-full:Liabilities,COP
1508478,Arcos Dorados Holdings Inc.,Argentina,2016,2928630000,us-gaap:RevenueFromContractWithCustomerExcludingAssessedTax,,,847966000,us-gaap:PropertyPlantAndEquipmentNet,1505053000,us-gaap:Assets,35925000,us-gaap:FiniteLivedIntangibleAssetsNet,7119000,us-gaap:Goodwill,,,1153477000,us-gaap:Liabilities,USD
1508478,Arcos Dorados Holdings Inc.,Argentina,2017,3319525000,us-gaap:RevenueFromContractWithCustomerExcludingAssessedTax,,,890736000,us-gaap:PropertyPlantAndEquipmentNet,1803743000,us-gaap:Assets,40651000,us-gaap:FiniteLivedIntangibleAssetsNet,7078000,us-gaap:Goodwill,,,1307601000,us-gaap:Liabilities,USD
1508478,Arcos Dorados Holdings Inc.,Argentina,2018,3081571000,us-gaap:RevenueFromContractWithCustomerExcludingAssessedTax,67927000,us-gaap:CostOfGoodsAndServicesSold,856192000,us-gaap:PropertyPlantAndEquipmentNet,1578039000,us-gaap:Assets,35082000,us-gaap:FiniteLivedIntangibleAssetsNet,5939000,us-gaap:Goodwill,,,1185280000,us-gaap:Liabilities,USD
1508478,Arcos Dorados Holdings Inc.,Argentina,2019,2959077000,us-gaap:RevenueFromContractWithCustomerExcludingAssessedTax,61278000,us-gaap:CostOfGoodsAndServicesSold,960986000,us-gaap:PropertyPlantAndEquipmentNet,2557685000,us-gaap:Assets,36261000,us-gaap:FiniteLivedIntangibleAssetsNet,6783000,us-gaap:Goodwill,,,2136119000,us-gaap:Liabilities,USD
1508478,Arcos Dorados Holdings Inc.,Argentina,2020,1984219000,us-gaap:RevenueFromContractWithCustomerExcludingAssessedTax,43512000,us-gaap:CostOfGoodsAndServicesSold,796532000,us-gaap:PropertyPlantAndEquipmentNet,2293954000,us-gaap:Assets,31445000,us-gaap:FiniteLivedIntangibleAssetsNet,5601000,us-gaap:Goodwill,,,2095938000,us-gaap:Liabilities,USD
1508478,Arcos Dorados Holdings Inc.,Argentina,2021,2659941000,us-gaap:RevenueFromContractWithCustomerExcludingAssessedTax,50627000,us-gaap:CostOfGoodsAndServicesSold,743533000,us-gaap:PropertyPlantAndEquipmentNet,2361257000,us-gaap:Assets,33598000,us-gaap:FiniteLivedIntangibleAssetsNet,5210000,us-gaap:Goodwill,,,2140095000,us-gaap:Liabilities,USD
1508478,Arcos Dorados Holdings Inc.,Argentina,2022,3618902000,us-gaap:RevenueFromContractWithCustomerExcludingAssessedTax,68028000,us-gaap:CostOfGoodsAndServicesSold,856085000,us-gaap:PropertyPlantAndEquipmentNet,2636630000,us-gaap:Assets,47342000,us-gaap:FiniteLivedIntangibleAssetsNet,7227000,us-gaap:Goodwill,,,2312203000,us-gaap:Liabilities,USD
1508478,Arcos Dorados Holdings Inc.,Argentina,2023,4331878000,us-gaap:RevenueFromContractWithCustomerExcludingAssessedTax,83359000,us-gaap:CostOfGoodsAndServicesSold,1119885000,us-gaap:PropertyPlantAndEquipmentNet,3019238000,us-gaap:Assets,58129000,us-gaap:FiniteLivedIntangibleAssetsNet,11897000,us-gaap:Goodwill,,,2502399000,us-gaap:Liabilities,USD
1508478,Arcos Dorados Holdings Inc.,Argentina,2024,4470162000,us-gaap:RevenueFromContractWithCustomerExcludingAssessedTax,83665000,us-gaap:CostOfGoodsAndServicesSold,1127042000,us-gaap:PropertyPlantAndEquipmentNet,2892654000,us-gaap:Assets,53303000,us-gaap:FiniteLivedIntangibleAssetsNet,13341000,us-gaap:Goodwill,,,2383225000,us-gaap:Liabilities,USD
1508478,Arcos Dorados Holdings Inc.,Argentina,2025,4678259000,us-gaap:RevenueFromContractWithCustomerExcludingAssessedTax,89518000,us-gaap:CostOfGoodsAndServicesSold,1308732000,us-gaap:PropertyPlantAndEquipmentNet,3885844000,us-gaap:Assets,132344000,us-gaap:FiniteLivedIntangibleAssetsNet,16606000,us-gaap:Goodwill,,,3113705000,us-gaap:Liabilities,USD
1517399,Grupo Supervielle S.A.,Argentina,2016,,,,,1630618000,ifrs-full:PropertyPlantAndEquipment,100120739000,ifrs-full:Assets,639705000,ifrs-full:IntangibleAssetsOtherThanGoodwill,,,,,88069879000,ifrs-full:Liabilities,ARS
1517399,Grupo Supervielle S.A.,Argentina,2017,28997855000,ifrs-full:Revenue,,,2060551000,ifrs-full:PropertyPlantAndEquipment,208027788000,ifrs-full:Assets,459420000,ifrs-full:IntangibleAssetsOtherThanGoodwill,165975000,ifrs-full:Goodwill,,,176812473000,ifrs-full:Liabilities,ARS
1517399,Grupo Supervielle S.A.,Argentina,2018,35765451000,ifrs-full:Revenue,,,3359290000,ifrs-full:PropertyPlantAndEquipment,218032810000,ifrs-full:Assets,4170146000,ifrs-full:IntangibleAssetsOtherThanGoodwill,2678965000,ifrs-full:Goodwill,,,191930415000,ifrs-full:Liabilities,ARS
1517399,Grupo Supervielle S.A.,Argentina,2019,57385656000,ifrs-full:Revenue,,,5448454000,ifrs-full:PropertyPlantAndEquipment,202420215000,ifrs-full:Assets,5919425000,ifrs-full:IntangibleAssetsOtherThanGoodwill,3632645000,ifrs-full:Goodwill,,,170515129000,ifrs-full:Liabilities,ARS
1517399,Grupo Supervielle S.A.,Argentina,2020,122460154000,ifrs-full:Revenue,,,10722347000,ifrs-full:PropertyPlantAndEquipment,376193262000,ifrs-full:Assets,10237674000,ifrs-full:IntangibleAssetsOtherThanGoodwill,5494180000,ifrs-full:Goodwill,,,322338052000,ifrs-full:Liabilities,ARS
1517399,Grupo Supervielle S.A.,Argentina,2021,337049524000,ifrs-full:Revenue,,,21495256000,ifrs-full:PropertyPlantAndEquipment,760478509000,ifrs-full:Assets,22249482000,ifrs-full:IntangibleAssetsOtherThanGoodwill,10702288000,ifrs-full:Goodwill,,,660061811000,ifrs-full:Liabilities,ARS
1517399,Grupo Supervielle S.A.,Argentina,2022,749780090000,ifrs-full:Revenue,,,57217390000,ifrs-full:PropertyPlantAndEquipment,2165989190000,ifrs-full:Assets,69368706000,ifrs-full:IntangibleAssetsOtherThanGoodwill,31027144000,ifrs-full:Goodwill,,,1878445532000,ifrs-full:Liabilities,ARS
1517399,Grupo Supervielle S.A.,Argentina,2023,996155088000,ifrs-full:Revenue,,,51151635000,ifrs-full:PropertyPlantAndEquipment,4481592876000,ifrs-full:Assets,147282372000,ifrs-full:IntangibleAssetsOtherThanGoodwill,58855290000,ifrs-full:Goodwill,,,3737601788000,ifrs-full:Liabilities,ARS
1517399,Grupo Supervielle S.A.,Argentina,2024,857585866000,ifrs-full:Revenue,,,,,4505842884000,ifrs-full:Assets,166012077000,ifrs-full:IntangibleAssetsOtherThanGoodwill,58855290000,ifrs-full:Goodwill,,,3707043870000,ifrs-full:Liabilities,ARS
1520504,"Controladora Vuela Compania de Aviacion, S.A.B. de C.V.",Mexico,2016,,,,,2525008000,ifrs-full:PropertyPlantAndEquipment,21781771000,ifrs-full:Assets,114041000,ifrs-full:IntangibleAssetsOtherThanGoodwill,,,,,11062179000,ifrs-full:Liabilities,MXN
1520504,"Controladora Vuela Compania de Aviacion, S.A.B. de C.V.",Mexico,2017,,,,,5782282000,ifrs-full:PropertyPlantAndEquipment,49952973000,ifrs-full:Assets,190420000,ifrs-full:IntangibleAssetsOtherThanGoodwill,,,,,46127620000,ifrs-full:Liabilities,MXN
1520504,"Controladora Vuela Compania de Aviacion, S.A.B. de C.V.",Mexico,2018,,,,,5782282000,ifrs-full:PropertyPlantAndEquipment,56724683000,ifrs-full:Assets,179124000,ifrs-full:IntangibleAssetsOtherThanGoodwill,,,,,54019530000,ifrs-full:Liabilities,MXN
1520504,"Controladora Vuela Compania de Aviacion, S.A.B. de C.V.",Mexico,2019,,,,,7385334000,ifrs-full:PropertyPlantAndEquipment,63295127000,ifrs-full:Assets,167397000,ifrs-full:IntangibleAssetsOtherThanGoodwill,,,,,57765444000,ifrs-full:Liabilities,MXN
1520504,"Controladora Vuela Compania de Aviacion, S.A.B. de C.V.",Mexico,2020,,,,,364994000,ifrs-full:PropertyPlantAndEquipment,3418223000,ifrs-full:Assets,9603000,ifrs-full:IntangibleAssetsOtherThanGoodwill,,,,,3278055000,ifrs-full:Liabilities,USD
1520504,"Controladora Vuela Compania de Aviacion, S.A.B. de C.V.",Mexico,2021,,,,,454602000,ifrs-full:PropertyPlantAndEquipment,3984568000,ifrs-full:Assets,12632000,ifrs-full:IntangibleAssetsOtherThanGoodwill,,,,,3671431000,ifrs-full:Liabilities,USD
1520504,"Controladora Vuela Compania de Aviacion, S.A.B. de C.V.",Mexico,2022,,,,,478771000,ifrs-full:PropertyPlantAndEquipment,4467653000,ifrs-full:Assets,12725000,ifrs-full:IntangibleAssetsOtherThanGoodwill,,,,,4232916000,ifrs-full:Liabilities,USD
1520504,"Controladora Vuela Compania de Aviacion, S.A.B. de C.V.",Mexico,2023,,,,,804610000,ifrs-full:PropertyPlantAndEquipment,5145972000,ifrs-full:Assets,16219000,ifrs-full:IntangibleAssetsOtherThanGoodwill,,,,,4903378000,ifrs-full:Liabilities,USD
1520504,"Controladora Vuela Compania de Aviacion, S.A.B. de C.V.",Mexico,2024,,,,,1070070000,ifrs-full:PropertyPlantAndEquipment,5703710000,ifrs-full:Assets,25957000,ifrs-full:IntangibleAssetsOtherThanGoodwill,,,,,5338897000,ifrs-full:Liabilities,USD
1534675,Tecnoglass Inc.,Colombia,2016,305016000,us-gaap:RevenueFromContractWithCustomerExcludingAssessedTax,192369000,us-gaap:CostOfGoodsAndServicesSold,170797000,us-gaap:PropertyPlantAndEquipmentNet,394730000,us-gaap:Assets,4555000,us-gaap:IntangibleAssetsNetExcludingGoodwill,1330000,us-gaap:Goodwill,,,281165000,us-gaap:Liabilities,USD
1534675,Tecnoglass Inc.,Colombia,2017,314456000,us-gaap:RevenueFromContractWithCustomerExcludingAssessedTax,215274000,us-gaap:CostOfGoodsAndServicesSold,168701000,us-gaap:PropertyPlantAndEquipmentNet,468000000,us-gaap:Assets,11517000,us-gaap:IntangibleAssetsNetExcludingGoodwill,23130000,us-gaap:Goodwill,,,346335000,us-gaap:Liabilities,USD
1534675,Tecnoglass Inc.,Colombia,2018,370984000,us-gaap:RevenueFromContractWithCustomerExcludingAssessedTax,250767000,us-gaap:CostOfGoodsAndServicesSold,149199000,us-gaap:PropertyPlantAndEquipmentNet,489774000,us-gaap:Assets,9006000,us-gaap:IntangibleAssetsNetExcludingGoodwill,23561000,us-gaap:Goodwill,,,356546000,us-gaap:Liabilities,USD
1534675,Tecnoglass Inc.,Colombia,2019,430912000,us-gaap:RevenueFromContractWithCustomerExcludingAssessedTax,295103000,us-gaap:CostOfGoodsAndServicesSold,154609000,us-gaap:PropertyPlantAndEquipmentNet,569668000,us-gaap:Assets,6703000,us-gaap:IntangibleAssetsNetExcludingGoodwill,23561000,us-gaap:Goodwill,,,382458000,us-gaap:Liabilities,USD
1534675,Tecnoglass Inc.,Colombia,2020,376607000,us-gaap:RevenueFromContractWithCustomerExcludingAssessedTax,237166000,us-gaap:CostOfGoodsAndServicesSold,152474000,us-gaap:PropertyPlantAndEquipmentNet,530112000,us-gaap:Assets,5112000,us-gaap:IntangibleAssetsNetExcludingGoodwill,23561000,us-gaap:Goodwill,,,321570000,us-gaap:Liabilities,USD
1534675,Tecnoglass Inc.,Colombia,2021,496785000,us-gaap:RevenueFromContractWithCustomerExcludingAssessedTax,294201000,us-gaap:CostOfGoodsAndServicesSold,166629000,us-gaap:PropertyPlantAndEquipmentNet,591563000,us-gaap:Assets,3337000,us-gaap:IntangibleAssetsNetExcludingGoodwill,23561000,us-gaap:Goodwill,,,346865000,us-gaap:Liabilities,USD
1534675,Tecnoglass Inc.,Colombia,2022,716570000,us-gaap:RevenueFromContractWithCustomerExcludingAssessedTax,367071000,us-gaap:CostOfGoodsAndServicesSold,202865000,us-gaap:PropertyPlantAndEquipmentNet,734308000,us-gaap:Assets,2706000,us-gaap:IntangibleAssetsNetExcludingGoodwill,23561000,us-gaap:Goodwill,,,383983000,us-gaap:Liabilities,USD
1534675,Tecnoglass Inc.,Colombia,2023,833265000,us-gaap:RevenueFromContractWithCustomerExcludingAssessedTax,442331000,us-gaap:CostOfGoodsAndServicesSold,324591000,us-gaap:PropertyPlantAndEquipmentNet,962717000,us-gaap:Assets,3475000,us-gaap:IntangibleAssetsNetExcludingGoodwill,23561000,us-gaap:Goodwill,,,414697000,us-gaap:Liabilities,USD
1534675,Tecnoglass Inc.,Colombia,2024,890181000,us-gaap:RevenueFromContractWithCustomerExcludingAssessedTax,510209000,us-gaap:CostOfGoodsAndServicesSold,344433000,us-gaap:PropertyPlantAndEquipmentNet,1016648000,us-gaap:Assets,4389000,us-gaap:IntangibleAssetsNetExcludingGoodwill,23561000,us-gaap:Goodwill,,,385465000,us-gaap:Liabilities,USD
1534675,Tecnoglass Inc.,Colombia,2025,983610000,us-gaap:RevenueFromContractWithCustomerExcludingAssessedTax,562200000,us-gaap:CostOfGoodsAndServicesSold,476159000,us-gaap:PropertyPlantAndEquipmentNet,1260392000,us-gaap:Assets,12959000,us-gaap:IntangibleAssetsNetExcludingGoodwill,30059000,us-gaap:Goodwill,,,547340000,us-gaap:Liabilities,USD
1540684,Atlas Lithium Corp,Brazil,2016,,,218245,us-gaap:CostOfRevenue,421927,us-gaap:PropertyPlantAndEquipmentNet,1173588,us-gaap:Assets,630089,us-gaap:IntangibleAssetsNetExcludingGoodwill,,,,,1184095,us-gaap:Liabilities,USD
1540684,Atlas Lithium Corp,Brazil,2017,,,208840,us-gaap:CostOfRevenue,365472,us-gaap:PropertyPlantAndEquipmentNet,1291395,us-gaap:Assets,620805,us-gaap:IntangibleAssetsNetExcludingGoodwill,,,,,1811042,us-gaap:Liabilities,USD
1540684,Atlas Lithium Corp,Brazil,2018,,,126217,us-gaap:CostOfRevenue,243778,us-gaap:PropertyPlantAndEquipmentNet,987357,us-gaap:Assets,530293,us-gaap:IntangibleAssetsNetExcludingGoodwill,,,,,2261987,us-gaap:Liabilities,USD
1540684,Atlas Lithium Corp,Brazil,2019,,,182168,us-gaap:CostOfRevenue,172802,us-gaap:PropertyPlantAndEquipmentNet,1026441,us-gaap:Assets,509862,us-gaap:IntangibleAssetsNetExcludingGoodwill,,,,,2347085,us-gaap:Liabilities,USD
1540684,Atlas Lithium Corp,Brazil,2020,,,129943,us-gaap:CostOfRevenue,89276,us-gaap:PropertyPlantAndEquipmentNet,951888,us-gaap:Assets,407467,us-gaap:IntangibleAssetsNetExcludingGoodwill,,,,,2448140,us-gaap:Liabilities,USD
1540684,Atlas Lithium Corp,Brazil,2021,,,245810,us-gaap:CostOfRevenue,53827,us-gaap:PropertyPlantAndEquipmentNet,1564197,us-gaap:Assets,1302440,us-gaap:IntangibleAssetsNetExcludingGoodwill,,,,,1107331,us-gaap:Liabilities,USD
1540684,Atlas Lithium Corp,Brazil,2022,,,63548,us-gaap:CostOfRevenue,217550,us-gaap:PropertyPlantAndEquipmentNet,5684231,us-gaap:Assets,4971267,us-gaap:IntangibleAssetsNetExcludingGoodwill,,,,,,,USD
1540684,Atlas Lithium Corp,Brazil,2023,,,,,13477602,us-gaap:PropertyPlantAndEquipmentNet,43573669,us-gaap:Assets,45777,us-gaap:IntangibleAssetsNetExcludingGoodwill,,,,,,,USD
1540684,Atlas Lithium Corp,Brazil,2024,748654,us-gaap:RevenueFromContractWithCustomerExcludingAssessedTax,401437,us-gaap:CostOfRevenue,38855071,us-gaap:PropertyPlantAndEquipmentNet,57854608,us-gaap:Assets,399773,us-gaap:IntangibleAssetsNetExcludingGoodwill,,,,,,,USD
1540684,Atlas Lithium Corp,Brazil,2025,121388,us-gaap:RevenueFromContractWithCustomerExcludingAssessedTax,151922,us-gaap:CostOfRevenue,47959905,us-gaap:PropertyPlantAndEquipmentNet,87697452,us-gaap:Assets,309258,us-gaap:IntangibleAssetsNetExcludingGoodwill,,,,,,,USD
1557860,Globant S.A.,Argentina,2016,322856000,ifrs-full:Revenue,191395000,ifrs-full:CostOfSales,35676000,ifrs-full:PropertyPlantAndEquipment,284748000,ifrs-full:Assets,13791000,ifrs-full:IntangibleAssetsOtherThanGoodwill,65180000,ifrs-full:Goodwill,,,76188000,ifrs-full:Liabilities,USD
1557860,Globant S.A.,Argentina,2017,413439000,ifrs-full:Revenue,263171000,ifrs-full:CostOfSales,43879000,ifrs-full:PropertyPlantAndEquipment,357177000,ifrs-full:Assets,11365000,ifrs-full:IntangibleAssetsOtherThanGoodwill,98926000,ifrs-full:Goodwill,,,93813000,ifrs-full:Liabilities,USD
1557860,Globant S.A.,Argentina,2018,522310000,ifrs-full:Revenue,318554000,ifrs-full:CostOfSales,51460000,ifrs-full:PropertyPlantAndEquipment,437099000,ifrs-full:Assets,11778000,ifrs-full:IntangibleAssetsOtherThanGoodwill,104846000,ifrs-full:Goodwill,,,99183000,ifrs-full:Liabilities,USD
1557860,Globant S.A.,Argentina,2019,659325000,ifrs-full:Revenue,405164000,ifrs-full:CostOfSales,87533000,ifrs-full:PropertyPlantAndEquipment,687764000,ifrs-full:Assets,27110000,ifrs-full:IntangibleAssetsOtherThanGoodwill,188538000,ifrs-full:Goodwill,,,249050000,ifrs-full:Liabilities,USD
1557860,Globant S.A.,Argentina,2020,814139000,ifrs-full:Revenue,509812000,ifrs-full:CostOfSales,101027000,ifrs-full:PropertyPlantAndEquipment,1288767000,ifrs-full:Assets,86721000,ifrs-full:IntangibleAssetsOtherThanGoodwill,392760000,ifrs-full:Goodwill,,,408828000,ifrs-full:Liabilities,USD
1557860,Globant S.A.,Argentina,2021,1297078000,ifrs-full:Revenue,802090000,ifrs-full:CostOfSales,133373000,ifrs-full:PropertyPlantAndEquipment,1884531000,ifrs-full:Assets,102016000,ifrs-full:IntangibleAssetsOtherThanGoodwill,567451000,ifrs-full:Goodwill,,,576218000,ifrs-full:Liabilities,USD
1557860,Globant S.A.,Argentina,2022,1780243000,ifrs-full:Revenue,1110848000,ifrs-full:CostOfSales,161733000,ifrs-full:PropertyPlantAndEquipment,2195789000,ifrs-full:Assets,182572000,ifrs-full:IntangibleAssetsOtherThanGoodwill,734952000,ifrs-full:Goodwill,,,639629000,ifrs-full:Liabilities,USD
1557860,Globant S.A.,Argentina,2023,2095939000,ifrs-full:Revenue,1340178000,ifrs-full:CostOfSales,162736000,ifrs-full:PropertyPlantAndEquipment,2726866000,ifrs-full:Assets,285661000,ifrs-full:IntangibleAssetsOtherThanGoodwill,1105072000,ifrs-full:Goodwill,,,931185000,ifrs-full:Liabilities,USD
1557860,Globant S.A.,Argentina,2024,2415689000,ifrs-full:Revenue,1552322000,ifrs-full:CostOfSales,154755000,ifrs-full:PropertyPlantAndEquipment,3149260000,ifrs-full:Assets,378024000,ifrs-full:IntangibleAssetsOtherThanGoodwill,1483443000,ifrs-full:Goodwill,,,1115911000,ifrs-full:Liabilities,USD
1557860,Globant S.A.,Argentina,2025,2454877000,ifrs-full:Revenue,1595586000,ifrs-full:CostOfSales,137331000,ifrs-full:PropertyPlantAndEquipment,3318235000,ifrs-full:Assets,345951000,ifrs-full:IntangibleAssetsOtherThanGoodwill,1601523000,ifrs-full:Goodwill,,,1156599000,ifrs-full:Liabilities,USD
1562767,Netshoes (Cayman) Ltd.,Brazil,2016,1685151000,ifrs-full:Revenue,1144231000,ifrs-full:CostOfSales,74202000,ifrs-full:PropertyPlantAndEquipment,1113722000,ifrs-full:Assets,87593000,ifrs-full:IntangibleAssetsOtherThanGoodwill,,,,,989697000,ifrs-full:Liabilities,BRL
1562767,Netshoes (Cayman) Ltd.,Brazil,2017,1835212000,ifrs-full:Revenue,1247014000,ifrs-full:CostOfSales,73039000,ifrs-full:PropertyPlantAndEquipment,1497125000,ifrs-full:Assets,115839000,ifrs-full:IntangibleAssetsOtherThanGoodwill,,,,,1013776000,ifrs-full:Liabilities,BRL
1562767,Netshoes (Cayman) Ltd.,Brazil,2018,1808064000,ifrs-full:Revenue,1389842000,ifrs-full:CostOfSales,76489000,ifrs-full:PropertyPlantAndEquipment,994332000,ifrs-full:Assets,143317000,ifrs-full:IntangibleAssetsOtherThanGoodwill,,,,,837782000,ifrs-full:Liabilities,BRL
1565025,AMBEV S.A.,Brazil,2016,45602600000,ifrs-full:Revenue,16678000000,ifrs-full:CostOfSales,19153800000,ifrs-full:PropertyPlantAndEquipment,83841400000,ifrs-full:Assets,5245900000,ifrs-full:IntangibleAssetsOtherThanGoodwill,30511200000,ifrs-full:Goodwill,,,37190100000,ifrs-full:Liabilities,BRL
1565025,AMBEV S.A.,Brazil,2017,47899300000,ifrs-full:Revenue,18028400000,ifrs-full:CostOfSales,20705100000,ifrs-full:PropertyPlantAndEquipment,88766200000,ifrs-full:Assets,4674700000,ifrs-full:IntangibleAssetsOtherThanGoodwill,31401900000,ifrs-full:Goodwill,,,40846600000,ifrs-full:Liabilities,BRL
1565025,AMBEV S.A.,Brazil,2018,50231300000,ifrs-full:Revenue,19249400000,ifrs-full:CostOfSales,21638000000,ifrs-full:PropertyPlantAndEquipment,95714300000,ifrs-full:Assets,5840600000,ifrs-full:IntangibleAssetsOtherThanGoodwill,34276200000,ifrs-full:Goodwill,,,38259600000,ifrs-full:Liabilities,BRL
1565025,AMBEV S.A.,Brazil,2019,52005100000,ifrs-full:Revenue,21678200000,ifrs-full:CostOfSales,22576300000,ifrs-full:PropertyPlantAndEquipment,101742900000,ifrs-full:Assets,6306400000,ifrs-full:IntangibleAssetsOtherThanGoodwill,35009900000,ifrs-full:Goodwill,,,39186900000,ifrs-full:Liabilities,BRL
1565025,AMBEV S.A.,Brazil,2020,58379000000,ifrs-full:Revenue,27066100000,ifrs-full:CostOfSales,24768400000,ifrs-full:PropertyPlantAndEquipment,125196300000,ifrs-full:Assets,7580600000,ifrs-full:IntangibleAssetsOtherThanGoodwill,40023500000,ifrs-full:Goodwill,,,50045100000,ifrs-full:Liabilities,BRL
1565025,AMBEV S.A.,Brazil,2021,72854300000,ifrs-full:Revenue,35659700000,ifrs-full:CostOfSales,29224300000,ifrs-full:PropertyPlantAndEquipment,138602500000,ifrs-full:Assets,8689000000,ifrs-full:IntangibleAssetsOtherThanGoodwill,42411300000,ifrs-full:Goodwill,,,54584900000,ifrs-full:Liabilities,BRL
1565025,AMBEV S.A.,Brazil,2022,79708800000,ifrs-full:Revenue,40422100000,ifrs-full:CostOfSales,30055700000,ifrs-full:PropertyPlantAndEquipment,137958000000,ifrs-full:Assets,9222200000,ifrs-full:IntangibleAssetsOtherThanGoodwill,40594000000,ifrs-full:Goodwill,,,54630200000,ifrs-full:Liabilities,BRL
1565025,AMBEV S.A.,Brazil,2023,79736900000,ifrs-full:Revenue,39291600000,ifrs-full:CostOfSales,26630200000,ifrs-full:PropertyPlantAndEquipment,132644300000,ifrs-full:Assets,10041700000,ifrs-full:IntangibleAssetsOtherThanGoodwill,38003600000,ifrs-full:Goodwill,,,52500500000,ifrs-full:Liabilities,BRL
1565025,AMBEV S.A.,Brazil,2024,89452700000,ifrs-full:Revenue,43615100000,ifrs-full:CostOfSales,30170200000,ifrs-full:PropertyPlantAndEquipment,162508300000,ifrs-full:Assets,12530700000,ifrs-full:IntangibleAssetsOtherThanGoodwill,44342700000,ifrs-full:Goodwill,,,62927800000,ifrs-full:Liabilities,BRL
1565025,AMBEV S.A.,Brazil,2025,88242500000,ifrs-full:Revenue,42864100000,ifrs-full:CostOfSales,27644300000,ifrs-full:PropertyPlantAndEquipment,145087200000,ifrs-full:Assets,11042700000,ifrs-full:IntangibleAssetsOtherThanGoodwill,41538400000,ifrs-full:Goodwill,,,56312400000,ifrs-full:Liabilities,BRL
1572621,AENZA S.A.A.,Peru,2016,4137309000,ifrs-full:Revenue,3821220000,ifrs-full:CostOfSales,1113599000,ifrs-full:PropertyPlantAndEquipment,9046636000,ifrs-full:Assets,,,144520000,ifrs-full:Goodwill,,,6556899000,ifrs-full:Liabilities,PEN
1572621,AENZA S.A.A.,Peru,2017,4014013000,ifrs-full:Revenue,3511561000,ifrs-full:CostOfSales,865735000,ifrs-full:PropertyPlantAndEquipment,8667670000,ifrs-full:Assets,,,116804000,ifrs-full:Goodwill,,,6078592000,ifrs-full:Liabilities,PEN
1572621,AENZA S.A.A.,Peru,2018,4202398000,ifrs-full:Revenue,3488428000,ifrs-full:CostOfSales,503584000,ifrs-full:PropertyPlantAndEquipment,7430396000,ifrs-full:Assets,,,93288000,ifrs-full:Goodwill,,,4940465000,ifrs-full:Liabilities,PEN
1572621,AENZA S.A.A.,Peru,2019,4085004000,ifrs-full:Revenue,3643241000,ifrs-full:CostOfSales,854227000,ifrs-full:PropertyPlantAndEquipment,6404464000,ifrs-full:Assets,,,57367000,ifrs-full:Goodwill,,,4528379000,ifrs-full:Liabilities,PEN
1572621,AENZA S.A.A.,Peru,2020,3185553000,ifrs-full:Revenue,2836153000,ifrs-full:CostOfSales,791990000,ifrs-full:PropertyPlantAndEquipment,6026750000,ifrs-full:Assets,791990000,ifrs-full:IntangibleAssetsOtherThanGoodwill,58946000,ifrs-full:Goodwill,,,4431454000,ifrs-full:Liabilities,PEN
1572621,AENZA S.A.A.,Peru,2021,4141398000,ifrs-full:Revenue,3664692000,ifrs-full:CostOfSales,303170000,ifrs-full:PropertyPlantAndEquipment,5837131000,ifrs-full:Assets,743391000,ifrs-full:IntangibleAssetsOtherThanGoodwill,57080000,ifrs-full:Goodwill,,,4381121000,ifrs-full:Liabilities,PEN
1572621,AENZA S.A.A.,Peru,2022,4405124000,ifrs-full:Revenue,3905604000,ifrs-full:CostOfSales,284465000,ifrs-full:PropertyPlantAndEquipment,5921280000,ifrs-full:Assets,787336000,ifrs-full:IntangibleAssetsOtherThanGoodwill,,,,,4575274000,ifrs-full:Liabilities,PEN
1572621,AENZA S.A.A.,Peru,2023,4301475000,ifrs-full:Revenue,3605907000,ifrs-full:CostOfSales,307165000,ifrs-full:PropertyPlantAndEquipment,5934508000,ifrs-full:Assets,752456000,ifrs-full:IntangibleAssetsOtherThanGoodwill,,,,,4447219000,ifrs-full:Liabilities,PEN
1575969,Avianca Holdings S.A.,Colombia,2016,4138338000,ifrs-full:Revenue,,,4649929000,ifrs-full:PropertyPlantAndEquipment,6351335000,ifrs-full:Assets,104884000,ifrs-full:IntangibleAssetsOtherThanGoodwill,308034000,ifrs-full:Goodwill,,,4931074000,ifrs-full:Liabilities,USD
1575969,Avianca Holdings S.A.,Colombia,2017,4441684000,ifrs-full:Revenue,,,4881016000,ifrs-full:PropertyPlantAndEquipment,6861396000,ifrs-full:Assets,115306000,ifrs-full:IntangibleAssetsOtherThanGoodwill,311273000,ifrs-full:Goodwill,,,5521696000,ifrs-full:Liabilities,USD
1575969,Avianca Holdings S.A.,Colombia,2018,4890830000,ifrs-full:Revenue,,,5313317000,ifrs-full:PropertyPlantAndEquipment,7118643000,ifrs-full:Assets,205770000,ifrs-full:IntangibleAssetsOtherThanGoodwill,308033000,ifrs-full:Goodwill,,,6126182000,ifrs-full:Liabilities,USD
1575969,Avianca Holdings S.A.,Colombia,2019,4621496000,ifrs-full:Revenue,,,4953317000,ifrs-full:PropertyPlantAndEquipment,7273910000,ifrs-full:Assets,197474000,ifrs-full:IntangibleAssetsOtherThanGoodwill,308033000,ifrs-full:Goodwill,,,7268743000,ifrs-full:Liabilities,USD
1575969,Avianca Holdings S.A.,Colombia,2020,1711585000,ifrs-full:Revenue,,,4811544000,ifrs-full:PropertyPlantAndEquipment,6860494000,ifrs-full:Assets,180892000,ifrs-full:IntangibleAssetsOtherThanGoodwill,308033000,ifrs-full:Goodwill,,,8162266000,ifrs-full:Liabilities,USD
1615903,Intercorp Financial Services Inc.,Peru,2017,,,,,612639000,ifrs-full:PropertyPlantAndEquipment,,,,,,,,,,,PEN
1615903,Intercorp Financial Services Inc.,Peru,2018,,,,,950943000,ifrs-full:PropertyPlantAndEquipment,63744409000,ifrs-full:Assets,,,,,,,56655933000,ifrs-full:Liabilities,PEN
1615903,Intercorp Financial Services Inc.,Peru,2019,,,,,844427000,ifrs-full:PropertyPlantAndEquipment,71562293000,ifrs-full:Assets,,,,,,,62658845000,ifrs-full:Liabilities,PEN
1615903,Intercorp Financial Services Inc.,Peru,2020,,,,,844427000,ifrs-full:PropertyPlantAndEquipment,88236029000,ifrs-full:Assets,,,,,,,79282080000,ifrs-full:Liabilities,PEN
1615903,Intercorp Financial Services Inc.,Peru,2021,,,,,815118000,ifrs-full:PropertyPlantAndEquipment,89954787000,ifrs-full:Assets,,,,,,,81219959000,ifrs-full:Liabilities,PEN
1615903,Intercorp Financial Services Inc.,Peru,2022,,,,,791432000,ifrs-full:PropertyPlantAndEquipment,87482089000,ifrs-full:Assets,,,,,,,78055862000,ifrs-full:Liabilities,PEN
1615903,Intercorp Financial Services Inc.,Peru,2023,,,,,804832000,ifrs-full:PropertyPlantAndEquipment,89624779000,ifrs-full:Assets,,,,,,,79616678000,ifrs-full:Liabilities,PEN
1615903,Intercorp Financial Services Inc.,Peru,2024,,,,,814432000,ifrs-full:PropertyPlantAndEquipment,95503781000,ifrs-full:Assets,,,,,,,84525186000,ifrs-full:Liabilities,PEN
1659939,Enel Chile S.A.,Chile,2016,2515843880000,ifrs-full:Revenue,,,3476128634000,ifrs-full:PropertyPlantAndEquipment,,,44470750000,ifrs-full:IntangibleAssetsOtherThanGoodwill,887257655000,ifrs-full:Goodwill,,,,,CLP
1659939,Enel Chile S.A.,Chile,2017,2484101582000,ifrs-full:Revenue,,,3585687137000,ifrs-full:PropertyPlantAndEquipment,5694773008000,ifrs-full:Assets,55170904000,ifrs-full:IntangibleAssetsOtherThanGoodwill,887257655000,ifrs-full:Goodwill,,,1907811351000,ifrs-full:Liabilities,CLP
1659939,Enel Chile S.A.,Chile,2018,2410360459000,ifrs-full:Revenue,,,5290992961000,ifrs-full:PropertyPlantAndEquipment,7488020164000,ifrs-full:Assets,115372393000,ifrs-full:IntangibleAssetsOtherThanGoodwill,915044725000,ifrs-full:Goodwill,,,3813856383000,ifrs-full:Liabilities,CLP
1659939,Enel Chile S.A.,Chile,2019,2624576323000,ifrs-full:Revenue,,,5304476114000,ifrs-full:PropertyPlantAndEquipment,7857988164000,ifrs-full:Assets,132278593000,ifrs-full:IntangibleAssetsOtherThanGoodwill,917352974000,ifrs-full:Goodwill,,,4110704512000,ifrs-full:Liabilities,CLP
1659939,Enel Chile S.A.,Chile,2020,2548384317000,ifrs-full:Revenue,,,5033496472000,ifrs-full:PropertyPlantAndEquipment,7904471584000,ifrs-full:Assets,165114521000,ifrs-full:IntangibleAssetsOtherThanGoodwill,915705369000,ifrs-full:Goodwill,,,4310197085000,ifrs-full:Liabilities,CLP
1659939,Enel Chile S.A.,Chile,2021,2829682404000,ifrs-full:Revenue,,,6110688761000,ifrs-full:PropertyPlantAndEquipment,9500323596000,ifrs-full:Assets,191221555000,ifrs-full:IntangibleAssetsOtherThanGoodwill,921078198000,ifrs-full:Goodwill,,,6153830698000,ifrs-full:Liabilities,CLP
1659939,Enel Chile S.A.,Chile,2022,4379000090000,ifrs-full:Revenue,,,6572353994000,ifrs-full:PropertyPlantAndEquipment,11865579732000,ifrs-full:Assets,191441263000,ifrs-full:IntangibleAssetsOtherThanGoodwill,883613429000,ifrs-full:Goodwill,,,7476640429000,ifrs-full:Liabilities,CLP
1659939,Enel Chile S.A.,Chile,2023,4262591097000,ifrs-full:Revenue,,,6850184820000,ifrs-full:PropertyPlantAndEquipment,11833721036000,ifrs-full:Assets,195009500000,ifrs-full:IntangibleAssetsOtherThanGoodwill,884464658000,ifrs-full:Goodwill,,,7072834764000,ifrs-full:Liabilities,CLP
1659939,Enel Chile S.A.,Chile,2024,3904732890000,ifrs-full:Revenue,,,7552861067000,ifrs-full:PropertyPlantAndEquipment,12719897584000,ifrs-full:Assets,293348456000,ifrs-full:IntangibleAssetsOtherThanGoodwill,889242912000,ifrs-full:Goodwill,,,7393518069000,ifrs-full:Liabilities,CLP
1691493,Nu Holdings Ltd.,Brazil,2019,612109000,ifrs-full:Revenue,,,,,,,,,,,,,,,USD
1691493,Nu Holdings Ltd.,Brazil,2020,737133000,ifrs-full:Revenue,,,9850000,ifrs-full:PropertyPlantAndEquipment,10154250000,ifrs-full:Assets,12372000,ifrs-full:IntangibleAssetsOtherThanGoodwill,831000,ifrs-full:Goodwill,,,9716139000,ifrs-full:Liabilities,USD
1691493,Nu Holdings Ltd.,Brazil,2021,1698023000,ifrs-full:Revenue,,,14109000,ifrs-full:PropertyPlantAndEquipment,19858681000,ifrs-full:Assets,72337000,ifrs-full:IntangibleAssetsOtherThanGoodwill,401872000,ifrs-full:Goodwill,,,15416140000,ifrs-full:Liabilities,USD
1691493,Nu Holdings Ltd.,Brazil,2022,4792231000,ifrs-full:Revenue,,,27482000,ifrs-full:PropertyPlantAndEquipment,29934872000,ifrs-full:Assets,182164000,ifrs-full:IntangibleAssetsOtherThanGoodwill,397397000,ifrs-full:Goodwill,,,25044089000,ifrs-full:Liabilities,USD
1691493,Nu Holdings Ltd.,Brazil,2023,8028976000,ifrs-full:Revenue,,,39294000,ifrs-full:PropertyPlantAndEquipment,43345195000,ifrs-full:Assets,295881000,ifrs-full:IntangibleAssetsOtherThanGoodwill,397538000,ifrs-full:Goodwill,,,36938810000,ifrs-full:Liabilities,USD
1691493,Nu Holdings Ltd.,Brazil,2024,11517075000,ifrs-full:Revenue,,,25879000,ifrs-full:PropertyPlantAndEquipment,49931214000,ifrs-full:Assets,347616000,ifrs-full:IntangibleAssetsOtherThanGoodwill,414287000,ifrs-full:Goodwill,,,42284138000,ifrs-full:Liabilities,USD
1698287,"Banco Santander Mexico S.A., Institucion de Banca Multiple, Grupo Financiero Santander Mexico",Mexico,2016,,,,,5692000000,ifrs-full:PropertyPlantAndEquipment,1350937000000,ifrs-full:Assets,4038000000,ifrs-full:IntangibleAssetsOtherThanGoodwill,1734000000,ifrs-full:Goodwill,,,1245710000000,ifrs-full:Liabilities,MXN
1698287,"Banco Santander Mexico S.A., Institucion de Banca Multiple, Grupo Financiero Santander Mexico",Mexico,2017,,,,,6498000000,ifrs-full:PropertyPlantAndEquipment,1329191000000,ifrs-full:Assets,5226000000,ifrs-full:IntangibleAssetsOtherThanGoodwill,1734000000,ifrs-full:Goodwill,,,1213781000000,ifrs-full:Liabilities,MXN
1698287,"Banco Santander Mexico S.A., Institucion de Banca Multiple, Grupo Financiero Santander Mexico",Mexico,2018,,,,,8714000000,ifrs-full:PropertyPlantAndEquipment,1408724000000,ifrs-full:Assets,6310000000,ifrs-full:IntangibleAssetsOtherThanGoodwill,1734000000,ifrs-full:Goodwill,,,1285437000000,ifrs-full:Liabilities,MXN
1698287,"Banco Santander Mexico S.A., Institucion de Banca Multiple, Grupo Financiero Santander Mexico",Mexico,2019,,,,,10542000000,ifrs-full:PropertyPlantAndEquipment,1467548000000,ifrs-full:Assets,7098000000,ifrs-full:IntangibleAssetsOtherThanGoodwill,1734000000,ifrs-full:Goodwill,,,1332750000000,ifrs-full:Liabilities,MXN
1698287,"Banco Santander Mexico S.A., Institucion de Banca Multiple, Grupo Financiero Santander Mexico",Mexico,2020,,,,,12206000000,ifrs-full:PropertyPlantAndEquipment,1837914000000,ifrs-full:Assets,6873000000,ifrs-full:IntangibleAssetsOtherThanGoodwill,1734000000,ifrs-full:Goodwill,,,1684080000000,ifrs-full:Liabilities,MXN
1698287,"Banco Santander Mexico S.A., Institucion de Banca Multiple, Grupo Financiero Santander Mexico",Mexico,2021,,,,,12620000000,ifrs-full:PropertyPlantAndEquipment,1678213000000,ifrs-full:Assets,7677000000,ifrs-full:IntangibleAssetsOtherThanGoodwill,1734000000,ifrs-full:Goodwill,,,1514625000000,ifrs-full:Liabilities,MXN
1698287,"Banco Santander Mexico S.A., Institucion de Banca Multiple, Grupo Financiero Santander Mexico",Mexico,2022,,,,,13707000000,ifrs-full:PropertyPlantAndEquipment,1813421000000,ifrs-full:Assets,8947000000,ifrs-full:IntangibleAssetsOtherThanGoodwill,1734000000,ifrs-full:Goodwill,,,1649967000000,ifrs-full:Liabilities,MXN
1703141,"Despegar.com, Corp.",Argentina,2016,,,126675000,us-gaap:CostOfRevenue,13717000,us-gaap:PropertyPlantAndEquipmentNet,353710000,us-gaap:Assets,31412000,us-gaap:IntangibleAssetsNetExcludingGoodwill,38894000,us-gaap:Goodwill,63251000,us-gaap:ResearchAndDevelopmentExpense,435973000,us-gaap:Liabilities,USD
1703141,"Despegar.com, Corp.",Argentina,2017,,,142479000,us-gaap:CostOfRevenue,16171000,us-gaap:PropertyPlantAndEquipmentNet,738694000,us-gaap:Assets,35424000,us-gaap:IntangibleAssetsNetExcludingGoodwill,38733000,us-gaap:Goodwill,71308000,us-gaap:ResearchAndDevelopmentExpense,520736000,us-gaap:Liabilities,USD
1703141,"Despegar.com, Corp.",Argentina,2018,,,172110000,us-gaap:CostOfRevenue,19716000,us-gaap:PropertyPlantAndEquipmentNet,763947000,us-gaap:Assets,37512000,us-gaap:IntangibleAssetsNetExcludingGoodwill,36207000,us-gaap:Goodwill,71154000,us-gaap:ResearchAndDevelopmentExpense,516373000,us-gaap:Liabilities,USD
1703141,"Despegar.com, Corp.",Argentina,2019,,,179565000,us-gaap:CostOfRevenue,21205000,us-gaap:PropertyPlantAndEquipmentNet,801213000,us-gaap:Assets,49619000,us-gaap:IntangibleAssetsNetExcludingGoodwill,46956000,us-gaap:Goodwill,73375000,us-gaap:ResearchAndDevelopmentExpense,606977000,us-gaap:Liabilities,USD
1703141,"Despegar.com, Corp.",Argentina,2020,131334000,us-gaap:RevenueFromContractWithCustomerExcludingAssessedTax,103825000,us-gaap:CostOfRevenue,22462000,us-gaap:PropertyPlantAndEquipmentNet,840978000,us-gaap:Assets,96495000,us-gaap:IntangibleAssetsNetExcludingGoodwill,123217000,us-gaap:Goodwill,67043000,us-gaap:ResearchAndDevelopmentExpense,606241000,us-gaap:Liabilities,USD
1703141,"Despegar.com, Corp.",Argentina,2021,322843000,us-gaap:RevenueFromContractWithCustomerExcludingAssessedTax,160240000,us-gaap:CostOfRevenue,17285000,us-gaap:PropertyPlantAndEquipmentNet,822121000,us-gaap:Assets,85723000,us-gaap:IntangibleAssetsNetExcludingGoodwill,122426000,us-gaap:Goodwill,74743000,us-gaap:ResearchAndDevelopmentExpense,694989000,us-gaap:Liabilities,USD
1703141,"Despegar.com, Corp.",Argentina,2022,537972000,us-gaap:RevenueFromContractWithCustomerExcludingAssessedTax,182898000,us-gaap:CostOfRevenue,15532000,us-gaap:PropertyPlantAndEquipmentNet,804192000,us-gaap:Assets,91500000,us-gaap:IntangibleAssetsNetExcludingGoodwill,138637000,us-gaap:Goodwill,89992000,us-gaap:ResearchAndDevelopmentExpense,763193000,us-gaap:Liabilities,USD
1703141,"Despegar.com, Corp.",Argentina,2023,706040000,us-gaap:RevenueFromContractWithCustomerExcludingAssessedTax,228938000,us-gaap:CostOfRevenue,16400000,us-gaap:PropertyPlantAndEquipmentNet,898334000,us-gaap:Assets,90421000,us-gaap:IntangibleAssetsNetExcludingGoodwill,150752000,us-gaap:Goodwill,109130000,us-gaap:ResearchAndDevelopmentExpense,842680000,us-gaap:Liabilities,USD
1703141,"Despegar.com, Corp.",Argentina,2024,774061000,us-gaap:RevenueFromContractWithCustomerExcludingAssessedTax,208142000,us-gaap:CostOfRevenue,14190000,us-gaap:PropertyPlantAndEquipmentNet,904787000,us-gaap:Assets,83050000,us-gaap:IntangibleAssetsNetExcludingGoodwill,125832000,us-gaap:Goodwill,107958000,us-gaap:ResearchAndDevelopmentExpense,857151000,us-gaap:Liabilities,USD
1711375,Loma Negra Compania Industrial Argentina Sociedad Anonima,Argentina,2016,19334389117,ifrs-full:Revenue,15154175473,ifrs-full:CostOfSales,4880927203,ifrs-full:PropertyPlantAndEquipment,8962006445,ifrs-full:Assets,57047422,ifrs-full:IntangibleAssetsOtherThanGoodwill,39347434,ifrs-full:Goodwill,,,7831494868,ifrs-full:Liabilities,ARS
1711375,Loma Negra Compania Industrial Argentina Sociedad Anonima,Argentina,2017,38209835000,ifrs-full:Revenue,28474285000,ifrs-full:CostOfSales,18310023378,ifrs-full:PropertyPlantAndEquipment,29525708170,ifrs-full:Assets,224682237,ifrs-full:IntangibleAssetsOtherThanGoodwill,16577250,ifrs-full:Goodwill,,,15394769881,ifrs-full:Liabilities,ARS
1711375,Loma Negra Compania Industrial Argentina Sociedad Anonima,Argentina,2018,51238154000,ifrs-full:Revenue,38393415000,ifrs-full:CostOfSales,33655357000,ifrs-full:PropertyPlantAndEquipment,50558310000,ifrs-full:Assets,336177000,ifrs-full:IntangibleAssetsOtherThanGoodwill,25501000,ifrs-full:Goodwill,,,25094077000,ifrs-full:Liabilities,ARS
1711375,Loma Negra Compania Industrial Argentina Sociedad Anonima,Argentina,2019,72079294000,ifrs-full:Revenue,52386043000,ifrs-full:CostOfSales,53774641000,ifrs-full:PropertyPlantAndEquipment,75725586000,ifrs-full:Assets,171467000,ifrs-full:IntangibleAssetsOtherThanGoodwill,34717000,ifrs-full:Goodwill,,,35798859000,ifrs-full:Liabilities,ARS
1711375,Loma Negra Compania Industrial Argentina Sociedad Anonima,Argentina,2020,122382364000,ifrs-full:Revenue,85344521000,ifrs-full:CostOfSales,80839908000,ifrs-full:PropertyPlantAndEquipment,107086884000,ifrs-full:Assets,290311000,ifrs-full:IntangibleAssetsOtherThanGoodwill,52403000,ifrs-full:Goodwill,,,38573540000,ifrs-full:Liabilities,ARS
1711375,Loma Negra Compania Industrial Argentina Sociedad Anonima,Argentina,2021,446871607000,ifrs-full:Revenue,305630509000,ifrs-full:CostOfSales,158357491000,ifrs-full:PropertyPlantAndEquipment,204242567000,ifrs-full:Assets,563115000,ifrs-full:IntangibleAssetsOtherThanGoodwill,102078000,ifrs-full:Goodwill,,,62997858000,ifrs-full:Liabilities,ARS
1711375,Loma Negra Compania Industrial Argentina Sociedad Anonima,Argentina,2022,984191542000,ifrs-full:Revenue,718413301000,ifrs-full:CostOfSales,477921441000,ifrs-full:PropertyPlantAndEquipment,631825607000,ifrs-full:Assets,1463250000,ifrs-full:IntangibleAssetsOtherThanGoodwill,317878000,ifrs-full:Goodwill,,,270757053000,ifrs-full:Liabilities,ARS
1711375,Loma Negra Compania Industrial Argentina Sociedad Anonima,Argentina,2023,919312709000,ifrs-full:Revenue,688685258000,ifrs-full:CostOfSales,1049899221000,ifrs-full:PropertyPlantAndEquipment,1391171816000,ifrs-full:Assets,3452567000,ifrs-full:IntangibleAssetsOtherThanGoodwill,692222000,ifrs-full:Goodwill,,,750464331000,ifrs-full:Liabilities,ARS
1711375,Loma Negra Compania Industrial Argentina Sociedad Anonima,Argentina,2024,699178686000,ifrs-full:Revenue,512197718000,ifrs-full:CostOfSales,1054198440000,ifrs-full:PropertyPlantAndEquipment,1408332054000,ifrs-full:Assets,2897120000,ifrs-full:IntangibleAssetsOtherThanGoodwill,692222000,ifrs-full:Goodwill,,,615210312000,ifrs-full:Liabilities,ARS
1712807,PagSeguro Digital Ltd.,Brazil,2016,1138385000,ifrs-full:Revenue,623667000,ifrs-full:CostOfSales,4558000,ifrs-full:PropertyPlantAndEquipment,2370403000,ifrs-full:Assets,86108000,ifrs-full:IntangibleAssetsOtherThanGoodwill,,,,,,,BRL
1712807,PagSeguro Digital Ltd.,Brazil,2017,2523385000,ifrs-full:Revenue,1324380000,ifrs-full:CostOfSales,10889000,ifrs-full:PropertyPlantAndEquipment,4235757000,ifrs-full:Assets,158868000,ifrs-full:IntangibleAssetsOtherThanGoodwill,,,,,3365366000,ifrs-full:Liabilities,BRL
1712807,PagSeguro Digital Ltd.,Brazil,2018,4334692000,ifrs-full:Revenue,2144699000,ifrs-full:CostOfSales,67104000,ifrs-full:PropertyPlantAndEquipment,11417278000,ifrs-full:Assets,,,,,,,4842900000,ifrs-full:Liabilities,BRL
1712807,PagSeguro Digital Ltd.,Brazil,2019,5707209000,ifrs-full:Revenue,2762087000,ifrs-full:CostOfSales,399990000,ifrs-full:PropertyPlantAndEquipment,14582248000,ifrs-full:Assets,,,,,,,6567300000,ifrs-full:Liabilities,BRL
1712807,PagSeguro Digital Ltd.,Brazil,2020,6814673000,ifrs-full:Revenue,3772298000,ifrs-full:CostOfSales,1802613000,ifrs-full:PropertyPlantAndEquipment,22324322000,ifrs-full:Assets,,,,,,,12996863000,ifrs-full:Liabilities,BRL
1712807,PagSeguro Digital Ltd.,Brazil,2021,10448722000,ifrs-full:Revenue,5775895000,ifrs-full:CostOfSales,2289052000,ifrs-full:PropertyPlantAndEquipment,31075804000,ifrs-full:Assets,,,,,,,20573606000,ifrs-full:Liabilities,BRL
1712807,PagSeguro Digital Ltd.,Brazil,2022,15334914000,ifrs-full:Revenue,7470895000,ifrs-full:CostOfSales,2493499000,ifrs-full:PropertyPlantAndEquipment,45329322000,ifrs-full:Assets,,,,,,,33487196000,ifrs-full:Liabilities,BRL
1712807,PagSeguro Digital Ltd.,Brazil,2023,15948401000,ifrs-full:Revenue,8132580000,ifrs-full:CostOfSales,2451011000,ifrs-full:PropertyPlantAndEquipment,55108093000,ifrs-full:Assets,,,,,,,41867408000,ifrs-full:Liabilities,BRL
1712807,PagSeguro Digital Ltd.,Brazil,2024,18809632000,ifrs-full:Revenue,,,2572336000,ifrs-full:PropertyPlantAndEquipment,72900617000,ifrs-full:Assets,,,,,,,58232245000,ifrs-full:Liabilities,BRL
1713930,Nexa Resources S.A.,Peru,2016,1964841000,ifrs-full:Revenue,1504229000,ifrs-full:CostOfSales,1978462000,ifrs-full:PropertyPlantAndEquipment,6160553000,ifrs-full:Assets,,,,,,,2836237000,ifrs-full:Liabilities,USD
1713930,Nexa Resources S.A.,Peru,2017,2449484000,ifrs-full:Revenue,1752825000,ifrs-full:CostOfSales,1996514000,ifrs-full:PropertyPlantAndEquipment,5961524000,ifrs-full:Assets,,,,,,,3052621000,ifrs-full:Liabilities,USD
1713930,Nexa Resources S.A.,Peru,2018,2491670000,ifrs-full:Revenue,1892247000,ifrs-full:CostOfSales,1968451000,ifrs-full:PropertyPlantAndEquipment,5735406000,ifrs-full:Assets,,,,,,,2833605000,ifrs-full:Liabilities,USD
1713930,Nexa Resources S.A.,Peru,2019,2332715000,ifrs-full:Revenue,-1947828000,ifrs-full:CostOfSales,2122690000,ifrs-full:PropertyPlantAndEquipment,5466364000,ifrs-full:Assets,,,,,,,2984178000,ifrs-full:Liabilities,USD
1713930,Nexa Resources S.A.,Peru,2020,1950929000,ifrs-full:Revenue,1576159000,ifrs-full:CostOfSales,1898296000,ifrs-full:PropertyPlantAndEquipment,5064226000,ifrs-full:Assets,,,,,,,3442982000,ifrs-full:Liabilities,USD
1713930,Nexa Resources S.A.,Peru,2021,2622110000,ifrs-full:Revenue,-1989019000,ifrs-full:CostOfSales,2087730000,ifrs-full:PropertyPlantAndEquipment,4904836000,ifrs-full:Assets,,,,,,,3260556000,ifrs-full:Liabilities,USD
1713930,Nexa Resources S.A.,Peru,2022,3033990000,ifrs-full:Revenue,-2393936000,ifrs-full:CostOfSales,2295275000,ifrs-full:PropertyPlantAndEquipment,4891782000,ifrs-full:Assets,,,249082000,ifrs-full:Goodwill,,,3181528000,ifrs-full:Liabilities,USD
1713930,Nexa Resources S.A.,Peru,2023,2573233000,ifrs-full:Revenue,2274357000,ifrs-full:CostOfSales,2438614000,ifrs-full:PropertyPlantAndEquipment,4904097000,ifrs-full:Assets,,,,,,,3452060000,ifrs-full:Liabilities,USD
1713930,Nexa Resources S.A.,Peru,2024,2766481000,ifrs-full:Revenue,2228410000,ifrs-full:CostOfSales,2097508000,ifrs-full:PropertyPlantAndEquipment,4637465000,ifrs-full:Assets,,,,,,,3577172000,ifrs-full:Liabilities,USD
1713930,Nexa Resources S.A.,Peru,2025,3002055000,ifrs-full:Revenue,2289159000,ifrs-full:CostOfSales,2433672000,ifrs-full:PropertyPlantAndEquipment,5274917000,ifrs-full:Assets,,,,,,,3985354000,ifrs-full:Liabilities,USD
1716586,"ESTRE AMBIENTAL, INC.",Brazil,2016,1393033000,ifrs-full:Revenue,1012336000,ifrs-full:CostOfSales,694453000,ifrs-full:PropertyPlantAndEquipment,2348016000,ifrs-full:Assets,,,70185000,ifrs-full:Goodwill,,,3085072000,ifrs-full:Liabilities,BRL
1716586,"ESTRE AMBIENTAL, INC.",Brazil,2017,1365347000,ifrs-full:Revenue,953760000,ifrs-full:CostOfSales,689451000,ifrs-full:PropertyPlantAndEquipment,2383842000,ifrs-full:Assets,,,0,ifrs-full:Goodwill,,,,,BRL
1717161,CENTRAL PUERTO S.A.,Argentina,2016,7044039000,ifrs-full:Revenue,4980226000,ifrs-full:CostOfSales,2811539000,ifrs-full:PropertyPlantAndEquipment,12722961000,ifrs-full:Assets,,,,,,,7568945000,ifrs-full:Liabilities,ARS
1717161,CENTRAL PUERTO S.A.,Argentina,2017,14827241000,ifrs-full:Revenue,7997976000,ifrs-full:CostOfSales,17451669000,ifrs-full:PropertyPlantAndEquipment,34348994000,ifrs-full:Assets,,,,,,,17317459000,ifrs-full:Liabilities,ARS
1717161,CENTRAL PUERTO S.A.,Argentina,2018,29875727000,ifrs-full:Revenue,13584983000,ifrs-full:CostOfSales,34715815000,ifrs-full:PropertyPlantAndEquipment,88084228000,ifrs-full:Assets,,,,,,,37429069000,ifrs-full:Liabilities,ARS
1717161,CENTRAL PUERTO S.A.,Argentina,2019,73896832000,ifrs-full:Revenue,-38954605000,ifrs-full:CostOfSales,77187266000,ifrs-full:PropertyPlantAndEquipment,161729542000,ifrs-full:Assets,,,,,,,81201302000,ifrs-full:Liabilities,ARS
1717161,CENTRAL PUERTO S.A.,Argentina,2020,112047140000,ifrs-full:Revenue,49441324000,ifrs-full:CostOfSales,119525703000,ifrs-full:PropertyPlantAndEquipment,239075862000,ifrs-full:Assets,,,,,,,111513053000,ifrs-full:Liabilities,ARS
1717161,CENTRAL PUERTO S.A.,Argentina,2021,346243761000,ifrs-full:Revenue,179326913000,ifrs-full:CostOfSales,215486695000,ifrs-full:PropertyPlantAndEquipment,391454205000,ifrs-full:Assets,,,,,,,144461488000,ifrs-full:Liabilities,ARS
1717161,CENTRAL PUERTO S.A.,Argentina,2022,687576975000,ifrs-full:Revenue,361599896000,ifrs-full:CostOfSales,616321669000,ifrs-full:PropertyPlantAndEquipment,1189401130000,ifrs-full:Assets,,,,,,,375520419000,ifrs-full:Liabilities,ARS
1717161,CENTRAL PUERTO S.A.,Argentina,2023,682837408000,ifrs-full:Revenue,457666072000,ifrs-full:CostOfSales,1652681399000,ifrs-full:PropertyPlantAndEquipment,3055850073000,ifrs-full:Assets,,,,,,,1190548795000,ifrs-full:Liabilities,ARS
1717161,CENTRAL PUERTO S.A.,Argentina,2024,738169736000,ifrs-full:Revenue,446527758000,ifrs-full:CostOfSales,1617870189000,ifrs-full:PropertyPlantAndEquipment,2662055984000,ifrs-full:Assets,,,,,,,798949003000,ifrs-full:Liabilities,ARS
1717393,CORPORACION AMERICA AIRPORTS S.A.,Argentina,2016,1366336000,ifrs-full:Revenue,859074000,ifrs-full:CostOfSales,65984000,ifrs-full:PropertyPlantAndEquipment,3627276000,ifrs-full:Assets,,,,,,,2823952000,ifrs-full:Liabilities,USD
1717393,CORPORACION AMERICA AIRPORTS S.A.,Argentina,2017,1575153000,ifrs-full:Revenue,1029983000,ifrs-full:CostOfSales,74483000,ifrs-full:PropertyPlantAndEquipment,3801214000,ifrs-full:Assets,,,51000000,ifrs-full:Goodwill,,,3004072000,ifrs-full:Liabilities,USD
1717393,CORPORACION AMERICA AIRPORTS S.A.,Argentina,2018,1426145000,ifrs-full:Revenue,971425000,ifrs-full:CostOfSales,74299000,ifrs-full:PropertyPlantAndEquipment,3845278000,ifrs-full:Assets,,,,,,,2622581000,ifrs-full:Liabilities,USD
1717393,CORPORACION AMERICA AIRPORTS S.A.,Argentina,2019,1558640000,ifrs-full:Revenue,1138425000,ifrs-full:CostOfSales,79612000,ifrs-full:PropertyPlantAndEquipment,3882243000,ifrs-full:Assets,71918000,ifrs-full:IntangibleAssetsOtherThanGoodwill,50249000,ifrs-full:Goodwill,,,2683629000,ifrs-full:Liabilities,USD
1717393,CORPORACION AMERICA AIRPORTS S.A.,Argentina,2020,607356000,ifrs-full:Revenue,653583000,ifrs-full:CostOfSales,80833000,ifrs-full:PropertyPlantAndEquipment,3405651000,ifrs-full:Assets,29743000,ifrs-full:IntangibleAssetsOtherThanGoodwill,,,,,2600365000,ifrs-full:Liabilities,USD
1717393,CORPORACION AMERICA AIRPORTS S.A.,Argentina,2021,706913000,ifrs-full:Revenue,622381000,ifrs-full:CostOfSales,75480000,ifrs-full:PropertyPlantAndEquipment,3620631000,ifrs-full:Assets,,,,,,,2847023000,ifrs-full:Liabilities,USD
1717393,CORPORACION AMERICA AIRPORTS S.A.,Argentina,2022,1378663000,ifrs-full:Revenue,962978000,ifrs-full:CostOfSales,74742000,ifrs-full:PropertyPlantAndEquipment,3835788000,ifrs-full:Assets,,,,,,,2973419000,ifrs-full:Liabilities,USD
1717393,CORPORACION AMERICA AIRPORTS S.A.,Argentina,2023,1400038000,ifrs-full:Revenue,914677000,ifrs-full:CostOfSales,74919000,ifrs-full:PropertyPlantAndEquipment,3541976000,ifrs-full:Assets,,,,,,,2738067000,ifrs-full:Liabilities,USD
1717393,CORPORACION AMERICA AIRPORTS S.A.,Argentina,2024,1843267000,ifrs-full:Revenue,1237333000,ifrs-full:CostOfSales,77801000,ifrs-full:PropertyPlantAndEquipment,4181450000,ifrs-full:Assets,,,,,,,2663490000,ifrs-full:Liabilities,USD
1717393,CORPORACION AMERICA AIRPORTS S.A.,Argentina,2025,1962134000,ifrs-full:Revenue,1272363000,ifrs-full:CostOfSales,86116000,ifrs-full:PropertyPlantAndEquipment,4448677000,ifrs-full:Assets,,,,,,,2787929000,ifrs-full:Liabilities,USD
1740594,Arco Platform Ltd.,Brazil,2016,159270000,ifrs-full:RevenueFromContractsWithCustomers,41324000,ifrs-full:CostOfSales,,,,,,,,,,,,,BRL
1740594,Arco Platform Ltd.,Brazil,2017,244382000,ifrs-full:RevenueFromContractsWithCustomers,58517000,ifrs-full:CostOfSales,9079000,ifrs-full:PropertyPlantAndEquipment,430409000,ifrs-full:Assets,,,89634000,ifrs-full:Goodwill,,,124674000,ifrs-full:Liabilities,BRL
1740594,Arco Platform Ltd.,Brazil,2018,380981000,ifrs-full:RevenueFromContractsWithCustomers,80745000,ifrs-full:CostOfSales,13347000,ifrs-full:PropertyPlantAndEquipment,1334878000,ifrs-full:Assets,,,89634000,ifrs-full:Goodwill,,,264994000,ifrs-full:Liabilities,BRL
1740594,Arco Platform Ltd.,Brazil,2019,572837000,ifrs-full:RevenueFromContractsWithCustomers,117258000,ifrs-full:CostOfSales,21328000,ifrs-full:PropertyPlantAndEquipment,3161423000,ifrs-full:Assets,,,916767000,ifrs-full:Goodwill,,,1566613000,ifrs-full:Liabilities,BRL
1740594,Arco Platform Ltd.,Brazil,2020,1001710000,ifrs-full:RevenueFromContractsWithCustomers,221130000,ifrs-full:CostOfSales,26087000,ifrs-full:PropertyPlantAndEquipment,4576280000,ifrs-full:Assets,,,1394351000,ifrs-full:Goodwill,,,2375396000,ifrs-full:Liabilities,BRL
1740594,Arco Platform Ltd.,Brazil,2021,1232074000,ifrs-full:RevenueFromContractsWithCustomers,294407000,ifrs-full:CostOfSales,73885000,ifrs-full:PropertyPlantAndEquipment,5990119000,ifrs-full:Assets,,,1949901000,ifrs-full:Goodwill,,,4114885000,ifrs-full:Liabilities,BRL
1740594,Arco Platform Ltd.,Brazil,2022,,,500526000,ifrs-full:CostOfSales,59031000,ifrs-full:PropertyPlantAndEquipment,5753408000,ifrs-full:Assets,,,1950876000,ifrs-full:Goodwill,,,3855978000,ifrs-full:Liabilities,BRL
1745431,StoneCo Ltd.,Brazil,2017,,,224109000,ifrs-full:CostOfSales,189631000,ifrs-full:PropertyPlantAndEquipment,,,,,,,,,,,BRL
1745431,StoneCo Ltd.,Brazil,2018,,,323039000,ifrs-full:CostOfSales,266273000,ifrs-full:PropertyPlantAndEquipment,13293218000,ifrs-full:Assets,,,,,,,8200227000,ifrs-full:Liabilities,BRL
1745431,StoneCo Ltd.,Brazil,2019,,,426961000,ifrs-full:CostOfSales,548607000,ifrs-full:PropertyPlantAndEquipment,19605749000,ifrs-full:Assets,,,,,,,13632744000,ifrs-full:Liabilities,BRL
1745431,StoneCo Ltd.,Brazil,2020,,,769946000,ifrs-full:CostOfSales,717234000,ifrs-full:PropertyPlantAndEquipment,31748664000,ifrs-full:Assets,,,,,,,16756639000,ifrs-full:Liabilities,BRL
1745431,StoneCo Ltd.,Brazil,2021,,,1713828000,ifrs-full:CostOfSales,1569520000,ifrs-full:PropertyPlantAndEquipment,42097012000,ifrs-full:Assets,,,,,,,28469792000,ifrs-full:Liabilities,BRL
1745431,StoneCo Ltd.,Brazil,2022,,,2669752000,ifrs-full:CostOfSales,1641178000,ifrs-full:PropertyPlantAndEquipment,42245440000,ifrs-full:Assets,,,,,,,29295416000,ifrs-full:Liabilities,BRL
1745431,StoneCo Ltd.,Brazil,2023,,,2982758000,ifrs-full:CostOfSales,1661897000,ifrs-full:PropertyPlantAndEquipment,48693561000,ifrs-full:Assets,,,,,,,34017601000,ifrs-full:Liabilities,BRL
1745431,StoneCo Ltd.,Brazil,2024,,,3389127000,ifrs-full:CostOfSales,1833997000,ifrs-full:PropertyPlantAndEquipment,54813463000,ifrs-full:Assets,,,,,,,42986181000,ifrs-full:Liabilities,BRL
1762506,"Vista Energy, S.A.B. de C.V.",Mexico,2017,198075000,ifrs-full:Revenue,,,259229000,ifrs-full:PropertyPlantAndEquipment,361871000,ifrs-full:Assets,1021000,ifrs-full:IntangibleAssetsOtherThanGoodwill,0,ifrs-full:Goodwill,,,81570000,ifrs-full:Liabilities,USD
1762506,"Vista Energy, S.A.B. de C.V.",Mexico,2018,,,,,820722000,ifrs-full:PropertyPlantAndEquipment,1086142000,ifrs-full:Assets,31600000,ifrs-full:IntangibleAssetsOtherThanGoodwill,28484000,ifrs-full:Goodwill,,,606485000,ifrs-full:Liabilities,USD
1762506,"Vista Energy, S.A.B. de C.V.",Mexico,2019,415976000,ifrs-full:Revenue,,,917066000,ifrs-full:PropertyPlantAndEquipment,1385133000,ifrs-full:Assets,34029000,ifrs-full:IntangibleAssetsOtherThanGoodwill,28484000,ifrs-full:Goodwill,,,781417000,ifrs-full:Liabilities,USD
1762506,"Vista Energy, S.A.B. de C.V.",Mexico,2020,273938000,ifrs-full:Revenue,,,1002258000,ifrs-full:PropertyPlantAndEquipment,1372612000,ifrs-full:Assets,21081000,ifrs-full:IntangibleAssetsOtherThanGoodwill,28484000,ifrs-full:Goodwill,,,864094000,ifrs-full:Liabilities,USD
1762506,"Vista Energy, S.A.B. de C.V.",Mexico,2021,665310000,ifrs-full:Revenue,,,1223982000,ifrs-full:PropertyPlantAndEquipment,1683758000,ifrs-full:Assets,3878000,ifrs-full:IntangibleAssetsOtherThanGoodwill,28416000,ifrs-full:Goodwill,,,1118499000,ifrs-full:Liabilities,USD
1762506,"Vista Energy, S.A.B. de C.V.",Mexico,2022,1187660000,ifrs-full:Revenue,,,1606339000,ifrs-full:PropertyPlantAndEquipment,2037979000,ifrs-full:Assets,6792000,ifrs-full:IntangibleAssetsOtherThanGoodwill,28288000,ifrs-full:Goodwill,,,1193919000,ifrs-full:Liabilities,USD
1762506,"Vista Energy, S.A.B. de C.V.",Mexico,2023,1168774000,ifrs-full:Revenue,,,1927759000,ifrs-full:PropertyPlantAndEquipment,2598003000,ifrs-full:Assets,10026000,ifrs-full:IntangibleAssetsOtherThanGoodwill,22576000,ifrs-full:Goodwill,,,1350988000,ifrs-full:Liabilities,USD
1762506,"Vista Energy, S.A.B. de C.V.",Mexico,2024,1647768000,ifrs-full:Revenue,,,2805983000,ifrs-full:PropertyPlantAndEquipment,4232372000,ifrs-full:Assets,15443000,ifrs-full:IntangibleAssetsOtherThanGoodwill,22576000,ifrs-full:Goodwill,,,2611159000,ifrs-full:Liabilities,USD
1769484,Bioceres Crop Solutions Corp.,Argentina,2016,41169249,ifrs-full:Revenue,30598956,ifrs-full:CostOfSales,46393761,ifrs-full:PropertyPlantAndEquipment,239871051,ifrs-full:Assets,42368326,ifrs-full:IntangibleAssetsOtherThanGoodwill,25079324,ifrs-full:Goodwill,853854,ifrs-full:ResearchAndDevelopmentExpense,162631985,ifrs-full:Liabilities,USD
1769484,Bioceres Crop Solutions Corp.,Argentina,2017,133542704,ifrs-full:Revenue,77094551,ifrs-full:CostOfSales,40177146,ifrs-full:PropertyPlantAndEquipment,196638764,ifrs-full:Assets,26657345,ifrs-full:IntangibleAssetsOtherThanGoodwill,14438027,ifrs-full:Goodwill,3950100,ifrs-full:ResearchAndDevelopmentExpense,163505108,ifrs-full:Liabilities,USD
1769484,Bioceres Crop Solutions Corp.,Argentina,2018,160605296,ifrs-full:Revenue,86964881,ifrs-full:CostOfSales,43834548,ifrs-full:PropertyPlantAndEquipment,242467297,ifrs-full:Assets,39616426,ifrs-full:IntangibleAssetsOtherThanGoodwill,29804715,ifrs-full:Goodwill,3689391,ifrs-full:ResearchAndDevelopmentExpense,180372431,ifrs-full:Liabilities,USD
1769484,Bioceres Crop Solutions Corp.,Argentina,2019,173092172,ifrs-full:Revenue,93575588,ifrs-full:CostOfSales,41515106,ifrs-full:PropertyPlantAndEquipment,297561369,ifrs-full:Assets,35333464,ifrs-full:IntangibleAssetsOtherThanGoodwill,25526855,ifrs-full:Goodwill,4195270,ifrs-full:ResearchAndDevelopmentExpense,236811887,ifrs-full:Liabilities,USD
1769484,Bioceres Crop Solutions Corp.,Argentina,2020,209526177,ifrs-full:Revenue,118641803,ifrs-full:CostOfSales,47954596,ifrs-full:PropertyPlantAndEquipment,394589957,ifrs-full:Assets,67342362,ifrs-full:IntangibleAssetsOtherThanGoodwill,28751206,ifrs-full:Goodwill,5617655,ifrs-full:ResearchAndDevelopmentExpense,304299653,ifrs-full:Liabilities,USD
1769484,Bioceres Crop Solutions Corp.,Argentina,2021,334843618,ifrs-full:Revenue,208364095,ifrs-full:CostOfSales,49908325,ifrs-full:PropertyPlantAndEquipment,518220361,ifrs-full:Assets,76704869,ifrs-full:IntangibleAssetsOtherThanGoodwill,36073685,ifrs-full:Goodwill,6947460,ifrs-full:ResearchAndDevelopmentExpense,359921513,ifrs-full:Liabilities,USD
1769484,Bioceres Crop Solutions Corp.,Argentina,2022,420056993,ifrs-full:Revenue,235457053,ifrs-full:CostOfSales,67853835,ifrs-full:PropertyPlantAndEquipment,818059158,ifrs-full:Assets,173783956,ifrs-full:IntangibleAssetsOtherThanGoodwill,112163432,ifrs-full:Goodwill,15345315,ifrs-full:ResearchAndDevelopmentExpense,487563051,ifrs-full:Liabilities,USD
1769484,Bioceres Crop Solutions Corp.,Argentina,2023,464782802,ifrs-full:Revenue,278221812,ifrs-full:CostOfSales,74573278,ifrs-full:PropertyPlantAndEquipment,852548194,ifrs-full:Assets,176893136,ifrs-full:IntangibleAssetsOtherThanGoodwill,112163432,ifrs-full:Goodwill,17183041,ifrs-full:ResearchAndDevelopmentExpense,501167342,ifrs-full:Liabilities,USD
1769484,Bioceres Crop Solutions Corp.,Argentina,2024,335108850,ifrs-full:Revenue,203424872,ifrs-full:CostOfSales,74575386,ifrs-full:PropertyPlantAndEquipment,763645080,ifrs-full:Assets,181173079,ifrs-full:IntangibleAssetsOtherThanGoodwill,112163432,ifrs-full:Goodwill,14914822,ifrs-full:ResearchAndDevelopmentExpense,468426518,ifrs-full:Liabilities,USD
1771007,Afya Ltd,Brazil,2017,216008000,ifrs-full:Revenue,124065000,ifrs-full:CostOfSales,65763000,ifrs-full:PropertyPlantAndEquipment,,,,,,,,,,,BRL
1771007,Afya Ltd,Brazil,2018,333935000,ifrs-full:Revenue,168052000,ifrs-full:CostOfSales,139320000,ifrs-full:PropertyPlantAndEquipment,918418000,ifrs-full:Assets,682469000,ifrs-full:IntangibleAssetsOtherThanGoodwill,,,,,328064000,ifrs-full:Liabilities,BRL
1771007,Afya Ltd,Brazil,2019,750630000,ifrs-full:Revenue,-308853000,ifrs-full:CostOfSales,139320000,ifrs-full:PropertyPlantAndEquipment,2912453000,ifrs-full:Assets,1312338000,ifrs-full:IntangibleAssetsOtherThanGoodwill,,,,,798727000,ifrs-full:Liabilities,BRL
1771007,Afya Ltd,Brazil,2020,1201191000,ifrs-full:Revenue,434654000,ifrs-full:CostOfSales,260381000,ifrs-full:PropertyPlantAndEquipment,4793093000,ifrs-full:Assets,2573010000,ifrs-full:IntangibleAssetsOtherThanGoodwill,,,,,1959313000,ifrs-full:Liabilities,BRL
1771007,Afya Ltd,Brazil,2021,1719371000,ifrs-full:Revenue,652300000,ifrs-full:CostOfSales,419808000,ifrs-full:PropertyPlantAndEquipment,6447406000,ifrs-full:Assets,3900835000,ifrs-full:IntangibleAssetsOtherThanGoodwill,,,,,3447388000,ifrs-full:Liabilities,BRL
1771007,Afya Ltd,Brazil,2022,2329057000,ifrs-full:Revenue,859552000,ifrs-full:CostOfSales,542087000,ifrs-full:PropertyPlantAndEquipment,7199539000,ifrs-full:Assets,4041491000,ifrs-full:IntangibleAssetsOtherThanGoodwill,,,,,3949381000,ifrs-full:Liabilities,BRL
1771007,Afya Ltd,Brazil,2023,2875913000,ifrs-full:Revenue,1109813000,ifrs-full:CostOfSales,608685000,ifrs-full:PropertyPlantAndEquipment,7584481000,ifrs-full:Assets,4796016000,ifrs-full:IntangibleAssetsOtherThanGoodwill,,,,,3941469000,ifrs-full:Liabilities,BRL
1771007,Afya Ltd,Brazil,2024,3304329000,ifrs-full:Revenue,1215603000,ifrs-full:CostOfSales,658482000,ifrs-full:PropertyPlantAndEquipment,8829539000,ifrs-full:Assets,5532789000,ifrs-full:IntangibleAssetsOtherThanGoodwill,,,,,4518956000,ifrs-full:Liabilities,BRL
1771007,Afya Ltd,Brazil,2025,3697255000,ifrs-full:Revenue,1313895000,ifrs-full:CostOfSales,711485000,ifrs-full:PropertyPlantAndEquipment,9357934000,ifrs-full:Assets,5587980000,ifrs-full:IntangibleAssetsOtherThanGoodwill,,,,,4466749000,ifrs-full:Liabilities,BRL
1776967,Natura &Co Holding S.A.,Brazil,2019,14444690000,ifrs-full:Revenue,4033454000,ifrs-full:CostOfSales,1773889000,ifrs-full:PropertyPlantAndEquipment,21184512000,ifrs-full:Assets,,,,,,,,,BRL
1776967,Natura &Co Holding S.A.,Brazil,2020,36921980000,ifrs-full:Revenue,13299720000,ifrs-full:CostOfSales,5235057000,ifrs-full:PropertyPlantAndEquipment,60917597000,ifrs-full:Assets,26917128000,ifrs-full:IntangibleAssetsOtherThanGoodwill,,,,,33530489000,ifrs-full:Liabilities,BRL
1776967,Natura &Co Holding S.A.,Brazil,2021,31742726000,ifrs-full:Revenue,12531303000,ifrs-full:CostOfSales,5377408000,ifrs-full:PropertyPlantAndEquipment,60448490000,ifrs-full:Assets,26857583000,ifrs-full:IntangibleAssetsOtherThanGoodwill,,,,,31881765000,ifrs-full:Liabilities,BRL
1776967,Natura &Co Holding S.A.,Brazil,2022,29223656000,ifrs-full:Revenue,11770762000,ifrs-full:CostOfSales,4966150000,ifrs-full:PropertyPlantAndEquipment,54685390000,ifrs-full:Assets,23260970000,ifrs-full:IntangibleAssetsOtherThanGoodwill,,,,,32334206000,ifrs-full:Liabilities,BRL
1776967,Natura &Co Holding S.A.,Brazil,2023,26737277000,ifrs-full:Revenue,9675435000,ifrs-full:CostOfSales,3457574000,ifrs-full:PropertyPlantAndEquipment,42747015000,ifrs-full:Assets,16569866000,ifrs-full:IntangibleAssetsOtherThanGoodwill,,,,,19626550000,ifrs-full:Liabilities,BRL
1787425,XP Inc.,Brazil,2017,,,,,47073000,ifrs-full:PropertyPlantAndEquipment,,,,,,,,,,,BRL
1787425,XP Inc.,Brazil,2018,2054549000,ifrs-full:Revenue,,,99127000,ifrs-full:PropertyPlantAndEquipment,,,,,,,,,,,BRL
1787425,XP Inc.,Brazil,2019,3595772000,ifrs-full:Revenue,,,142464000,ifrs-full:PropertyPlantAndEquipment,43622768000,ifrs-full:Assets,,,,,,,36466809000,ifrs-full:Liabilities,BRL
1787425,XP Inc.,Brazil,2020,5016488000,ifrs-full:Revenue,,,204032000,ifrs-full:PropertyPlantAndEquipment,96029161000,ifrs-full:Assets,,,,,,,85131547000,ifrs-full:Liabilities,BRL
1787425,XP Inc.,Brazil,2021,6196465000,ifrs-full:Revenue,,,313964000,ifrs-full:PropertyPlantAndEquipment,139340402000,ifrs-full:Assets,,,,,,,124920773000,ifrs-full:Liabilities,BRL
1787425,XP Inc.,Brazil,2022,5940456000,ifrs-full:Revenue,,,310894000,ifrs-full:PropertyPlantAndEquipment,192034613000,ifrs-full:Assets,,,,,,,174992403000,ifrs-full:Liabilities,BRL
1787425,XP Inc.,Brazil,2023,6532005000,ifrs-full:Revenue,,,373362000,ifrs-full:PropertyPlantAndEquipment,249040678000,ifrs-full:Assets,,,,,,,229589834000,ifrs-full:Liabilities,BRL
1787425,XP Inc.,Brazil,2024,7424856000,ifrs-full:Revenue,,,449956000,ifrs-full:PropertyPlantAndEquipment,347456760000,ifrs-full:Assets,,,,,,,327409523000,ifrs-full:Liabilities,BRL
1788257,"BETTERWARE DE MEXICO, S.A.P.I. DE C.V",Mexico,2017,1449705000,ifrs-full:Revenue,558105000,ifrs-full:CostOfSales,,,,,322072000,ifrs-full:IntangibleAssetsOtherThanGoodwill,348441000,ifrs-full:Goodwill,,,,,MXN
1788257,"BETTERWARE DE MEXICO, S.A.P.I. DE C.V",Mexico,2018,2316716000,ifrs-full:Revenue,958469000,ifrs-full:CostOfSales,42972000,ifrs-full:PropertyPlantAndEquipment,1457598000,ifrs-full:Assets,312099000,ifrs-full:IntangibleAssetsOtherThanGoodwill,348441000,ifrs-full:Goodwill,,,1377334000,ifrs-full:Liabilities,MXN
1788257,"BETTERWARE DE MEXICO, S.A.P.I. DE C.V",Mexico,2019,3084662000,ifrs-full:Revenue,1280829000,ifrs-full:CostOfSales,207350000,ifrs-full:PropertyPlantAndEquipment,1789726000,ifrs-full:Assets,310965000,ifrs-full:IntangibleAssetsOtherThanGoodwill,348441000,ifrs-full:Goodwill,,,1515244000,ifrs-full:Liabilities,MXN
1788257,"BETTERWARE DE MEXICO, S.A.P.I. DE C.V",Mexico,2020,7237628000,ifrs-full:Revenue,3280348000,ifrs-full:CostOfSales,791127000,ifrs-full:PropertyPlantAndEquipment,4359706000,ifrs-full:Assets,319361000,ifrs-full:IntangibleAssetsOtherThanGoodwill,348441000,ifrs-full:Goodwill,,,3477730000,ifrs-full:Liabilities,MXN
1788257,"BETTERWARE DE MEXICO, S.A.P.I. DE C.V",Mexico,2021,10067683000,ifrs-full:Revenue,4498008000,ifrs-full:CostOfSales,1069492000,ifrs-full:PropertyPlantAndEquipment,5185229000,ifrs-full:Assets,369760000,ifrs-full:IntangibleAssetsOtherThanGoodwill,371075000,ifrs-full:Goodwill,,,3985026000,ifrs-full:Liabilities,MXN
1788257,"BETTERWARE DE MEXICO, S.A.P.I. DE C.V",Mexico,2022,11507549000,ifrs-full:Revenue,3983571000,ifrs-full:CostOfSales,2973374000,ifrs-full:PropertyPlantAndEquipment,11332733000,ifrs-full:Assets,1743882000,ifrs-full:IntangibleAssetsOtherThanGoodwill,1599718000,ifrs-full:Goodwill,,,10235453000,ifrs-full:Liabilities,MXN
1788257,"BETTERWARE DE MEXICO, S.A.P.I. DE C.V",Mexico,2023,13009507000,ifrs-full:Revenue,4260842000,ifrs-full:CostOfSales,2910353000,ifrs-full:PropertyPlantAndEquipment,11093711000,ifrs-full:Assets,1649953000,ifrs-full:IntangibleAssetsOtherThanGoodwill,1599718000,ifrs-full:Goodwill,,,9630872000,ifrs-full:Liabilities,MXN
1788257,"BETTERWARE DE MEXICO, S.A.P.I. DE C.V",Mexico,2024,14100758000,ifrs-full:Revenue,4520223000,ifrs-full:CostOfSales,1801475000,ifrs-full:PropertyPlantAndEquipment,10453767000,ifrs-full:Assets,1570223000,ifrs-full:IntangibleAssetsOtherThanGoodwill,1599718000,ifrs-full:Goodwill,,,9291119000,ifrs-full:Liabilities,MXN
1792829,Vasta Platform Ltd,Brazil,2019,989683000,ifrs-full:Revenue,447049000,ifrs-full:CostOfSales,184961000,ifrs-full:PropertyPlantAndEquipment,6167794000,ifrs-full:Assets,,,,,,,3067711000,ifrs-full:Liabilities,BRL
1792829,Vasta Platform Ltd,Brazil,2020,997628000,ifrs-full:Revenue,378003000,ifrs-full:CostOfSales,192006000,ifrs-full:PropertyPlantAndEquipment,6978270000,ifrs-full:Assets,,,,,,,2192953000,ifrs-full:Liabilities,BRL
1792829,Vasta Platform Ltd,Brazil,2021,947419000,ifrs-full:Revenue,396829000,ifrs-full:CostOfSales,185682000,ifrs-full:PropertyPlantAndEquipment,7333407000,ifrs-full:Assets,,,,,,,2668198000,ifrs-full:Liabilities,BRL
1792829,Vasta Platform Ltd,Brazil,2022,1264280000,ifrs-full:Revenue,473135000,ifrs-full:CostOfSales,197688000,ifrs-full:PropertyPlantAndEquipment,7520591000,ifrs-full:Assets,,,,,,,2890912000,ifrs-full:Liabilities,BRL
1792829,Vasta Platform Ltd,Brazil,2023,1486273000,ifrs-full:Revenue,570907000,ifrs-full:CostOfSales,151492000,ifrs-full:PropertyPlantAndEquipment,7402880000,ifrs-full:Assets,,,,,,,2882089000,ifrs-full:Liabilities,BRL
1792829,Vasta Platform Ltd,Brazil,2024,1674191000,ifrs-full:Revenue,653449000,ifrs-full:CostOfSales,160952000,ifrs-full:PropertyPlantAndEquipment,7205155000,ifrs-full:Assets,,,,,,,2211844000,ifrs-full:Liabilities,BRL
1793663,VTEX,Brazil,2023,200833000,us-gaap:RevenueFromContractWithCustomerExcludingAssessedTax,60986000,us-gaap:CostOfRevenue,,,,,,,21832000,us-gaap:Goodwill,60206000,us-gaap:ResearchAndDevelopmentExpense,,,USD
1793663,VTEX,Brazil,2024,226661000,us-gaap:RevenueFromContractWithCustomerExcludingAssessedTax,59705000,us-gaap:CostOfRevenue,2970000,us-gaap:PropertyPlantAndEquipmentNet,362106000,us-gaap:Assets,6822000,us-gaap:FiniteLivedIntangibleAssetsNet,22168000,us-gaap:Goodwill,55412000,us-gaap:ResearchAndDevelopmentExpense,,,USD
1793663,VTEX,Brazil,2025,240517000,us-gaap:RevenueFromContractWithCustomerExcludingAssessedTax,54181000,us-gaap:CostOfRevenue,3245000,us-gaap:PropertyPlantAndEquipmentNet,346632000,us-gaap:Assets,7949000,us-gaap:FiniteLivedIntangibleAssetsNet,26324000,us-gaap:Goodwill,63891000,us-gaap:ResearchAndDevelopmentExpense,,,USD
1805012,Vitru Ltd,Brazil,2017,,,,,50330000,ifrs-full:PropertyPlantAndEquipment,,,,,,,,,,,BRL
1805012,Vitru Ltd,Brazil,2018,383449000,ifrs-full:Revenue,184161000,ifrs-full:CostOfSales,63428000,ifrs-full:PropertyPlantAndEquipment,,,,,,,,,,,BRL
1805012,Vitru Ltd,Brazil,2019,461067000,ifrs-full:Revenue,211547000,ifrs-full:CostOfSales,70033000,ifrs-full:PropertyPlantAndEquipment,1088677000,ifrs-full:Assets,,,,,,,637344000,ifrs-full:Liabilities,BRL
1805012,Vitru Ltd,Brazil,2020,519179000,ifrs-full:Revenue,221452000,ifrs-full:CostOfSales,96669000,ifrs-full:PropertyPlantAndEquipment,1687845000,ifrs-full:Assets,,,,,,,709897000,ifrs-full:Liabilities,BRL
1805012,Vitru Ltd,Brazil,2021,631147000,ifrs-full:Revenue,240924000,ifrs-full:CostOfSales,106839000,ifrs-full:PropertyPlantAndEquipment,1527427000,ifrs-full:Assets,,,,,,,461299000,ifrs-full:Liabilities,BRL
1805012,Vitru Ltd,Brazil,2022,1317346000,ifrs-full:Revenue,502331000,ifrs-full:CostOfSales,194575000,ifrs-full:PropertyPlantAndEquipment,5659079000,ifrs-full:Assets,,,,,,,3484690000,ifrs-full:Liabilities,BRL
1805012,Vitru Ltd,Brazil,2023,1962525000,ifrs-full:Revenue,669480000,ifrs-full:CostOfSales,205852000,ifrs-full:PropertyPlantAndEquipment,5869720000,ifrs-full:Assets,,,,,,,3585012000,ifrs-full:Liabilities,BRL
1819615,Clever Leaves Holdings Inc.,Colombia,2018,,,,,6588000,us-gaap:PropertyPlantAndEquipmentNet,,,,,18508000,us-gaap:Goodwill,,,,,USD
1819615,Clever Leaves Holdings Inc.,Colombia,2019,7834000,us-gaap:RevenueFromContractWithCustomerExcludingAssessedTax,4732000,us-gaap:CostOfGoodsAndServicesSold,24374000,us-gaap:PropertyPlantAndEquipmentNet,95717000,us-gaap:Assets,25510000,us-gaap:IntangibleAssetsNetExcludingGoodwill,20190000,us-gaap:Goodwill,,,45524000,us-gaap:Liabilities,USD
1819615,Clever Leaves Holdings Inc.,Colombia,2020,12117000,us-gaap:RevenueFromContractWithCustomerExcludingAssessedTax,4704000,us-gaap:CostOfGoodsAndServicesSold,25680000,us-gaap:PropertyPlantAndEquipmentNet,165878000,us-gaap:Assets,24279000,us-gaap:IntangibleAssetsNetExcludingGoodwill,18508000,us-gaap:Goodwill,1009000,us-gaap:ResearchAndDevelopmentExpense,70628000,us-gaap:Liabilities,USD
1819615,Clever Leaves Holdings Inc.,Colombia,2021,15374000,us-gaap:RevenueFromContractWithCustomerExcludingAssessedTax,8565000,us-gaap:CostOfGoodsAndServicesSold,30932000,us-gaap:PropertyPlantAndEquipmentNet,116160000,us-gaap:Assets,23117000,us-gaap:IntangibleAssetsNetExcludingGoodwill,0,us-gaap:Goodwill,1546000,us-gaap:ResearchAndDevelopmentExpense,43390000,us-gaap:Liabilities,USD
1819615,Clever Leaves Holdings Inc.,Colombia,2022,16410000,us-gaap:RevenueFromContractWithCustomerExcludingAssessedTax,9193000,us-gaap:CostOfGoodsAndServicesSold,13963000,us-gaap:PropertyPlantAndEquipmentNet,52098000,us-gaap:Assets,3354000,us-gaap:IntangibleAssetsNetExcludingGoodwill,0,us-gaap:Goodwill,1719000,us-gaap:ResearchAndDevelopmentExpense,11690000,us-gaap:Liabilities,USD
1819615,Clever Leaves Holdings Inc.,Colombia,2023,17417000,us-gaap:RevenueFromContractWithCustomerExcludingAssessedTax,10861000,us-gaap:CostOfGoodsAndServicesSold,12321000,us-gaap:PropertyPlantAndEquipmentNet,31243000,us-gaap:Assets,2653000,us-gaap:IntangibleAssetsNetExcludingGoodwill,,,1140000,us-gaap:ResearchAndDevelopmentExpense,7026000,us-gaap:Liabilities,USD
1825570,Patria Investments Ltd,Brazil,2018,,,,,3366000,ifrs-full:PropertyPlantAndEquipment,,,31554000,ifrs-full:IntangibleAssetsOtherThanGoodwill,,,,,,,USD
1825570,Patria Investments Ltd,Brazil,2019,123215000,ifrs-full:RevenueFromContractsWithCustomers,,,6464000,ifrs-full:PropertyPlantAndEquipment,,,25457000,ifrs-full:IntangibleAssetsOtherThanGoodwill,,,,,,,USD
1825570,Patria Investments Ltd,Brazil,2020,115017000,ifrs-full:RevenueFromContractsWithCustomers,,,3819000,ifrs-full:PropertyPlantAndEquipment,107203000,ifrs-full:Assets,22357000,ifrs-full:IntangibleAssetsOtherThanGoodwill,,,,,,,USD
1825570,Patria Investments Ltd,Brazil,2021,235515000,ifrs-full:RevenueFromContractsWithCustomers,,,13408000,ifrs-full:PropertyPlantAndEquipment,761321000,ifrs-full:Assets,358908000,ifrs-full:IntangibleAssetsOtherThanGoodwill,,,,,,,USD
1825570,Patria Investments Ltd,Brazil,2022,258877000,ifrs-full:RevenueFromContractsWithCustomers,,,24627000,ifrs-full:PropertyPlantAndEquipment,976238000,ifrs-full:Assets,411521000,ifrs-full:IntangibleAssetsOtherThanGoodwill,,,,,,,USD
1825570,Patria Investments Ltd,Brazil,2023,327617000,ifrs-full:RevenueFromContractsWithCustomers,,,28185000,ifrs-full:PropertyPlantAndEquipment,1011578000,ifrs-full:Assets,487012000,ifrs-full:IntangibleAssetsOtherThanGoodwill,,,,,,,USD
1825570,Patria Investments Ltd,Brazil,2024,374204000,ifrs-full:RevenueFromContractsWithCustomers,,,32622000,ifrs-full:PropertyPlantAndEquipment,1206107000,ifrs-full:Assets,,,,,,,,,USD
1826168,TIM S.A.,Brazil,2018,16981329000,ifrs-full:Revenue,7701418000,ifrs-full:CostOfSales,11203622000,ifrs-full:PropertyPlantAndEquipment,,,,,,,,,,,BRL
1826168,TIM S.A.,Brazil,2019,17377194000,ifrs-full:Revenue,7433731000,ifrs-full:CostOfSales,17612164000,ifrs-full:PropertyPlantAndEquipment,40348924000,ifrs-full:Assets,,,,,,,17917106000,ifrs-full:Liabilities,BRL
1826168,TIM S.A.,Brazil,2020,17267812000,ifrs-full:Revenue,7996615000,ifrs-full:CostOfSales,18100698000,ifrs-full:PropertyPlantAndEquipment,41654417000,ifrs-full:Assets,,,,,,,18471672000,ifrs-full:Liabilities,BRL
1826168,TIM S.A.,Brazil,2021,18058027000,ifrs-full:Revenue,8443023000,ifrs-full:CostOfSales,18308400000,ifrs-full:PropertyPlantAndEquipment,49819186000,ifrs-full:Assets,,,,,,,24712080000,ifrs-full:Liabilities,BRL
1826168,TIM S.A.,Brazil,2022,21530801000,ifrs-full:Revenue,10655981000,ifrs-full:CostOfSales,22661152000,ifrs-full:PropertyPlantAndEquipment,56408367000,ifrs-full:Assets,,,,,,,31011002000,ifrs-full:Liabilities,BRL
1826168,TIM S.A.,Brazil,2023,23833893000,ifrs-full:Revenue,11496437000,ifrs-full:CostOfSales,22411815000,ifrs-full:PropertyPlantAndEquipment,55260156000,ifrs-full:Assets,,,,,,,29244216000,ifrs-full:Liabilities,BRL
1826168,TIM S.A.,Brazil,2024,25447930000,ifrs-full:Revenue,11893115000,ifrs-full:CostOfSales,22815328000,ifrs-full:PropertyPlantAndEquipment,56327311000,ifrs-full:Assets,,,,,,,29922675000,ifrs-full:Liabilities,BRL
1826168,TIM S.A.,Brazil,2025,26624721000,ifrs-full:Revenue,12266584000,ifrs-full:CostOfSales,23171451000,ifrs-full:PropertyPlantAndEquipment,56939179000,ifrs-full:Assets,,,,,,,32961788000,ifrs-full:Liabilities,BRL
1826286,Vinci Compass Investments Ltd.,Brazil,2019,,,,,16412000,ifrs-full:PropertyPlantAndEquipment,,,2720000,ifrs-full:IntangibleAssetsOtherThanGoodwill,,,,,,,BRL
1826286,Vinci Compass Investments Ltd.,Brazil,2020,,,,,15043000,ifrs-full:PropertyPlantAndEquipment,328524000,ifrs-full:Assets,1441000,ifrs-full:IntangibleAssetsOtherThanGoodwill,,,,,309288000,ifrs-full:Liabilities,BRL
1826286,Vinci Compass Investments Ltd.,Brazil,2021,,,,,14294000,ifrs-full:PropertyPlantAndEquipment,1647005000,ifrs-full:Assets,1157000,ifrs-full:IntangibleAssetsOtherThanGoodwill,,,,,232129000,ifrs-full:Liabilities,BRL
1826286,Vinci Compass Investments Ltd.,Brazil,2022,,,,,11951000,ifrs-full:PropertyPlantAndEquipment,1766954000,ifrs-full:Assets,189238000,ifrs-full:IntangibleAssetsOtherThanGoodwill,,,,,391407000,ifrs-full:Liabilities,BRL
1826286,Vinci Compass Investments Ltd.,Brazil,2023,,,,,12591000,ifrs-full:PropertyPlantAndEquipment,2299719000,ifrs-full:Assets,214748000,ifrs-full:IntangibleAssetsOtherThanGoodwill,162290000,ifrs-full:Goodwill,,,918946000,ifrs-full:Liabilities,BRL
1826286,Vinci Compass Investments Ltd.,Brazil,2024,,,,,59132000,ifrs-full:PropertyPlantAndEquipment,3585051000,ifrs-full:Assets,1057949000,ifrs-full:IntangibleAssetsOtherThanGoodwill,555175000,ifrs-full:Goodwill,,,1643008000,ifrs-full:Liabilities,BRL
1834048,Sendas Distributor S.A.,Brazil,2017,,,,,3725000000,ifrs-full:PropertyPlantAndEquipment,,,,,,,,,,,BRL
1834048,Sendas Distributor S.A.,Brazil,2018,23017000000,ifrs-full:Revenue,18845000000,ifrs-full:CostOfSales,4655000000,ifrs-full:PropertyPlantAndEquipment,,,,,,,,,,,BRL
1834048,Sendas Distributor S.A.,Brazil,2019,28082000000,ifrs-full:Revenue,23349000000,ifrs-full:CostOfSales,14652000000,ifrs-full:PropertyPlantAndEquipment,35905000000,ifrs-full:Assets,,,,,,,,,BRL
1834048,Sendas Distributor S.A.,Brazil,2020,36043000000,ifrs-full:Revenue,30129000000,ifrs-full:CostOfSales,5047000000,ifrs-full:PropertyPlantAndEquipment,18821000000,ifrs-full:Assets,,,,,,,,,BRL
1834048,Sendas Distributor S.A.,Brazil,2021,41898000000,ifrs-full:Revenue,34753000000,ifrs-full:CostOfSales,6700000000,ifrs-full:PropertyPlantAndEquipment,22854000000,ifrs-full:Assets,,,,,,,,,BRL
1834048,Sendas Distributor S.A.,Brazil,2022,54520000000,ifrs-full:Revenue,45557000000,ifrs-full:CostOfSales,11582000000,ifrs-full:PropertyPlantAndEquipment,40618000000,ifrs-full:Assets,,,,,,,,,BRL
1834048,Sendas Distributor S.A.,Brazil,2023,66503000000,ifrs-full:Revenue,55682000000,ifrs-full:CostOfSales,13148000000,ifrs-full:PropertyPlantAndEquipment,43177000000,ifrs-full:Assets,,,,,,,,,BRL
1834048,Sendas Distributor S.A.,Brazil,2024,73819000000,ifrs-full:Revenue,61598000000,ifrs-full:CostOfSales,13564000000,ifrs-full:PropertyPlantAndEquipment,45593000000,ifrs-full:Assets,,,,,,,,,BRL
1836934,Zenvia Inc.,Brazil,2019,354035000,ifrs-full:Revenue,260786000,ifrs-full:CostOfSales,17496000,ifrs-full:PropertyPlantAndEquipment,,,,,,,,,,,BRL
1836934,Zenvia Inc.,Brazil,2020,429701000,ifrs-full:Revenue,325870000,ifrs-full:CostOfSales,12495000,ifrs-full:PropertyPlantAndEquipment,,,,,,,,,,,BRL
1836934,Zenvia Inc.,Brazil,2021,612324000,ifrs-full:Revenue,431419000,ifrs-full:CostOfSales,15732000,ifrs-full:PropertyPlantAndEquipment,,,,,,,,,,,BRL
1836934,Zenvia Inc.,Brazil,2022,756715000,ifrs-full:Revenue,467803000,ifrs-full:CostOfSales,19590000,ifrs-full:PropertyPlantAndEquipment,,,,,,,,,,,BRL
1836934,Zenvia Inc.,Brazil,2023,807577000,ifrs-full:Revenue,477035000,ifrs-full:CostOfSales,,,,,,,,,,,,,BRL
1836934,Zenvia Inc.,Brazil,2024,959680000,ifrs-full:Revenue,664907000,ifrs-full:CostOfSales,,,,,,,,,,,,,BRL
1846832,dLocal Ltd,Uruguay,2019,55289000,ifrs-full:Revenue,19413000,ifrs-full:CostOfSales,192000,ifrs-full:PropertyPlantAndEquipment,,,,,,,1347000,ifrs-full:ResearchAndDevelopmentExpense,,,USD
1846832,dLocal Ltd,Uruguay,2020,104143000,ifrs-full:Revenue,44065000,ifrs-full:CostOfSales,913000,ifrs-full:PropertyPlantAndEquipment,200467000,ifrs-full:Assets,4153000,ifrs-full:IntangibleAssetsOtherThanGoodwill,,,2005000,ifrs-full:ResearchAndDevelopmentExpense,155419000,ifrs-full:Liabilities,USD
1846832,dLocal Ltd,Uruguay,2021,244120000,ifrs-full:Revenue,113677000,ifrs-full:CostOfSales,2485000,ifrs-full:PropertyPlantAndEquipment,583008000,ifrs-full:Assets,46969000,ifrs-full:IntangibleAssetsOtherThanGoodwill,,,3386000,ifrs-full:ResearchAndDevelopmentExpense,302707000,ifrs-full:Liabilities,USD
1846832,dLocal Ltd,Uruguay,2022,418925000,ifrs-full:Revenue,216758000,ifrs-full:CostOfSales,2734000,ifrs-full:PropertyPlantAndEquipment,826301000,ifrs-full:Assets,51443000,ifrs-full:IntangibleAssetsOtherThanGoodwill,,,6348000,ifrs-full:ResearchAndDevelopmentExpense,426681000,ifrs-full:Liabilities,USD
1846832,dLocal Ltd,Uruguay,2023,650351000,ifrs-full:Revenue,373492000,ifrs-full:CostOfSales,2917000,ifrs-full:PropertyPlantAndEquipment,1084453000,ifrs-full:Assets,57887000,ifrs-full:IntangibleAssetsOtherThanGoodwill,,,12650000,ifrs-full:ResearchAndDevelopmentExpense,629313000,ifrs-full:Liabilities,USD
1846832,dLocal Ltd,Uruguay,2024,745974000,ifrs-full:Revenue,451301000,ifrs-full:CostOfSales,3377000,ifrs-full:PropertyPlantAndEquipment,1171329000,ifrs-full:Assets,63318000,ifrs-full:IntangibleAssetsOtherThanGoodwill,,,25625000,ifrs-full:ResearchAndDevelopmentExpense,682342000,ifrs-full:Liabilities,USD
1846832,dLocal Ltd,Uruguay,2025,1093587000,ifrs-full:Revenue,690831000,ifrs-full:CostOfSales,3985000,ifrs-full:PropertyPlantAndEquipment,1540964000,ifrs-full:Assets,73965000,ifrs-full:IntangibleAssetsOtherThanGoodwill,,,30707000,ifrs-full:ResearchAndDevelopmentExpense,971535000,ifrs-full:Liabilities,USD
1863362,Sofgen Pharma S.A.,Colombia,2020,331467000,ifrs-full:Revenue,140153000,ifrs-full:CostOfSales,,,,,,,6863000,ifrs-full:Goodwill,,,,,USD
1863362,Sofgen Pharma S.A.,Colombia,2021,403739000,ifrs-full:Revenue,173667000,ifrs-full:CostOfSales,71449000,ifrs-full:PropertyPlantAndEquipment,450331000,ifrs-full:Assets,30133000,ifrs-full:IntangibleAssetsOtherThanGoodwill,6803000,ifrs-full:Goodwill,,,,,USD
1863362,Sofgen Pharma S.A.,Colombia,2022,403203000,ifrs-full:Revenue,168075000,ifrs-full:CostOfSales,70585000,ifrs-full:PropertyPlantAndEquipment,442526000,ifrs-full:Assets,32179000,ifrs-full:IntangibleAssetsOtherThanGoodwill,5791000,ifrs-full:Goodwill,,,,,USD
1863362,Sofgen Pharma S.A.,Colombia,2023,423748000,ifrs-full:Revenue,185772000,ifrs-full:CostOfSales,90982000,ifrs-full:PropertyPlantAndEquipment,472499000,ifrs-full:Assets,42870000,ifrs-full:IntangibleAssetsOtherThanGoodwill,0,ifrs-full:Goodwill,,,,,USD
1863362,Sofgen Pharma S.A.,Colombia,2024,373795000,ifrs-full:Revenue,182316000,ifrs-full:CostOfSales,93719000,ifrs-full:PropertyPlantAndEquipment,411693000,ifrs-full:Assets,30312000,ifrs-full:IntangibleAssetsOtherThanGoodwill,,,,,,,USD
1864163,"Inter & Co, Inc.",Brazil,2019,712224000,ifrs-full:Revenue,,,91851000,ifrs-full:PropertyPlantAndEquipment,,,,,,,,,,,BRL
1864163,"Inter & Co, Inc.",Brazil,2020,1011531000,ifrs-full:Revenue,,,137846000,ifrs-full:PropertyPlantAndEquipment,19921613000,ifrs-full:Assets,,,,,,,16597398000,ifrs-full:Liabilities,BRL
1864163,"Inter & Co, Inc.",Brazil,2021,2221823000,ifrs-full:Revenue,100297000,ifrs-full:CostOfSales,163475000,ifrs-full:PropertyPlantAndEquipment,36626337000,ifrs-full:Assets,,,,,,,28176554000,ifrs-full:Liabilities,BRL
1864163,"Inter & Co, Inc.",Brazil,2022,3562697000,ifrs-full:Revenue,129233000,ifrs-full:CostOfSales,188019000,ifrs-full:PropertyPlantAndEquipment,46343100000,ifrs-full:Assets,,,,,,,39253996000,ifrs-full:Liabilities,BRL
1864163,"Inter & Co, Inc.",Brazil,2023,4752576000,ifrs-full:Revenue,135582000,ifrs-full:CostOfSales,167547000,ifrs-full:PropertyPlantAndEquipment,60351797000,ifrs-full:Assets,,,,,,,52755107000,ifrs-full:Liabilities,BRL
1864163,"Inter & Co, Inc.",Brazil,2024,6400165000,ifrs-full:Revenue,143430000,ifrs-full:CostOfSales,369942000,ifrs-full:PropertyPlantAndEquipment,76458430000,ifrs-full:Assets,,,,,,,67386123000,ifrs-full:Liabilities,BRL
1867325,Getnet Adquirencia E Servicos Para Meios De Pagamento S.A. - Instituicao De Pagamento,Brazil,2019,,,1086511000,ifrs-full:CostOfSales,657237000,ifrs-full:PropertyPlantAndEquipment,,,139500000,ifrs-full:IntangibleAssetsOtherThanGoodwill,,,,,,,BRL
1867325,Getnet Adquirencia E Servicos Para Meios De Pagamento S.A. - Instituicao De Pagamento,Brazil,2020,,,1426192000,ifrs-full:CostOfSales,613861000,ifrs-full:PropertyPlantAndEquipment,43021698000,ifrs-full:Assets,163976000,ifrs-full:IntangibleAssetsOtherThanGoodwill,,,,,,,BRL
1867325,Getnet Adquirencia E Servicos Para Meios De Pagamento S.A. - Instituicao De Pagamento,Brazil,2021,,,1758858000,ifrs-full:CostOfSales,631598000,ifrs-full:PropertyPlantAndEquipment,59034821000,ifrs-full:Assets,196593000,ifrs-full:IntangibleAssetsOtherThanGoodwill,,,,,,,BRL
1868995,CI&T Inc,Brazil,2019,677133000,ifrs-full:Revenue,448979000,ifrs-full:CostOfSales,,,,,,,,,12093000,ifrs-full:ResearchAndDevelopmentExpense,,,BRL
1868995,CI&T Inc,Brazil,2020,956519000,ifrs-full:Revenue,600866000,ifrs-full:CostOfSales,38771000,ifrs-full:PropertyPlantAndEquipment,585082000,ifrs-full:Assets,3596000,ifrs-full:IntangibleAssetsOtherThanGoodwill,14570000,ifrs-full:Goodwill,3462000,ifrs-full:ResearchAndDevelopmentExpense,,,BRL
1868995,CI&T Inc,Brazil,2021,1444380000,ifrs-full:Revenue,935732000,ifrs-full:CostOfSales,57721000,ifrs-full:PropertyPlantAndEquipment,2362344000,ifrs-full:Assets,119334000,ifrs-full:IntangibleAssetsOtherThanGoodwill,619469000,ifrs-full:Goodwill,4000,ifrs-full:ResearchAndDevelopmentExpense,,,BRL
1868995,CI&T Inc,Brazil,2022,424105000,ifrs-full:Revenue,276300000,ifrs-full:CostOfSales,10592000,ifrs-full:PropertyPlantAndEquipment,575533000,ifrs-full:Assets,318004000,ifrs-full:IntangibleAssetsOtherThanGoodwill,1437990000,ifrs-full:Goodwill,0,ifrs-full:ResearchAndDevelopmentExpense,324853000,ifrs-full:Liabilities,BRL;USD
1868995,CI&T Inc,Brazil,2023,446943000,ifrs-full:Revenue,297733000,ifrs-full:CostOfSales,7970000,ifrs-full:PropertyPlantAndEquipment,561190000,ifrs-full:Assets,277046000,ifrs-full:IntangibleAssetsOtherThanGoodwill,1392819000,ifrs-full:Goodwill,0,ifrs-full:ResearchAndDevelopmentExpense,269687000,ifrs-full:Liabilities,BRL;USD
1868995,CI&T Inc,Brazil,2024,438961000,ifrs-full:Revenue,288715000,ifrs-full:CostOfSales,5896000,ifrs-full:PropertyPlantAndEquipment,526416000,ifrs-full:Assets,,,,,,,,,USD
1868995,CI&T Inc,Brazil,2025,489650000,ifrs-full:Revenue,333084000,ifrs-full:CostOfSales,7354000,ifrs-full:PropertyPlantAndEquipment,550498000,ifrs-full:Assets,,,,,,,,,USD
1896049,"Semantix, Inc.",Brazil,2020,123453000,ifrs-full:Revenue,85472000,ifrs-full:CostOfSales,,,,,,,,,7876000,ifrs-full:ResearchAndDevelopmentExpense,,,BRL
1896049,"Semantix, Inc.",Brazil,2021,211659000,ifrs-full:Revenue,125454000,ifrs-full:CostOfSales,3555000,ifrs-full:PropertyPlantAndEquipment,206435000,ifrs-full:Assets,,,,,19920000,ifrs-full:ResearchAndDevelopmentExpense,270330000,ifrs-full:Liabilities,BRL
1896049,"Semantix, Inc.",Brazil,2022,262094000,ifrs-full:Revenue,143327000,ifrs-full:CostOfSales,3474000,ifrs-full:PropertyPlantAndEquipment,702541000,ifrs-full:Assets,,,,,33160000,ifrs-full:ResearchAndDevelopmentExpense,281116000,ifrs-full:Liabilities,BRL
1937441,Ambipar Emergency Response,Brazil,2020,364284000,ifrs-full:Revenue,256147000,ifrs-full:CostOfSales,,,,,,,,,,,,,BRL
1937441,Ambipar Emergency Response,Brazil,2021,822203000,ifrs-full:Revenue,618691000,ifrs-full:CostOfSales,296396000,ifrs-full:PropertyPlantAndEquipment,1431081000,ifrs-full:Assets,9632000,ifrs-full:IntangibleAssetsOtherThanGoodwill,585746000,ifrs-full:Goodwill,,,,,BRL
1937441,Ambipar Emergency Response,Brazil,2022,1684896000,ifrs-full:Revenue,1337749000,ifrs-full:CostOfSales,516081000,ifrs-full:PropertyPlantAndEquipment,3430757000,ifrs-full:Assets,420197000,ifrs-full:IntangibleAssetsOtherThanGoodwill,1192302000,ifrs-full:Goodwill,,,2983669000,ifrs-full:Liabilities,BRL
1937441,Ambipar Emergency Response,Brazil,2023,2589960000,ifrs-full:Revenue,2090482000,ifrs-full:CostOfSales,787561000,ifrs-full:PropertyPlantAndEquipment,4309172000,ifrs-full:Assets,358703000,ifrs-full:IntangibleAssetsOtherThanGoodwill,1537135000,ifrs-full:Goodwill,,,2952375000,ifrs-full:Liabilities,BRL
1937441,Ambipar Emergency Response,Brazil,2024,3248442000,ifrs-full:Revenue,2769665000,ifrs-full:CostOfSales,979293000,ifrs-full:PropertyPlantAndEquipment,5800282000,ifrs-full:Assets,439526000,ifrs-full:IntangibleAssetsOtherThanGoodwill,1803606000,ifrs-full:Goodwill,,,,,BRL
1945711,Lavoro Ltd,Brazil,2020,5098545000,ifrs-full:Revenue,4362657000,ifrs-full:CostOfSales,,,,,,,,,,,,,BRL
1945711,Lavoro Ltd,Brazil,2021,7746534000,ifrs-full:Revenue,6421037000,ifrs-full:CostOfSales,146205000,ifrs-full:PropertyPlantAndEquipment,5685763000,ifrs-full:Assets,,,,,,,,,BRL
1945711,Lavoro Ltd,Brazil,2022,9347413000,ifrs-full:Revenue,7616606000,ifrs-full:CostOfSales,196588000,ifrs-full:PropertyPlantAndEquipment,7523984000,ifrs-full:Assets,,,,,,,,,BRL
1945711,Lavoro Ltd,Brazil,2023,9392264000,ifrs-full:Revenue,8054807000,ifrs-full:CostOfSales,236781000,ifrs-full:PropertyPlantAndEquipment,8348724000,ifrs-full:Assets,,,,,,,,,BRL
1965143,Nvni Group Ltd,Brazil,2022,124545000,ifrs-full:Revenue,52813000,ifrs-full:CostOfSales,,,,,,,,,8000,ifrs-full:ResearchAndDevelopmentExpense,,,BRL
1965143,Nvni Group Ltd,Brazil,2023,168985000,ifrs-full:Revenue,66138000,ifrs-full:CostOfSales,3990000,ifrs-full:PropertyPlantAndEquipment,419861000,ifrs-full:Assets,137061000,ifrs-full:IntangibleAssetsOtherThanGoodwill,204099000,ifrs-full:Goodwill,,,473490000,ifrs-full:Liabilities,BRL
1965143,Nvni Group Ltd,Brazil,2024,193282000,ifrs-full:Revenue,70754000,ifrs-full:CostOfSales,4479000,ifrs-full:PropertyPlantAndEquipment,405393000,ifrs-full:Assets,133617000,ifrs-full:IntangibleAssetsOtherThanGoodwill,185758000,ifrs-full:Goodwill,,,517015000,ifrs-full:Liabilities,BRL
1969373,"Vesta Real Estate Corporation, S.A.B. de C.V.",Mexico,2021,160786358,ifrs-full:Revenue,,,,,2759867070,ifrs-full:Assets,,,,,,,1306241663,ifrs-full:Liabilities,USD
1969373,"Vesta Real Estate Corporation, S.A.B. de C.V.",Mexico,2022,178025461,ifrs-full:Revenue,,,,,2953156400,ifrs-full:Assets,,,,,,,1313368572,ifrs-full:Liabilities,USD
1969373,"Vesta Real Estate Corporation, S.A.B. de C.V.",Mexico,2023,214467612,ifrs-full:Revenue,,,,,3792216293,ifrs-full:Assets,,,,,,,1305247868,ifrs-full:Liabilities,USD
1969373,"Vesta Real Estate Corporation, S.A.B. de C.V.",Mexico,2024,252327122,ifrs-full:Revenue,,,,,3957947434,ifrs-full:Assets,,,,,,,1360663251,ifrs-full:Liabilities,USD
1969373,"Vesta Real Estate Corporation, S.A.B. de C.V.",Mexico,2025,283224807,ifrs-full:Revenue,,,,,4542459694,ifrs-full:Assets,,,,,,,1794702952,ifrs-full:Liabilities,USD
1978954,BBB FOODS INC,Mexico,2021,23091181000,ifrs-full:Revenue,19655090000,ifrs-full:CostOfSales,1900585000,ifrs-full:PropertyPlantAndEquipment,,,7831000,ifrs-full:IntangibleAssetsOtherThanGoodwill,,,,,,,MXN
1978954,BBB FOODS INC,Mexico,2022,32580397000,ifrs-full:Revenue,27655643000,ifrs-full:CostOfSales,3164204000,ifrs-full:PropertyPlantAndEquipment,11794907000,ifrs-full:Assets,8241000,ifrs-full:IntangibleAssetsOtherThanGoodwill,,,,,16508168000,ifrs-full:Liabilities,MXN
1978954,BBB FOODS INC,Mexico,2023,44078459000,ifrs-full:Revenue,37038542000,ifrs-full:CostOfSales,4606300000,ifrs-full:PropertyPlantAndEquipment,14963802000,ifrs-full:Assets,6771000,ifrs-full:IntangibleAssetsOtherThanGoodwill,,,,,19598650000,ifrs-full:Liabilities,MXN
1978954,BBB FOODS INC,Mexico,2024,57439019000,ifrs-full:Revenue,48062913000,ifrs-full:CostOfSales,6455625000,ifrs-full:PropertyPlantAndEquipment,22776813000,ifrs-full:Assets,6790000,ifrs-full:IntangibleAssetsOtherThanGoodwill,,,,,18742031000,ifrs-full:Liabilities,MXN
1978954,BBB FOODS INC,Mexico,2025,78152943000,ifrs-full:Revenue,65509469000,ifrs-full:CostOfSales,9348874000,ifrs-full:PropertyPlantAndEquipment,30526179000,ifrs-full:Assets,27819000,ifrs-full:IntangibleAssetsOtherThanGoodwill,,,,,26400746000,ifrs-full:Liabilities,MXN
