cik,name,country,sic,sic_desc,form,status,fy,revenue,cogs,assets,ppe_net,intangibles,goodwill,rnd,liabilities,currency,revenue_concept,employees,emp_matches,ai_exposure,ai_exposure_total,ai_total_mentions,filing_words
887153,"GRUPO SIMEC, S.A.B. de C.V.",Mexico,3312,"Steel Works, Blast Furnaces & Rolling Mills (Coke Ovens)",20-F,active,2017,28700450000,23994526000,45976531000,15737081000,2471548000,,,11658995000,MXN,ifrs-full:Revenue,3973,4,0.0,0.0,0,113566
887153,"GRUPO SIMEC, S.A.B. de C.V.",Mexico,3312,"Steel Works, Blast Furnaces & Rolling Mills (Coke Ovens)",20-F,active,2018,35678253000,30563315000,48853823000,16971000000,2300052000,,,13344820000,MXN,ifrs-full:Revenue,3767,3,0.0,0.0,0,118638
887153,"GRUPO SIMEC, S.A.B. de C.V.",Mexico,3312,"Steel Works, Blast Furnaces & Rolling Mills (Coke Ovens)",20-F,active,2019,34171201000,30067141000,44014759000,16737595000,2335117000,,,11404982000,MXN,ifrs-full:Revenue,4201,3,0.0,0.0,0,102317
887153,"GRUPO SIMEC, S.A.B. de C.V.",Mexico,3312,"Steel Works, Blast Furnaces & Rolling Mills (Coke Ovens)",20-F,active,2020,35869314000,29211724000,45503647000,15950352000,2322956000,,,12484988000,MXN,ifrs-full:Revenue,4201,4,0.0,0.0,0,103328
887153,"GRUPO SIMEC, S.A.B. de C.V.",Mexico,3312,"Steel Works, Blast Furnaces & Rolling Mills (Coke Ovens)",20-F,active,2021,55620356000,39968186000,57342572000,16012749000,2312569000,,,15542504000,MXN,ifrs-full:Revenue,5331,2,0.0,0.0,0,102431
887153,"GRUPO SIMEC, S.A.B. de C.V.",Mexico,3312,"Steel Works, Blast Furnaces & Rolling Mills (Coke Ovens)",20-F,active,2022,54159247000,39683861000,67632903000,16782893000,2325255000,,,19638527000,MXN,ifrs-full:Revenue,800,3,0.0,0.0,0,98949
887153,"GRUPO SIMEC, S.A.B. de C.V.",Mexico,3312,"Steel Works, Blast Furnaces & Rolling Mills (Coke Ovens)",20-F,active,2023,41139248000,31100106000,66787612000,17953857000,2298081000,,,16982147000,MXN,ifrs-full:Revenue,5092,2,0.0,0.0,0,94818
887153,"GRUPO SIMEC, S.A.B. de C.V.",Mexico,3312,"Steel Works, Blast Furnaces & Rolling Mills (Coke Ovens)",20-F,active,2024,33657672000,26032751000,73298401000,19630424000,-2262605000,,,14056389000,MXN,ifrs-full:Revenue,4443,2,0.3114,0.3114,3,96331
888746,UNITED BREWERIES CO INC,Chile,2082,Malt Beverages,20-F,active,2017,1698360794000,798738655000,1976229087000,917913428000,77032480000,94617474000,,749400479000,CLP,ifrs-full:Revenue,6240,3,0.0,0.0,0,141601
888746,UNITED BREWERIES CO INC,Chile,2082,Malt Beverages,20-F,active,2018,1783282337000,860011392000,2405864916000,1008946571000,118964142000,124955438000,,1016748973000,CLP,ifrs-full:Revenue,6219,3,0.0,0.0,0,156384
888746,UNITED BREWERIES CO INC,Chile,2082,Malt Beverages,20-F,active,2019,1822540697000,908318190000,2353690714000,1071730034000,125618666000,124955438000,,910763491000,CLP,ifrs-full:Revenue,6379,3,0.0658,0.0658,1,151880
888746,UNITED BREWERIES CO INC,Chile,2082,Malt Beverages,20-F,active,2020,1857593678000,984035922000,2525336532000,1082515880000,128257441000,117190763000,,1116517857000,CLP,ifrs-full:Revenue,6468,3,0.0621,0.0621,1,161061
888746,UNITED BREWERIES CO INC,Chile,2082,Malt Beverages,20-F,active,2021,2484712280000,1291559797000,2846750637000,1222261454000,151943693000,131172835000,,1421235334000,CLP,ifrs-full:Revenue,6761,3,0.0497,0.0497,1,201267
888746,UNITED BREWERIES CO INC,Chile,2082,Malt Beverages,20-F,active,2022,2711434948000,1514925309000,3595078979000,1356846302000,172389672000,136969434000,,2159109926000,CLP,ifrs-full:Revenue,6852,3,0.0,0.0482,1,207482
888746,UNITED BREWERIES CO INC,Chile,2082,Malt Beverages,20-F,active,2023,2565556067000,1378611966000,3423946280000,1273987695000,153123207000,127592056000,,2086563699000,CLP,ifrs-full:Revenue,6708,2,0.0472,0.0944,2,211860
888746,UNITED BREWERIES CO INC,Chile,2082,Malt Beverages,20-F,active,2024,2904566454000,1590957777000,3989716990000,1522708449000,244632721000,161583233000,,2317201680000,CLP,ifrs-full:Revenue,6439,2,0.0471,0.0941,2,212474
888746,UNITED BREWERIES CO INC,Chile,2082,Malt Beverages,20-F,active,2025,,,,,,,,,,,6376,2,0.2805,0.4207,9,213918
904851,YPF SOCIEDAD ANONIMA,Argentina,2911,Petroleum Refining,20-F,active,2017,252813000000,211812000000,505718000000,354443000000,9976000000,,449000000,353185000000,ARS,ifrs-full:Revenue,19072,2,0.0,0.0,0,238210
904851,YPF SOCIEDAD ANONIMA,Argentina,2911,Petroleum Refining,20-F,active,2018,435820000000,359570000000,994016000000,699087000000,20402000000,,700000000,631659000000,ARS,ifrs-full:Revenue,21314,1,0.0,0.0,0,264705
904851,YPF SOCIEDAD ANONIMA,Argentina,2911,Petroleum Refining,20-F,active,2019,678595000000,575608000000,1573289000000,1069011000000,37179000000,,1261000000,1025190000000,ARS,ifrs-full:Revenue,22932,1,0.0,0.0,0,283112
904851,YPF SOCIEDAD ANONIMA,Argentina,2911,Petroleum Refining,20-F,active,2020,9690000000,8663000000,22882000000,16413000000,465000000,,22000000,14751000000,USD,ifrs-full:Revenue,21314,1,0.0,0.0,0,301674
904851,YPF SOCIEDAD ANONIMA,Argentina,2911,Petroleum Refining,20-F,active,2021,13682000000,10629000000,23290000000,16003000000,419000000,,19000000,15026000000,USD,ifrs-full:Revenue,22932,1,0.0,0.0,0,221802
904851,YPF SOCIEDAD ANONIMA,Argentina,2911,Petroleum Refining,20-F,active,2022,18757000000,13684000000,25912000000,17510000000,384000000,,27000000,15360000000,USD,ifrs-full:Revenue,23301,1,0.0,0.0,0,215889
904851,YPF SOCIEDAD ANONIMA,Argentina,2911,Petroleum Refining,20-F,active,2023,17311000000,13853000000,25035000000,17712000000,367000000,,23000000,15984000000,USD,ifrs-full:Revenue,,0,0.0471,0.0471,1,212138
904851,YPF SOCIEDAD ANONIMA,Argentina,2911,Petroleum Refining,20-F,active,2024,19293000000,13910000000,29391000000,18736000000,491000000,,40000000,17521000000,USD,ifrs-full:Revenue,,0,0.1835,0.1835,4,217959
904851,YPF SOCIEDAD ANONIMA,Argentina,2911,Petroleum Refining,20-F,active,2025,18448000000,13348000000,29439000000,19085000000,1068000000,,28000000,18395000000,USD,ifrs-full:Revenue,,0,0.1804,0.1804,4,221716
909037,CHEMICAL & MINING CO OF CHILE INC,Chile,1400,Mining & Quarrying of  Nonmetallic Minerals (No Fuels),20-F,active,2017,2157323000,1394822000,4296236000,1429354000,113787000,37972000,,2048768000,USD,ifrs-full:Revenue,4921,2,0.0,0.0,0,151631
909037,CHEMICAL & MINING CO OF CHILE INC,Chile,1400,Mining & Quarrying of  Nonmetallic Minerals (No Fuels),20-F,active,2018,2265803000,1485631000,4268094000,1454823000,189350000,34866000,1.7,2130292000,USD,ifrs-full:Revenue,5290,2,0.0,0.0,0,155831
909037,CHEMICAL & MINING CO OF CHILE INC,Chile,1400,Mining & Quarrying of  Nonmetallic Minerals (No Fuels),20-F,active,2019,1943655000,1383603000,4684151000,1569906000,188358000,34726000,1.7,2549679000,USD,ifrs-full:Revenue,5741,2,0.0,0.0,0,147943
909037,CHEMICAL & MINING CO OF CHILE INC,Chile,1400,Mining & Quarrying of  Nonmetallic Minerals (No Fuels),20-F,active,2020,1817191000,1334321000,4818463000,1737319000,178407000,41966000,,2655885000,USD,ifrs-full:Revenue,5507,2,0.0,0.0,0,144057
909037,CHEMICAL & MINING CO OF CHILE INC,Chile,1400,Mining & Quarrying of  Nonmetallic Minerals (No Fuels),20-F,active,2021,2862315000,1772208000,7180201000,2012225000,179658000,34596000,,3964230000,USD,ifrs-full:Revenue,6081,2,0.0,0.0,0,198488
909037,CHEMICAL & MINING CO OF CHILE INC,Chile,1400,Mining & Quarrying of  Nonmetallic Minerals (No Fuels),20-F,active,2022,10710578000,4973953000,10819101000,2726838000,166336000,967000,,5887100000,USD,ifrs-full:Revenue,6997,2,0.0,0.0,0,204827
909037,CHEMICAL & MINING CO OF CHILE INC,Chile,1400,Mining & Quarrying of  Nonmetallic Minerals (No Fuels),20-F,active,2023,7467490000,4392436000,10778837000,3609937000,155874000,958000,,6301408000,USD,ifrs-full:Revenue,7682,2,0.0,0.0,0,202573
909037,CHEMICAL & MINING CO OF CHILE INC,Chile,1400,Mining & Quarrying of  Nonmetallic Minerals (No Fuels),20-F,active,2024,4528761000,3201654000,11495569000,4433645000,167968000,948000,,6297502000,USD,ifrs-full:Revenue,8344,3,0.0,0.0,0,208531
909037,CHEMICAL & MINING CO OF CHILE INC,Chile,1400,Mining & Quarrying of  Nonmetallic Minerals (No Fuels),20-F,active,2025,,,,,,,,,,,6840,5,0.0,0.0,0,217248
909327,Suzano S.A.,Brazil,2621,Paper Mills,20-F,active,2017,10580673000,6496304000,28526195000,16211228000,141785000,45445000,,16909584000,BRL,ifrs-full:RevenueFromContractsWithCustomers,,,,,,
909327,Suzano S.A.,Brazil,2621,Paper Mills,20-F,active,2018,13443376000,6922331000,53932644000,17020259000,180311000,158334000,,41906709000,BRL,ifrs-full:RevenueFromContractsWithCustomers,9385,2,0.0871,0.0871,1,114757
909327,Suzano S.A.,Brazil,2621,Paper Mills,20-F,active,2019,26012950000,20743482000,97908225000,41120945000,9649789000,161462000,,79820256000,BRL,ifrs-full:RevenueFromContractsWithCustomers,14534,1,0.0872,0.0872,1,114709
909327,Suzano S.A.,Brazil,2621,Paper Mills,20-F,active,2020,30460277000,18966331000,101800748000,39156890000,8741949000,236360000,,94463370000,BRL,ifrs-full:RevenueFromContractsWithCustomers,15653,2,0.246,0.246,3,121966
909327,Suzano S.A.,Brazil,2621,Paper Mills,20-F,active,2021,40965431000,20615588000,118975152000,38169703000,8014740000,231743000,,103800022000,BRL,ifrs-full:RevenueFromContractsWithCustomers,17421,2,0.1354,0.1354,2,147693
909327,Suzano S.A.,Brazil,2621,Paper Mills,20-F,active,2022,49830946000,24821288000,133197968000,50656634000,7173183000,233399000,,100031603000,BRL,ifrs-full:RevenueFromContractsWithCustomers,19319,2,0.0679,0.0679,1,147322
909327,Suzano S.A.,Brazil,2621,Paper Mills,20-F,active,2023,39755575000,25076675000,143593025000,59289069000,6557009000,228887000,,98782725000,BRL,ifrs-full:RevenueFromContractsWithCustomers,20907,2,0.0715,0.0715,1,139868
909327,Suzano S.A.,Brazil,2621,Paper Mills,20-F,active,2024,47403282000,27401527000,165936105000,64986040000,5709964000,225486000,,133520530000,BRL,ifrs-full:RevenueFromContractsWithCustomers,23980,2,0.2944,0.2944,4,135891
909327,Suzano S.A.,Brazil,2621,Paper Mills,20-F,active,2025,50115679000,33889504000,167935519000,64296187000,4778353000,29384000,,123983346000,BRL,ifrs-full:RevenueFromContractsWithCustomers,23094,2,0.3646,0.3646,5,137147
910631,COCA COLA FEMSA SAB DE CV,Mexico,2086,Bottled & Canned Soft Drinks & Carbonated Waters,20-F,active,2017,,99748000000,285677000000,75827000000,,118130000000,,144967000000,MXN,,,0,0.0,0.0,0,124164
910631,COCA COLA FEMSA SAB DE CV,Mexico,2086,Bottled & Canned Soft Drinks & Carbonated Waters,20-F,active,2018,,98404000000,263787000000,61942000000,,111347000000,,132037000000,MXN,,,0,0.0,0.0,0,123391
910631,COCA COLA FEMSA SAB DE CV,Mexico,2086,Bottled & Canned Soft Drinks & Carbonated Waters,20-F,active,2019,,106964000000,257839000000,61187000000,,107088000000,,128154000000,MXN,,,0,0.0,0.0,0,125007
910631,COCA COLA FEMSA SAB DE CV,Mexico,2086,Bottled & Canned Soft Drinks & Carbonated Waters,20-F,active,2020,,100804000000,263066000000,59460000000,,100082000000,,140609000000,MXN,,,0,0.0706,0.0706,1,141631
910631,COCA COLA FEMSA SAB DE CV,Mexico,2086,Bottled & Canned Soft Drinks & Carbonated Waters,20-F,active,2021,189376000000,106206000000,271567000000,62183000000,,,,143995000000,MXN,us-gaap:Revenues,,0,0.1522,0.1522,2,131364
910631,COCA COLA FEMSA SAB DE CV,Mexico,2086,Bottled & Canned Soft Drinks & Carbonated Waters,20-F,active,2022,220251000000,126440000000,277995000000,71205000000,,,,146119000000,MXN,us-gaap:Revenues,,0,0.1559,0.1559,2,128281
910631,COCA COLA FEMSA SAB DE CV,Mexico,2086,Bottled & Canned Soft Drinks & Carbonated Waters,20-F,active,2023,236635000000,134228000000,273520000000,78730000000,,,,139815000000,MXN,us-gaap:Revenues,86000,1,0.0778,0.0778,1,128466
910631,COCA COLA FEMSA SAB DE CV,Mexico,2086,Bottled & Canned Soft Drinks & Carbonated Waters,20-F,active,2024,,151057000000,307986000000,99381000000,,,,157445000000,MXN,,93000,1,0.0758,0.0758,1,132010
910631,COCA COLA FEMSA SAB DE CV,Mexico,2086,Bottled & Canned Soft Drinks & Carbonated Waters,20-F,active,2025,,,,,,,,,,,90200,1,0.299,0.299,4,133796
912505,ENEL AMERICAS S.A.,Chile,4911,Electric Services,20-F,delisted_in_window,2017,9489266000,,20168991000,8092467000,3682479000,713175000,137000,11890484000,USD,ifrs-full:Revenue,11393,5,0.0,0.0,0,274853
912505,ENEL AMERICAS S.A.,Chile,4911,Electric Services,20-F,delisted_in_window,2018,11924761000,,27396356000,8686827000,5827289000,1205570000,856000,18564456000,USD,ifrs-full:Revenue,18364,4,0.0,0.0,0,256720
912505,ENEL AMERICAS S.A.,Chile,4911,Electric Services,20-F,delisted_in_window,2019,13053376000,,29776384000,8763438000,5527879000,1173043000,86000,17530198000,USD,ifrs-full:Revenue,17671,4,0.0,0.0,0,267348
912505,ENEL AMERICAS S.A.,Chile,4911,Electric Services,20-F,delisted_in_window,2020,11238976000,,26933558000,8354672000,4524826000,945512000,54000,16599895000,USD,ifrs-full:Revenue,16969,3,0.0,0.0,0,287867
912505,ENEL AMERICAS S.A.,Chile,4911,Electric Services,20-F,delisted_in_window,2021,14535024000,,34958938000,12997528000,4756270000,1470225000,154000,19928845000,USD,ifrs-full:Revenue,16780,3,0.0,0.0,0,363326
912892,"GRUPO TELEVISA, S.A.B.",Mexico,4833,Television Broadcasting Stations,20-F,active,2017,94274235000,53534553000,297220101000,85719810000,,,,197563187000,MXN,ifrs-full:Revenue,,0,0.0,0.0,0,161411
912892,"GRUPO TELEVISA, S.A.B.",Mexico,4833,Television Broadcasting Stations,20-F,active,2018,101282333000,57839268000,297170593000,87342530000,,,,192639902000,MXN,ifrs-full:Revenue,,0,0.0,0.0,0,163074
912892,"GRUPO TELEVISA, S.A.B.",Mexico,4833,Television Broadcasting Stations,20-F,active,2019,101757181000,59067362000,290343892000,83329232000,,,,184718659000,MXN,ifrs-full:Revenue,,0,0.0,0.0,0,166623
912892,"GRUPO TELEVISA, S.A.B.",Mexico,4833,Television Broadcasting Stations,20-F,active,2020,70680227000,45220302000,271246332000,83281627000,,,,183307299000,MXN,ifrs-full:Revenue,,0,0.0,0.0,0,169994
912892,"GRUPO TELEVISA, S.A.B.",Mexico,4833,Television Broadcasting Stations,20-F,active,2021,73915432000,46653598000,293742081000,87922126000,,,,197218017000,MXN,ifrs-full:Revenue,9300,1,0.0,0.0,0,187053
912892,"GRUPO TELEVISA, S.A.B.",Mexico,4833,Television Broadcasting Stations,20-F,active,2022,68615768000,43357747000,299107531000,82236399000,,,,154977626000,MXN,ifrs-full:Revenue,9300,1,0.0,0.0,0,186730
912892,"GRUPO TELEVISA, S.A.B.",Mexico,4833,Television Broadcasting Stations,20-F,active,2023,66222836000,43297440000,262670257000,77848576000,,,,127997824000,MXN,ifrs-full:Revenue,9300,1,0.0,0.0,0,181250
912892,"GRUPO TELEVISA, S.A.B.",Mexico,4833,Television Broadcasting Stations,20-F,active,2024,62260864000,41117033000,251657896000,63664261000,,,,139962271000,MXN,ifrs-full:Revenue,9300,1,1.0203,1.0203,18,176423
912892,"GRUPO TELEVISA, S.A.B.",Mexico,4833,Television Broadcasting Stations,20-F,active,2025,,,,,,,,,,,,0,1.258,1.258,22,174877
913059,Banco BBVA Argentina S.A.,Argentina,6029,"Commercial Banks, NEC",20-F,active,2017,,,,,,,,,,,6082,5,0.0,0.0,0,179286
913059,Banco BBVA Argentina S.A.,Argentina,6029,"Commercial Banks, NEC",20-F,active,2018,,,556169426000,26057844000,,,,486110858000,ARS,,6107,3,0.1218,0.1218,2,164269
913059,Banco BBVA Argentina S.A.,Argentina,6029,"Commercial Banks, NEC",20-F,active,2019,,,618310699000,35494157000,,,,503493790000,ARS,,6104,1,0.1166,0.1166,2,171538
913059,Banco BBVA Argentina S.A.,Argentina,6029,"Commercial Banks, NEC",20-F,active,2020,,,1046062309000,50970192000,,,,873168961000,ARS,,6019,3,0.0,0.1134,2,176348
913059,Banco BBVA Argentina S.A.,Argentina,6029,"Commercial Banks, NEC",20-F,active,2021,,,2008278980000,99191276000,,,,1690739197000,ARS,,6019,2,0.1614,0.1614,3,185870
913059,Banco BBVA Argentina S.A.,Argentina,6029,"Commercial Banks, NEC",20-F,active,2022,,,6078456674000,299274663000,,,,4953031616000,ARS,,5888,2,0.1081,0.1081,2,184962
913059,Banco BBVA Argentina S.A.,Argentina,6029,"Commercial Banks, NEC",20-F,active,2023,,,13305540254000,649407209000,,,,10224683502000,ARS,,6009,2,0.3113,0.3113,6,192722
913059,Banco BBVA Argentina S.A.,Argentina,6029,"Commercial Banks, NEC",20-F,active,2024,,,14719893843000,646547368000,,,,12104066606000,ARS,,6289,2,0.0525,0.0525,1,190338
913059,Banco BBVA Argentina S.A.,Argentina,6029,"Commercial Banks, NEC",20-F,active,2025,,,,,,,,,,,6689,2,0.1983,0.1983,4,201728
917851,Vale S.A.,Brazil,1000,Metal Mining,20-F,active,2017,33967000000,21039000000,99184000000,54878000000,,,340000000,54412000000,USD,ifrs-full:Revenue,,,,,,
917851,Vale S.A.,Brazil,1000,Metal Mining,20-F,active,2018,36575000000,22109000000,88190000000,48385000000,,,373000000,43358000000,USD,ifrs-full:Revenue,,,,,,
917851,Vale S.A.,Brazil,1000,Metal Mining,20-F,active,2019,36549000000,19312000000,91713000000,46576000000,,,413000000,52720000000,USD,ifrs-full:Revenue,,,,,,
917851,Vale S.A.,Brazil,1000,Metal Mining,20-F,active,2020,39545000000,17564000000,92007000000,41148000000,,,415000000,57186000000,USD,ifrs-full:Revenue,,,,,,
917851,Vale S.A.,Brazil,1000,Metal Mining,20-F,active,2021,54502000000,21729000000,89442000000,41931000000,,3208000000,549000000,54136000000,USD,ifrs-full:Revenue,157,1,0.0,0.0,0,193921
917851,Vale S.A.,Brazil,1000,Metal Mining,20-F,active,2022,43839000000,24028000000,86894000000,44938000000,,,660000000,49536000000,USD,ifrs-full:Revenue,,0,0.0,0.0,0,181248
917851,Vale S.A.,Brazil,1000,Metal Mining,20-F,active,2023,41784000000,24089000000,94186000000,48396000000,,,723000000,53205000000,USD,ifrs-full:Revenue,,0,0.0,0.0534,1,187163
917851,Vale S.A.,Brazil,1000,Metal Mining,20-F,active,2024,38056000000,24265000000,80152000000,39984000000,,,790000000,45624000000,USD,ifrs-full:Revenue,,0,0.0,0.1128,2,177366
917851,Vale S.A.,Brazil,1000,Metal Mining,20-F,active,2025,38403000000,24947000000,86525000000,43625000000,,,693000000,52175000000,USD,ifrs-full:Revenue,,0,0.0,0.4103,7,170598
925261,ANDINA BOTTLING CO INC,Chile,2086,Bottled & Canned Soft Drinks & Carbonated Waters,20-F,active,2017,1848878619000,1069024964000,2114859467000,659750499000,663272878000,93598217000,,1301626118000,CLP,ifrs-full:Revenue,16063,2,0.0,0.0,0,114227
925261,ANDINA BOTTLING CO INC,Chile,2086,Bottled & Canned Soft Drinks & Carbonated Waters,20-F,active,2018,1672915799000,968027774000,2214504689000,710770968000,668822553000,117229173000,,1350789946000,CLP,ifrs-full:Revenue,17386,3,0.0,0.0,0,117999
925261,ANDINA BOTTLING CO INC,Chile,2086,Bottled & Canned Soft Drinks & Carbonated Waters,20-F,active,2019,1779025115000,1048343767000,2390948423000,722718863000,675075375000,121221661000,,1422044475000,CLP,ifrs-full:Revenue,17586,3,0.0896,0.0896,1,111627
925261,ANDINA BOTTLING CO INC,Chile,2086,Bottled & Canned Soft Drinks & Carbonated Waters,20-F,active,2020,1698281237000,1022498659000,2448064400000,605576545000,604514165000,98325593000,,1616503809000,CLP,ifrs-full:Revenue,17354,3,0.09,0.09,1,111146
925261,ANDINA BOTTLING CO INC,Chile,2086,Bottled & Canned Soft Drinks & Carbonated Waters,20-F,active,2021,2216732593000,1375392773000,2946106647000,716379127000,659631543000,118042900000,,1844693088000,CLP,ifrs-full:Revenue,18636,3,0.1438,0.1438,2,139058
925261,ANDINA BOTTLING CO INC,Chile,2086,Bottled & Canned Soft Drinks & Carbonated Waters,20-F,active,2022,2656878395000,1628701823000,3010700607000,798221259000,671778888000,129023922000,,2127297955000,CLP,ifrs-full:Revenue,19281,1,0.1501,0.1501,2,133239
925261,ANDINA BOTTLING CO INC,Chile,2086,Bottled & Canned Soft Drinks & Carbonated Waters,20-F,active,2023,2618437052000,1601997255000,2921520889000,872388811000,695926565000,122103802000,,2000535475000,CLP,ifrs-full:Revenue,19667,1,0.1449,0.1449,2,138037
925261,ANDINA BOTTLING CO INC,Chile,2086,Bottled & Canned Soft Drinks & Carbonated Waters,20-F,active,2024,3224233005000,1945363408000,3291104273000,1097773572000,693383630000,144681420000,,2276707253000,CLP,ifrs-full:Revenue,20525,1,0.3582,0.3582,5,139576
925261,ANDINA BOTTLING CO INC,Chile,2086,Bottled & Canned Soft Drinks & Carbonated Waters,20-F,active,2025,3344835851000,2037679124000,3420405418000,1179385259000,719489720000,137128318000,,2223851570000,CLP,ifrs-full:Revenue,20858,1,0.341,0.341,5,146631
926864,ENEL GENERACION CHILE S.A.,Chile,4911,Electric Services,20-F,delisted_in_window,2017,1599032140000,,5983136000,5917673000,18607973000,24860356000,,1565448238000,CLP,ifrs-full:Revenue,848,3,0.0,0.0,0,135670
926864,ENEL GENERACION CHILE S.A.,Chile,4911,Electric Services,20-F,delisted_in_window,2018,1481554138000,,3669228079000,2919097994000,23910977000,24860356000,,1671737032000,CLP,ifrs-full:Revenue,767,3,0.0,0.0,0,127719
926864,ENEL GENERACION CHILE S.A.,Chile,4911,Electric Services,20-F,delisted_in_window,2019,1494119513000,,3587198777000,2747643715000,30393637000,24860356000,,1613344383000,CLP,ifrs-full:Revenue,710,3,0.0,0.0,0,126109
930543,CONCHA Y TORO WINERY INC,Chile,5180,"Wholesale-Beer, Wine & Distilled Alcoholic Beverages",20-F,delisted_in_window,2017,613515357000,412079217000,1056826587000,381736948000,43426623000,31021819000,,511486336000,CLP,ifrs-full:Revenue,852,4,0.0,0.0,0,134133
930543,CONCHA Y TORO WINERY INC,Chile,5180,"Wholesale-Beer, Wine & Distilled Alcoholic Beverages",20-F,delisted_in_window,2018,614128905000,409542596000,1146168107000,391263749000,47719373000,69028561000,,574014863000,CLP,ifrs-full:Revenue,341,3,0.0,0.0735,1,136047
931427,GAS TRANSPORTER OF THE SOUTH INC,Argentina,4922,Natural Gas Transmission,20-F,active,2017,30694588000,18360946000,44853427000,34160708000,,,,19573838000,ARS,ifrs-full:Revenue,,0,0.0,0.0,0,133332
931427,GAS TRANSPORTER OF THE SOUTH INC,Argentina,4922,Natural Gas Transmission,20-F,active,2018,71336882000,33902908000,95288446000,59510863000,,,,47684540000,ARS,ifrs-full:Revenue,,0,0.0,0.0,0,144732
931427,GAS TRANSPORTER OF THE SOUTH INC,Argentina,4922,Natural Gas Transmission,20-F,active,2019,99790386000,50089910000,130152205000,101496521000,,,,64691087000,ARS,ifrs-full:Revenue,,0,0.0,0.0,0,153608
931427,GAS TRANSPORTER OF THE SOUTH INC,Argentina,4922,Natural Gas Transmission,20-F,active,2020,164275443000,81049791000,378098311000,149241162000,,,,183964125000,ARS,ifrs-full:Revenue,,0,0.0,0.0,0,164618
931427,GAS TRANSPORTER OF THE SOUTH INC,Argentina,4922,Natural Gas Transmission,20-F,active,2021,539731171000,289121457000,1262820015000,292534643000,,,,531303259000,ARS,ifrs-full:Revenue,,0,0.0,0.0,0,178263
931427,GAS TRANSPORTER OF THE SOUTH INC,Argentina,4922,Natural Gas Transmission,20-F,active,2022,1115696199000,651289136000,2794531641000,917031971000,,,,982396672000,ARS,ifrs-full:Revenue,200,1,0.0,0.0,0,173873
931427,GAS TRANSPORTER OF THE SOUTH INC,Argentina,4922,Natural Gas Transmission,20-F,active,2023,986052768000,620072661000,3322617568000,2162194240000,,,,1459268884000,ARS,ifrs-full:Revenue,,0,0.0,0.0,0,172871
931427,GAS TRANSPORTER OF THE SOUTH INC,Argentina,4922,Natural Gas Transmission,20-F,active,2024,1219766287000,575240137000,3394598260000,2384877108000,,,,1161086081000,ARS,ifrs-full:Revenue,,0,0.0,0.0,0,173289
931427,GAS TRANSPORTER OF THE SOUTH INC,Argentina,4922,Natural Gas Transmission,20-F,active,2025,,,,,,,,,,,,0,0.1181,0.1181,2,169290
932470,TELECOM ARGENTINA SA,Argentina,4813,Telephone Communications (No Radiotelephone),20-F,active,2017,65186000000,,94070000000,45701000000,4635000000,31954000000,,39042000000,ARS,ifrs-full:Revenue,4908,3,0.0478,0.0478,1,209130
932470,TELECOM ARGENTINA SA,Argentina,4813,Telephone Communications (No Radiotelephone),20-F,active,2018,,,571873000000,231236000000,91474000000,185295000000,,219723000000,ARS,,,0,0.0,0.0,0,206769
932470,TELECOM ARGENTINA SA,Argentina,4813,Telephone Communications (No Radiotelephone),20-F,active,2019,,,787097000000,334903000000,112388000000,252052000000,,365270000000,ARS,,23728,3,0.0,0.0,0,151135
932470,TELECOM ARGENTINA SA,Argentina,4813,Telephone Communications (No Radiotelephone),20-F,active,2020,,,1135163000000,484316000000,157019000000,380234000000,,548219000000,ARS,,23728,4,0.0,0.0,0,163837
932470,TELECOM ARGENTINA SA,Argentina,4813,Telephone Communications (No Radiotelephone),20-F,active,2021,,,2101802000000,878856000000,280724000000,2299612000000,,1030688000000,ARS,,23254,4,0.0,0.0,0,182301
932470,TELECOM ARGENTINA SA,Argentina,4813,Telephone Communications (No Radiotelephone),20-F,active,2022,,,5384152000000,2468820000000,793489000000,3355071000000,,2853801000000,ARS,,22587,4,0.0596,0.0596,1,167647
932470,TELECOM ARGENTINA SA,Argentina,4813,Telephone Communications (No Radiotelephone),20-F,active,2023,,,11928224000000,4947233000000,1973865000000,4422870000000,,7038495000000,ARS,,21729,4,0.3603,0.3603,6,166546
932470,TELECOM ARGENTINA SA,Argentina,4813,Telephone Communications (No Radiotelephone),20-F,active,2024,,,14393744000000,5696731000000,2494659000000,4436736000000,,7112817000000,ARS,,21262,4,0.4081,0.4081,7,171521
932470,TELECOM ARGENTINA SA,Argentina,4813,Telephone Communications (No Radiotelephone),20-F,active,2025,,,16622552000000,6789118000000,2671525000000,4443998000000,,9639244000000,ARS,,19987,3,0.8651,0.8651,16,184952
932782,MEXICAN PETROLEUM,Mexico,1311,Crude Petroleum & Natural Gas,20-F,debt_registrant,2017,1397029719000,1004204880000,2132002114000,1436509326000,14678640000,,,3634354499000,MXN,ifrs-full:Revenue,127941,2,0.0,0.0,0,211155
932782,MEXICAN PETROLEUM,Mexico,1311,Crude Petroleum & Natural Gas,20-F,debt_registrant,2018,1681119150000,,2075197268000,1402486084000,13720540000,,,3534602700000,MXN,ifrs-full:Revenue,132021,2,0.0,0.0,0,205104
932782,MEXICAN PETROLEUM,Mexico,1311,Crude Petroleum & Natural Gas,20-F,debt_registrant,2019,1401971185000,,1984247080000,1277548562000,14584524000,,,3915656382000,MXN,ifrs-full:Revenue,125735,2,0.0,0.0,0,211913
932782,MEXICAN PETROLEUM,Mexico,1311,Crude Petroleum & Natural Gas,20-F,debt_registrant,2020,953661844000,,1928487928000,1276129521000,22775784000,,,4333214958000,MXN,ifrs-full:Revenue,123899,2,0.0,0.0,0,195120
932782,MEXICAN PETROLEUM,Mexico,1311,Crude Petroleum & Natural Gas,20-F,debt_registrant,2021,1495628620000,,2052098171000,1274532607000,20016146000,,,4222098954000,MXN,ifrs-full:Revenue,123842,2,0.0,0.0,0,214985
932782,MEXICAN PETROLEUM,Mexico,1311,Crude Petroleum & Natural Gas,20-F,debt_registrant,2022,2383388309000,,2245558044000,1368750850000,30024934000,,,4014380269000,MXN,ifrs-full:Revenue,120054,2,0.0,0.0,0,214183
932782,MEXICAN PETROLEUM,Mexico,1311,Crude Petroleum & Natural Gas,20-F,debt_registrant,2023,1719937618000,,2303475336000,1482322166000,20350819000,,,3956454146000,MXN,ifrs-full:Revenue,128616,2,0.0454,0.0454,1,220453
932782,MEXICAN PETROLEUM,Mexico,1311,Crude Petroleum & Natural Gas,20-F,debt_registrant,2024,1672672906000,,2208752583000,1650532712000,17088277000,,,4192528319000,MXN,ifrs-full:Revenue,129198,2,0.0435,0.0435,1,229808
932782,MEXICAN PETROLEUM,Mexico,1311,Crude Petroleum & Natural Gas,20-F,debt_registrant,2025,,,,,,,,,,,126905,2,0.0444,0.0444,1,225257
933267,IRSA INVESTMENTS & REPRESENTATIONS INC,Argentina,6552,Land Subdividers & Developers (No Cemeteries),20-F,active,2017,78187000000,49112000000,526856000000,31591000000,19289000000,,,,ARS,ifrs-full:Revenue,947,6,0.0,0.0,0,296705
933267,IRSA INVESTMENTS & REPRESENTATIONS INC,Argentina,6552,Land Subdividers & Developers (No Cemeteries),20-F,active,2018,28004000000,10461000000,678360000000,31905000000,,,,,ARS,ifrs-full:Revenue,928,6,0.0,0.0,0,291173
933267,IRSA INVESTMENTS & REPRESENTATIONS INC,Argentina,6552,Land Subdividers & Developers (No Cemeteries),20-F,active,2019,34868000000,14549000000,942054000000,56670000000,,,,,ARS,ifrs-full:Revenue,865,6,0.0,0.0,0,311427
933267,IRSA INVESTMENTS & REPRESENTATIONS INC,Argentina,6552,Land Subdividers & Developers (No Cemeteries),20-F,active,2020,45880000000,23204000000,365325000000,14657000000,,,,,ARS,ifrs-full:Revenue,784,6,0.0,0.0,0,275803
933267,IRSA INVESTMENTS & REPRESENTATIONS INC,Argentina,6552,Land Subdividers & Developers (No Cemeteries),20-F,active,2021,256980000000,97040000000,803667000000,63996000000,,,,,ARS,ifrs-full:Revenue,652,6,0.1575,0.1575,3,190499
933267,IRSA INVESTMENTS & REPRESENTATIONS INC,Argentina,6552,Land Subdividers & Developers (No Cemeteries),20-F,active,2022,462486000000,159559000000,2643849000000,52565000000,,,,,ARS,ifrs-full:Revenue,750,5,0.1552,0.1552,3,193300
933267,IRSA INVESTMENTS & REPRESENTATIONS INC,Argentina,6552,Land Subdividers & Developers (No Cemeteries),20-F,active,2023,458059000000,152304000000,3125471000000,50969000000,,,,,ARS,ifrs-full:Revenue,667,5,0.1466,0.1466,3,204670
933267,IRSA INVESTMENTS & REPRESENTATIONS INC,Argentina,6552,Land Subdividers & Developers (No Cemeteries),20-F,active,2024,468526000000,183736000000,3362069000000,54091000000,,,,,ARS,ifrs-full:Revenue,708,5,0.1972,0.1972,4,202873
933267,IRSA INVESTMENTS & REPRESENTATIONS INC,Argentina,6552,Land Subdividers & Developers (No Cemeteries),20-F,active,2025,,,,,,,,,,,718,5,0.2536,0.2536,5,197128
1001290,CREDICORP LTD,Peru,6029,"Commercial Banks, NEC",20-F,active,2017,17599000000,,170472000000,1509492000,1342890000,635975000,,148219000000,PEN,ifrs-full:Revenue,33636,2,0.0,0.0,0,173488
1001290,CREDICORP LTD,Peru,6029,"Commercial Banks, NEC",20-F,active,2018,17995000000,,177263000000,1480702000,1464372000,591330000,,152997000000,PEN,ifrs-full:Revenue,34024,2,0.0518,0.0518,1,192873
1001290,CREDICORP LTD,Peru,6029,"Commercial Banks, NEC",20-F,active,2019,19674000000,,187859000000,1428173000,1666265000,865822000,,161113000000,PEN,ifrs-full:Revenue,35828,1,0.1417,0.1417,3,211671
1001290,CREDICORP LTD,Peru,6029,"Commercial Banks, NEC",20-F,active,2020,18415000000,,237406000000,1374875000,1818398000,820899000,,211961000000,PEN,ifrs-full:Revenue,36806,1,0.0,0.0,0,242478
1001290,CREDICORP LTD,Peru,6029,"Commercial Banks, NEC",20-F,active,2021,19452000000,,243443872000,1308779000,1913221000,796859000,,216611348000,PEN,ifrs-full:Revenue,36358,1,0.0704,0.0704,2,284065
1001290,CREDICORP LTD,Peru,6029,"Commercial Banks, NEC",20-F,active,2022,20919000000,,235414157000,1281098000,2127216000,772213000,,205818944000,PEN,ifrs-full:Revenue,36968,2,0.2101,0.2101,6,285582
1001290,CREDICORP LTD,Peru,6029,"Commercial Banks, NEC",20-F,active,2023,25665000000,,238840188000,1357525000,2427017000,513458,,205733123000,COP;PEN,ifrs-full:Revenue,37074,1,0.3208,0.3208,9,280539
1001290,CREDICORP LTD,Peru,6029,"Commercial Banks, NEC",20-F,active,2024,27472000000,,256088940000,1438609000,2566796000,722361000,,221111706000,PEN,ifrs-full:Revenue,38676,1,1.1036,1.1036,31,280901
1001290,CREDICORP LTD,Peru,6029,"Commercial Banks, NEC",20-F,active,2025,,,,,,,,,,,49581,3,1.9063,1.9063,54,283275
1001838,SOUTHERN COPPER CORP/,Peru,1000,Metal Mining,10-K,active,2017,6654500000,3252800000,13780100000,9099600000,26100000,41900000,,,USD,us-gaap:RevenueFromContractWithCustomerExcludingAssessedTax,13140,2,0.0,0.0,0,91472
1001838,SOUTHERN COPPER CORP/,Peru,1000,Metal Mining,10-K,active,2018,7096700000,3409000000,14287600000,9403800000,24800000,41900000,,,USD,us-gaap:RevenueFromContractWithCustomerExcludingAssessedTax,13899,2,0.0,0.0,0,93035
1001838,SOUTHERN COPPER CORP/,Peru,1000,Metal Mining,10-K,active,2019,7285600000,3606400000,16407400000,9371000000,30500000,41900000,,,USD,us-gaap:RevenueFromContractWithCustomerExcludingAssessedTax,14301,2,0.0,0.0,0,107196
1001838,SOUTHERN COPPER CORP/,Peru,1000,Metal Mining,10-K,active,2020,7984900000,3929800000,16946500000,9458700000,25400000,41900000,,,USD,us-gaap:RevenueFromContractWithCustomerExcludingAssessedTax,13777,2,0.0,0.0,0,108245
1001838,SOUTHERN COPPER CORP/,Peru,1000,Metal Mining,10-K,active,2021,10934100000,3894400000,18297600000,9464400000,21000000,41900000,,,USD,us-gaap:RevenueFromContractWithCustomerExcludingAssessedTax,14700,4,0.0,0.0,0,119213
1001838,SOUTHERN COPPER CORP/,Peru,1000,Metal Mining,10-K,active,2022,10047900000,4649100000,17277400000,9596600000,21400000,41900000,,,USD,us-gaap:RevenueFromContractWithCustomerExcludingAssessedTax,15018,2,0.0,0.0,0,122837
1001838,SOUTHERN COPPER CORP/,Peru,1000,Metal Mining,10-K,active,2023,9895800000,4687700000,16725300000,9782900000,18500000,41900000,,,USD,us-gaap:RevenueFromContractWithCustomerExcludingAssessedTax,15810,3,0.0788,0.0788,1,126957
1001838,SOUTHERN COPPER CORP/,Peru,1000,Metal Mining,10-K,active,2024,11433400000,4841400000,18713500000,9883300000,16000000,41900000,,,USD,us-gaap:RevenueFromContractWithCustomerExcludingAssessedTax,16133,2,0.1529,0.1529,2,130776
1001838,SOUTHERN COPPER CORP/,Peru,1000,Metal Mining,10-K,active,2025,13420000000,5359200000,21381400000,10272200000,15700000,41900000,,,USD,us-gaap:RevenueFromContractWithCustomerExcludingAssessedTax,14000,5,0.0732,0.0732,1,136631
1013131,BUENAVENTURA MINING CO INC,Peru,1000,Metal Mining,20-F,active,2017,1237642000,947953000,4332813000,1949555000,,,,1269186000,USD,ifrs-full:Revenue,3717,3,0.0,0.0,0,164841
1013131,BUENAVENTURA MINING CO INC,Peru,1000,Metal Mining,20-F,active,2018,1150715000,967696000,4217221000,1847615000,,,,1187656000,USD,ifrs-full:Revenue,3450,3,0.0,0.0,0,172800
1013131,BUENAVENTURA MINING CO INC,Peru,1000,Metal Mining,20-F,active,2019,867888000,799582000,4107274000,1754372000,,,,1139074000,USD,ifrs-full:Revenue,3087,3,0.0,0.0,0,177365
1013131,BUENAVENTURA MINING CO INC,Peru,1000,Metal Mining,20-F,active,2020,676542000,652613000,3979617000,1650361000,,,,1179760000,USD,ifrs-full:Revenue,2934,2,0.0,0.0,0,194934
1013131,BUENAVENTURA MINING CO INC,Peru,1000,Metal Mining,20-F,active,2021,900450000,813106000,4561811000,1537870000,,,,2023280000,USD,ifrs-full:Revenue,3045,2,0.0,0.0,0,273450
1013131,BUENAVENTURA MINING CO INC,Peru,1000,Metal Mining,20-F,active,2022,824802000,763473000,4503227000,1535195000,,,,1340286000,USD,ifrs-full:Revenue,2783,2,0.0,0.0,0,240241
1013131,BUENAVENTURA MINING CO INC,Peru,1000,Metal Mining,20-F,active,2023,823845000,732597000,4533799000,,,,,1364588000,USD,ifrs-full:Revenue,13759,2,0.0,0.0,0,244051
1013131,BUENAVENTURA MINING CO INC,Peru,1000,Metal Mining,20-F,active,2024,1154605000,795318000,5047903000,,,,,1488202000,USD,ifrs-full:Revenue,2958,2,0.0,0.0,0,233230
1013131,BUENAVENTURA MINING CO INC,Peru,1000,Metal Mining,20-F,active,2025,,,,,,,,,,,3295,2,0.0,0.0,0,236378
1027552,BANCO SANTANDER CHILE,Chile,6029,"Commercial Banks, NEC",20-F,active,2017,,,35823605000000,242547000000,63219000000,,,,CLP,,11068,4,0.0,0.0,0,184141
1027552,BANCO SANTANDER CHILE,Chile,6029,"Commercial Banks, NEC",20-F,active,2018,,,39132512000000,253586000000,66923000000,,,,CLP,,11305,8,0.0503,0.0503,1,198655
1027552,BANCO SANTANDER CHILE,Chile,6029,"Commercial Banks, NEC",20-F,active,2019,,1551000000,50574714000000,250761000000,73389000000,,2808000000,8385368000000,CLP,,11200,6,0.0,0.0,0,200428
1027552,BANCO SANTANDER CHILE,Chile,6029,"Commercial Banks, NEC",20-F,active,2020,,,55703223000000,240854000000,82537000000,,1559000000,9642865000000,CLP,,10470,3,0.0484,0.0484,1,206550
1027552,BANCO SANTANDER CHILE,Chile,6029,"Commercial Banks, NEC",20-F,active,2021,,,63841950000000,236939000000,95411000000,,2305000000,,CLP,,9988,3,0.0,0.0,0,222127
1027552,BANCO SANTANDER CHILE,Chile,6029,"Commercial Banks, NEC",20-F,active,2022,,,68422026000000,238095000000,107789000000,,2583000000,,CLP,,9389,3,0.0,0.0,0,230784
1027552,BANCO SANTANDER CHILE,Chile,6029,"Commercial Banks, NEC",20-F,active,2023,,,70781592000000,251823000000,97551000000,0,1791000000,,CLP,,9229,3,0.345,0.345,8,231854
1027552,BANCO SANTANDER CHILE,Chile,6029,"Commercial Banks, NEC",20-F,active,2024,,,68403283000000,251846000000,88669000000,0,627000000,,CLP,,8757,3,0.4565,0.4565,11,240962
1027552,BANCO SANTANDER CHILE,Chile,6029,"Commercial Banks, NEC",20-F,active,2025,,,68147280000000,242522000000,91475000000,0,592000000,,CLP,,8526,3,0.4807,0.4807,12,249649
1034957,CRESUD INC,Argentina,6500,Real Estate,20-F,active,2017,93266000000,62078000000,557674000000,52073000000,,19588000000,,434213000000,ARS,ifrs-full:Revenue,1759,6,0.0,0.0,0,410382
1034957,CRESUD INC,Argentina,6500,Real Estate,20-F,active,2018,47529000000,26733000000,726034000000,81268000000,,26018000000,,598833000000,ARS,ifrs-full:Revenue,1771,7,0.0,0.0,0,442984
1034957,CRESUD INC,Argentina,6500,Real Estate,20-F,active,2019,82244000000,55631000000,1031784000000,90054000000,,42344000000,,848309000000,ARS,ifrs-full:Revenue,1702,7,0.0,0.0,0,377976
1034957,CRESUD INC,Argentina,6500,Real Estate,20-F,active,2020,149930000000,-119602000000,556183000000,65783000000,,4902000000,,382537000000,ARS,ifrs-full:Revenue,1496,7,0.0,0.0,0,363783
1034957,CRESUD INC,Argentina,6500,Real Estate,20-F,active,2021,767704000000,558938000000,1140909000000,128124000000,,9231000000,,695110000000,ARS,ifrs-full:Revenue,1281,7,0.1154,0.1154,3,260031
1034957,CRESUD INC,Argentina,6500,Real Estate,20-F,active,2022,986274000000,597247000000,3972964000000,540773000000,,37031000000,,2178387000000,ARS,ifrs-full:Revenue,750,5,0.1236,0.1236,3,242655
1034957,CRESUD INC,Argentina,6500,Real Estate,20-F,active,2023,959359000000,571311000000,5539113000000,753946000000,,51628000000,,3037296000000,ARS,ifrs-full:Revenue,667,5,0.1166,0.1166,3,257311
1034957,CRESUD INC,Argentina,6500,Real Estate,20-F,active,2024,914157000000,570742000000,5088822000000,712680000000,,28500000000,,2875030000000,ARS,ifrs-full:Revenue,708,5,0.1973,0.1973,5,253363
1034957,CRESUD INC,Argentina,6500,Real Estate,20-F,active,2025,,,,,,,,,,,718,5,0.2773,0.2773,7,252433
1038572,BRAZILIAN DISTRIBUTION CO COMPANHIA BRASILEIRA DE DISTR CBD,Brazil,5411,Retail-Grocery Stores,20-F,delisted_in_window,2017,44634000000,33585000000,55779000000,13292000000,,,,,BRL,ifrs-full:Revenue,91106,1,0.0,0.0,0,117726
1038572,BRAZILIAN DISTRIBUTION CO COMPANHIA BRASILEIRA DE DISTR CBD,Brazil,5411,Retail-Grocery Stores,20-F,delisted_in_window,2018,26490000000,19046000000,61657000000,14052000000,,,,,BRL,ifrs-full:Revenue,94119,2,0.0,0.0,0,115337
1038572,BRAZILIAN DISTRIBUTION CO COMPANHIA BRASILEIRA DE DISTR CBD,Brazil,5411,Retail-Grocery Stores,20-F,delisted_in_window,2019,28838000000,21225000000,58475000000,24290000000,,,,,BRL,ifrs-full:Revenue,44293,4,0.0,0.0,0,136320
1038572,BRAZILIAN DISTRIBUTION CO COMPANHIA BRASILEIRA DE DISTR CBD,Brazil,5411,Retail-Grocery Stores,20-F,delisted_in_window,2020,16796000000,11939000000,53511000000,19888000000,,,,,BRL,ifrs-full:Revenue,42548,3,0.0,0.0,0,135546
1038572,BRAZILIAN DISTRIBUTION CO COMPANHIA BRASILEIRA DE DISTR CBD,Brazil,5411,Retail-Grocery Stores,20-F,delisted_in_window,2021,16298000000,11942000000,49443000000,16344000000,,,,,BRL,ifrs-full:Revenue,41402,3,0.0,0.0,0,149808
1038572,BRAZILIAN DISTRIBUTION CO COMPANHIA BRASILEIRA DE DISTR CBD,Brazil,5411,Retail-Grocery Stores,20-F,delisted_in_window,2022,17321000000,13019000000,43839000000,6844000000,,,,,BRL,ifrs-full:Revenue,37325,2,0.0,0.0,0,180348
1038572,BRAZILIAN DISTRIBUTION CO COMPANHIA BRASILEIRA DE DISTR CBD,Brazil,5411,Retail-Grocery Stores,20-F,delisted_in_window,2023,19250000000,14433000000,22050000000,6577000000,,,,,BRL,ifrs-full:Revenue,39990,1,0.1459,0.1459,2,137125
1041792,ENERGY CO OF PARANA,Brazil,4911,Electric Services,20-F,active,2017,14024573000,,33162377000,9829450000,6452824000,,,33162377000,BRL,ifrs-full:Revenue,,,,,,
1041792,ENERGY CO OF PARANA,Brazil,4911,Electric Services,20-F,active,2018,14934780000,,35930100000,10840663000,6029097000,,,,BRL,ifrs-full:Revenue,,,,,,
1041792,ENERGY CO OF PARANA,Brazil,4911,Electric Services,20-F,active,2019,16244274000,,38312550000,10592103000,6332611000,,,,BRL,ifrs-full:Revenue,7266,4,0.0,0.0,0,161592
1041792,ENERGY CO OF PARANA,Brazil,4911,Electric Services,20-F,active,2020,18633249000,,46784664000,9495460000,6929456000,,,,BRL,ifrs-full:Revenue,6667,5,0.0,0.0,0,168098
1041792,ENERGY CO OF PARANA,Brazil,4911,Electric Services,20-F,active,2021,20976216000,,49537535000,10142591000,9215560000,,,,BRL,ifrs-full:Revenue,6538,4,0.0,0.0,0,187630
1041792,ENERGY CO OF PARANA,Brazil,4911,Electric Services,20-F,active,2022,20535341000,,49703700000,10069468000,10277727000,204057000,,,BRL,ifrs-full:Revenue,6029,4,0.0,0.0,0,191207
1041792,ENERGY CO OF PARANA,Brazil,4911,Electric Services,20-F,active,2023,21479468000,,55819074000,10825421000,11170089000,,,,BRL,ifrs-full:Revenue,5954,4,0.1031,0.1031,2,193935
1041792,ENERGY CO OF PARANA,Brazil,4911,Electric Services,20-F,active,2024,22651036000,,57384156000,8516697000,16623610000,,,,BRL,ifrs-full:Revenue,4389,2,0.1651,0.1651,3,181677
1041792,ENERGY CO OF PARANA,Brazil,4911,Electric Services,20-F,active,2025,,,,,,,,,,,4276,1,0.2887,0.2887,5,173215
1044896,Industrias Bachoco S.A.B. de C.V.,Mexico,2015,Poultry Slaughtering and Processing,20-F,delisted_in_window,2017,58050025000,47502959000,50557389000,17320041000,1040042000,1631094000,,14879461000,MXN,ifrs-full:Revenue,,0,0.0,0.0,0,79041
1044896,Industrias Bachoco S.A.B. de C.V.,Mexico,2015,Poultry Slaughtering and Processing,20-F,delisted_in_window,2018,61052092000,51422376000,52865594000,18018176000,949355000,1631771000,,14699889000,MXN,ifrs-full:Revenue,,0,0.0,0.0,0,78590
1044896,Industrias Bachoco S.A.B. de C.V.,Mexico,2015,Poultry Slaughtering and Processing,20-F,delisted_in_window,2019,61655245000,51557351000,55702491000,18556646000,772640000,1578994000,,15442156000,MXN,ifrs-full:Revenue,,0,0.0,0.0,0,78900
1044896,Industrias Bachoco S.A.B. de C.V.,Mexico,2015,Poultry Slaughtering and Processing,20-F,delisted_in_window,2020,68792002000,57707566000,58475000000,19733822000,753224000,1650716000,,14548192000,MXN,ifrs-full:Revenue,,0,0.0,0.0,0,82190
1044896,Industrias Bachoco S.A.B. de C.V.,Mexico,2015,Poultry Slaughtering and Processing,20-F,delisted_in_window,2021,81699068000,68356654000,65988761000,21763402000,704374000,1688607000,,17704701000,MXN,ifrs-full:Revenue,,0,0.0,0.0,0,99222
1047716,LATAM AIRLINES GROUP S.A.,Chile,4512,"Air Transportation, Scheduled",20-F,active,2017,9613907000,7279358000,,12930652000,1617247000,2672550000,,17717420000,USD,ifrs-full:Revenue,43095,5,0.0,0.0,0,145166
1047716,LATAM AIRLINES GROUP S.A.,Chile,4512,"Air Transportation, Scheduled",20-F,active,2018,9895456000,7773432000,2695220000,12501809000,1441072000,2294072000,,16638121000,USD,ifrs-full:Revenue,41000,3,0.0,0.0,0,149800
1047716,LATAM AIRLINES GROUP S.A.,Chile,4512,"Air Transportation, Scheduled",20-F,active,2019,10070063000,7951269000,2887708000,12919618000,1448241000,2209576000,,17958629000,USD,ifrs-full:Revenue,42000,3,0.0648,0.0648,1,154345
1047716,LATAM AIRLINES GROUP S.A.,Chile,4512,"Air Transportation, Scheduled",20-F,active,2020,3923667000,4513228000,,10730269000,1046559000,,,18092475000,USD,ifrs-full:Revenue,28400,3,0.1199,0.1199,2,166821
1047716,LATAM AIRLINES GROUP S.A.,Chile,4512,"Air Transportation, Scheduled",20-F,active,2021,4884015000,4963485000,,9489867000,1018892000,,,20358436000,USD,ifrs-full:Revenue,29100,5,0.0538,0.0538,1,185910
1047716,LATAM AIRLINES GROUP S.A.,Chile,4512,"Air Transportation, Scheduled",20-F,active,2022,9362521000,8103483000,,8411661000,1080386000,,,13180303000,USD,ifrs-full:Revenue,30877,8,0.0539,0.0539,1,185627
1047716,LATAM AIRLINES GROUP S.A.,Chile,4512,"Air Transportation, Scheduled",20-F,active,2023,11640541000,8816590000,,9091130000,1151986000,,,14229040000,USD,ifrs-full:Revenue,30877,7,0.3242,0.3242,6,185094
1047716,LATAM AIRLINES GROUP S.A.,Chile,4512,"Air Transportation, Scheduled",20-F,active,2024,12833043000,9565899000,,10186697000,1000170000,,,14542036000,USD,ifrs-full:Revenue,34174,4,0.3045,0.3045,6,197030
1047716,LATAM AIRLINES GROUP S.A.,Chile,4512,"Air Transportation, Scheduled",20-F,active,2025,14265056000,10104884000,,11947014000,1129961000,,,16303689000,USD,ifrs-full:Revenue,39877,2,0.3565,0.3565,7,196369
1049659,NATIONAL STEEL CO,Brazil,3310,"Steel Works, Blast Furnaces & Rolling & Finishing Mills",20-F,active,2017,18524601000,13596141000,45209970000,17964839000,,3590931000,,,BRL,ifrs-full:Revenue,25189,2,0.0,0.0,0,173345
1049659,NATIONAL STEEL CO,Brazil,3310,"Steel Works, Blast Furnaces & Rolling & Finishing Mills",20-F,active,2018,22968885000,16105657000,47327524000,18046864000,,3590931000,,,BRL,ifrs-full:Revenue,24857,2,0.0,0.0,0,128411
1049659,NATIONAL STEEL CO,Brazil,3310,"Steel Works, Blast Furnaces & Rolling & Finishing Mills",20-F,active,2019,25436417000,17263264000,50869276000,19700944000,,,,419894000,BRL,ifrs-full:Revenue,24869,2,0.0,0.0,0,131530
1049659,NATIONAL STEEL CO,Brazil,3310,"Steel Works, Blast Furnaces & Rolling & Finishing Mills",20-F,active,2020,30064020000,19124901000,63002149000,21531134000,,,,344488000,BRL,ifrs-full:Revenue,23196,2,0.0,0.0,0,131672
1049659,NATIONAL STEEL CO,Brazil,3310,"Steel Works, Blast Furnaces & Rolling & Finishing Mills",20-F,active,2021,47912039000,25837475000,79379103000,26370445000,,,,,BRL,ifrs-full:Revenue,24660,2,0.0,0.0,0,151968
1049659,NATIONAL STEEL CO,Brazil,3310,"Steel Works, Blast Furnaces & Rolling & Finishing Mills",20-F,active,2022,44362120000,31054016000,85354359000,26370445000,,11415000,,,BRL,ifrs-full:Revenue,26766,1,0.0,0.0,0,152740
1049659,NATIONAL STEEL CO,Brazil,3310,"Steel Works, Blast Furnaces & Rolling & Finishing Mills",20-F,active,2023,45437950000,33475189000,91529720000,27927458000,,,,,BRL,ifrs-full:Revenue,29563,1,0.0,0.0,0,148668
1049659,NATIONAL STEEL CO,Brazil,3310,"Steel Works, Blast Furnaces & Rolling & Finishing Mills",20-F,active,2024,43687460000,31990696000,103906654000,30426023000,,,,,BRL,ifrs-full:Revenue,8341,6,0.0,0.0,0,146706
1049659,NATIONAL STEEL CO,Brazil,3310,"Steel Works, Blast Furnaces & Rolling & Finishing Mills",20-F,active,2025,,,,,,,,,,,8151,6,0.5486,0.5486,9,164052
1061736,MEXICAN ECONOMIC DEVELOPMENT INC,Mexico,2086,Bottled & Canned Soft Drinks & Carbonated Waters,20-F,active,2017,439932000000,277842000000,588541000000,116712000000,,0,,251629000000,MXN,ifrs-full:Revenue,,0,0.0,0.0,0,192293
1061736,MEXICAN ECONOMIC DEVELOPMENT INC,Mexico,2086,Bottled & Canned Soft Drinks & Carbonated Waters,20-F,active,2018,469744000000,294574000000,576381000000,108602000000,,0,,240839000000,MXN,ifrs-full:Revenue,,0,0.0,0.0,0,191645
1061736,MEXICAN ECONOMIC DEVELOPMENT INC,Mexico,2086,Bottled & Canned Soft Drinks & Carbonated Waters,20-F,active,2019,506711000000,315230000000,637541000000,114513000000,,0,,,MXN,ifrs-full:Revenue,2600,1,0.0,0.0,0,182869
1061736,MEXICAN ECONOMIC DEVELOPMENT INC,Mexico,2086,Bottled & Canned Soft Drinks & Carbonated Waters,20-F,active,2020,,303313000000,684848000000,113106000000,,,,,MXN,,,0,0.0486,0.0486,1,205577
1061736,MEXICAN ECONOMIC DEVELOPMENT INC,Mexico,2086,Bottled & Canned Soft Drinks & Carbonated Waters,20-F,active,2021,,299276000000,737500000000,115147000000,,,,,MXN,,,0,0.0878,0.0878,2,227884
1061736,MEXICAN ECONOMIC DEVELOPMENT INC,Mexico,2086,Bottled & Canned Soft Drinks & Carbonated Waters,20-F,active,2022,,355490000000,798815000000,134001000000,,,,,MXN,,,0,0.0969,0.0969,2,206317
1061736,MEXICAN ECONOMIC DEVELOPMENT INC,Mexico,2086,Bottled & Canned Soft Drinks & Carbonated Waters,20-F,active,2023,,423185000000,805856000000,141530000000,,,,,MXN,,86000,2,0.0,0.0,0,177772
1061736,MEXICAN ECONOMIC DEVELOPMENT INC,Mexico,2086,Bottled & Canned Soft Drinks & Carbonated Waters,20-F,active,2024,,460072000000,851536000000,177511000000,,,,,MXN,,93000,2,0.0,0.0,0,182381
1061736,MEXICAN ECONOMIC DEVELOPMENT INC,Mexico,2086,Bottled & Canned Soft Drinks & Carbonated Waters,20-F,active,2025,,,,,,,,,,,90200,1,0.0549,0.0549,1,182130
1066116,TIM PARTICIPACOES SA,Brazil,4813,Telephone Communications (No Radiotelephone),20-F,delisted_in_window,2017,16233959000,8002077000,32600365000,10838488000,,,,14449181000,BRL,ifrs-full:Revenue,9574,3,0.1619,0.1619,2,123505
1066116,TIM PARTICIPACOES SA,Brazil,4813,Telephone Communications (No Radiotelephone),20-F,delisted_in_window,2018,16981329000,7701418000,31957889000,11203622000,,,,12163052000,BRL,ifrs-full:Revenue,9661,2,0.3137,0.3137,4,127503
1066116,TIM PARTICIPACOES SA,Brazil,4813,Telephone Communications (No Radiotelephone),20-F,delisted_in_window,2019,17377194000,7433731000,40348924000,17612164000,,157556000,,17917106000,BRL,ifrs-full:Revenue,9700,2,0.226,0.226,3,132766
1066119,TELEFONICA BRASIL S.A.,Brazil,4813,Telephone Communications (No Radiotelephone),20-F,active,2017,,20272530000,101382835000,33222316000,,,,31921477000,BRL,,33622,6,0.0674,0.0674,1,148348
1066119,TELEFONICA BRASIL S.A.,Brazil,4813,Telephone Communications (No Radiotelephone),20-F,active,2018,,21025767000,102561318000,34115327000,,23062421000,,30954291000,BRL,,33331,6,0.3378,0.3378,5,148019
1066119,TELEFONICA BRASIL S.A.,Brazil,4813,Telephone Communications (No Radiotelephone),20-F,active,2019,,22158947000,108289722000,42847264000,,23059172000,,37834144000,BRL,,32793,6,0.6337,0.6337,9,142027
1066119,TELEFONICA BRASIL S.A.,Brazil,4813,Telephone Communications (No Radiotelephone),20-F,active,2020,,22693083000,108738378000,44352593000,,23026429000,,39181614000,BRL,,32759,6,0.5044,0.5044,8,158604
1066119,TELEFONICA BRASIL S.A.,Brazil,4813,Telephone Communications (No Radiotelephone),20-F,active,2021,,24781369000,115663533000,44408491000,,,,45657337000,BRL,,32793,6,0.5121,0.5121,9,175764
1066119,TELEFONICA BRASIL S.A.,Brazil,4813,Telephone Communications (No Radiotelephone),20-F,active,2022,,27431680000,119121483000,45898185000,,,,50665636000,BRL,,33985,6,0.267,0.267,5,187253
1066119,TELEFONICA BRASIL S.A.,Brazil,4813,Telephone Communications (No Radiotelephone),20-F,active,2023,,29415400000,120737980000,46318147000,,,,51110660000,BRL,,34486,6,0.535,0.535,10,186918
1066119,TELEFONICA BRASIL S.A.,Brazil,4813,Telephone Communications (No Radiotelephone),20-F,active,2024,,31352158000,124940673000,46812381000,,,,55141178000,BRL,,35039,6,0.5941,0.5941,11,185159
1066119,TELEFONICA BRASIL S.A.,Brazil,4813,Telephone Communications (No Radiotelephone),20-F,active,2025,,32925368000,128071708000,47357040000,,,,59068982000,BRL,,35010,2,0.7386,0.7386,14,189560
1071371,BANCOLOMBIA SA,Colombia,6029,"Commercial Banks, NEC",20-F,delisted_in_window,2017,90590000000,,203908211000000,3127405000000,535465000000,6095959000000,105145000000,179478661000000,COP,ifrs-full:RevenueFromContractsWithCustomers,13479,10,0.0,0.0,0,169666
1071371,BANCOLOMBIA SA,Colombia,6029,"Commercial Banks, NEC",20-F,delisted_in_window,2018,3994259000000,,220076482000000,3368647000000,563452000000,6638403000000,78222000000,193421257000000,COP,ifrs-full:RevenueFromContractsWithCustomers,13328,10,0.0,0.0,0,191016
1071371,BANCOLOMBIA SA,Colombia,6029,"Commercial Banks, NEC",20-F,delisted_in_window,2019,4578972000000,,236088113000000,3827865000000,538958000000,6694354000000,85532000000,207282494000000,COP,ifrs-full:RevenueFromContractsWithCustomers,20522,8,0.0,0.0,0,196517
1071371,BANCOLOMBIA SA,Colombia,6029,"Commercial Banks, NEC",20-F,delisted_in_window,2020,4598413000000,,255568505000000,4302304000000,495606000000,7011715000000,,227453292000000,COP,ifrs-full:RevenueFromContractsWithCustomers,12508,9,0.0443,0.0443,1,225964
1071371,BANCOLOMBIA SA,Colombia,6029,"Commercial Banks, NEC",20-F,delisted_in_window,2021,,,289855048000000,5100652000000,485626000000,8143146000000,,255929590000000,COP,,20406,5,0.0,0.0,0,268277
1071371,BANCOLOMBIA SA,Colombia,6029,"Commercial Banks, NEC",20-F,delisted_in_window,2022,,,352814733000000,6727066000000,602531000000,9836661000000,,312817182000000,COP,,33140,5,0.0,0.0376,1,266202
1071371,BANCOLOMBIA SA,Colombia,6029,"Commercial Banks, NEC",20-F,delisted_in_window,2023,,,342928809000000,6522534000000,671572000000,7818125000000,,303879080000000,COP,,14400,6,0.1104,0.1472,4,271749
1071371,BANCOLOMBIA SA,Colombia,6029,"Commercial Banks, NEC",20-F,delisted_in_window,2024,,,372215382000000,5906064000000,750484000000,9017419000000,,327631107000000,COP,,34114,4,0.4173,0.459,11,239628
1071438,BRASKEM SA,Brazil,2860,Industrial Organic Chemicals,20-F,active,2017,49260594000,36177408000,52731844000,29761610000,2727497000,,167456000,,BRL,ifrs-full:Revenue,,,,,,
1071438,BRASKEM SA,Brazil,2860,Industrial Organic Chemicals,20-F,active,2018,57999866000,46576657000,58807533000,31759890000,2740982000,,219256000,,BRL,ifrs-full:Revenue,,,,,,
1071438,BRASKEM SA,Brazil,2860,Industrial Organic Chemicals,20-F,active,2019,52323525000,45879118000,68129037000,32315181000,2762088000,,247730000,,BRL,ifrs-full:Revenue,339,4,0.0,0.0,0,188540
1071438,BRASKEM SA,Brazil,2860,Industrial Organic Chemicals,20-F,active,2020,58543494000,47331414000,86083919000,35929149000,2828691000,,250648000,,BRL,ifrs-full:Revenue,362,3,0.0,0.0,0,201945
1071438,BRASKEM SA,Brazil,2860,Industrial Organic Chemicals,20-F,active,2021,105625000000,73568000000,92564368000,37223000000,2877299000,,297000000,4192302000,BRL,ifrs-full:Revenue,303,5,0.0,0.0,0,216388
1071438,BRASKEM SA,Brazil,2860,Industrial Organic Chemicals,20-F,active,2022,96519000000,85161000000,88049000000,37763000000,,,374000000,3012580000,BRL,ifrs-full:Revenue,360,3,0.0,0.0,0,210929
1071438,BRASKEM SA,Brazil,2860,Industrial Organic Chemicals,20-F,active,2023,70569000000,67548000000,91741000000,38405000000,,,383000000,,BRL,ifrs-full:Revenue,366,3,0.0,0.0,0,200805
1071438,BRASKEM SA,Brazil,2860,Industrial Organic Chemicals,20-F,active,2024,77411000000,71414000000,101575000000,40417000000,,,463000000,,BRL,ifrs-full:Revenue,370,3,0.0,0.0,0,195219
1071438,BRASKEM SA,Brazil,2860,Industrial Organic Chemicals,20-F,active,2025,,,,,,,,,,,352,3,0.0,0.0,0,207546
1073404,GERDAU S.A.,Brazil,3310,"Steel Works, Blast Furnaces & Rolling & Finishing Mills",20-F,active,2017,36917619000,33312995000,50301761000,16443742000,972089000,7891142000,,26407820000,BRL,ifrs-full:Revenue,798,1,0.0,0.0,0,126827
1073404,GERDAU S.A.,Brazil,3310,"Steel Works, Blast Furnaces & Rolling & Finishing Mills",20-F,active,2018,46159478000,40010100000,51281029000,15546481000,836096000,9112390000,,25342458000,BRL,ifrs-full:Revenue,6301,1,0.0,0.0,0,122117
1073404,GERDAU S.A.,Brazil,3310,"Steel Works, Blast Furnaces & Rolling & Finishing Mills",20-F,active,2019,39644010000,35440726000,54002970000,15901493000,673262000,9469311000,,26829843000,BRL,ifrs-full:Revenue,6187,1,0.0,0.0,0,119743
1073404,GERDAU S.A.,Brazil,3310,"Steel Works, Blast Furnaces & Rolling & Finishing Mills",20-F,active,2020,43814661000,37884102000,63123009000,17252915000,622578000,12103519000,,32037799000,BRL,ifrs-full:Revenue,5727,1,0.0,0.0,0,120759
1073404,GERDAU S.A.,Brazil,3310,"Steel Works, Blast Furnaces & Rolling & Finishing Mills",20-F,active,2021,78345081000,57527721000,73814613000,18741786000,509760000,12427527000,,,BRL,ifrs-full:Revenue,5929,1,0.0,0.0,0,128186
1073404,GERDAU S.A.,Brazil,3310,"Steel Works, Blast Furnaces & Rolling & Finishing Mills",20-F,active,2022,82412210000,63661156000,73798652000,20422734000,415159000,11634464000,,,BRL,ifrs-full:Revenue,6222,1,0.0764,0.0764,1,130960
1073404,GERDAU S.A.,Brazil,3310,"Steel Works, Blast Furnaces & Rolling & Finishing Mills",20-F,active,2023,68916447000,57583992000,74885144000,22880530000,373710000,10825148000,,,BRL,ifrs-full:Revenue,6301,2,0.0,0.0,0,135134
1073404,GERDAU S.A.,Brazil,3310,"Steel Works, Blast Furnaces & Rolling & Finishing Mills",20-F,active,2024,67026656000,57823416000,86814493000,29591314000,400567000,13853114000,,,BRL,ifrs-full:Revenue,6477,2,0.0,0.0,0,139495
1073404,GERDAU S.A.,Brazil,3310,"Steel Works, Blast Furnaces & Rolling & Finishing Mills",20-F,active,2025,69858532000,61891039000,81688175000,30640833000,691365000,11995727000,,,BRL,ifrs-full:Revenue,6614,1,0.0,0.0,0,141433
1076378,CEMEX SAB DE CV,Mexico,3241,"Cement, Hydraulic",20-F,active,2017,12926000000,8365000000,29884000000,11588000000,2006000000,9948000000,,19286000000,USD,ifrs-full:Revenue,40878,7,0.0,0.0,0,228560
1076378,CEMEX SAB DE CV,Mexico,3241,"Cement, Hydraulic",20-F,active,2018,13531000000,8849000000,29181000000,11232000000,2024000000,9912000000,,18128000000,USD,ifrs-full:Revenue,42024,3,0.0,0.0,0,233947
1076378,CEMEX SAB DE CV,Mexico,3241,"Cement, Hydraulic",20-F,active,2019,12959000000,8714000000,29363000000,10565000000,2028000000,9562000000,,18539000000,USD,ifrs-full:Revenue,40640,2,0.0,0.0,0,243515
1076378,CEMEX SAB DE CV,Mexico,3241,"Cement, Hydraulic",20-F,active,2020,12669000000,8586000000,27425000000,10170000000,1746000000,8506000000,,18473000000,USD,ifrs-full:Revenue,41663,3,0.0,0.0411,1,243209
1076378,CEMEX SAB DE CV,Mexico,3241,"Cement, Hydraulic",20-F,active,2021,14379000000,9743000000,26650000000,10202000000,1779000000,41000000,,16379000000,USD,ifrs-full:Revenue,46210,3,0.1196,0.1196,3,250747
1076378,CEMEX SAB DE CV,Mexico,3241,"Cement, Hydraulic",20-F,active,2022,14706000000,10221000000,26447000000,10156000000,1755000000,7538000000,,15538000000,USD,ifrs-full:Revenue,4400,5,0.2395,0.2395,6,250568
1076378,CEMEX SAB DE CV,Mexico,3241,"Cement, Hydraulic",20-F,active,2023,16554000000,10979000000,28433000000,11272000000,1856000000,7674000000,,16317000000,USD,ifrs-full:Revenue,46497,4,0.7313,0.7313,19,259824
1076378,CEMEX SAB DE CV,Mexico,3241,"Cement, Hydraulic",20-F,active,2024,16200000000,10761000000,27299000000,10152000000,1920000000,7441000000,,14822000000,USD,ifrs-full:Revenue,45649,4,0.9049,0.9049,24,265233
1076378,CEMEX SAB DE CV,Mexico,3241,"Cement, Hydraulic",20-F,active,2025,,,,,,,,,,,39886,3,1.2739,1.2739,29,227646
1094972,ULTRAPAR HOLDINGS INC,Brazil,4924,Natural Gas Distribution,20-F,active,2017,79230014000,72431473000,28284346000,6637826000,2238042000,,55836000,,BRL,ifrs-full:Revenue,16448,2,0.0,0.0,0,166435
1094972,ULTRAPAR HOLDINGS INC,Brazil,4924,Natural Gas Distribution,20-F,active,2018,90697983000,84537368000,30499395000,7278865000,2369355000,,63085000,,BRL,ifrs-full:Revenue,17034,4,0.0,0.0,0,176611
1094972,ULTRAPAR HOLDINGS INC,Brazil,4924,Natural Gas Distribution,20-F,active,2019,83004729000,78208786000,31195472000,7572762000,1762593000,,61589000,,BRL,ifrs-full:Revenue,16024,4,0.0,0.0,0,180848
1094972,ULTRAPAR HOLDINGS INC,Brazil,4924,Natural Gas Distribution,20-F,active,2020,74058056000,70056447000,36250162000,8005860000,1782655000,,63746000,,BRL,ifrs-full:Revenue,946,1,0.0546,0.0546,1,183069
1094972,ULTRAPAR HOLDINGS INC,Brazil,4924,Natural Gas Distribution,20-F,active,2021,109732842000,104827966000,39010357000,5534591000,,,,,BRL,ifrs-full:Revenue,16442,1,0.0533,0.0533,1,187768
1094972,ULTRAPAR HOLDINGS INC,Brazil,4924,Natural Gas Distribution,20-F,active,2022,143634708000,136276257000,36441003000,5862413000,,,,,BRL,ifrs-full:Revenue,9778,2,0.1192,0.1192,2,167750
1094972,ULTRAPAR HOLDINGS INC,Brazil,4924,Natural Gas Distribution,20-F,active,2023,126048701000,116730469000,38251974000,6387581000,,,,,BRL,ifrs-full:Revenue,729,1,0.1184,0.1184,2,168965
1094972,ULTRAPAR HOLDINGS INC,Brazil,4924,Natural Gas Distribution,20-F,active,2024,133498913000,123811893000,39558074000,7135966000,,,,,BRL,ifrs-full:Revenue,558,1,0.1948,0.1948,3,153993
1094972,ULTRAPAR HOLDINGS INC,Brazil,4924,Natural Gas Distribution,20-F,active,2025,,,,,,,,,,,11302,2,0.2474,0.2474,4,161690
1099590,MERCADOLIBRE INC,Argentina,7389,"Services-Business Services, NEC",10-K,active,2017,1216542000,496942000,1673187000,114837000,23174000,92279000,127160000,1347408000,USD,us-gaap:RevenueFromContractWithCustomerExcludingAssessedTax,,0,0.0,0.0,0,89295
1099590,MERCADOLIBRE INC,Argentina,7389,"Services-Business Services, NEC",10-K,active,2018,1439653000,742645000,2239519000,165614000,18581000,88883000,146273000,1902819000,USD,us-gaap:RevenueFromContractWithCustomerExcludingAssessedTax,2409,1,0.3643,0.3643,3,82356
1099590,MERCADOLIBRE INC,Argentina,7389,"Services-Business Services, NEC",10-K,active,2019,2296314000,,4781691000,244257000,14275000,87609000,223807000,2699728000,USD,us-gaap:RevenueFromContractWithCustomerExcludingAssessedTax,3492,1,0.5259,0.5259,4,76064
1099590,MERCADOLIBRE INC,Argentina,7389,"Services-Business Services, NEC",10-K,active,2020,3974000000,,6526332000,391684000,14155000,85000000,353000000,4874754000,USD,us-gaap:RevenueFromContractWithCustomerExcludingAssessedTax,5201,1,0.7233,0.7233,6,82950
1099590,MERCADOLIBRE INC,Argentina,7389,"Services-Business Services, NEC",10-K,active,2021,5710000000,,10101000000,807000000,45000000,148000000,590000000,8570000000,USD,us-gaap:RevenueFromContractWithCustomerExcludingAssessedTax,9471,1,1.1489,1.1489,10,87037
1099590,MERCADOLIBRE INC,Argentina,7389,"Services-Business Services, NEC",10-K,active,2022,7450000000,,13736000000,993000000,25000000,153000000,1099000000,11909000000,USD,us-gaap:RevenueFromContractWithCustomerExcludingAssessedTax,40548,2,0.7124,0.7124,7,98253
1099590,MERCADOLIBRE INC,Argentina,7389,"Services-Business Services, NEC",10-K,active,2023,10487000000,,17612000000,1250000000,11000000,163000000,1831000000,14541000000,USD,us-gaap:RevenueFromContractWithCustomerExcludingAssessedTax,15638,1,1.2091,1.2091,12,99246
1099590,MERCADOLIBRE INC,Argentina,7389,"Services-Business Services, NEC",10-K,active,2024,15137000000,,25196000000,1380000000,12000000,149000000,1934000000,20845000000,USD,us-gaap:RevenueFromContractWithCustomerExcludingAssessedTax,60000,2,1.9025,1.9025,20,105126
1099590,MERCADOLIBRE INC,Argentina,7389,"Services-Business Services, NEC",10-K,active,2025,20335000000,,42667000000,2303000000,33000000,163000000,2269000000,35919000000,USD,us-gaap:RevenueFromContractWithCustomerExcludingAssessedTax,81000,2,2.2868,2.2868,23,100576
1110649,Fibria Celulose S.A.,Brazil,2621,Paper Mills,20-F,delisted_in_window,2017,11739153000,8248416000,38693331000,15101738000,,4230450000,,24043402000,BRL,ifrs-full:Revenue,,0,0.0,0.0,0,128608
1114700,GRUPO FINANCIERO GALICIA SA,Argentina,6029,"Commercial Banks, NEC",20-F,active,2017,,,,,,,,,,,4575,19,0.0,0.0,0,188113
1114700,GRUPO FINANCIERO GALICIA SA,Argentina,6029,"Commercial Banks, NEC",20-F,active,2018,,,876370731000,29785930000,7056518000,,,781228951000,ARS,,1000,2,0.0,0.0,0,169178
1114700,GRUPO FINANCIERO GALICIA SA,Argentina,6029,"Commercial Banks, NEC",20-F,active,2019,,,933269606000,44877360000,11834308000,,,774209789000,ARS,,1000,1,0.0,0.0,0,180440
1114700,GRUPO FINANCIERO GALICIA SA,Argentina,6029,"Commercial Banks, NEC",20-F,active,2020,,,1592855622000,66008914000,21839477000,,,1317638103000,ARS,,1000,2,0.0,0.0,0,185491
1114700,GRUPO FINANCIERO GALICIA SA,Argentina,6029,"Commercial Banks, NEC",20-F,active,2021,,,3268713477000,121153619000,41357399000,,,2675628185000,ARS,,1000,1,0.0,0.0,0,205430
1114700,GRUPO FINANCIERO GALICIA SA,Argentina,6029,"Commercial Banks, NEC",20-F,active,2022,,,10488176207000,360675413000,119932486000,,,8592294336000,ARS,,,0,0.0,0.0,0,215453
1114700,GRUPO FINANCIERO GALICIA SA,Argentina,6029,"Commercial Banks, NEC",20-F,active,2023,,,22246858046000,773625233000,269188109000,,,17854034339000,ARS,,,0,0.0877,0.0877,2,227972
1114700,GRUPO FINANCIERO GALICIA SA,Argentina,6029,"Commercial Banks, NEC",20-F,active,2024,,,32517979372000,995520817000,304486250000,,,26454235292000,ARS,,2843,1,0.077,0.077,2,259735
1114700,GRUPO FINANCIERO GALICIA SA,Argentina,6029,"Commercial Banks, NEC",20-F,active,2025,,,,,,,,,,,2843,1,0.5623,0.5623,15,266775
1119639,PETROBRAS - PETROLEO BRASILEIRO SA,Brazil,1311,Crude Petroleum & Natural Gas,20-F,active,2017,77884000000,51198000000,251366000000,176650000000,,,572000000,169864000000,USD,ifrs-full:Revenue,,,,,,
1119639,PETROBRAS - PETROLEO BRASILEIRO SA,Brazil,1311,Crude Petroleum & Natural Gas,20-F,active,2018,84638000000,52184000000,222068000000,157383000000,,,641000000,148893000000,USD,ifrs-full:Revenue,,,,,,
1119639,PETROBRAS - PETROLEO BRASILEIRO SA,Brazil,1311,Crude Petroleum & Natural Gas,20-F,active,2019,76589000000,45732000000,229740000000,159265000000,,,-576000000,155525000000,USD,ifrs-full:Revenue,,,,,,
1119639,PETROBRAS - PETROLEO BRASILEIRO SA,Brazil,1311,Crude Petroleum & Natural Gas,20-F,active,2020,53683000000,29195000000,190010000000,124201000000,,,355000000,130134000000,USD,ifrs-full:Revenue,,,,,,
1119639,PETROBRAS - PETROLEO BRASILEIRO SA,Brazil,1311,Crude Petroleum & Natural Gas,20-F,active,2021,83966000000,43164000000,174348000000,125330000000,,,563000000,104536000000,USD,ifrs-full:Revenue,,,,,,
1119639,PETROBRAS - PETROLEO BRASILEIRO SA,Brazil,1311,Crude Petroleum & Natural Gas,20-F,active,2022,124474000000,59486000000,187191000000,130169000000,,,792000000,117355000000,USD,ifrs-full:Revenue,1053,4,0.0,0.3594,8,222563
1119639,PETROBRAS - PETROLEO BRASILEIRO SA,Brazil,1311,Crude Petroleum & Natural Gas,20-F,active,2023,102409000000,48435000000,217067000000,153424000000,,,726000000,138092000000,USD,ifrs-full:Revenue,1076,4,0.0,0.14,3,214253
1119639,PETROBRAS - PETROLEO BRASILEIRO SA,Brazil,1311,Crude Petroleum & Natural Gas,20-F,active,2024,91416000000,45444000000,181645000000,136285000000,,,789000000,122295000000,USD,ifrs-full:Revenue,1097,3,0.0944,0.0944,2,211918
1119639,PETROBRAS - PETROLEO BRASILEIRO SA,Brazil,1311,Crude Petroleum & Natural Gas,20-F,active,2025,,,,,,,,,,,1234,2,0.0,0.1977,4,202373
1122491,BRF S.A.,Brazil,2011,Meat Packing Plants,20-F,delisted_in_window,2017,28314160000,22601215000,45228500000,12190583000,663184000,,52000000,18641300000,BRL,ifrs-full:Revenue,108234,4,0.0,0.0,0,155592
1122491,BRF S.A.,Brazil,2011,Meat Packing Plants,20-F,delisted_in_window,2018,30188421000,25320753000,42382377000,10696998000,-206334000,,53500000,20361960000,BRL,ifrs-full:Revenue,105000,3,0.0,0.0,0,151532
1122491,BRF S.A.,Brazil,2011,Meat Packing Plants,20-F,delisted_in_window,2019,33446980000,25490912000,41770139000,12276889000,2748337000,,,20228277000,BRL,ifrs-full:Revenue,93000,3,0.0,0.0,0,151484
1122491,BRF S.A.,Brazil,2011,Meat Packing Plants,20-F,delisted_in_window,2020,39469700000,30505478000,49664906000,12215580000,3051229000,2935577000,,25411044000,BRL,ifrs-full:Revenue,100000,3,0.0,0.0,0,159536
1122491,BRF S.A.,Brazil,2011,Meat Packing Plants,20-F,delisted_in_window,2021,48343305000,38650772000,55903387000,13040862000,,3425183000,,25852475000,BRL,ifrs-full:Revenue,100000,5,0.0516,0.0516,1,193739
1122491,BRF S.A.,Brazil,2011,Meat Packing Plants,20-F,delisted_in_window,2022,53805028000,45672376000,57854447000,14290884000,,3474103000,,,BRL,ifrs-full:Revenue,100000,5,0.0,0.0,0,185498
1122491,BRF S.A.,Brazil,2011,Meat Packing Plants,20-F,delisted_in_window,2023,53615440000,44781739000,57272090000,14608914000,,3390938000,48041000,,BRL,ifrs-full:Revenue,100000,4,0.0568,0.0568,1,175909
1122491,BRF S.A.,Brazil,2011,Meat Packing Plants,20-F,delisted_in_window,2024,61379038000,45543222000,62675076000,15068229000,,3771262000,66068000,,BRL,ifrs-full:Revenue,100000,4,0.1131,0.1131,2,176899
1123452,SOUTHEAST AIRPORT GROUP,Mexico,4581,"Airports, Flying Fields & Airport Terminal Services",20-F,active,2017,12589818000,,56614103000,473238000,,2362124000,,22925802000,MXN,ifrs-full:Revenue,1494,1,0.0,0.0,0,144059
1123452,SOUTHEAST AIRPORT GROUP,Mexico,4581,"Airports, Flying Fields & Airport Terminal Services",20-F,active,2018,15410241000,,,558480000,,2362124000,,,MXN,ifrs-full:Revenue,,0,0.0,0.0,0,145608
1123452,SOUTHEAST AIRPORT GROUP,Mexico,4581,"Airports, Flying Fields & Airport Terminal Services",20-F,active,2019,16821638000,,,520623000,,2567365000,,,MXN,ifrs-full:Revenue,,0,0.0,0.0,0,147281
1123452,SOUTHEAST AIRPORT GROUP,Mexico,4581,"Airports, Flying Fields & Airport Terminal Services",20-F,active,2020,12624731000,,,504385000,,2567365000,,,MXN,ifrs-full:Revenue,,0,0.0,0.0,0,154824
1123452,SOUTHEAST AIRPORT GROUP,Mexico,4581,"Airports, Flying Fields & Airport Terminal Services",20-F,active,2021,18784661000,,,184590000,,2603242000,,,MXN,ifrs-full:Revenue,,0,0.0,0.0,0,163801
1123452,SOUTHEAST AIRPORT GROUP,Mexico,4581,"Airports, Flying Fields & Airport Terminal Services",20-F,active,2022,25313882000,,,171004000,,2469378000,,,MXN,ifrs-full:Revenue,,0,0.0,0.0,0,165950
1123452,SOUTHEAST AIRPORT GROUP,Mexico,4581,"Airports, Flying Fields & Airport Terminal Services",20-F,active,2023,25821644000,,,184016000,,2149185000,,,MXN,ifrs-full:Revenue,,0,0.0,0.0,0,169264
1123452,SOUTHEAST AIRPORT GROUP,Mexico,4581,"Airports, Flying Fields & Airport Terminal Services",20-F,active,2024,31332787000,,,268450000,,2623663000,,,MXN,ifrs-full:Revenue,,0,0.0,0.0,0,170030
1123452,SOUTHEAST AIRPORT GROUP,Mexico,4581,"Airports, Flying Fields & Airport Terminal Services",20-F,active,2025,,,,,,,,,,,,0,0.0,0.0,0,188238
1128173,IRSA PROPIEDADES COMERCIALES S.A.,Argentina,6512,Opeators of  Nonresidential Buildings,20-F,delisted_in_window,2017,10894651000,,106206871000,314659000,469857000,192088000,,46755303000,ARS;USD,ifrs-full:Revenue,947,2,0.0,0.0,0,217868
1128173,IRSA PROPIEDADES COMERCIALES S.A.,Argentina,6512,Opeators of  Nonresidential Buildings,20-F,delisted_in_window,2018,21833000000,,173881000000,712000000,405770000,136000000,,40385939000,ARS,ifrs-full:Revenue,928,2,0.0,0.0,0,207947
1128173,IRSA PROPIEDADES COMERCIALES S.A.,Argentina,6512,Opeators of  Nonresidential Buildings,20-F,delisted_in_window,2019,17532000000,,217042000000,528000000,1528000000,136000000,,103529000000,ARS,ifrs-full:Revenue,865,2,0.0,0.0,0,205687
1128173,IRSA PROPIEDADES COMERCIALES S.A.,Argentina,6512,Opeators of  Nonresidential Buildings,20-F,delisted_in_window,2020,11003000000,,177404000000,1373000000,1474000000,136000000,,99391000000,ARS,ifrs-full:Revenue,784,2,0.0,0.0,0,203975
1128173,IRSA PROPIEDADES COMERCIALES S.A.,Argentina,6512,Opeators of  Nonresidential Buildings,20-F,delisted_in_window,2021,,,,,,,,,,,590,2,0.1761,0.1761,3,170338
1129137,AMERICA MOVIL SAB DE CV/,Mexico,4813,Telephone Communications (No Radiotelephone),20-F,active,2017,1021633535000,496335746000,1486211852000,676343198000,143539626000,151463232000,,1225578335000,MXN,ifrs-full:Revenue,57400,1,0.0,0.0,0,104722
1129137,AMERICA MOVIL SAB DE CV/,Mexico,4813,Telephone Communications (No Radiotelephone),20-F,active,2018,1038207681000,508822430000,1429223392000,640000720000,122137703000,145566497000,,1183350970000,MXN,ifrs-full:Revenue,120000,1,0.0,0.0,0,99694
1129137,AMERICA MOVIL SAB DE CV/,Mexico,4813,Telephone Communications (No Radiotelephone),20-F,active,2019,851483476000,348776249000,1531933657000,639343370000,125169389000,152899801000,,1305026792000,MXN,ifrs-full:Revenue,113000,1,0.0,0.0,0,95028
1129137,AMERICA MOVIL SAB DE CV/,Mexico,4813,Telephone Communications (No Radiotelephone),20-F,active,2020,815399087000,323468972000,1625048227000,722929631000,133456967000,143052859000,,1309930609000,MXN,ifrs-full:Revenue,,0,0.0,0.0,0,86493
1129137,AMERICA MOVIL SAB DE CV/,Mexico,4813,Telephone Communications (No Radiotelephone),20-F,active,2021,830687452000,328510002000,1689649849000,731196679000,143225764000,136578194000,,1235608123000,MXN,ifrs-full:Revenue,,0,0.0,0.0,0,102395
1129137,AMERICA MOVIL SAB DE CV/,Mexico,4813,Telephone Communications (No Radiotelephone),20-F,active,2022,844501397000,330532450000,1618099344000,657226210000,128893422000,141121365000,,1180270071000,MXN,ifrs-full:Revenue,,0,0.0,0.0,0,108925
1129137,AMERICA MOVIL SAB DE CV/,Mexico,4813,Telephone Communications (No Radiotelephone),20-F,active,2023,816012844000,316476140000,1564185960000,628650904000,121498519000,146078897000,,1142483578000,MXN,ifrs-full:Revenue,,0,0.0874,0.0874,1,114445
1129137,AMERICA MOVIL SAB DE CV/,Mexico,4813,Telephone Communications (No Radiotelephone),20-F,active,2024,869220584000,331177822000,1793920957000,713784429000,141736581000,156836369000,,1361736636000,MXN,ifrs-full:Revenue,,0,0.0,0.3246,4,123247
1129137,AMERICA MOVIL SAB DE CV/,Mexico,4813,Telephone Communications (No Radiotelephone),20-F,active,2025,,,,,,,,,,,,0,0.0824,0.3298,4,121299
1132597,Itau Unibanco Holding S.A.,Brazil,6022,State Commercial Banks,20-F,active,2017,111523000000,,1436239000000,7359000000,8667000000,10716000000,,1291883000000,BRL,ifrs-full:Revenue,,,,,,
1132597,Itau Unibanco Holding S.A.,Brazil,6022,State Commercial Banks,20-F,active,2018,104200000000,,1552797000000,7302000000,,,,1402331000000,BRL,ifrs-full:Revenue,,,,,,
1132597,Itau Unibanco Holding S.A.,Brazil,6022,State Commercial Banks,20-F,active,2019,117079000000,,1637481000000,7166000000,,,,1488016000000,BRL,ifrs-full:Revenue,94881,1,0.0,0.0,0,204851
1132597,Itau Unibanco Holding S.A.,Brazil,6022,State Commercial Banks,20-F,active,2020,100199000000,,2019251000000,6937000000,,,,1864726000000,BRL,ifrs-full:Revenue,96540,1,0.0,0.0,0,208678
1132597,Itau Unibanco Holding S.A.,Brazil,6022,State Commercial Banks,20-F,active,2021,126374000000,,2069206000000,6963000000,,,,1904730000000,BRL,ifrs-full:Revenue,99598,4,0.0814,0.0814,2,245742
1132597,Itau Unibanco Holding S.A.,Brazil,6022,State Commercial Banks,20-F,active,2022,142279000000,,2321066000000,7767000000,,,,2143959000000,BRL,ifrs-full:Revenue,101094,3,0.4664,0.4664,11,235870
1132597,Itau Unibanco Holding S.A.,Brazil,6022,State Commercial Banks,20-F,active,2023,154971000000,,2543100000000,9135000000,,,,2344050000000,BRL,ifrs-full:Revenue,95702,3,0.2602,0.2602,6,230611
1132597,Itau Unibanco Holding S.A.,Brazil,6022,State Commercial Banks,20-F,active,2024,168050000000,,2854475000000,9193000000,,,,2633191000000,BRL,ifrs-full:Revenue,96219,3,0.3912,0.3912,9,230033
1132597,Itau Unibanco Holding S.A.,Brazil,6022,State Commercial Banks,20-F,active,2025,,,,,,,,,,,92470,3,0.2724,0.4994,11,220262
1157557,ENERGY CO OF MINAS GERAIS,Brazil,4911,Electric Services,20-F,active,2017,21712000000,17488000000,,2762000000,11156000000,,,,BRL,ifrs-full:Revenue,1189,7,0.0,0.0,0,201770
1157557,ENERGY CO OF MINAS GERAIS,Brazil,4911,Electric Services,20-F,active,2018,22266000000,17677000000,59855000000,2662000000,10777000000,,225000000,43916000000,BRL,ifrs-full:Revenue,578,11,0.0,0.0,0,210128
1157557,ENERGY CO OF MINAS GERAIS,Brazil,4911,Electric Services,20-F,active,2019,25486000000,19598000000,50526000000,2450000000,11624000000,,199000000,-34423000000,BRL,ifrs-full:Revenue,5596,6,0.0,0.0,0,201542
1157557,ENERGY CO OF MINAS GERAIS,Brazil,4911,Electric Services,20-F,active,2020,25228000000,19845000000,54083000000,2407000000,11810000000,,225000000,36605000000,BRL,ifrs-full:Revenue,5254,5,0.0,0.0,0,209120
1157557,ENERGY CO OF MINAS GERAIS,Brazil,4911,Electric Services,20-F,active,2021,33646000000,26923000000,52046000000,2419000000,12953000000,,,32584000000,BRL,ifrs-full:Revenue,5254,4,0.0443,0.0443,1,225509
1157557,ENERGY CO OF MINAS GERAIS,Brazil,4911,Electric Services,20-F,active,2022,34463000000,27651000000,53671000000,2411000000,14621000000,,6000000,31887000000,BRL,ifrs-full:Revenue,4969,5,0.1974,0.1974,4,202678
1157557,ENERGY CO OF MINAS GERAIS,Brazil,4911,Electric Services,20-F,active,2023,36850000000,28466000000,55000000000,3256000000,15249000000,6000000,6000000,30344000000,BRL,ifrs-full:Revenue,4969,3,0.1018,0.1018,2,196556
1157557,ENERGY CO OF MINAS GERAIS,Brazil,4911,Electric Services,20-F,active,2024,39820000000,31664000000,59726000000,3715000000,16806000000,,3000000,32344000000,BRL,ifrs-full:Revenue,5028,2,0.1464,0.1464,3,204858
1157557,ENERGY CO OF MINAS GERAIS,Brazil,4911,Electric Services,20-F,active,2025,,,,,,,,,,,5320,2,0.6055,0.6055,12,198170
1160330,BANK BRADESCO,Brazil,6022,State Commercial Banks,20-F,active,2017,,,1224353440000,8432475000,16179307000,,,1106659736000,BRL,,92861,10,0.2522,0.2522,5,198228
1160330,BANK BRADESCO,Brazil,6022,State Commercial Banks,20-F,active,2018,,,1305543714000,14659222000,16128548000,,,1180867594000,BRL,,98605,5,0.1944,0.1944,4,205757
1160330,BANK BRADESCO,Brazil,6022,State Commercial Banks,20-F,active,2019,,,1378527685000,14071129000,14724647000,,,1242984111000,BRL,,97329,5,0.1914,0.1914,4,209033
1160330,BANK BRADESCO,Brazil,6022,State Commercial Banks,20-F,active,2020,,,1604653790000,14071129000,14669464000,,,1458536416000,BRL,,89575,3,0.1789,0.1789,4,223632
1160330,BANK BRADESCO,Brazil,6022,State Commercial Banks,20-F,active,2021,,,1675572193000,13513105000,14911007000,,,1525343486000,BRL,,87274,3,0.2186,0.2186,5,228745
1160330,BANK BRADESCO,Brazil,6022,State Commercial Banks,20-F,active,2022,,,1792288792000,11971122000,18799813000,,,1632277955000,BRL,,88381,2,0.634,0.634,14,220836
1160330,BANK BRADESCO,Brazil,6022,State Commercial Banks,20-F,active,2023,,,1927523249000,11118009000,22107146000,,,1760509125000,BRL,,86222,2,0.8165,0.9072,20,220448
1160330,BANK BRADESCO,Brazil,6022,State Commercial Banks,20-F,active,2024,,,2069484362000,10220444000,23749208000,,,1900541870000,BRL,,84022,2,0.7679,0.8582,19,221393
1160330,BANK BRADESCO,Brazil,6022,State Commercial Banks,20-F,active,2025,,,2330327216000,9405491000,25739659000,,,2151378586000,BRL,,82095,2,0.0,1.1993,24,200109
1160846,OI S.A. - In Judicial Reorganization,Brazil,4813,Telephone Communications (No Radiotelephone),20-F,delisted_in_window,2017,23789654000,15676216000,70986768000,27083454000,9254839000,,,80670829000,BRL,us-gaap:Revenues,55446,3,0.0,0.0,0,233879
1160846,OI S.A. - In Judicial Reorganization,Brazil,4813,Telephone Communications (No Radiotelephone),20-F,delisted_in_window,2018,22060014000,15822732000,67247601000,28468798000,8025442000,,,38048105000,BRL,us-gaap:Revenues,56875,3,0.0,0.0,0,184565
1160846,OI S.A. - In Judicial Reorganization,Brazil,4813,Telephone Communications (No Radiotelephone),20-F,delisted_in_window,2019,,,,,,,,,,,58089,3,0.0,0.0,0,180921
1160846,OI S.A. - In Judicial Reorganization,Brazil,4813,Telephone Communications (No Radiotelephone),20-F,delisted_in_window,2020,,,,,,,,,,,46624,2,0.1072,0.1072,2,186624
1161125,BANK OF CHILE,Chile,6029,"Commercial Banks, NEC",20-F,active,2017,,,32561437000000,216259000000,,16714000000,,29016089000000,CLP,,14023,5,0.0,0.0,0,201601
1161125,BANK OF CHILE,Chile,6029,"Commercial Banks, NEC",20-F,active,2018,,,35601430000000,215872000000,,85471000000,,31927714000000,CLP,,13831,2,0.0,0.0,0,218453
1161125,BANK OF CHILE,Chile,6029,"Commercial Banks, NEC",20-F,active,2019,,,41013874000000,220262000000,91717000000,,,37108113000000,CLP,,13555,4,0.0,0.0,0,226989
1161125,BANK OF CHILE,Chile,6029,"Commercial Banks, NEC",20-F,active,2020,,,45550960000000,217928000000,94111000000,,,41553879000000,CLP,,13134,2,0.0,0.0,0,236800
1161125,BANK OF CHILE,Chile,6029,"Commercial Banks, NEC",20-F,active,2021,103000000,,51425948000000,222320000000,105942000000,,,46606976000000,CLP,ifrs-full:RevenueFromContractsWithCustomers,12284,2,0.0679,0.0679,2,294651
1161125,BANK OF CHILE,Chile,6029,"Commercial Banks, NEC",20-F,active,2022,92000000,,55108854000000,210124000000,,,,49677417000000,CLP,ifrs-full:RevenueFromContractsWithCustomers,12550,2,0.059,0.059,2,339066
1161125,BANK OF CHILE,Chile,6029,"Commercial Banks, NEC",20-F,active,2023,,,55718041000000,201657000000,,,,49636096000000,CLP,,12217,2,0.251,0.251,8,318753
1161125,BANK OF CHILE,Chile,6029,"Commercial Banks, NEC",20-F,active,2024,,,52055542000000,189073000000,,,,45550646000000,CLP,,11614,2,0.3477,0.3477,11,316327
1161125,BANK OF CHILE,Chile,6029,"Commercial Banks, NEC",20-F,active,2025,,,,,,,,,,,11156,2,0.8508,0.8508,26,305577
1170858,COMPANHIA DE SANEAMENTO BASICO DO ESTADO DE SAO PAULO-SABESP,Brazil,4941,Water Supply,20-F,active,2017,14608233000,8778963000,39546444000,255050000,33466132000,,,22033435000,BRL,ifrs-full:Revenue,,0,0.1849,0.1849,3,162291
1170858,COMPANHIA DE SANEAMENTO BASICO DO ESTADO DE SAO PAULO-SABESP,Brazil,4941,Water Supply,20-F,active,2018,16085094000,9086456000,43565118000,267612000,29012460000,,,24013430000,BRL,ifrs-full:Revenue,,0,0.185,0.185,3,162130
1170858,COMPANHIA DE SANEAMENTO BASICO DO ESTADO DE SAO PAULO-SABESP,Brazil,4941,Water Supply,20-F,active,2019,17983654000,10137637000,46457800000,314393000,32325447000,,,24822017000,BRL,ifrs-full:Revenue,,0,0.1907,0.1907,3,157315
1170858,COMPANHIA DE SANEAMENTO BASICO DO ESTADO DE SAO PAULO-SABESP,Brazil,4941,Water Supply,20-F,active,2020,17797541000,11179667000,50418636000,268251000,34405575000,,,27624932000,BRL,ifrs-full:Revenue,12806,4,0.1212,0.1212,2,164979
1170858,COMPANHIA DE SANEAMENTO BASICO DO ESTADO DE SAO PAULO-SABESP,Brazil,4941,Water Supply,20-F,active,2021,19491061000,12800042000,53165485000,291157000,39320871000,,,28233626000,BRL,ifrs-full:Revenue,12515,4,0.1745,0.1745,3,171894
1170858,COMPANHIA DE SANEAMENTO BASICO DO ESTADO DE SAO PAULO-SABESP,Brazil,4941,Water Supply,20-F,active,2022,22055720000,14350903000,57207765000,338939000,39320871000,,,29874232000,BRL,ifrs-full:Revenue,12999,3,0.1793,0.1793,3,167312
1170858,COMPANHIA DE SANEAMENTO BASICO DO ESTADO DE SAO PAULO-SABESP,Brazil,4941,Water Supply,20-F,active,2023,25572056000,16051866000,61470957000,474559000,44012858000,,,31613581000,BRL,ifrs-full:Revenue,11170,4,0.149,0.149,3,201366
1170858,COMPANHIA DE SANEAMENTO BASICO DO ESTADO DE SAO PAULO-SABESP,Brazil,4941,Water Supply,20-F,active,2024,36145477000,16603073000,80965430000,561548000,44771124000,,,44037376000,BRL,ifrs-full:Revenue,10512,4,0.0662,0.0662,1,151069
1170858,COMPANHIA DE SANEAMENTO BASICO DO ESTADO DE SAO PAULO-SABESP,Brazil,4941,Water Supply,20-F,active,2025,,,,,,,,,,,8678,4,0.1949,0.1949,3,153894
1190723,TENARIS SA,Argentina,3312,"Steel Works, Blast Furnaces & Rolling Mills (Coke Ovens)",20-F,active,2017,5288504000,3685057000,14398218000,6229143000,,1292000000,63700000,2817248000,USD,ifrs-full:Revenue,,0,0.0,0.0,0,100446
1190723,TENARIS SA,Argentina,3312,"Steel Works, Blast Furnaces & Rolling Mills (Coke Ovens)",20-F,active,2018,7658588000,5279300000,14251299000,6063908000,,1288000000,63400000,2375807000,USD,ifrs-full:Revenue,,0,0.0,0.0,0,101298
1190723,TENARIS SA,Argentina,3312,"Steel Works, Blast Furnaces & Rolling Mills (Coke Ovens)",20-F,active,2019,7294055000,5107495000,14842991000,6090017000,,1320000000,61100000,2656619000,USD,ifrs-full:Revenue,,0,0.0,0.0,0,111965
1190723,TENARIS SA,Argentina,3312,"Steel Works, Blast Furnaces & Rolling Mills (Coke Ovens)",20-F,active,2020,5146734000,4087317000,13716189000,6193181000,,1086000000,41800000,2269716000,USD,ifrs-full:Revenue,,0,0.0,0.0,0,115790
1190723,TENARIS SA,Argentina,3312,"Steel Works, Blast Furnaces & Rolling Mills (Coke Ovens)",20-F,active,2021,6521207000,4611602000,14449431000,5824801000,,1085000000,45300000,2343729000,USD,ifrs-full:Revenue,23000,3,0.0,0.0,0,126538
1190723,TENARIS SA,Argentina,3312,"Steel Works, Blast Furnaces & Rolling Mills (Coke Ovens)",20-F,active,2022,11762526000,7087739000,17550246000,5556263000,,1085000000,50700000,3515809000,USD,ifrs-full:Revenue,,0,0.0,0.0,0,128318
1190723,TENARIS SA,Argentina,3312,"Steel Works, Blast Furnaces & Rolling Mills (Coke Ovens)",20-F,active,2023,14868860000,8668915000,21081895000,6078179000,,1104000000,60000000,4051458000,USD,ifrs-full:Revenue,400,1,0.2178,0.2178,3,137741
1190723,TENARIS SA,Argentina,3312,"Steel Works, Blast Furnaces & Rolling Mills (Coke Ovens)",20-F,active,2024,12523934000,8135489000,20450125000,6121471000,,,74200000,3636290000,USD,ifrs-full:Revenue,58000,1,0.6509,0.6509,11,168993
1190723,TENARIS SA,Argentina,3312,"Steel Works, Blast Furnaces & Rolling Mills (Coke Ovens)",20-F,active,2025,11981157000,7860744000,20072313000,6205082000,,,64200000,3243245000,USD,ifrs-full:Revenue,64870,1,1.0309,1.0309,17,164905
1273441,GRAN TIERRA ENERGY INC.,Colombia,1311,Crude Petroleum & Natural Gas,10-K,active,2017,421734000,,1429619000,1099224000,,102581000,,,USD,us-gaap:RevenueFromContractWithCustomerExcludingAssessedTax,,,,,,
1273441,GRAN TIERRA ENERGY INC.,Colombia,1311,Crude Petroleum & Natural Gas,10-K,active,2018,613431000,,1676584000,1312777000,,102581000,,,USD,us-gaap:RevenueFromContractWithCustomerExcludingAssessedTax,,,,,,
1273441,GRAN TIERRA ENERGY INC.,Colombia,1311,Crude Petroleum & Natural Gas,10-K,active,2019,570983000,,2044664000,1577393000,,102581000,,,USD,us-gaap:RevenueFromContractWithCustomerExcludingAssessedTax,,,,,,
1273441,GRAN TIERRA ENERGY INC.,Colombia,1311,Crude Petroleum & Natural Gas,10-K,active,2020,237838000,,1201725000,964482000,,0,,,USD,us-gaap:RevenueFromContractWithCustomerExcludingAssessedTax,322,2,0.0,0.0,0,54429
1273441,GRAN TIERRA ENERGY INC.,Colombia,1311,Crude Petroleum & Natural Gas,10-K,active,2021,473722000,147339000,1189111000,995797000,,,,,USD,us-gaap:RevenueFromContractWithCustomerExcludingAssessedTax,319,2,0.0,0.0,0,55087
1273441,GRAN TIERRA ENERGY INC.,Colombia,1311,Crude Petroleum & Natural Gas,10-K,active,2022,711388000,172582000,1335610000,,,,,,USD,us-gaap:RevenueFromContractWithCustomerExcludingAssessedTax,336,2,0.0,0.0,0,53562
1273441,GRAN TIERRA ENERGY INC.,Colombia,1311,Crude Petroleum & Natural Gas,10-K,active,2023,636957000,201410000,1326289000,1142850000,,,,,USD,us-gaap:RevenueFromContractWithCustomerExcludingAssessedTax,351,2,0.0,0.0,0,54616
1273441,GRAN TIERRA ENERGY INC.,Colombia,1311,Crude Petroleum & Natural Gas,10-K,active,2024,621849000,220795000,1654787000,1423131000,,,,,USD,us-gaap:RevenueFromContractWithCustomerExcludingAssessedTax,431,2,0.0,0.0,0,67774
1273441,GRAN TIERRA ENERGY INC.,Colombia,1311,Crude Petroleum & Natural Gas,10-K,active,2025,596713000,265772000,1586079000,1304420000,,,,,USD,us-gaap:RevenueFromContractWithCustomerExcludingAssessedTax,406,2,0.0,0.0,0,73586
1276671,BANCO ITAU CHILE,Chile,6029,"Commercial Banks, NEC",20-F,delisted_in_window,2017,,,28032773000000,130579000000,1562654000000,3428757000000,,24604016000000,CLP,,9492,3,0.0,0.0,0,226717
1276671,BANCO ITAU CHILE,Chile,6029,"Commercial Banks, NEC",20-F,delisted_in_window,2018,,,29323338000000,95564000000,1570964000000,,,25885778000000,CLP,,9179,3,0.0412,0.0412,1,242999
1276671,BANCO ITAU CHILE,Chile,6029,"Commercial Banks, NEC",20-F,delisted_in_window,2019,,,33610056000000,95080000000,1574433000000,,,30283718000000,CLP,,8987,3,0.0355,0.0355,1,281359
1276671,BANCO ITAU CHILE,Chile,6029,"Commercial Banks, NEC",20-F,delisted_in_window,2020,,,35486448000000,80615000000,718683000000,,,33103113000000,CLP,,8364,3,0.1046,0.1046,3,286882
1276671,BANCO ITAU CHILE,Chile,6029,"Commercial Banks, NEC",20-F,delisted_in_window,2021,,,37600243000000,71933000000,699344000000,,,34275022000000,CLP,,7816,3,0.0307,0.0307,1,325453
1276671,BANCO ITAU CHILE,Chile,6029,"Commercial Banks, NEC",20-F,delisted_in_window,2022,,,40320766000000,60196000000,,,,37002977000000,CLP,,7558,2,0.0316,0.0316,1,316205
1291733,Gol Intelligent Airlines Inc.,Brazil,4512,"Air Transportation, Scheduled",20-F,delisted_in_window,2017,10329034000,,10004748000,3195766000,,1038900000,,,BRL,ifrs-full:Revenue,14532,2,0.0903,0.0903,1,110741
1291733,Gol Intelligent Airlines Inc.,Brazil,4512,"Air Transportation, Scheduled",20-F,delisted_in_window,2018,11411354000,,10378266000,2818057000,,,,,BRL,ifrs-full:Revenue,15259,5,0.0874,0.0874,1,114442
1291733,Gol Intelligent Airlines Inc.,Brazil,4512,"Air Transportation, Scheduled",20-F,delisted_in_window,2019,13864704000,,15298446000,6058101000,,110741000,,,BRL,ifrs-full:Revenue,16222,6,0.0873,0.0873,1,114490
1291733,Gol Intelligent Airlines Inc.,Brazil,4512,"Air Transportation, Scheduled",20-F,delisted_in_window,2020,6371817000,,12814136000,4960288000,,65611000,,,BRL,ifrs-full:Revenue,700,3,0.0,0.0,0,116316
1291733,Gol Intelligent Airlines Inc.,Brazil,4512,"Air Transportation, Scheduled",20-F,delisted_in_window,2021,7433384000,,14402343000,7675170000,1823209000,66757000,,,BRL,ifrs-full:Revenue,750,1,0.0,0.0,0,108065
1291733,Gol Intelligent Airlines Inc.,Brazil,4512,"Air Transportation, Scheduled",20-F,delisted_in_window,2022,15198725000,,16970285000,9588696000,1862989000,69932000,,,BRL,ifrs-full:Revenue,750,1,0.0,0.0,0,111818
1291733,Gol Intelligent Airlines Inc.,Brazil,4512,"Air Transportation, Scheduled",20-F,delisted_in_window,2023,18774024000,,16726194000,9187700000,1937800000,45147000,,,BRL,ifrs-full:Revenue,750,1,0.0,0.0,0,111708
1300482,CPFL Energy INC,Brazil,4911,Electric Services,20-F,delisted_in_window,2017,26744905000,,41282912000,9787125000,,,,,BRL,ifrs-full:Revenue,13344,3,0.0,0.0,0,164395
1300482,CPFL Energy INC,Brazil,4911,Electric Services,20-F,delisted_in_window,2018,28136627000,,42211530000,9456614000,,,,,BRL,ifrs-full:Revenue,13467,3,0.0,0.0,0,160618
1300482,CPFL Energy INC,Brazil,4911,Electric Services,20-F,delisted_in_window,2019,29932474000,,44078293000,9083710000,,,,,BRL,ifrs-full:Revenue,13302,3,0.0592,0.0592,1,168831
1342874,Ternium S.A.,Mexico,3312,"Steel Works, Blast Furnaces & Rolling Mills (Coke Ovens)",20-F,active,2017,9700296000,7403025000,12122566000,5349753000,,,9800000,6269795000,USD,ifrs-full:Revenue,,0,0.0,0.0,0,126209
1342874,Ternium S.A.,Mexico,3312,"Steel Works, Blast Furnaces & Rolling Mills (Coke Ovens)",20-F,active,2018,11454807000,8483328000,12547862000,5817609000,,,8900000,5063286000,USD,ifrs-full:Revenue,,0,0.0,0.0,0,128134
1342874,Ternium S.A.,Mexico,3312,"Steel Works, Blast Furnaces & Rolling Mills (Coke Ovens)",20-F,active,2019,10192818000,8452440000,12935533000,6539581000,,,10000000,5220660000,USD,ifrs-full:Revenue,,0,0.0,0.0,0,128516
1342874,Ternium S.A.,Mexico,3312,"Steel Works, Blast Furnaces & Rolling Mills (Coke Ovens)",20-F,active,2020,8735435000,7099923000,12856235000,6504681000,,,8300000,4413082000,USD,ifrs-full:Revenue,,0,0.0,0.0,0,141401
1342874,Ternium S.A.,Mexico,3312,"Steel Works, Blast Furnaces & Rolling Mills (Coke Ovens)",20-F,active,2021,16090744000,9895070000,17097907000,6431578000,,,9800000,4862869000,USD,ifrs-full:Revenue,,0,0.0,0.0,0,139008
1342874,Ternium S.A.,Mexico,3312,"Steel Works, Blast Furnaces & Rolling Mills (Coke Ovens)",20-F,active,2022,16414466000,12487282000,17491548000,6261887000,,,16300000,3723155000,USD,ifrs-full:Revenue,,0,0.0,0.0,0,139952
1342874,Ternium S.A.,Mexico,3312,"Steel Works, Blast Furnaces & Rolling Mills (Coke Ovens)",20-F,active,2023,17610092000,14050737000,24179104000,7637687000,,,19000000,7367245000,USD,ifrs-full:Revenue,13445,1,0.1908,0.1908,3,157202
1342874,Ternium S.A.,Mexico,3312,"Steel Works, Blast Furnaces & Rolling Mills (Coke Ovens)",20-F,active,2024,17649060000,14760224000,23128547000,8381155000,,,23800000,6996978000,USD,ifrs-full:Revenue,13445,1,0.1258,0.1258,2,158987
1342874,Ternium S.A.,Mexico,3312,"Steel Works, Blast Furnaces & Rolling Mills (Coke Ovens)",20-F,active,2025,15609094000,13255990000,23615091000,10406110000,,,21800000,7467345000,USD,ifrs-full:Revenue,,0,0.2559,0.2559,4,156324
1345105,"Copa Holdings, S.A.",Panama,4512,"Air Transportation, Scheduled",20-F,active,2017,2521786000,,4422263000,2614216000,,,,2571325000,USD,ifrs-full:Revenue,,0,0.0,0.0,0,93127
1345105,"Copa Holdings, S.A.",Panama,4512,"Air Transportation, Scheduled",20-F,active,2018,2677627000,,4441905000,2698131000,,,,2645311000,USD,ifrs-full:Revenue,,0,0.0,0.0,0,93665
1345105,"Copa Holdings, S.A.",Panama,4512,"Air Transportation, Scheduled",20-F,active,2019,2707408000,,4357378000,2532402000,,,,2422472000,USD,ifrs-full:Revenue,,0,0.0,0.0,0,91647
1345105,"Copa Holdings, S.A.",Panama,4512,"Air Transportation, Scheduled",20-F,active,2020,801003000,,3853384000,2147486000,,,,2569826000,USD,ifrs-full:Revenue,,0,0.0,0.0,0,89667
1345105,"Copa Holdings, S.A.",Panama,4512,"Air Transportation, Scheduled",20-F,active,2021,1509931000,,4248261000,2512704000,,,,2948864000,USD,ifrs-full:Revenue,,0,0.0,0.0,0,94853
1345105,"Copa Holdings, S.A.",Panama,4512,"Air Transportation, Scheduled",20-F,active,2022,2965033000,,4690362000,2883524000,,,,3198252000,USD,ifrs-full:Revenue,,0,0.0,0.0,0,93688
1345105,"Copa Holdings, S.A.",Panama,4512,"Air Transportation, Scheduled",20-F,active,2023,3457004000,,5196836000,3238632000,,,,3074688000,USD,ifrs-full:Revenue,,0,0.0,0.0,0,93283
1345105,"Copa Holdings, S.A.",Panama,4512,"Air Transportation, Scheduled",20-F,active,2024,3446198000,,5742286000,3458260000,,,,3369543000,USD,ifrs-full:Revenue,,0,0.0,0.0,0,93031
1345105,"Copa Holdings, S.A.",Panama,4512,"Air Transportation, Scheduled",20-F,active,2025,3617822000,,6583024000,4120055000,,,,3807601000,USD,ifrs-full:Revenue,,0,0.2171,0.2171,2,92142
1347557,Pacific Airport Group,Mexico,4581,"Airports, Flying Fields & Airport Terminal Services",20-F,active,2017,12365918000,2110407000,39517532000,1655688000,,,,17440763000,MXN,ifrs-full:Revenue,206,2,0.0,0.0,0,173408
1347557,Pacific Airport Group,Mexico,4581,"Airports, Flying Fields & Airport Terminal Services",20-F,active,2018,14122890000,2453722000,39550502000,1906233000,,,,17778352000,MXN,ifrs-full:Revenue,206,2,0.0,0.0,0,174061
1347557,Pacific Airport Group,Mexico,4581,"Airports, Flying Fields & Airport Terminal Services",20-F,active,2019,16226021000,2744864000,41577804000,1905684000,,,,20908361000,MXN,ifrs-full:Revenue,209,2,0.0,0.0,0,173907
1347557,Pacific Airport Group,Mexico,4581,"Airports, Flying Fields & Airport Terminal Services",20-F,active,2020,11866373000,2668707000,51361173000,2146232000,,,,28508390000,MXN,ifrs-full:Revenue,192,2,0.0,0.0,0,177681
1347557,Pacific Airport Group,Mexico,4581,"Airports, Flying Fields & Airport Terminal Services",20-F,active,2021,19014906000,,55323085000,3094220000,,,,34894485000,MXN,ifrs-full:Revenue,249,2,0.0,0.0,0,186233
1347557,Pacific Airport Group,Mexico,4581,"Airports, Flying Fields & Airport Terminal Services",20-F,active,2022,27380376000,,60505341000,3928258000,,,,40677296000,MXN,ifrs-full:Revenue,270,1,0.0,0.0,0,186861
1347557,Pacific Airport Group,Mexico,4581,"Airports, Flying Fields & Airport Terminal Services",20-F,active,2023,33224144000,,67444859000,4552283000,,,,46500212000,MXN,ifrs-full:Revenue,308,1,0.0546,0.0546,1,183186
1347557,Pacific Airport Group,Mexico,4581,"Airports, Flying Fields & Airport Terminal Services",20-F,active,2024,33614374000,,81653073000,4819108000,,,,57031334000,MXN,ifrs-full:Revenue,315,1,0.4914,0.4914,9,183147
1347557,Pacific Airport Group,Mexico,4581,"Airports, Flying Fields & Airport Terminal Services",20-F,active,2025,,,,,,,,,,,449,1,0.4746,0.4746,9,189649
1355444,EMBRAER S.A.,Brazil,3721,Aircraft,20-F,active,2017,2546500000,2248600000,11974600000,2104900000,,,22200000,7797100000,USD,ifrs-full:Revenue,,0,0.0,0.0,0,129724
1355444,EMBRAER S.A.,Brazil,3721,Aircraft,20-F,active,2018,5071100000,4303100000,11293300000,1964700000,,,46100000,7353200000,USD,ifrs-full:Revenue,3300,2,0.0706,0.0706,1,141719
1355444,EMBRAER S.A.,Brazil,3721,Aircraft,20-F,active,2019,5462600000,4667100000,10540900000,968900000,,,49400000,6957900000,USD,ifrs-full:Revenue,6460,2,0.0631,0.0631,1,158459
1355444,EMBRAER S.A.,Brazil,3721,Aircraft,20-F,active,2020,3771100000,3293500000,10516000000,1956000000,,10200000,29800000,7608500000,USD,ifrs-full:Revenue,1600,19,0.3285,0.3285,5,152216
1355444,EMBRAER S.A.,Brazil,3721,Aircraft,20-F,active,2021,4197200000,3537600000,10155000000,1687600000,,,43000000,7380000000,USD,ifrs-full:Revenue,2000,4,0.4343,0.4343,7,161176
1355444,EMBRAER S.A.,Brazil,3721,Aircraft,20-F,active,2022,4540400000,3628200000,10142100000,1649200000,,,110000000,7317800000,USD,ifrs-full:Revenue,2800,1,0.3801,0.3801,6,157842
1355444,EMBRAER S.A.,Brazil,3721,Aircraft,20-F,active,2023,5268500000,4358900000,10782500000,1770700000,,,90300000,7743200000,USD,ifrs-full:Revenue,8000,1,0.4084,0.4765,7,146900
1355444,EMBRAER S.A.,Brazil,3721,Aircraft,20-F,active,2024,6394700000,5241600000,11824300000,1941300000,,,55000000,8479700000,USD,ifrs-full:Revenue,,0,0.3339,0.601,9,149739
1355444,EMBRAER S.A.,Brazil,3721,Aircraft,20-F,active,2025,7577500000,6248800000,12920200000,2130900000,,,74400000,9108200000,USD,ifrs-full:Revenue,,0,1.2944,1.2944,20,154509
1378239,Central North Airport Group,Mexico,4581,"Airports, Flying Fields & Airport Terminal Services",20-F,active,2017,7129827000,981065000,14200800000,2601397000,7648417000,,,6971485000,MXN,ifrs-full:Revenue,1250,2,0.0,0.0,0,146100
1378239,Central North Airport Group,Mexico,4581,"Airports, Flying Fields & Airport Terminal Services",20-F,active,2018,7907054000,977896000,15590484000,2670262000,8566656000,,,7078557000,MXN,ifrs-full:Revenue,1148,2,0.0,0.0,0,141249
1378239,Central North Airport Group,Mexico,4581,"Airports, Flying Fields & Airport Terminal Services",20-F,active,2019,8527101000,954207000,17276961000,2647101000,9267111000,,,7389466000,MXN,ifrs-full:Revenue,1160,2,0.0,0.0,0,140260
1378239,Central North Airport Group,Mexico,4581,"Airports, Flying Fields & Airport Terminal Services",20-F,active,2020,5367466000,765958000,18191580000,2700469000,10229656000,,,7365333000,MXN,ifrs-full:Revenue,1003,2,0.0,0.0,0,153475
1378239,Central North Airport Group,Mexico,4581,"Airports, Flying Fields & Airport Terminal Services",20-F,active,2021,8720010000,,22889141000,2724296000,11680684000,,,11650909000,MXN,ifrs-full:Revenue,1182,2,0.0,0.0,0,164630
1378239,Central North Airport Group,Mexico,4581,"Airports, Flying Fields & Airport Terminal Services",20-F,active,2022,11934768000,,23069978000,2566095000,13940366000,,,14515358000,MXN,ifrs-full:Revenue,1256,2,0.0,0.0,0,166654
1378239,Central North Airport Group,Mexico,4581,"Airports, Flying Fields & Airport Terminal Services",20-F,active,2023,14457080000,,25237595000,2852674000,16421304000,,,15399093000,MXN,ifrs-full:Revenue,1270,2,0.0,0.0,0,170016
1378239,Central North Airport Group,Mexico,4581,"Airports, Flying Fields & Airport Terminal Services",20-F,active,2024,15072956000,,27233060000,3112540000,18715808000,,,16688823000,MXN,ifrs-full:Revenue,1326,2,0.0,0.0,0,170044
1378239,Central North Airport Group,Mexico,4581,"Airports, Flying Fields & Airport Terminal Services",20-F,active,2025,,,,,,,,,,,1355,2,0.0,0.0,0,174049
1389207,Gafisa S.A.,Brazil,1520,General Bldg Contractors - Residential Bldgs,20-F,delisted_in_window,2017,,,,,,,,,,,646,1,0.0,0.0,0,142063
1389207,Gafisa S.A.,Brazil,1520,General Bldg Contractors - Residential Bldgs,20-F,delisted_in_window,2018,,,,,,,,,,,422,1,0.0,0.0,0,149211
1389207,Gafisa S.A.,Brazil,1520,General Bldg Contractors - Residential Bldgs,20-F,delisted_in_window,2019,,,,,,,,,,,215,1,0.0,0.0,0,134866
1389207,Gafisa S.A.,Brazil,1520,General Bldg Contractors - Residential Bldgs,20-F,delisted_in_window,2020,,,,,,,,,,,277,1,0.0,0.0,0,138359
1389207,Gafisa S.A.,Brazil,1520,General Bldg Contractors - Residential Bldgs,20-F,delisted_in_window,2021,,,,,,,,,,,400,1,0.0,0.0,0,138170
1395213,EDENOR,Argentina,4911,Electric Services,20-F,active,2017,60897330000,,70881927000,119440000000,,,,43088208000,ARS,ifrs-full:Revenue,4789,9,0.0,0.0,0,155978
1395213,EDENOR,Argentina,4911,Electric Services,20-F,active,2018,117120000000,,118388260000,130774000000,,,,70767270000,ARS,ifrs-full:Revenue,4922,10,0.2014,0.2014,3,148954
1395213,EDENOR,Argentina,4911,Electric Services,20-F,active,2019,184739000000,,162633000000,208061000000,,,,82113000000,ARS,ifrs-full:Revenue,5477,10,0.1266,0.1266,2,158024
1395213,EDENOR,Argentina,4911,Electric Services,20-F,active,2020,268389000000,,224510000000,367141000000,,,,129608000000,ARS,ifrs-full:Revenue,5588,10,0.134,0.134,2,149208
1395213,EDENOR,Argentina,4911,Electric Services,20-F,active,2021,688502000000,,463268000000,1185172000000,,,,319718000000,ARS,ifrs-full:Revenue,4777,11,0.123,0.123,2,162577
1395213,EDENOR,Argentina,4911,Electric Services,20-F,active,2022,1395852000000,,3255963000000,2685037000000,,,,2212788000000,ARS,ifrs-full:Revenue,5756,10,0.1261,0.1261,2,158561
1395213,EDENOR,Argentina,4911,Electric Services,20-F,active,2023,1526735000000,,3285627000000,2772111000000,,,,2053023000000,ARS,ifrs-full:Revenue,4688,12,0.4546,0.4546,7,153979
1395213,EDENOR,Argentina,4911,Electric Services,20-F,active,2024,2043127000000,,3979577000000,3002617000000,,,,2472512000000,ARS,ifrs-full:Revenue,4658,12,0.6382,0.6382,10,156690
1395213,EDENOR,Argentina,4911,Electric Services,20-F,active,2025,,,,,,,,,,,4642,12,0.3813,0.3813,6,157341
1402902,Cosan Ltd.,Brazil,2060,Sugar & Confectionery Products,20-F,delisted_in_window,2017,13579021000,9224314000,55624511000,11681575000,16121725000,751434000,,38565098000,BRL,ifrs-full:Revenue,11230,2,0.0,0.0,0,161026
1402902,Cosan Ltd.,Brazil,2060,Sugar & Confectionery Products,20-F,delisted_in_window,2018,16834768000,12108305000,56360716000,12417822000,15248060000,782783000,,38391360000,BRL,ifrs-full:Revenue,11632,2,0.0,0.0,0,164909
1402902,Cosan Ltd.,Brazil,2060,Sugar & Confectionery Products,20-F,delisted_in_window,2019,20611409000,14160233000,65717874000,12153136000,15139819000,,,49477393000,BRL,ifrs-full:Revenue,11909,2,0.0,0.0,0,185878
1430162,Cosan S.A.,Brazil,5500,Retail-Auto Dealers & Gasoline Stations,20-F,active,2018,16834768000,12108305000,,,,,,,BRL,ifrs-full:Revenue,,,,,,
1430162,Cosan S.A.,Brazil,5500,Retail-Auto Dealers & Gasoline Stations,20-F,active,2019,20611409000,14616985000,65717874000,12153136000,15938682000,,,49477393000,BRL,ifrs-full:Revenue,,,,,,
1430162,Cosan S.A.,Brazil,5500,Retail-Auto Dealers & Gasoline Stations,20-F,active,2020,20437835000,14999823000,83713565000,14068506000,16219719000,,,62894698000,BRL,ifrs-full:Revenue,11930,1,0.0488,0.0488,1,205087
1430162,Cosan S.A.,Brazil,5500,Retail-Auto Dealers & Gasoline Stations,20-F,active,2021,26093154000,20263186000,97842023000,16648553000,16648681000,,,68972001000,BRL,ifrs-full:Revenue,10581,1,0.0407,0.0407,1,245574
1430162,Cosan S.A.,Brazil,5500,Retail-Auto Dealers & Gasoline Stations,20-F,active,2022,39322786000,30556819000,134484992000,18948436000,20661870000,,,86315593000,BRL,ifrs-full:Revenue,11181,1,0.0378,0.0378,1,264810
1430162,Cosan S.A.,Brazil,5500,Retail-Auto Dealers & Gasoline Stations,20-F,active,2023,39468497000,28549896000,139865382000,21239974000,21258313000,,,88884202000,BRL,ifrs-full:Revenue,11656,1,0.0754,0.0754,2,265356
1430162,Cosan S.A.,Brazil,5500,Retail-Auto Dealers & Gasoline Stations,20-F,active,2024,43950742000,30236061000,141265902000,23019016000,24745764000,,,101867540000,BRL,ifrs-full:Revenue,12090,1,0.4321,0.4321,11,254591
1430162,Cosan S.A.,Brazil,5500,Retail-Auto Dealers & Gasoline Stations,20-F,active,2025,,,,,,,,,,,12787,1,0.3941,0.3941,9,228388
1432364,AZUL SA,Brazil,4512,"Air Transportation, Scheduled",20-F,active,2017,7704831000,,13917116000,1880771000,,,,,BRL,ifrs-full:Revenue,10311,1,0.0635,0.0635,1,157528
1432364,AZUL SA,Brazil,4512,"Air Transportation, Scheduled",20-F,active,2018,9057064000,,16094398000,1842239000,,,,,BRL,ifrs-full:Revenue,,0,0.0632,0.0632,1,158180
1432364,AZUL SA,Brazil,4512,"Air Transportation, Scheduled",20-F,active,2019,11442317000,,19197490000,9553643000,,,,,BRL,ifrs-full:Revenue,,0,0.0597,0.0597,1,167537
1432364,AZUL SA,Brazil,4512,"Air Transportation, Scheduled",20-F,active,2020,5744126000,,15794457000,1799706000,,810948000,,,BRL,ifrs-full:Revenue,,0,0.0,0.0,0,164297
1432364,AZUL SA,Brazil,4512,"Air Transportation, Scheduled",20-F,active,2021,9975729000,,18533473000,1961174000,,,,,BRL,ifrs-full:Revenue,,0,0.0,0.0,0,162648
1432364,AZUL SA,Brazil,4512,"Air Transportation, Scheduled",20-F,active,2022,15948067000,,18721293000,1953089000,,,,,BRL,ifrs-full:Revenue,,0,0.0,0.0,0,166980
1432364,AZUL SA,Brazil,4512,"Air Transportation, Scheduled",20-F,active,2023,18554425000,,20532909000,2295851000,,,,,BRL,ifrs-full:Revenue,,0,0.057,0.057,1,175437
1432364,AZUL SA,Brazil,4512,"Air Transportation, Scheduled",20-F,active,2024,19526208000,,26274943000,3034554000,,,,,BRL,ifrs-full:Revenue,,0,0.0,0.0,0,180958
1432364,AZUL SA,Brazil,4512,"Air Transportation, Scheduled",20-F,active,2025,21640393000,,23637914000,2772299000,,,,,BRL,ifrs-full:Revenue,,0,0.0,0.0,0,182520
1439124,AXIA Energia S.A.,Brazil,4911,Electric Services,20-F,active,2017,29441332000,,172975359000,27965837000,749762000,,,130222827000,BRL,ifrs-full:Revenue,,,,,,
1439124,AXIA Energia S.A.,Brazil,4911,Electric Services,20-F,active,2018,26214853000,,181710095000,32370392000,649650000,,,,BRL,ifrs-full:Revenue,,,,,,
1439124,AXIA Energia S.A.,Brazil,4911,Electric Services,20-F,active,2019,29042129000,,178622483000,33315874000,818362000,,,,BRL,ifrs-full:Revenue,,,,,,
1439124,AXIA Energia S.A.,Brazil,4911,Electric Services,20-F,active,2020,25400936000,,178966449000,32662912000,785493000,,,,BRL,ifrs-full:Revenue,,,,,,
1439124,AXIA Energia S.A.,Brazil,4911,Electric Services,20-F,active,2021,34626834000,9678430000,188303069000,33367981000,4992176000,,,,BRL,ifrs-full:Revenue,,,,,,
1439124,AXIA Energia S.A.,Brazil,4911,Electric Services,20-F,active,2022,34074233000,,270217462000,34739705000,79980581000,,,,BRL,ifrs-full:Revenue,708,6,0.0,0.0,0,226848
1439124,AXIA Energia S.A.,Brazil,4911,Electric Services,20-F,active,2023,37158908000,,267057654000,,79866241000,,,,BRL,ifrs-full:Revenue,708,5,0.0995,0.0995,2,200965
1439124,AXIA Energia S.A.,Brazil,4911,Electric Services,20-F,active,2024,40181552000,,289871330000,,78173273000,,,,BRL,ifrs-full:Revenue,684,3,0.0,0.0,0,166517
1439124,AXIA Energia S.A.,Brazil,4911,Electric Services,20-F,active,2025,,,,,,,,,,,3054,3,0.4794,0.4794,7,146029
1444406,ECOPETROL S.A.,Colombia,1311,Crude Petroleum & Natural Gas,20-F,active,2017,55954228000000,36908325000000,117847412000000,61404374000000,380226000000,1159922000000,,69631713000000,COP,ifrs-full:Revenue,11682,3,0.0,0.0,0,146243
1444406,ECOPETROL S.A.,Colombia,1311,Crude Petroleum & Natural Gas,20-F,active,2018,68603872000000,41184379000000,124643498000000,62799983000000,410747000000,1159922000000,,67535718000000,COP,ifrs-full:Revenue,12228,2,0.0,0.0,0,154736
1444406,ECOPETROL S.A.,Colombia,1311,Crude Petroleum & Natural Gas,20-F,active,2019,71488512000000,44972360000000,133890296000000,64214822000000,483098000000,1159922000000,,75658668000000,COP,ifrs-full:Revenue,15157,3,0.0,0.0593,1,168755
1444406,ECOPETROL S.A.,Colombia,1311,Crude Petroleum & Natural Gas,20-F,active,2020,50223393000000,37567472000000,137694169000000,66508338000000,555043000000,1594279000000,,84194806000000,COP,ifrs-full:Revenue,13977,3,0.0,0.054,1,185113
1444406,ECOPETROL S.A.,Colombia,1311,Crude Petroleum & Natural Gas,20-F,active,2021,91881204000000,55581776000000,242426616000000,90076526000000,15508516000000,4686324000000,,151842844000000,COP,ifrs-full:Revenue,18378,4,0.0401,0.0401,1,249496
1444406,ECOPETROL S.A.,Colombia,1311,Crude Petroleum & Natural Gas,20-F,active,2022,159611078000000,89458148000000,302792431000000,100997498000000,18146605000000,5350114000000,,188889342000000,COP,ifrs-full:Revenue,18903,3,0.1151,0.1151,3,260604
1444406,ECOPETROL S.A.,Colombia,1311,Crude Petroleum & Natural Gas,20-F,active,2023,143189602000000,88178198000000,280141090000000,95171302000000,14714809000000,4846667000000,,179888610000000,COP,ifrs-full:Revenue,19659,3,0.1125,0.1125,3,266679
1444406,ECOPETROL S.A.,Colombia,1311,Crude Petroleum & Natural Gas,20-F,active,2024,133330428000000,86481154000000,298242156000000,107454558000000,16413285000000,5145785000000,,,COP,ifrs-full:Revenue,19581,2,0.0354,0.0354,1,282632
1444406,ECOPETROL S.A.,Colombia,1311,Crude Petroleum & Natural Gas,20-F,active,2025,,,,,,,,,,,19581,2,0.5639,0.5639,17,301490
1449877,Petrobras Argentina S.A.,Argentina,1311,Crude Petroleum & Natural Gas,20-F,delisted_in_window,2017,,,,,,,,,,,3330,3,0.0,0.0,0,241320
1450123,JBS S.A.,Brazil,2011,Meat Packing Plants,20-F,delisted_in_window,2020,,,,9077589000,,,,,USD,,,,,,,
1450123,JBS S.A.,Brazil,2011,Meat Packing Plants,20-F,delisted_in_window,2021,65042706000,52753839000,,10208289000,,5835418000,,,USD,ifrs-full:Revenue,,,,,,
1450123,JBS S.A.,Brazil,2011,Meat Packing Plants,20-F,delisted_in_window,2022,72613910000,61070237000,39885511000,11915363000,1979491000,5828691000,,,USD,ifrs-full:Revenue,,,,,,
1450123,JBS S.A.,Brazil,2011,Meat Packing Plants,20-F,delisted_in_window,2023,72918123000,64950972000,42577834000,12918249000,1985595000,6105020000,,,USD,ifrs-full:Revenue,270000,3,0.0,0.0,0,197573
1450123,JBS S.A.,Brazil,2011,Meat Packing Plants,20-F,delisted_in_window,2024,77182547000,65594321000,40685373000,11780880000,1803199000,5417134000,4141000,,USD,ifrs-full:Revenue,280000,5,0.0,0.0,0,218185
1464591,GeoPark Ltd,Colombia,1311,Crude Petroleum & Natural Gas,20-F,active,2017,330122000,,786163000,517403000,,,,659323000,USD,ifrs-full:Revenue,405,2,0.0,0.0,0,130667
1464591,GeoPark Ltd,Colombia,1311,Crude Petroleum & Natural Gas,20-F,active,2018,601161000,,862660000,557170000,,,,719639000,USD,ifrs-full:Revenue,457,2,0.0,0.0,0,130237
1464591,GeoPark Ltd,Colombia,1311,Crude Petroleum & Natural Gas,20-F,active,2019,628907000,,852132000,567788000,,,,719247000,USD,ifrs-full:Revenue,439,2,0.0,0.0,0,140257
1464591,GeoPark Ltd,Colombia,1311,Crude Petroleum & Natural Gas,20-F,active,2020,393692000,,960266000,614665000,,,,1069456000,USD,ifrs-full:Revenue,437,2,0.0,0.0,0,148213
1464591,GeoPark Ltd,Colombia,1311,Crude Petroleum & Natural Gas,20-F,active,2021,688543000,,895741000,614047000,,,,957686000,USD,ifrs-full:Revenue,463,2,0.3129,0.3129,5,159780
1464591,GeoPark Ltd,Colombia,1311,Crude Petroleum & Natural Gas,20-F,active,2022,1049579000,,973975000,666879000,,,,858390000,USD,ifrs-full:Revenue,482,2,0.4353,0.4353,7,160811
1464591,GeoPark Ltd,Colombia,1311,Crude Petroleum & Natural Gas,20-F,active,2023,756625000,,1016549000,686824000,,,,840529000,USD,ifrs-full:Revenue,470,2,0.3282,0.3282,5,152361
1464591,GeoPark Ltd,Colombia,1311,Crude Petroleum & Natural Gas,20-F,active,2024,660838000,,1200055000,740491000,,,,996764000,USD,ifrs-full:Revenue,476,2,0.2574,0.2574,4,155413
1464591,GeoPark Ltd,Colombia,1311,Crude Petroleum & Natural Gas,20-F,active,2025,492518000,,1040447000,775686000,,,,794650000,USD,ifrs-full:Revenue,382,3,0.5306,0.5306,8,150759
1469395,Pampa Energy Inc.,Argentina,4911,Electric Services,20-F,active,2017,2175000000,1574000000,5657000000,111571000000,,,,3687000000,ARS;USD,ifrs-full:Revenue,3330,3,0.0,0.0,0,239203
1469395,Pampa Energy Inc.,Argentina,4911,Electric Services,20-F,active,2018,1436000000,831000000,5672000000,3316000000,,,,3877000000,USD,ifrs-full:Revenue,2127,3,0.0,0.0,0,267625
1469395,Pampa Energy Inc.,Argentina,4911,Electric Services,20-F,active,2019,1340000000,811000000,5684000000,3507000000,,,,3275000000,USD,ifrs-full:Revenue,1944,3,0.0,0.0,0,269855
1469395,Pampa Energy Inc.,Argentina,4911,Electric Services,20-F,active,2020,1073000000,663000000,4890000000,1610000000,,,,3121000000,USD,ifrs-full:Revenue,1937,2,0.0,0.0,0,207033
1469395,Pampa Energy Inc.,Argentina,4911,Electric Services,20-F,active,2021,1508000000,951000000,3861000000,1659000000,,,,2070000000,USD,ifrs-full:Revenue,1937,3,0.0,0.0,0,207887
1469395,Pampa Energy Inc.,Argentina,4911,Electric Services,20-F,active,2022,1829000000,1139000000,4742000000,2164000000,,,,2458000000,USD,ifrs-full:Revenue,1907,3,0.1433,0.1433,3,209313
1469395,Pampa Energy Inc.,Argentina,4911,Electric Services,20-F,active,2023,1732000000,1107000000,4722000000,2544000000,,,,2309000000,USD,ifrs-full:Revenue,1924,3,0.0494,0.0494,1,202614
1469395,Pampa Energy Inc.,Argentina,4911,Electric Services,20-F,active,2024,1876000000,1279000000,6345000000,2607000000,,,,3050000000,USD,ifrs-full:Revenue,1847,3,0.1114,0.1114,2,179600
1469395,Pampa Energy Inc.,Argentina,4911,Electric Services,20-F,active,2025,,,,,,,,,,,1847,3,0.1104,0.1104,2,181143
1471055,Banco Santander (Brasil) S.A.,Brazil,6029,"Commercial Banks, NEC",20-F,active,2017,,,645703039000,6509883000,30202043000,28364256000,,558615438000,BRL,,,0,0.0813,0.0813,2,245986
1471055,Banco Santander (Brasil) S.A.,Brazil,6029,"Commercial Banks, NEC",20-F,active,2018,,,723865007000,6588975000,30018988000,28378288000,,632269547000,BRL,,,0,0.3048,0.3048,8,262457
1471055,Banco Santander (Brasil) S.A.,Brazil,6029,"Commercial Banks, NEC",20-F,active,2019,,,760612618000,9781957000,30595788000,28375004000,,663403457000,BRL,,,0,0.4573,0.4573,9,196827
1471055,Banco Santander (Brasil) S.A.,Brazil,6029,"Commercial Banks, NEC",20-F,active,2020,,,933578379000,9537111000,30766498000,28360137000,,827488507000,BRL,,,0,0.2698,0.2698,7,259410
1471055,Banco Santander (Brasil) S.A.,Brazil,6029,"Commercial Banks, NEC",20-F,active,2021,,,931208396000,8783785000,30786788000,27915469000,,825233901000,BRL,,,0,0.3094,0.3094,9,290902
1471055,Banco Santander (Brasil) S.A.,Brazil,6029,"Commercial Banks, NEC",20-F,active,2022,,,985450829000,8190763000,31602734000,27889327000,,874770653000,BRL,,,0,0.3189,0.3189,9,282198
1471055,Banco Santander (Brasil) S.A.,Brazil,6029,"Commercial Banks, NEC",20-F,active,2023,,,1115652776000,7085564000,32375513000,27852568000,,1000796422000,BRL,,,0,0.3988,0.3988,11,275795
1471055,Banco Santander (Brasil) S.A.,Brazil,6029,"Commercial Banks, NEC",20-F,active,2024,,,1238796810000,6021900000,32826797000,27892878000,,1118969678000,BRL,,5686,1,1.0157,1.0157,27,265829
1471055,Banco Santander (Brasil) S.A.,Brazil,6029,"Commercial Banks, NEC",20-F,active,2025,,,1270029465000,5046133000,33226983000,27844674000,,1143476321000,BRL,,,0,1.2151,1.2151,33,271586
1499505,Adecoagro S.A.,Argentina,0100,Agricultural Production-Crops,20-F,active,2017,933178000,766727000,1645089000,831377000,,12412000,,962070000,USD,ifrs-full:Revenue,7790,2,0.0,0.0,0,147480
1499505,Adecoagro S.A.,Argentina,0100,Agricultural Production-Crops,20-F,active,2018,793239000,609965000,2277372000,1480439000,,,,1169227000,USD,ifrs-full:Revenue,7743,2,0.0,0.0,0,160130
1499505,Adecoagro S.A.,Argentina,0100,Agricultural Production-Crops,20-F,active,2019,887138000,671173000,2521307000,1493220000,,,,1492424000,USD,ifrs-full:Revenue,8237,2,0.0,0.0,0,171774
1499505,Adecoagro S.A.,Argentina,0100,Agricultural Production-Crops,20-F,active,2020,817764000,611946000,2482236000,1358292000,,,,1518512000,USD,ifrs-full:Revenue,8716,3,0.0539,0.0539,1,185651
1499505,Adecoagro S.A.,Argentina,0100,Agricultural Production-Crops,20-F,active,2021,1124352000,854965000,2582401000,1422623000,,,,1534571000,USD,ifrs-full:Revenue,9104,2,0.0591,0.0591,1,169325
1499505,Adecoagro S.A.,Argentina,0100,Agricultural Production-Crops,20-F,active,2022,1347724000,1075747000,3108855000,1565355000,,,,1945212000,USD,ifrs-full:Revenue,9776,2,0.0581,0.0581,1,172260
1499505,Adecoagro S.A.,Argentina,0100,Agricultural Production-Crops,20-F,active,2023,1298871000,973180000,3164894000,1549565000,,,,1899246000,USD,ifrs-full:Revenue,9762,2,0.0582,0.0582,1,171730
1499505,Adecoagro S.A.,Argentina,0100,Agricultural Production-Crops,20-F,active,2024,1518907000,1198715000,3114888000,1548589000,,,,1706787000,USD,ifrs-full:Revenue,10320,2,0.0574,0.0574,1,174068
1499505,Adecoagro S.A.,Argentina,0100,Agricultural Production-Crops,20-F,active,2025,,,,,,,,,,,,0,0.2759,0.2759,5,181238
1499849,BrasilAgro - Brazilian Agricultural Real Estate Co,Brazil,0100,Agricultural Production-Crops,20-F,active,2017,244278000,228319000,1179599000,84830000,,1403000,,423735000,BRL,ifrs-full:Revenue,,0,0.0,0.0,0,115001
1499849,BrasilAgro - Brazilian Agricultural Real Estate Co,Brazil,0100,Agricultural Production-Crops,20-F,active,2018,357910000,319214000,1357614000,107852000,,1557000,,477081000,BRL,ifrs-full:Revenue,,0,0.0,0.0,0,123275
1499849,BrasilAgro - Brazilian Agricultural Real Estate Co,Brazil,0100,Agricultural Production-Crops,20-F,active,2019,487568000,483813000,2044368000,237238000,1469000,47000,,31029000,BRL,ifrs-full:Revenue,,0,0.0,0.0,0,124172
1499849,BrasilAgro - Brazilian Agricultural Real Estate Co,Brazil,0100,Agricultural Production-Crops,20-F,active,2020,662952000,729145000,3428318000,110390000,1104000,,,1245717000,BRL,ifrs-full:Revenue,,0,0.0,0.0,0,138255
1499849,BrasilAgro - Brazilian Agricultural Real Estate Co,Brazil,0100,Agricultural Production-Crops,20-F,active,2021,1168137000,1142688000,3345263000,128131000,812000,,,1129215000,BRL,ifrs-full:Revenue,,0,0.0,0.0,0,154251
1499849,BrasilAgro - Brazilian Agricultural Real Estate Co,Brazil,0100,Agricultural Production-Crops,20-F,active,2022,903372000,886225000,3508075000,155108000,1917000,,,1310933000,BRL,ifrs-full:Revenue,,0,0.0,0.0,0,162652
1499849,BrasilAgro - Brazilian Agricultural Real Estate Co,Brazil,0100,Agricultural Production-Crops,20-F,active,2023,771126000,747019000,3605082000,202130000,4479000,,,1425403000,BRL,ifrs-full:Revenue,,0,0.0,0.0,0,148023
1499849,BrasilAgro - Brazilian Agricultural Real Estate Co,Brazil,0100,Agricultural Production-Crops,20-F,active,2024,877443000,833910000,3837002000,232669000,5095000,,,1659274000,BRL,ifrs-full:Revenue,,0,0.0,0.0,0,144064
1499849,BrasilAgro - Brazilian Agricultural Real Estate Co,Brazil,0100,Agricultural Production-Crops,20-F,active,2025,,,,,,,,,,,,0,0.0,0.0,0,146087
1504764,Grupo Aval Acciones Y Valores S.A.,Colombia,6029,"Commercial Banks, NEC",20-F,active,2017,31659852000000,3408808000000,236538540000000,6654006000000,848681000000,6901056000000,,210667313000000,COP,ifrs-full:Revenue,31987,1,0.0,0.0,0,299252
1504764,Grupo Aval Acciones Y Valores S.A.,Colombia,6029,"Commercial Banks, NEC",20-F,active,2018,34083225000000,3812993000000,259675153000000,6588483000000,,7318594000000,,230120805000000,COP,ifrs-full:Revenue,32125,1,0.0,0.0,0,310081
1504764,Grupo Aval Acciones Y Valores S.A.,Colombia,6029,"Commercial Banks, NEC",20-F,active,2019,37055156000000,5041089000000,278832589000000,8950411000000,1206491000000,7348587000000,,245484320000000,COP,ifrs-full:Revenue,,0,0.0,0.0,0,316758
1504764,Grupo Aval Acciones Y Valores S.A.,Colombia,6029,"Commercial Banks, NEC",20-F,active,2020,38468156000000,4766263000000,322895870000000,8973952000000,1623670000000,7713817000000,,287456313000000,COP,ifrs-full:Revenue,,0,0.0314,0.0314,1,318514
1504764,Grupo Aval Acciones Y Valores S.A.,Colombia,6029,"Commercial Banks, NEC",20-F,active,2021,39064493000000,,366903925000000,9100553000000,1886042000000,8486560000000,,327432278000000,COP,ifrs-full:Revenue,,0,0.0513,0.0513,2,389888
1504764,Grupo Aval Acciones Y Valores S.A.,Colombia,6029,"Commercial Banks, NEC",20-F,active,2022,37274770000000,,295591236000000,7235441000000,2040158000000,2248217000000,,264769577000000,COP,ifrs-full:Revenue,,0,0.0779,0.0779,3,385318
1504764,Grupo Aval Acciones Y Valores S.A.,Colombia,6029,"Commercial Banks, NEC",20-F,active,2023,47658238000000,,301181596000000,,2382427000000,2202222000000,,269661180000000,COP,ifrs-full:Revenue,2200,4,0.055,0.055,2,363529
1504764,Grupo Aval Acciones Y Valores S.A.,Colombia,6029,"Commercial Banks, NEC",20-F,active,2024,46492667000000,,327859383000000,,2758318000000,2223608000000,,294696465000000,COP,ifrs-full:Revenue,70000,2,0.4666,0.4666,5,107149
1504764,Grupo Aval Acciones Y Valores S.A.,Colombia,6029,"Commercial Banks, NEC",20-F,active,2025,,,,,,,,,,,6522,1,0.4723,0.4723,18,381144
1508478,Arcos Dorados Holdings Inc.,Argentina,5812,Retail-Eating  Places,20-F,active,2017,3319525000,,1803743000,890736000,40651000,7078000,,1307601000,USD,us-gaap:RevenueFromContractWithCustomerExcludingAssessedTax,78806,2,0.0,0.0,0,116764
1508478,Arcos Dorados Holdings Inc.,Argentina,5812,Retail-Eating  Places,20-F,active,2018,3081571000,67927000,1578039000,856192000,35082000,5939000,,1185280000,USD,us-gaap:RevenueFromContractWithCustomerExcludingAssessedTax,78691,3,0.0,0.0,0,112426
1508478,Arcos Dorados Holdings Inc.,Argentina,5812,Retail-Eating  Places,20-F,active,2019,2959077000,61278000,2557685000,960986000,36261000,6783000,,2136119000,USD,us-gaap:RevenueFromContractWithCustomerExcludingAssessedTax,80855,2,0.0,0.0,0,121441
1508478,Arcos Dorados Holdings Inc.,Argentina,5812,Retail-Eating  Places,20-F,active,2020,1984219000,43512000,2293954000,796532000,31445000,5601000,,2095938000,USD,us-gaap:RevenueFromContractWithCustomerExcludingAssessedTax,73438,2,0.0,0.0,0,124073
1508478,Arcos Dorados Holdings Inc.,Argentina,5812,Retail-Eating  Places,20-F,active,2021,2659941000,50627000,2361257000,743533000,33598000,5210000,,2140095000,USD,us-gaap:RevenueFromContractWithCustomerExcludingAssessedTax,81256,2,0.0,0.0,0,133702
1508478,Arcos Dorados Holdings Inc.,Argentina,5812,Retail-Eating  Places,20-F,active,2022,3618902000,68028000,2636630000,856085000,47342000,7227000,,2312203000,USD,us-gaap:RevenueFromContractWithCustomerExcludingAssessedTax,93647,2,0.0,0.0,0,133653
1508478,Arcos Dorados Holdings Inc.,Argentina,5812,Retail-Eating  Places,20-F,active,2023,4331878000,83359000,3019238000,1119885000,58129000,11897000,,2502399000,USD,us-gaap:RevenueFromContractWithCustomerExcludingAssessedTax,100795,2,0.0,0.0,0,129801
1508478,Arcos Dorados Holdings Inc.,Argentina,5812,Retail-Eating  Places,20-F,active,2024,4470162000,83665000,2892654000,1127042000,53303000,13341000,,2383225000,USD,us-gaap:RevenueFromContractWithCustomerExcludingAssessedTax,98615,2,0.1568,0.1568,2,127544
1508478,Arcos Dorados Holdings Inc.,Argentina,5812,Retail-Eating  Places,20-F,active,2025,4678259000,89518000,3885844000,1308732000,132344000,16606000,,3113705000,USD,us-gaap:RevenueFromContractWithCustomerExcludingAssessedTax,96782,3,0.1659,0.1659,2,120542
1517399,Grupo Supervielle S.A.,Argentina,6029,"Commercial Banks, NEC",20-F,active,2017,28997855000,,208027788000,2060551000,459420000,165975000,,176812473000,ARS,ifrs-full:Revenue,4982,12,0.0,0.0445,1,224927
1517399,Grupo Supervielle S.A.,Argentina,6029,"Commercial Banks, NEC",20-F,active,2018,35765451000,,218032810000,3359290000,4170146000,2678965000,,191930415000,ARS,ifrs-full:Revenue,3522,19,0.0,0.0,0,224383
1517399,Grupo Supervielle S.A.,Argentina,6029,"Commercial Banks, NEC",20-F,active,2019,57385656000,,202420215000,5448454000,5919425000,3632645000,,170515129000,ARS,ifrs-full:Revenue,5019,13,0.0,0.1346,3,222910
1517399,Grupo Supervielle S.A.,Argentina,6029,"Commercial Banks, NEC",20-F,active,2020,122460154000,,376193262000,10722347000,10237674000,5494180000,,322338052000,ARS,ifrs-full:Revenue,3936,13,0.0,0.0,0,221281
1517399,Grupo Supervielle S.A.,Argentina,6029,"Commercial Banks, NEC",20-F,active,2021,337049524000,,760478509000,21495256000,22249482000,10702288000,,660061811000,ARS,ifrs-full:Revenue,3837,13,0.0,0.1312,3,228626
1517399,Grupo Supervielle S.A.,Argentina,6029,"Commercial Banks, NEC",20-F,active,2022,749780090000,,2165989190000,57217390000,69368706000,31027144000,,1878445532000,ARS,ifrs-full:Revenue,386,13,0.0,0.085,2,235204
1517399,Grupo Supervielle S.A.,Argentina,6029,"Commercial Banks, NEC",20-F,active,2023,996155088000,,4481592876000,51151635000,147282372000,58855290000,,3737601788000,ARS,ifrs-full:Revenue,3494,8,0.0845,0.2534,6,236820
1517399,Grupo Supervielle S.A.,Argentina,6029,"Commercial Banks, NEC",20-F,active,2024,857585866000,,4505842884000,,166012077000,58855290000,,3707043870000,ARS,ifrs-full:Revenue,700,9,0.1561,0.6243,16,256274
1517399,Grupo Supervielle S.A.,Argentina,6029,"Commercial Banks, NEC",20-F,active,2025,,,,,,,,,,,3196,8,0.1137,0.7198,19,263958
1520504,"Controladora Vuela Compania de Aviacion, S.A.B. de C.V.",Mexico,4512,"Air Transportation, Scheduled",20-F,active,2017,,,49952973000,5782282000,190420000,,,46127620000,MXN,,4752,2,0.0,0.0,0,132285
1520504,"Controladora Vuela Compania de Aviacion, S.A.B. de C.V.",Mexico,4512,"Air Transportation, Scheduled",20-F,active,2018,,,56724683000,5782282000,179124000,,,54019530000,MXN,,4600,2,0.0,0.0,0,140087
1520504,"Controladora Vuela Compania de Aviacion, S.A.B. de C.V.",Mexico,4512,"Air Transportation, Scheduled",20-F,active,2019,,,63295127000,7385334000,167397000,,,57765444000,MXN,,4950,2,0.0,0.0,0,147563
1520504,"Controladora Vuela Compania de Aviacion, S.A.B. de C.V.",Mexico,4512,"Air Transportation, Scheduled",20-F,active,2020,,,3418223000,364994000,9603000,,,3278055000,USD,,4846,2,0.0,0.0,0,149188
1520504,"Controladora Vuela Compania de Aviacion, S.A.B. de C.V.",Mexico,4512,"Air Transportation, Scheduled",20-F,active,2021,,,3984568000,454602000,12632000,,,3671431000,USD,,6714,2,0.0,0.0,0,168249
1520504,"Controladora Vuela Compania de Aviacion, S.A.B. de C.V.",Mexico,4512,"Air Transportation, Scheduled",20-F,active,2022,,,4467653000,478771000,12725000,,,4232916000,USD,,7364,2,0.0,0.0,0,168272
1520504,"Controladora Vuela Compania de Aviacion, S.A.B. de C.V.",Mexico,4512,"Air Transportation, Scheduled",20-F,active,2023,,,5145972000,804610000,16219000,,,4903378000,USD,,7198,2,0.0,0.1211,2,165128
1520504,"Controladora Vuela Compania de Aviacion, S.A.B. de C.V.",Mexico,4512,"Air Transportation, Scheduled",20-F,active,2024,,,5703710000,1070070000,25957000,,,5338897000,USD,,6901,2,1.0136,1.0136,16,157848
1520504,"Controladora Vuela Compania de Aviacion, S.A.B. de C.V.",Mexico,4512,"Air Transportation, Scheduled",20-F,active,2025,,,,,,,,,,,7098,2,0.0605,1.7541,29,165327
1534675,Tecnoglass Inc.,Colombia,3211,Flat Glass,10-K,active,2017,314456000,215274000,468000000,168701000,11517000,23130000,,346335000,USD,us-gaap:RevenueFromContractWithCustomerExcludingAssessedTax,5399,4,0.0,0.0,0,48929
1534675,Tecnoglass Inc.,Colombia,3211,Flat Glass,10-K,active,2018,370984000,250767000,489774000,149199000,9006000,23561000,,356546000,USD,us-gaap:RevenueFromContractWithCustomerExcludingAssessedTax,5852,4,0.0,0.0,0,55117
1534675,Tecnoglass Inc.,Colombia,3211,Flat Glass,10-K,active,2019,430912000,295103000,569668000,154609000,6703000,23561000,,382458000,USD,us-gaap:RevenueFromContractWithCustomerExcludingAssessedTax,5852,4,0.0,0.0,0,48930
1534675,Tecnoglass Inc.,Colombia,3211,Flat Glass,10-K,active,2020,376607000,237166000,530112000,152474000,5112000,23561000,,321570000,USD,us-gaap:RevenueFromContractWithCustomerExcludingAssessedTax,5583,4,0.0,0.0,0,50763
1534675,Tecnoglass Inc.,Colombia,3211,Flat Glass,10-K,active,2021,496785000,294201000,591563000,166629000,3337000,23561000,,346865000,USD,us-gaap:RevenueFromContractWithCustomerExcludingAssessedTax,6908,3,0.0,0.0,0,54266
1534675,Tecnoglass Inc.,Colombia,3211,Flat Glass,10-K,active,2022,716570000,367071000,734308000,202865000,2706000,23561000,,383983000,USD,us-gaap:RevenueFromContractWithCustomerExcludingAssessedTax,8770,4,0.0,0.0,0,57854
1534675,Tecnoglass Inc.,Colombia,3211,Flat Glass,10-K,active,2023,833265000,442331000,962717000,324591000,3475000,23561000,,414697000,USD,us-gaap:RevenueFromContractWithCustomerExcludingAssessedTax,8531,3,0.0,0.0,0,58698
1534675,Tecnoglass Inc.,Colombia,3211,Flat Glass,10-K,active,2024,890181000,510209000,1016648000,344433000,4389000,23561000,,385465000,USD,us-gaap:RevenueFromContractWithCustomerExcludingAssessedTax,8531,5,0.0,0.0,0,55886
1534675,Tecnoglass Inc.,Colombia,3211,Flat Glass,10-K,active,2025,983610000,562200000,1260392000,476159000,12959000,30059000,,547340000,USD,us-gaap:RevenueFromContractWithCustomerExcludingAssessedTax,9601,5,0.0,0.0,0,58775
1540684,Atlas Lithium Corp,Brazil,1400,Mining & Quarrying of  Nonmetallic Minerals (No Fuels),10-K,active,2017,,208840,1291395,365472,620805,,,1811042,USD,,,0,0.0,0.0,0,22179
1540684,Atlas Lithium Corp,Brazil,1400,Mining & Quarrying of  Nonmetallic Minerals (No Fuels),10-K,active,2018,,126217,987357,243778,530293,,,2261987,USD,,,0,0.0,0.0,0,23500
1540684,Atlas Lithium Corp,Brazil,1400,Mining & Quarrying of  Nonmetallic Minerals (No Fuels),10-K,active,2019,,182168,1026441,172802,509862,,,2347085,USD,,,0,0.0,0.0,0,21313
1540684,Atlas Lithium Corp,Brazil,1400,Mining & Quarrying of  Nonmetallic Minerals (No Fuels),10-K,active,2020,,129943,951888,89276,407467,,,2448140,USD,,,0,0.0,0.0,0,27877
1540684,Atlas Lithium Corp,Brazil,1400,Mining & Quarrying of  Nonmetallic Minerals (No Fuels),10-K,active,2021,,245810,1564197,53827,1302440,,,1107331,USD,,,0,0.0,0.0,0,37506
1540684,Atlas Lithium Corp,Brazil,1400,Mining & Quarrying of  Nonmetallic Minerals (No Fuels),10-K,active,2022,,63548,5684231,217550,4971267,,,,USD,,,0,0.0,0.0,0,46977
1540684,Atlas Lithium Corp,Brazil,1400,Mining & Quarrying of  Nonmetallic Minerals (No Fuels),10-K,active,2023,,,43573669,13477602,45777,,,,USD,,,0,0.0,0.0,0,50457
1540684,Atlas Lithium Corp,Brazil,1400,Mining & Quarrying of  Nonmetallic Minerals (No Fuels),10-K,active,2024,748654,401437,57854608,38855071,399773,,,,USD,us-gaap:RevenueFromContractWithCustomerExcludingAssessedTax,,0,0.1916,0.1916,1,52203
1540684,Atlas Lithium Corp,Brazil,1400,Mining & Quarrying of  Nonmetallic Minerals (No Fuels),10-K,active,2025,121388,151922,87697452,47959905,309258,,,,USD,us-gaap:RevenueFromContractWithCustomerExcludingAssessedTax,,0,0.2271,0.2271,1,44036
1557860,Globant S.A.,Argentina,7374,Services-Computer Processing & Data Preparation,20-F,active,2017,413439000,263171000,357177000,43879000,11365000,98926000,,93813000,USD,ifrs-full:Revenue,5041,1,1.2783,1.2783,19,148638
1557860,Globant S.A.,Argentina,7374,Services-Computer Processing & Data Preparation,20-F,active,2018,522310000,318554000,437099000,51460000,11778000,104846000,,99183000,USD,ifrs-full:Revenue,5631,1,0.7494,0.7494,12,160131
1557860,Globant S.A.,Argentina,7374,Services-Computer Processing & Data Preparation,20-F,active,2019,659325000,405164000,687764000,87533000,27110000,188538000,,249050000,USD,ifrs-full:Revenue,3745,3,1.4751,1.4751,24,162699
1557860,Globant S.A.,Argentina,7374,Services-Computer Processing & Data Preparation,20-F,active,2020,814139000,509812000,1288767000,101027000,86721000,392760000,,408828000,USD,ifrs-full:Revenue,8384,2,1.5704,1.5704,26,165561
1557860,Globant S.A.,Argentina,7374,Services-Computer Processing & Data Preparation,20-F,active,2021,1297078000,802090000,1884531000,133373000,102016000,567451000,,576218000,USD,ifrs-full:Revenue,11855,2,1.4019,1.4019,23,164059
1557860,Globant S.A.,Argentina,7374,Services-Computer Processing & Data Preparation,20-F,active,2022,1780243000,1110848000,2195789000,161733000,182572000,734952000,,639629000,USD,ifrs-full:Revenue,16251,2,2.7336,2.7336,39,142670
1557860,Globant S.A.,Argentina,7374,Services-Computer Processing & Data Preparation,20-F,active,2023,2095939000,1340178000,2726866000,162736000,285661000,1105072000,,931185000,USD,ifrs-full:Revenue,23526,1,2.2801,2.2801,32,140342
1557860,Globant S.A.,Argentina,7374,Services-Computer Processing & Data Preparation,20-F,active,2024,2415689000,1552322000,3149260000,154755000,378024000,1483443000,,1115911000,USD,ifrs-full:Revenue,31000,2,2.1363,2.1363,29,135747
1557860,Globant S.A.,Argentina,7374,Services-Computer Processing & Data Preparation,20-F,active,2025,2454877000,1595586000,3318235000,137331000,345951000,1601523000,,1156599000,USD,ifrs-full:Revenue,28773,3,3.3516,3.3516,45,134265
1562767,Netshoes (Cayman) Ltd.,Brazil,5961,Retail-Catalog & Mail-Order Houses,20-F,delisted_in_window,2017,1835212000,1247014000,1497125000,73039000,115839000,,,1013776000,BRL,ifrs-full:Revenue,2728,3,0.0,0.0,0,106189
1562767,Netshoes (Cayman) Ltd.,Brazil,5961,Retail-Catalog & Mail-Order Houses,20-F,delisted_in_window,2018,1808064000,1389842000,994332000,76489000,143317000,,,837782000,BRL,ifrs-full:Revenue,2429,4,0.0,0.0,0,112084
1565025,AMBEV S.A.,Brazil,2080,Beverages,20-F,active,2017,47899300000,18028400000,88766200000,20705100000,4674700000,31401900000,,40846600000,BRL,ifrs-full:Revenue,51432,2,0.0,0.0,0,124529
1565025,AMBEV S.A.,Brazil,2080,Beverages,20-F,active,2018,50231300000,19249400000,95714300000,21638000000,5840600000,34276200000,,38259600000,BRL,ifrs-full:Revenue,49617,2,0.0,0.0,0,126982
1565025,AMBEV S.A.,Brazil,2080,Beverages,20-F,active,2019,52005100000,21678200000,101742900000,22576300000,6306400000,35009900000,,39186900000,BRL,ifrs-full:Revenue,51352,2,0.0,0.0,0,133053
1565025,AMBEV S.A.,Brazil,2080,Beverages,20-F,active,2020,58379000000,27066100000,125196300000,24768400000,7580600000,40023500000,,50045100000,BRL,ifrs-full:Revenue,50479,2,0.0,0.0,0,139308
1565025,AMBEV S.A.,Brazil,2080,Beverages,20-F,active,2021,72854300000,35659700000,138602500000,29224300000,8689000000,42411300000,,54584900000,BRL,ifrs-full:Revenue,52806,2,0.0,0.0,0,174979
1565025,AMBEV S.A.,Brazil,2080,Beverages,20-F,active,2022,79708800000,40422100000,137958000000,30055700000,9222200000,40594000000,,54630200000,BRL,ifrs-full:Revenue,47108,2,0.0,0.0,0,153686
1565025,AMBEV S.A.,Brazil,2080,Beverages,20-F,active,2023,79736900000,39291600000,132644300000,26630200000,10041700000,38003600000,,52500500000,BRL,ifrs-full:Revenue,42774,2,0.0,0.0,0,152288
1565025,AMBEV S.A.,Brazil,2080,Beverages,20-F,active,2024,89452700000,43615100000,162508300000,30170200000,12530700000,44342700000,,62927800000,BRL,ifrs-full:Revenue,42167,2,0.0,0.0638,1,156680
1565025,AMBEV S.A.,Brazil,2080,Beverages,20-F,active,2025,88242500000,42864100000,145087200000,27644300000,11042700000,41538400000,,56312400000,BRL,ifrs-full:Revenue,39606,2,0.0636,0.0636,1,157125
1572621,AENZA S.A.A.,Peru,1600,Heavy Construction Other Than Bldg Const - Contractors,20-F,delisted_in_window,2017,4014013000,3511561000,8667670000,865735000,,116804000,,6078592000,PEN,ifrs-full:Revenue,31520,2,0.0,0.0,0,182151
1572621,AENZA S.A.A.,Peru,1600,Heavy Construction Other Than Bldg Const - Contractors,20-F,delisted_in_window,2018,4202398000,3488428000,7430396000,503584000,,93288000,,4940465000,PEN,ifrs-full:Revenue,11891,2,0.0,0.0,0,175137
1572621,AENZA S.A.A.,Peru,1600,Heavy Construction Other Than Bldg Const - Contractors,20-F,delisted_in_window,2019,4085004000,3643241000,6404464000,854227000,,57367000,,4528379000,PEN,ifrs-full:Revenue,15164,3,0.0,0.0,0,169159
1572621,AENZA S.A.A.,Peru,1600,Heavy Construction Other Than Bldg Const - Contractors,20-F,delisted_in_window,2020,3185553000,2836153000,6026750000,791990000,791990000,58946000,,4431454000,PEN,ifrs-full:Revenue,18204,2,0.0,0.0,0,174595
1572621,AENZA S.A.A.,Peru,1600,Heavy Construction Other Than Bldg Const - Contractors,20-F,delisted_in_window,2021,4141398000,3664692000,5837131000,303170000,743391000,57080000,,4381121000,PEN,ifrs-full:Revenue,18598,2,0.0,0.0,0,180431
1572621,AENZA S.A.A.,Peru,1600,Heavy Construction Other Than Bldg Const - Contractors,20-F,delisted_in_window,2022,4405124000,3905604000,5921280000,284465000,787336000,,,4575274000,PEN,ifrs-full:Revenue,13261,2,0.0,0.0,0,198679
1572621,AENZA S.A.A.,Peru,1600,Heavy Construction Other Than Bldg Const - Contractors,20-F,delisted_in_window,2023,4301475000,3605907000,5934508000,307165000,752456000,,,4447219000,PEN,ifrs-full:Revenue,12787,2,0.0,0.0,0,197504
1575969,Avianca Holdings S.A.,Colombia,4512,"Air Transportation, Scheduled",20-F,delisted_in_window,2017,4441684000,,6861396000,4881016000,115306000,311273000,,5521696000,USD,ifrs-full:Revenue,25306,4,0.0,0.0,0,160053
1575969,Avianca Holdings S.A.,Colombia,4512,"Air Transportation, Scheduled",20-F,delisted_in_window,2018,4890830000,,7118643000,5313317000,205770000,308033000,,6126182000,USD,ifrs-full:Revenue,11001,5,0.0,0.0,0,199363
1575969,Avianca Holdings S.A.,Colombia,4512,"Air Transportation, Scheduled",20-F,delisted_in_window,2019,4621496000,,7273910000,4953317000,197474000,308033000,,7268743000,USD,ifrs-full:Revenue,20874,3,0.0,0.0,0,151287
1575969,Avianca Holdings S.A.,Colombia,4512,"Air Transportation, Scheduled",20-F,delisted_in_window,2020,1711585000,,6860494000,4811544000,180892000,308033000,,8162266000,USD,ifrs-full:Revenue,4740,5,0.0,0.0,0,141073
1615903,Intercorp Financial Services Inc.,Peru,6029,"Commercial Banks, NEC",20-F,active,2017,,,,612639000,,,,,PEN,,,,,,,
1615903,Intercorp Financial Services Inc.,Peru,6029,"Commercial Banks, NEC",20-F,active,2018,,,63744409000,950943000,,,,56655933000,PEN,,,,,,,
1615903,Intercorp Financial Services Inc.,Peru,6029,"Commercial Banks, NEC",20-F,active,2019,,,71562293000,844427000,,,,62658845000,PEN,,662,7,0.5263,0.5263,12,228005
1615903,Intercorp Financial Services Inc.,Peru,6029,"Commercial Banks, NEC",20-F,active,2020,,,88236029000,844427000,,,,79282080000,PEN,,678,7,0.5978,0.5978,14,234179
1615903,Intercorp Financial Services Inc.,Peru,6029,"Commercial Banks, NEC",20-F,active,2021,,,89954787000,815118000,,,,81219959000,PEN,,811,7,0.4958,0.4958,13,262206
1615903,Intercorp Financial Services Inc.,Peru,6029,"Commercial Banks, NEC",20-F,active,2022,,,87482089000,791432000,,,,78055862000,PEN,,667,9,0.7785,0.7785,21,269743
1615903,Intercorp Financial Services Inc.,Peru,6029,"Commercial Banks, NEC",20-F,active,2023,,,89624779000,804832000,,,,79616678000,PEN,,648,9,0.8349,0.8349,24,287466
1615903,Intercorp Financial Services Inc.,Peru,6029,"Commercial Banks, NEC",20-F,active,2024,,,95503781000,814432000,,,,84525186000,PEN,,1274,7,0.8434,0.8434,23,272718
1615903,Intercorp Financial Services Inc.,Peru,6029,"Commercial Banks, NEC",20-F,active,2025,,,,,,,,,,,1518,7,0.8909,0.8909,24,269396
1659939,Enel Chile S.A.,Chile,4911,Electric Services,20-F,active,2017,2484101582000,,5694773008000,3585687137000,55170904000,887257655000,,1907811351000,CLP,ifrs-full:Revenue,1948,3,0.0,0.0,0,152121
1659939,Enel Chile S.A.,Chile,4911,Electric Services,20-F,active,2018,2410360459000,,7488020164000,5290992961000,115372393000,915044725000,,3813856383000,CLP,ifrs-full:Revenue,2062,3,0.0,0.0,0,152945
1659939,Enel Chile S.A.,Chile,4911,Electric Services,20-F,active,2019,2624576323000,,7857988164000,5304476114000,132278593000,917352974000,,4110704512000,CLP,ifrs-full:Revenue,2148,3,0.0,0.0,0,162083
1659939,Enel Chile S.A.,Chile,4911,Electric Services,20-F,active,2020,2548384317000,,7904471584000,5033496472000,165114521000,915705369000,,4310197085000,CLP,ifrs-full:Revenue,2219,3,0.0,0.0,0,179854
1659939,Enel Chile S.A.,Chile,4911,Electric Services,20-F,active,2021,2829682404000,,9500323596000,6110688761000,191221555000,921078198000,,6153830698000,CLP,ifrs-full:Revenue,2215,3,0.0,0.0,0,200281
1659939,Enel Chile S.A.,Chile,4911,Electric Services,20-F,active,2022,4379000090000,,11865579732000,6572353994000,191441263000,883613429000,,7476640429000,CLP,ifrs-full:Revenue,2158,3,0.0,0.0,0,218683
1659939,Enel Chile S.A.,Chile,4911,Electric Services,20-F,active,2023,4262591097000,,11833721036000,6850184820000,195009500000,884464658000,,7072834764000,CLP,ifrs-full:Revenue,2077,3,0.0,0.0,0,223305
1659939,Enel Chile S.A.,Chile,4911,Electric Services,20-F,active,2024,3904732890000,,12719897584000,7552861067000,293348456000,889242912000,,7393518069000,CLP,ifrs-full:Revenue,1952,3,0.1358,0.1358,3,220905
1659939,Enel Chile S.A.,Chile,4911,Electric Services,20-F,active,2025,,,,,,,,,,,1852,4,0.6927,0.6927,17,245404
1691493,Nu Holdings Ltd.,Brazil,6199,Finance Services,20-F,active,2019,612109000,,,,,,,,USD,ifrs-full:Revenue,,,,,,
1691493,Nu Holdings Ltd.,Brazil,6199,Finance Services,20-F,active,2020,737133000,,10154250000,9850000,12372000,831000,,9716139000,USD,ifrs-full:Revenue,,,,,,
1691493,Nu Holdings Ltd.,Brazil,6199,Finance Services,20-F,active,2021,1698023000,,19858681000,14109000,72337000,401872000,,15416140000,USD,ifrs-full:Revenue,2452,3,1.1801,1.1801,26,220317
1691493,Nu Holdings Ltd.,Brazil,6199,Finance Services,20-F,active,2022,4792231000,,29934872000,27482000,182164000,397397000,,25044089000,USD,ifrs-full:Revenue,2929,2,1.2738,1.2738,29,227664
1691493,Nu Holdings Ltd.,Brazil,6199,Finance Services,20-F,active,2023,8028976000,,43345195000,39294000,295881000,397538000,,36938810000,USD,ifrs-full:Revenue,7700,2,1.4211,1.4211,31,218137
1691493,Nu Holdings Ltd.,Brazil,6199,Finance Services,20-F,active,2024,11517075000,,49931214000,25879000,347616000,414287000,,42284138000,USD,ifrs-full:Revenue,8049,1,2.0686,2.0686,46,222373
1691493,Nu Holdings Ltd.,Brazil,6199,Finance Services,20-F,active,2025,,,,,,,,,,,7686,1,2.3074,2.3074,45,195026
1698287,"Banco Santander Mexico S.A., Institucion de Banca Multiple, Grupo Financiero Santander Mexico",Mexico,6029,"Commercial Banks, NEC",20-F,delisted_in_window,2017,,,1329191000000,6498000000,5226000000,1734000000,,1213781000000,MXN,,15116,4,0.0,0.0,0,312572
1698287,"Banco Santander Mexico S.A., Institucion de Banca Multiple, Grupo Financiero Santander Mexico",Mexico,6029,"Commercial Banks, NEC",20-F,delisted_in_window,2018,,,1408724000000,8714000000,6310000000,1734000000,,1285437000000,MXN,,16016,4,0.0707,0.0707,2,282809
1698287,"Banco Santander Mexico S.A., Institucion de Banca Multiple, Grupo Financiero Santander Mexico",Mexico,6029,"Commercial Banks, NEC",20-F,delisted_in_window,2019,,,1467548000000,10542000000,7098000000,1734000000,,1332750000000,MXN,,15857,4,0.0737,0.0737,2,271278
1698287,"Banco Santander Mexico S.A., Institucion de Banca Multiple, Grupo Financiero Santander Mexico",Mexico,6029,"Commercial Banks, NEC",20-F,delisted_in_window,2020,,,1837914000000,12206000000,6873000000,1734000000,,1684080000000,MXN,,21183,4,0.1153,0.1153,4,347042
1698287,"Banco Santander Mexico S.A., Institucion de Banca Multiple, Grupo Financiero Santander Mexico",Mexico,6029,"Commercial Banks, NEC",20-F,delisted_in_window,2021,,,1678213000000,12620000000,7677000000,1734000000,,1514625000000,MXN,,25276,4,0.0844,0.0844,3,355559
1698287,"Banco Santander Mexico S.A., Institucion de Banca Multiple, Grupo Financiero Santander Mexico",Mexico,6029,"Commercial Banks, NEC",20-F,delisted_in_window,2022,,,1813421000000,13707000000,8947000000,1734000000,,1649967000000,MXN,,25990,4,0.0548,0.0548,2,364891
1703141,"Despegar.com, Corp.",Argentina,4700,Transportation Services,20-F,delisted_in_window,2017,,142479000,738694000,16171000,35424000,38733000,71308000,520736000,USD,,2961,2,0.3088,0.3088,3,97155
1703141,"Despegar.com, Corp.",Argentina,4700,Transportation Services,20-F,delisted_in_window,2018,,172110000,763947000,19716000,37512000,36207000,71154000,516373000,USD,,3398,2,0.3164,0.3164,3,94810
1703141,"Despegar.com, Corp.",Argentina,4700,Transportation Services,20-F,delisted_in_window,2019,,179565000,801213000,21205000,49619000,46956000,73375000,606977000,USD,,3029,2,0.2998,0.2998,3,100078
1703141,"Despegar.com, Corp.",Argentina,4700,Transportation Services,20-F,delisted_in_window,2020,131334000,103825000,840978000,22462000,96495000,123217000,67043000,606241000,USD,us-gaap:RevenueFromContractWithCustomerExcludingAssessedTax,3577,2,0.2432,0.2432,3,123348
1703141,"Despegar.com, Corp.",Argentina,4700,Transportation Services,20-F,delisted_in_window,2021,322843000,160240000,822121000,17285000,85723000,122426000,74743000,694989000,USD,us-gaap:RevenueFromContractWithCustomerExcludingAssessedTax,3824,2,0.306,0.306,4,130707
1703141,"Despegar.com, Corp.",Argentina,4700,Transportation Services,20-F,delisted_in_window,2022,537972000,182898000,804192000,15532000,91500000,138637000,89992000,763193000,USD,us-gaap:RevenueFromContractWithCustomerExcludingAssessedTax,4543,2,0.3638,0.3638,5,137455
1703141,"Despegar.com, Corp.",Argentina,4700,Transportation Services,20-F,delisted_in_window,2023,706040000,228938000,898334000,16400000,90421000,150752000,109130000,842680000,USD,us-gaap:RevenueFromContractWithCustomerExcludingAssessedTax,4593,2,1.4547,1.4547,18,123733
1703141,"Despegar.com, Corp.",Argentina,4700,Transportation Services,20-F,delisted_in_window,2024,774061000,208142000,904787000,14190000,83050000,125832000,107958000,857151000,USD,us-gaap:RevenueFromContractWithCustomerExcludingAssessedTax,3956,2,1.476,1.476,19,128724
1711375,Loma Negra Compania Industrial Argentina Sociedad Anonima,Argentina,3241,"Cement, Hydraulic",20-F,active,2017,38209835000,28474285000,29525708170,18310023378,224682237,16577250,,15394769881,ARS,ifrs-full:Revenue,1239,2,0.0,0.0,0,125369
1711375,Loma Negra Compania Industrial Argentina Sociedad Anonima,Argentina,3241,"Cement, Hydraulic",20-F,active,2018,51238154000,38393415000,50558310000,33655357000,336177000,25501000,,25094077000,ARS,ifrs-full:Revenue,1232,2,0.0,0.0,0,134050
1711375,Loma Negra Compania Industrial Argentina Sociedad Anonima,Argentina,3241,"Cement, Hydraulic",20-F,active,2019,72079294000,52386043000,75725586000,53774641000,171467000,34717000,,35798859000,ARS,ifrs-full:Revenue,1221,3,0.0,0.0,0,144587
1711375,Loma Negra Compania Industrial Argentina Sociedad Anonima,Argentina,3241,"Cement, Hydraulic",20-F,active,2020,122382364000,85344521000,107086884000,80839908000,290311000,52403000,,38573540000,ARS,ifrs-full:Revenue,2900,4,0.0,0.0,0,140477
1711375,Loma Negra Compania Industrial Argentina Sociedad Anonima,Argentina,3241,"Cement, Hydraulic",20-F,active,2021,446871607000,305630509000,204242567000,158357491000,563115000,102078000,,62997858000,ARS,ifrs-full:Revenue,2849,4,0.0,0.0,0,136667
1711375,Loma Negra Compania Industrial Argentina Sociedad Anonima,Argentina,3241,"Cement, Hydraulic",20-F,active,2022,984191542000,718413301000,631825607000,477921441000,1463250000,317878000,,270757053000,ARS,ifrs-full:Revenue,2886,4,0.0,0.0,0,140326
1711375,Loma Negra Compania Industrial Argentina Sociedad Anonima,Argentina,3241,"Cement, Hydraulic",20-F,active,2023,919312709000,688685258000,1391171816000,1049899221000,3452567000,692222000,,750464331000,ARS,ifrs-full:Revenue,2885,4,0.0,0.0,0,137122
1711375,Loma Negra Compania Industrial Argentina Sociedad Anonima,Argentina,3241,"Cement, Hydraulic",20-F,active,2024,699178686000,512197718000,1408332054000,1054198440000,2897120000,692222000,,615210312000,ARS,ifrs-full:Revenue,2821,4,0.0,0.0,0,134630
1711375,Loma Negra Compania Industrial Argentina Sociedad Anonima,Argentina,3241,"Cement, Hydraulic",20-F,active,2025,,,,,,,,,,,2689,4,0.0,0.0,0,136782
1712807,PagSeguro Digital Ltd.,Brazil,7374,Services-Computer Processing & Data Preparation,20-F,active,2017,2523385000,1324380000,4235757000,10889000,158868000,,,3365366000,BRL,ifrs-full:Revenue,,0,0.3737,0.5606,6,107027
1712807,PagSeguro Digital Ltd.,Brazil,7374,Services-Computer Processing & Data Preparation,20-F,active,2018,4334692000,2144699000,11417278000,67104000,,,,4842900000,BRL,ifrs-full:Revenue,,0,0.4584,0.4584,5,109083
1712807,PagSeguro Digital Ltd.,Brazil,7374,Services-Computer Processing & Data Preparation,20-F,active,2019,5707209000,2762087000,14582248000,399990000,,,,6567300000,BRL,ifrs-full:Revenue,,0,0.3958,0.3958,5,126322
1712807,PagSeguro Digital Ltd.,Brazil,7374,Services-Computer Processing & Data Preparation,20-F,active,2020,6814673000,3772298000,22324322000,1802613000,,,,12996863000,BRL,ifrs-full:Revenue,,0,0.4249,0.4249,6,141222
1712807,PagSeguro Digital Ltd.,Brazil,7374,Services-Computer Processing & Data Preparation,20-F,active,2021,10448722000,5775895000,31075804000,2289052000,,,,20573606000,BRL,ifrs-full:Revenue,,0,0.4496,0.4496,7,155692
1712807,PagSeguro Digital Ltd.,Brazil,7374,Services-Computer Processing & Data Preparation,20-F,active,2022,15334914000,7470895000,45329322000,2493499000,,,,33487196000,BRL,ifrs-full:Revenue,,0,0.4025,0.4025,6,149050
1712807,PagSeguro Digital Ltd.,Brazil,7374,Services-Computer Processing & Data Preparation,20-F,active,2023,15948401000,8132580000,55108093000,2451011000,,,,41867408000,BRL,ifrs-full:Revenue,7273,2,0.4641,0.4641,7,150844
1712807,PagSeguro Digital Ltd.,Brazil,7374,Services-Computer Processing & Data Preparation,20-F,active,2024,18809632000,,72900617000,2572336000,,,,58232245000,BRL,ifrs-full:Revenue,8595,2,0.8364,0.8364,12,143464
1712807,PagSeguro Digital Ltd.,Brazil,7374,Services-Computer Processing & Data Preparation,20-F,active,2025,,,,,,,,,,,8645,2,0.8808,0.8808,13,147586
1713930,Nexa Resources S.A.,Peru,1000,Metal Mining,20-F,active,2017,2449484000,1752825000,5961524000,1996514000,,,,3052621000,USD,ifrs-full:Revenue,5446,1,0.0,0.0,0,122160
1713930,Nexa Resources S.A.,Peru,1000,Metal Mining,20-F,active,2018,2491670000,1892247000,5735406000,1968451000,,,,2833605000,USD,ifrs-full:Revenue,5591,1,0.0,0.0,0,117034
1713930,Nexa Resources S.A.,Peru,1000,Metal Mining,20-F,active,2019,2332715000,-1947828000,5466364000,2122690000,,,,2984178000,USD,ifrs-full:Revenue,5760,1,0.0,0.0,0,117173
1713930,Nexa Resources S.A.,Peru,1000,Metal Mining,20-F,active,2020,1950929000,1576159000,5064226000,1898296000,,,,3442982000,USD,ifrs-full:Revenue,5349,1,0.0,0.0,0,140803
1713930,Nexa Resources S.A.,Peru,1000,Metal Mining,20-F,active,2021,2622110000,-1989019000,4904836000,2087730000,,,,3260556000,USD,ifrs-full:Revenue,5840,1,0.0,0.0,0,146274
1713930,Nexa Resources S.A.,Peru,1000,Metal Mining,20-F,active,2022,3033990000,-2393936000,4891782000,2295275000,,249082000,,3181528000,USD,ifrs-full:Revenue,5625,1,0.0,0.0,0,151449
1713930,Nexa Resources S.A.,Peru,1000,Metal Mining,20-F,active,2023,2573233000,2274357000,4904097000,2438614000,,,,3452060000,USD,ifrs-full:Revenue,5771,1,0.0,0.0,0,169076
1713930,Nexa Resources S.A.,Peru,1000,Metal Mining,20-F,active,2024,2766481000,2228410000,4637465000,2097508000,,,,3577172000,USD,ifrs-full:Revenue,500,3,0.0,0.279,5,179241
1713930,Nexa Resources S.A.,Peru,1000,Metal Mining,20-F,active,2025,3002055000,2289159000,5274917000,2433672000,,,,3985354000,USD,ifrs-full:Revenue,5615,1,0.0,0.2893,5,172834
1716586,"ESTRE AMBIENTAL, INC.",Brazil,4953,Refuse Systems,20-F,delisted_in_window,2017,1365347000,953760000,2383842000,689451000,,0,,,BRL,ifrs-full:Revenue,,0,0.0,0.0,0,159289
1716586,"ESTRE AMBIENTAL, INC.",Brazil,4953,Refuse Systems,20-F,delisted_in_window,2018,,,,,,,,,,,,0,0.0,0.0,0,168577
1717161,CENTRAL PUERTO S.A.,Argentina,4911,Electric Services,20-F,active,2017,14827241000,7997976000,34348994000,17451669000,,,,17317459000,ARS,ifrs-full:Revenue,738,4,0.0,0.0,0,197376
1717161,CENTRAL PUERTO S.A.,Argentina,4911,Electric Services,20-F,active,2018,29875727000,13584983000,88084228000,34715815000,,,,37429069000,ARS,ifrs-full:Revenue,803,4,0.0,0.0,0,217794
1717161,CENTRAL PUERTO S.A.,Argentina,4911,Electric Services,20-F,active,2019,73896832000,-38954605000,161729542000,77187266000,,,,81201302000,ARS,ifrs-full:Revenue,894,4,0.0,0.0,0,238641
1717161,CENTRAL PUERTO S.A.,Argentina,4911,Electric Services,20-F,active,2020,112047140000,49441324000,239075862000,119525703000,,,,111513053000,ARS,ifrs-full:Revenue,885,4,0.0,0.0,0,257080
1717161,CENTRAL PUERTO S.A.,Argentina,4911,Electric Services,20-F,active,2021,346243761000,179326913000,391454205000,215486695000,,,,144461488000,ARS,ifrs-full:Revenue,885,3,0.0,0.0,0,207278
1717161,CENTRAL PUERTO S.A.,Argentina,4911,Electric Services,20-F,active,2022,687576975000,361599896000,1189401130000,616321669000,,,,375520419000,ARS,ifrs-full:Revenue,865,4,0.0,0.0,0,213142
1717161,CENTRAL PUERTO S.A.,Argentina,4911,Electric Services,20-F,active,2023,682837408000,457666072000,3055850073000,1652681399000,,,,1190548795000,ARS,ifrs-full:Revenue,1181,4,0.047,0.047,1,212934
1717161,CENTRAL PUERTO S.A.,Argentina,4911,Electric Services,20-F,active,2024,738169736000,446527758000,2662055984000,1617870189000,,,,798949003000,ARS,ifrs-full:Revenue,1324,4,0.0438,0.0438,1,228155
1717161,CENTRAL PUERTO S.A.,Argentina,4911,Electric Services,20-F,active,2025,,,,,,,,,,,1291,4,0.0494,0.0494,1,202530
1717393,CORPORACION AMERICA AIRPORTS S.A.,Argentina,4581,"Airports, Flying Fields & Airport Terminal Services",20-F,active,2017,1575153000,1029983000,3801214000,74483000,,51000000,,3004072000,USD,ifrs-full:Revenue,5962,1,0.0,0.0,0,190139
1717393,CORPORACION AMERICA AIRPORTS S.A.,Argentina,4581,"Airports, Flying Fields & Airport Terminal Services",20-F,active,2018,1426145000,971425000,3845278000,74299000,,,,2622581000,USD,ifrs-full:Revenue,5974,1,0.0,0.0,0,176238
1717393,CORPORACION AMERICA AIRPORTS S.A.,Argentina,4581,"Airports, Flying Fields & Airport Terminal Services",20-F,active,2019,1558640000,1138425000,3882243000,79612000,71918000,50249000,,2683629000,USD,ifrs-full:Revenue,,0,0.0,0.0,0,180019
1717393,CORPORACION AMERICA AIRPORTS S.A.,Argentina,4581,"Airports, Flying Fields & Airport Terminal Services",20-F,active,2020,607356000,653583000,3405651000,80833000,29743000,,,2600365000,USD,ifrs-full:Revenue,,0,0.0,0.0,0,190355
1717393,CORPORACION AMERICA AIRPORTS S.A.,Argentina,4581,"Airports, Flying Fields & Airport Terminal Services",20-F,active,2021,706913000,622381000,3620631000,75480000,,,,2847023000,USD,ifrs-full:Revenue,6299,1,0.0,0.0,0,213678
1717393,CORPORACION AMERICA AIRPORTS S.A.,Argentina,4581,"Airports, Flying Fields & Airport Terminal Services",20-F,active,2022,1378663000,962978000,3835788000,74742000,,,,2973419000,USD,ifrs-full:Revenue,5822,1,0.0,0.0,0,209501
1717393,CORPORACION AMERICA AIRPORTS S.A.,Argentina,4581,"Airports, Flying Fields & Airport Terminal Services",20-F,active,2023,1400038000,914677000,3541976000,74919000,,,,2738067000,USD,ifrs-full:Revenue,,0,0.0,0.0,0,218314
1717393,CORPORACION AMERICA AIRPORTS S.A.,Argentina,4581,"Airports, Flying Fields & Airport Terminal Services",20-F,active,2024,1843267000,1237333000,4181450000,77801000,,,,2663490000,USD,ifrs-full:Revenue,,0,0.0,0.0,0,209272
1717393,CORPORACION AMERICA AIRPORTS S.A.,Argentina,4581,"Airports, Flying Fields & Airport Terminal Services",20-F,active,2025,1962134000,1272363000,4448677000,86116000,,,,2787929000,USD,ifrs-full:Revenue,,0,0.0,0.0,0,207845
1740594,Arco Platform Ltd.,Brazil,8200,Services-Educational Services,20-F,delisted_in_window,2017,244382000,58517000,430409000,9079000,,89634000,,124674000,BRL,ifrs-full:RevenueFromContractsWithCustomers,,,,,,
1740594,Arco Platform Ltd.,Brazil,8200,Services-Educational Services,20-F,delisted_in_window,2018,380981000,80745000,1334878000,13347000,,89634000,,264994000,BRL,ifrs-full:RevenueFromContractsWithCustomers,284,3,0.0,0.0,0,98953
1740594,Arco Platform Ltd.,Brazil,8200,Services-Educational Services,20-F,delisted_in_window,2019,572837000,117258000,3161423000,21328000,,916767000,,1566613000,BRL,ifrs-full:RevenueFromContractsWithCustomers,284,5,0.0,0.0,0,109014
1740594,Arco Platform Ltd.,Brazil,8200,Services-Educational Services,20-F,delisted_in_window,2020,1001710000,221130000,4576280000,26087000,,1394351000,,2375396000,BRL,ifrs-full:RevenueFromContractsWithCustomers,355,5,0.0,0.0,0,122486
1740594,Arco Platform Ltd.,Brazil,8200,Services-Educational Services,20-F,delisted_in_window,2021,1232074000,294407000,5990119000,73885000,,1949901000,,4114885000,BRL,ifrs-full:RevenueFromContractsWithCustomers,436,5,0.0,0.0,0,137210
1740594,Arco Platform Ltd.,Brazil,8200,Services-Educational Services,20-F,delisted_in_window,2022,,500526000,5753408000,59031000,,1950876000,,3855978000,BRL,,563,5,0.0,0.0,0,136243
1745431,StoneCo Ltd.,Brazil,7374,Services-Computer Processing & Data Preparation,20-F,active,2017,,224109000,,189631000,,,,,BRL,,,,,,,
1745431,StoneCo Ltd.,Brazil,7374,Services-Computer Processing & Data Preparation,20-F,active,2018,,323039000,13293218000,266273000,,,,8200227000,BRL,,1129,1,0.4888,0.4888,7,143215
1745431,StoneCo Ltd.,Brazil,7374,Services-Computer Processing & Data Preparation,20-F,active,2019,,426961000,19605749000,548607000,,,,13632744000,BRL,,2806,1,0.4751,0.4751,7,147330
1745431,StoneCo Ltd.,Brazil,7374,Services-Computer Processing & Data Preparation,20-F,active,2020,,769946000,31748664000,717234000,,,,16756639000,BRL,,1300,3,0.4058,0.4058,7,172478
1745431,StoneCo Ltd.,Brazil,7374,Services-Computer Processing & Data Preparation,20-F,active,2021,,1713828000,42097012000,1569520000,,,,28469792000,BRL,,1300,3,0.632,0.632,12,189875
1745431,StoneCo Ltd.,Brazil,7374,Services-Computer Processing & Data Preparation,20-F,active,2022,,2669752000,42245440000,1641178000,,,,29295416000,BRL,,8979,1,0.5724,0.5724,11,192171
1745431,StoneCo Ltd.,Brazil,7374,Services-Computer Processing & Data Preparation,20-F,active,2023,,2982758000,48693561000,1661897000,,,,34017601000,BRL,,1300,3,1.0888,1.0888,20,183687
1745431,StoneCo Ltd.,Brazil,7374,Services-Computer Processing & Data Preparation,20-F,active,2024,,3389127000,54813463000,1833997000,,,,42986181000,BRL,,1600,3,1.3409,1.3409,23,171527
1745431,StoneCo Ltd.,Brazil,7374,Services-Computer Processing & Data Preparation,20-F,active,2025,,,,,,,,,,,16367,4,1.5413,1.5413,27,175180
1762506,"Vista Energy, S.A.B. de C.V.",Mexico,1311,Crude Petroleum & Natural Gas,20-F,active,2017,198075000,,361871000,259229000,1021000,0,,81570000,USD,ifrs-full:Revenue,,,,,,
1762506,"Vista Energy, S.A.B. de C.V.",Mexico,1311,Crude Petroleum & Natural Gas,20-F,active,2018,,,1086142000,820722000,31600000,28484000,,606485000,USD,,,,,,,
1762506,"Vista Energy, S.A.B. de C.V.",Mexico,1311,Crude Petroleum & Natural Gas,20-F,active,2019,415976000,,1385133000,917066000,34029000,28484000,,781417000,USD,ifrs-full:Revenue,304,2,0.0,0.0,0,202442
1762506,"Vista Energy, S.A.B. de C.V.",Mexico,1311,Crude Petroleum & Natural Gas,20-F,active,2020,273938000,,1372612000,1002258000,21081000,28484000,,864094000,USD,ifrs-full:Revenue,382,2,0.0,0.0,0,222564
1762506,"Vista Energy, S.A.B. de C.V.",Mexico,1311,Crude Petroleum & Natural Gas,20-F,active,2021,665310000,,1683758000,1223982000,3878000,28416000,,1118499000,USD,ifrs-full:Revenue,411,2,0.0507,0.0507,1,197368
1762506,"Vista Energy, S.A.B. de C.V.",Mexico,1311,Crude Petroleum & Natural Gas,20-F,active,2022,1187660000,,2037979000,1606339000,6792000,28288000,,1193919000,USD,ifrs-full:Revenue,465,2,0.0985,0.0985,2,203046
1762506,"Vista Energy, S.A.B. de C.V.",Mexico,1311,Crude Petroleum & Natural Gas,20-F,active,2023,1168774000,,2598003000,1927759000,10026000,22576000,,1350988000,USD,ifrs-full:Revenue,470,2,0.1041,0.1041,2,192100
1762506,"Vista Energy, S.A.B. de C.V.",Mexico,1311,Crude Petroleum & Natural Gas,20-F,active,2024,1647768000,,4232372000,2805983000,15443000,22576000,,2611159000,USD,ifrs-full:Revenue,528,2,0.0521,0.0521,1,192096
1762506,"Vista Energy, S.A.B. de C.V.",Mexico,1311,Crude Petroleum & Natural Gas,20-F,active,2025,,,,,,,,,,,584,2,0.0476,0.0476,1,209933
1769484,Bioceres Crop Solutions Corp.,Argentina,2870,Agricultural Chemicals,20-F,active,2017,133542704,77094551,196638764,40177146,26657345,14438027,3950100,163505108,USD,ifrs-full:Revenue,,,,,,
1769484,Bioceres Crop Solutions Corp.,Argentina,2870,Agricultural Chemicals,20-F,active,2018,160605296,86964881,242467297,43834548,39616426,29804715,3689391,180372431,USD,ifrs-full:Revenue,,,,,,
1769484,Bioceres Crop Solutions Corp.,Argentina,2870,Agricultural Chemicals,20-F,active,2019,173092172,93575588,297561369,41515106,35333464,25526855,4195270,236811887,USD,ifrs-full:Revenue,409,6,0.0,0.0,0,134782
1769484,Bioceres Crop Solutions Corp.,Argentina,2870,Agricultural Chemicals,20-F,active,2020,209526177,118641803,394589957,47954596,67342362,28751206,5617655,304299653,USD,ifrs-full:Revenue,447,6,0.0,0.0,0,124012
1769484,Bioceres Crop Solutions Corp.,Argentina,2870,Agricultural Chemicals,20-F,active,2021,334843618,208364095,518220361,49908325,76704869,36073685,6947460,359921513,USD,ifrs-full:Revenue,497,2,0.0735,0.0735,1,136077
1769484,Bioceres Crop Solutions Corp.,Argentina,2870,Agricultural Chemicals,20-F,active,2022,420056993,235457053,818059158,67853835,173783956,112163432,15345315,487563051,USD,ifrs-full:Revenue,565,6,0.0,0.0,0,146571
1769484,Bioceres Crop Solutions Corp.,Argentina,2870,Agricultural Chemicals,20-F,active,2023,464782802,278221812,852548194,74573278,176893136,112163432,17183041,501167342,USD,ifrs-full:Revenue,790,2,0.0,0.0,0,127068
1769484,Bioceres Crop Solutions Corp.,Argentina,2870,Agricultural Chemicals,20-F,active,2024,335108850,203424872,763645080,74575386,181173079,112163432,14914822,468426518,USD,ifrs-full:Revenue,983,2,0.0844,0.0844,1,118525
1769484,Bioceres Crop Solutions Corp.,Argentina,2870,Agricultural Chemicals,20-F,active,2025,,,,,,,,,,,751,2,0.0811,0.0811,1,123276
1771007,Afya Ltd,Brazil,8200,Services-Educational Services,20-F,active,2017,216008000,124065000,,65763000,,,,,BRL,ifrs-full:Revenue,,,,,,
1771007,Afya Ltd,Brazil,8200,Services-Educational Services,20-F,active,2018,333935000,168052000,918418000,139320000,682469000,,,328064000,BRL,ifrs-full:Revenue,,,,,,
1771007,Afya Ltd,Brazil,8200,Services-Educational Services,20-F,active,2019,750630000,-308853000,2912453000,139320000,1312338000,,,798727000,BRL,ifrs-full:Revenue,3444,2,0.0,0.0,0,129129
1771007,Afya Ltd,Brazil,8200,Services-Educational Services,20-F,active,2020,1201191000,434654000,4793093000,260381000,2573010000,,,1959313000,BRL,ifrs-full:Revenue,5260,2,0.0,0.0,0,141699
1771007,Afya Ltd,Brazil,8200,Services-Educational Services,20-F,active,2021,1719371000,652300000,6447406000,419808000,3900835000,,,3447388000,BRL,ifrs-full:Revenue,8079,2,0.0,0.0,0,159423
1771007,Afya Ltd,Brazil,8200,Services-Educational Services,20-F,active,2022,2329057000,859552000,7199539000,542087000,4041491000,,,3949381000,BRL,ifrs-full:Revenue,8708,2,0.0,0.0,0,161963
1771007,Afya Ltd,Brazil,8200,Services-Educational Services,20-F,active,2023,2875913000,1109813000,7584481000,608685000,4796016000,,,3941469000,BRL,ifrs-full:Revenue,9680,2,0.0,0.0,0,155287
1771007,Afya Ltd,Brazil,8200,Services-Educational Services,20-F,active,2024,3304329000,1215603000,8829539000,658482000,5532789000,,,4518956000,BRL,ifrs-full:Revenue,9717,2,0.4638,0.4638,7,150924
1771007,Afya Ltd,Brazil,8200,Services-Educational Services,20-F,active,2025,3697255000,1313895000,9357934000,711485000,5587980000,,,4466749000,BRL,ifrs-full:Revenue,9395,2,0.7395,1.1428,17,148753
1776967,Natura &Co Holding S.A.,Brazil,2844,"Perfumes, Cosmetics & Other Toilet Preparations",20-F,delisted_in_window,2019,14444690000,4033454000,21184512000,1773889000,,,,,BRL,ifrs-full:Revenue,9111,6,0.0,0.0,0,164293
1776967,Natura &Co Holding S.A.,Brazil,2844,"Perfumes, Cosmetics & Other Toilet Preparations",20-F,delisted_in_window,2020,36921980000,13299720000,60917597000,5235057000,26917128000,,,33530489000,BRL,ifrs-full:Revenue,19151,6,0.0,0.0,0,188223
1776967,Natura &Co Holding S.A.,Brazil,2844,"Perfumes, Cosmetics & Other Toilet Preparations",20-F,delisted_in_window,2021,31742726000,12531303000,60448490000,5377408000,26857583000,,,31881765000,BRL,ifrs-full:Revenue,7208,3,0.0,0.0,0,204244
1776967,Natura &Co Holding S.A.,Brazil,2844,"Perfumes, Cosmetics & Other Toilet Preparations",20-F,delisted_in_window,2022,29223656000,11770762000,54685390000,4966150000,23260970000,,,32334206000,BRL,ifrs-full:Revenue,16681,6,0.0,0.0,0,194227
1776967,Natura &Co Holding S.A.,Brazil,2844,"Perfumes, Cosmetics & Other Toilet Preparations",20-F,delisted_in_window,2023,26737277000,9675435000,42747015000,3457574000,16569866000,,,19626550000,BRL,ifrs-full:Revenue,19955,3,0.2277,0.2277,4,175672
1787425,XP Inc.,Brazil,6211,"Security Brokers, Dealers & Flotation Companies",20-F,active,2017,,,,47073000,,,,,BRL,,,,,,,
1787425,XP Inc.,Brazil,6211,"Security Brokers, Dealers & Flotation Companies",20-F,active,2018,2054549000,,,99127000,,,,,BRL,ifrs-full:Revenue,,,,,,
1787425,XP Inc.,Brazil,6211,"Security Brokers, Dealers & Flotation Companies",20-F,active,2019,3595772000,,43622768000,142464000,,,,36466809000,BRL,ifrs-full:Revenue,1593,5,0.4743,0.4743,7,147592
1787425,XP Inc.,Brazil,6211,"Security Brokers, Dealers & Flotation Companies",20-F,active,2020,5016488000,,96029161000,204032000,,,,85131547000,BRL,ifrs-full:Revenue,2429,5,0.4109,0.4109,7,170364
1787425,XP Inc.,Brazil,6211,"Security Brokers, Dealers & Flotation Companies",20-F,active,2021,6196465000,,139340402000,313964000,,,,124920773000,BRL,ifrs-full:Revenue,3651,5,0.397,0.397,7,176309
1787425,XP Inc.,Brazil,6211,"Security Brokers, Dealers & Flotation Companies",20-F,active,2022,5940456000,,192034613000,310894000,,,,174992403000,BRL,ifrs-full:Revenue,6193,5,0.3715,0.3715,7,188420
1787425,XP Inc.,Brazil,6211,"Security Brokers, Dealers & Flotation Companies",20-F,active,2023,6532005000,,249040678000,373362000,,,,229589834000,BRL,ifrs-full:Revenue,6669,5,0.3924,0.3924,7,178393
1787425,XP Inc.,Brazil,6211,"Security Brokers, Dealers & Flotation Companies",20-F,active,2024,7424856000,,347456760000,449956000,,,,327409523000,BRL,ifrs-full:Revenue,6928,3,0.511,0.511,9,176131
1787425,XP Inc.,Brazil,6211,"Security Brokers, Dealers & Flotation Companies",20-F,active,2025,,,,,,,,,,,36000,2,0.5123,0.5123,9,175689
1788257,"BETTERWARE DE MEXICO, S.A.P.I. DE C.V",Mexico,5961,Retail-Catalog & Mail-Order Houses,20-F,active,2017,1449705000,558105000,,,322072000,348441000,,,MXN,ifrs-full:Revenue,,,,,,
1788257,"BETTERWARE DE MEXICO, S.A.P.I. DE C.V",Mexico,5961,Retail-Catalog & Mail-Order Houses,20-F,active,2018,2316716000,958469000,1457598000,42972000,312099000,348441000,,1377334000,MXN,ifrs-full:Revenue,,,,,,
1788257,"BETTERWARE DE MEXICO, S.A.P.I. DE C.V",Mexico,5961,Retail-Catalog & Mail-Order Houses,20-F,active,2019,3084662000,1280829000,1789726000,207350000,310965000,348441000,,1515244000,MXN,ifrs-full:Revenue,,0,0.0,0.0,0,60277
1788257,"BETTERWARE DE MEXICO, S.A.P.I. DE C.V",Mexico,5961,Retail-Catalog & Mail-Order Houses,20-F,active,2020,7237628000,3280348000,4359706000,791127000,319361000,348441000,,3477730000,MXN,ifrs-full:Revenue,,,,,,
1788257,"BETTERWARE DE MEXICO, S.A.P.I. DE C.V",Mexico,5961,Retail-Catalog & Mail-Order Houses,20-F,active,2021,10067683000,4498008000,5185229000,1069492000,369760000,371075000,,3985026000,MXN,ifrs-full:Revenue,,0,0.0,0.0,0,77299
1788257,"BETTERWARE DE MEXICO, S.A.P.I. DE C.V",Mexico,5961,Retail-Catalog & Mail-Order Houses,20-F,active,2022,11507549000,3983571000,11332733000,2973374000,1743882000,1599718000,,10235453000,MXN,ifrs-full:Revenue,,0,0.0,0.0,0,85123
1788257,"BETTERWARE DE MEXICO, S.A.P.I. DE C.V",Mexico,5961,Retail-Catalog & Mail-Order Houses,20-F,active,2023,13009507000,4260842000,11093711000,2910353000,1649953000,1599718000,,9630872000,MXN,ifrs-full:Revenue,,0,0.0,0.0,0,91243
1788257,"BETTERWARE DE MEXICO, S.A.P.I. DE C.V",Mexico,5961,Retail-Catalog & Mail-Order Houses,20-F,active,2024,14100758000,4520223000,10453767000,1801475000,1570223000,1599718000,,9291119000,MXN,ifrs-full:Revenue,,0,0.0,0.0,0,99974
1788257,"BETTERWARE DE MEXICO, S.A.P.I. DE C.V",Mexico,5961,Retail-Catalog & Mail-Order Houses,20-F,active,2025,,,,,,,,,,,,0,0.2069,0.2069,2,96658
1792829,Vasta Platform Ltd,Brazil,8200,Services-Educational Services,20-F,delisted_in_window,2019,989683000,447049000,6167794000,184961000,,,,3067711000,BRL,ifrs-full:Revenue,,,,,,
1792829,Vasta Platform Ltd,Brazil,8200,Services-Educational Services,20-F,delisted_in_window,2020,997628000,378003000,6978270000,192006000,,,,2192953000,BRL,ifrs-full:Revenue,1960,2,0.1055,0.1055,2,189516
1792829,Vasta Platform Ltd,Brazil,8200,Services-Educational Services,20-F,delisted_in_window,2021,947419000,396829000,7333407000,185682000,,,,2668198000,BRL,ifrs-full:Revenue,788,2,0.1421,0.1421,2,140712
1792829,Vasta Platform Ltd,Brazil,8200,Services-Educational Services,20-F,delisted_in_window,2022,1264280000,473135000,7520591000,197688000,,,,2890912000,BRL,ifrs-full:Revenue,926,1,0.1417,0.1417,2,141144
1792829,Vasta Platform Ltd,Brazil,8200,Services-Educational Services,20-F,delisted_in_window,2023,1486273000,570907000,7402880000,151492000,,,,2882089000,BRL,ifrs-full:Revenue,2012,2,0.225,0.225,3,133325
1792829,Vasta Platform Ltd,Brazil,8200,Services-Educational Services,20-F,delisted_in_window,2024,1674191000,653449000,7205155000,160952000,,,,2211844000,BRL,ifrs-full:Revenue,1808,2,0.2364,0.2364,3,126905
1793663,VTEX,Brazil,7372,Services-Prepackaged Software,20-F,active,2021,,,,,,,,,,,592,3,0.2364,0.2364,3,126881
1793663,VTEX,Brazil,7372,Services-Prepackaged Software,20-F,active,2022,,,,,,,,,,,438,3,0.1557,0.2335,3,128471
1793663,VTEX,Brazil,7372,Services-Prepackaged Software,20-F,active,2023,200833000,60986000,,,,21832000,60206000,,USD,us-gaap:RevenueFromContractWithCustomerExcludingAssessedTax,417,3,0.3139,0.3139,4,127416
1793663,VTEX,Brazil,7372,Services-Prepackaged Software,20-F,active,2024,226661000,59705000,362106000,2970000,6822000,22168000,55412000,,USD,us-gaap:RevenueFromContractWithCustomerExcludingAssessedTax,504,3,1.0483,1.0483,13,124010
1793663,VTEX,Brazil,7372,Services-Prepackaged Software,20-F,active,2025,240517000,54181000,346632000,3245000,7949000,26324000,63891000,,USD,us-gaap:RevenueFromContractWithCustomerExcludingAssessedTax,1139,2,1.1712,1.1712,13,111002
1799207,AUNA S.A.,Peru,8011,Services-Offices & Clinics of  Doctors of  Medicine,20-F,active,2024,,,,,,,,,,,14842,4,0.0,0.0634,1,157848
1799207,AUNA S.A.,Peru,8011,Services-Offices & Clinics of  Doctors of  Medicine,20-F,active,2025,,,,,,,,,,,437,5,0.0,0.0546,1,183142
1805012,Vitru Ltd,Brazil,8200,Services-Educational Services,20-F,delisted_in_window,2017,,,,50330000,,,,,BRL,,,,,,,
1805012,Vitru Ltd,Brazil,8200,Services-Educational Services,20-F,delisted_in_window,2018,383449000,184161000,,63428000,,,,,BRL,ifrs-full:Revenue,,,,,,
1805012,Vitru Ltd,Brazil,8200,Services-Educational Services,20-F,delisted_in_window,2019,461067000,211547000,1088677000,70033000,,,,637344000,BRL,ifrs-full:Revenue,,,,,,
1805012,Vitru Ltd,Brazil,8200,Services-Educational Services,20-F,delisted_in_window,2020,519179000,221452000,1687845000,96669000,,,,709897000,BRL,ifrs-full:Revenue,6174,4,0.4322,0.4322,6,138822
1805012,Vitru Ltd,Brazil,8200,Services-Educational Services,20-F,delisted_in_window,2021,631147000,240924000,1527427000,106839000,,,,461299000,BRL,ifrs-full:Revenue,6036,3,0.3326,0.3326,5,150331
1805012,Vitru Ltd,Brazil,8200,Services-Educational Services,20-F,delisted_in_window,2022,1317346000,502331000,5659079000,194575000,,,,3484690000,BRL,ifrs-full:Revenue,10177,3,0.0662,0.0662,1,150970
1805012,Vitru Ltd,Brazil,8200,Services-Educational Services,20-F,delisted_in_window,2023,1962525000,669480000,5869720000,205852000,,,,3585012000,BRL,ifrs-full:Revenue,10922,3,0.1314,0.1314,2,152213
1819615,Clever Leaves Holdings Inc.,Colombia,2834,Pharmaceutical Preparations,10-K,delisted_in_window,2018,,,,6588000,,18508000,,,USD,,,,,,,
1819615,Clever Leaves Holdings Inc.,Colombia,2834,Pharmaceutical Preparations,10-K,delisted_in_window,2019,7834000,4732000,95717000,24374000,25510000,20190000,,45524000,USD,us-gaap:RevenueFromContractWithCustomerExcludingAssessedTax,,,,,,
1819615,Clever Leaves Holdings Inc.,Colombia,2834,Pharmaceutical Preparations,10-K,delisted_in_window,2020,12117000,4704000,165878000,25680000,24279000,18508000,1009000,70628000,USD,us-gaap:RevenueFromContractWithCustomerExcludingAssessedTax,,0,0.0,0.0,0,91447
1819615,Clever Leaves Holdings Inc.,Colombia,2834,Pharmaceutical Preparations,10-K,delisted_in_window,2021,15374000,8565000,116160000,30932000,23117000,0,1546000,43390000,USD,us-gaap:RevenueFromContractWithCustomerExcludingAssessedTax,560,2,0.0,0.0,0,97395
1819615,Clever Leaves Holdings Inc.,Colombia,2834,Pharmaceutical Preparations,10-K,delisted_in_window,2022,16410000,9193000,52098000,13963000,3354000,0,1719000,11690000,USD,us-gaap:RevenueFromContractWithCustomerExcludingAssessedTax,400,2,0.0,0.0,0,74107
1819615,Clever Leaves Holdings Inc.,Colombia,2834,Pharmaceutical Preparations,10-K,delisted_in_window,2023,17417000,10861000,31243000,12321000,2653000,,1140000,7026000,USD,us-gaap:RevenueFromContractWithCustomerExcludingAssessedTax,296,2,0.0,0.0,0,58227
1825570,Patria Investments Ltd,Brazil,6282,Investment Advice,20-F,active,2018,,,,3366000,31554000,,,,USD,,,,,,,
1825570,Patria Investments Ltd,Brazil,6282,Investment Advice,20-F,active,2019,123215000,,,6464000,25457000,,,,USD,ifrs-full:RevenueFromContractsWithCustomers,,,,,,
1825570,Patria Investments Ltd,Brazil,6282,Investment Advice,20-F,active,2020,115017000,,107203000,3819000,22357000,,,,USD,ifrs-full:RevenueFromContractsWithCustomers,30000,2,0.0,0.0,0,123691
1825570,Patria Investments Ltd,Brazil,6282,Investment Advice,20-F,active,2021,235515000,,761321000,13408000,358908000,,,,USD,ifrs-full:RevenueFromContractsWithCustomers,30000,2,0.0,0.0,0,149738
1825570,Patria Investments Ltd,Brazil,6282,Investment Advice,20-F,active,2022,258877000,,976238000,24627000,411521000,,,,USD,ifrs-full:RevenueFromContractsWithCustomers,30000,2,0.0,0.0,0,166158
1825570,Patria Investments Ltd,Brazil,6282,Investment Advice,20-F,active,2023,327617000,,1011578000,28185000,487012000,,,,USD,ifrs-full:RevenueFromContractsWithCustomers,30000,2,0.0,0.0,0,171887
1825570,Patria Investments Ltd,Brazil,6282,Investment Advice,20-F,active,2024,374204000,,1206107000,32622000,,,,,USD,ifrs-full:RevenueFromContractsWithCustomers,30000,2,0.0549,0.0549,1,182293
1825570,Patria Investments Ltd,Brazil,6282,Investment Advice,20-F,active,2025,,,,,,,,,,,30000,2,0.1284,0.1284,2,155781
1826168,TIM S.A.,Brazil,4813,Telephone Communications (No Radiotelephone),20-F,active,2018,16981329000,7701418000,,11203622000,,,,,BRL,ifrs-full:Revenue,,,,,,
1826168,TIM S.A.,Brazil,4813,Telephone Communications (No Radiotelephone),20-F,active,2019,17377194000,7433731000,40348924000,17612164000,,,,17917106000,BRL,ifrs-full:Revenue,,,,,,
1826168,TIM S.A.,Brazil,4813,Telephone Communications (No Radiotelephone),20-F,active,2020,17267812000,7996615000,41654417000,18100698000,,,,18471672000,BRL,ifrs-full:Revenue,9421,2,0.215,0.215,3,139515
1826168,TIM S.A.,Brazil,4813,Telephone Communications (No Radiotelephone),20-F,active,2021,18058027000,8443023000,49819186000,18308400000,,,,24712080000,BRL,ifrs-full:Revenue,9337,3,0.3865,0.3865,6,155236
1826168,TIM S.A.,Brazil,4813,Telephone Communications (No Radiotelephone),20-F,active,2022,21530801000,10655981000,56408367000,22661152000,,,,31011002000,BRL,ifrs-full:Revenue,9406,3,0.6158,0.6158,10,162403
1826168,TIM S.A.,Brazil,4813,Telephone Communications (No Radiotelephone),20-F,active,2023,23833893000,11496437000,55260156000,22411815000,,,,29244216000,BRL,ifrs-full:Revenue,9275,3,0.5908,0.5908,10,169276
1826168,TIM S.A.,Brazil,4813,Telephone Communications (No Radiotelephone),20-F,active,2024,25447930000,11893115000,56327311000,22815328000,,,,29922675000,BRL,ifrs-full:Revenue,9127,2,0.7874,0.7874,13,165104
1826168,TIM S.A.,Brazil,4813,Telephone Communications (No Radiotelephone),20-F,active,2025,26624721000,12266584000,56939179000,23171451000,,,,32961788000,BRL,ifrs-full:Revenue,8706,3,1.32,1.32,21,159089
1826286,Vinci Compass Investments Ltd.,Brazil,6282,Investment Advice,20-F,active,2019,,,,16412000,2720000,,,,BRL,,,,,,,
1826286,Vinci Compass Investments Ltd.,Brazil,6282,Investment Advice,20-F,active,2020,,,328524000,15043000,1441000,,,309288000,BRL,,215,5,0.0,0.0,0,130314
1826286,Vinci Compass Investments Ltd.,Brazil,6282,Investment Advice,20-F,active,2021,,,1647005000,14294000,1157000,,,232129000,BRL,,244,3,0.1563,0.1563,2,127978
1826286,Vinci Compass Investments Ltd.,Brazil,6282,Investment Advice,20-F,active,2022,,,1766954000,11951000,189238000,,,391407000,BRL,,283,3,0.2114,0.2114,3,141920
1826286,Vinci Compass Investments Ltd.,Brazil,6282,Investment Advice,20-F,active,2023,,,2299719000,12591000,214748000,162290000,,918946000,BRL,,275,3,0.1989,0.1989,3,150842
1826286,Vinci Compass Investments Ltd.,Brazil,6282,Investment Advice,20-F,active,2024,,,3585051000,59132000,1057949000,555175000,,1643008000,BRL,,593,3,0.2253,0.2253,4,177512
1826286,Vinci Compass Investments Ltd.,Brazil,6282,Investment Advice,20-F,active,2025,,,,,,,,,,,594,3,0.4786,0.4786,9,188039
1834048,Sendas Distributor S.A.,Brazil,5411,Retail-Grocery Stores,20-F,delisted_in_window,2017,,,,3725000000,,,,,BRL,,,,,,,
1834048,Sendas Distributor S.A.,Brazil,5411,Retail-Grocery Stores,20-F,delisted_in_window,2018,23017000000,18845000000,,4655000000,,,,,BRL,ifrs-full:Revenue,,,,,,
1834048,Sendas Distributor S.A.,Brazil,5411,Retail-Grocery Stores,20-F,delisted_in_window,2019,28082000000,23349000000,35905000000,14652000000,,,,,BRL,ifrs-full:Revenue,,,,,,
1834048,Sendas Distributor S.A.,Brazil,5411,Retail-Grocery Stores,20-F,delisted_in_window,2020,36043000000,30129000000,18821000000,5047000000,,,,,BRL,ifrs-full:Revenue,46409,2,0.0,0.0,0,122718
1834048,Sendas Distributor S.A.,Brazil,5411,Retail-Grocery Stores,20-F,delisted_in_window,2021,41898000000,34753000000,22854000000,6700000000,,,,,BRL,ifrs-full:Revenue,60277,2,0.0,0.0,0,133174
1834048,Sendas Distributor S.A.,Brazil,5411,Retail-Grocery Stores,20-F,delisted_in_window,2022,54520000000,45557000000,40618000000,11582000000,,,,,BRL,ifrs-full:Revenue,55979,4,0.0,0.0,0,136208
1834048,Sendas Distributor S.A.,Brazil,5411,Retail-Grocery Stores,20-F,delisted_in_window,2023,66503000000,55682000000,43177000000,13148000000,,,,,BRL,ifrs-full:Revenue,77370,5,0.0,0.0,0,128712
1834048,Sendas Distributor S.A.,Brazil,5411,Retail-Grocery Stores,20-F,delisted_in_window,2024,73819000000,61598000000,45593000000,13564000000,,,,,BRL,ifrs-full:Revenue,80000,5,0.0,0.0,0,134615
1836934,Zenvia Inc.,Brazil,7372,Services-Prepackaged Software,20-F,delisted_in_window,2019,354035000,260786000,,17496000,,,,,BRL,ifrs-full:Revenue,,,,,,
1836934,Zenvia Inc.,Brazil,7372,Services-Prepackaged Software,20-F,delisted_in_window,2020,429701000,325870000,,12495000,,,,,BRL,ifrs-full:Revenue,,,,,,
1836934,Zenvia Inc.,Brazil,7372,Services-Prepackaged Software,20-F,delisted_in_window,2021,612324000,431419000,,15732000,,,,,BRL,ifrs-full:Revenue,470,8,1.866,1.866,21,112543
1836934,Zenvia Inc.,Brazil,7372,Services-Prepackaged Software,20-F,delisted_in_window,2022,756715000,467803000,,19590000,,,,,BRL,ifrs-full:Revenue,470,5,1.8303,1.8303,22,120196
1836934,Zenvia Inc.,Brazil,7372,Services-Prepackaged Software,20-F,delisted_in_window,2023,807577000,477035000,,,,,,,BRL,ifrs-full:Revenue,1076,3,3.6156,3.6156,43,118928
1836934,Zenvia Inc.,Brazil,7372,Services-Prepackaged Software,20-F,delisted_in_window,2024,959680000,664907000,,,,,,,BRL,ifrs-full:Revenue,956,4,3.8423,3.8423,46,119719
1846832,dLocal Ltd,Uruguay,7389,"Services-Business Services, NEC",20-F,active,2019,55289000,19413000,,192000,,,1347000,,USD,ifrs-full:Revenue,,,,,,
1846832,dLocal Ltd,Uruguay,7389,"Services-Business Services, NEC",20-F,active,2020,104143000,44065000,200467000,913000,4153000,,2005000,155419000,USD,ifrs-full:Revenue,,,,,,
1846832,dLocal Ltd,Uruguay,7389,"Services-Business Services, NEC",20-F,active,2021,244120000,113677000,583008000,2485000,46969000,,3386000,302707000,USD,ifrs-full:Revenue,,0,0.1686,0.1686,2,118607
1846832,dLocal Ltd,Uruguay,7389,"Services-Business Services, NEC",20-F,active,2022,418925000,216758000,826301000,2734000,51443000,,6348000,426681000,USD,ifrs-full:Revenue,,0,0.2374,0.2374,3,126366
1846832,dLocal Ltd,Uruguay,7389,"Services-Business Services, NEC",20-F,active,2023,650351000,373492000,1084453000,2917000,57887000,,12650000,629313000,USD,ifrs-full:Revenue,280,3,0.246,0.246,3,121944
1846832,dLocal Ltd,Uruguay,7389,"Services-Business Services, NEC",20-F,active,2024,745974000,451301000,1171329000,3377000,63318000,,25625000,682342000,USD,ifrs-full:Revenue,371,3,1.7193,1.7193,21,122140
1846832,dLocal Ltd,Uruguay,7389,"Services-Business Services, NEC",20-F,active,2025,1093587000,690831000,1540964000,3985000,73965000,,30707000,971535000,USD,ifrs-full:Revenue,458,3,3.3662,3.3662,44,130711
1863362,Sofgen Pharma S.A.,Colombia,2834,Pharmaceutical Preparations,20-F,active,2020,331467000,140153000,,,,6863000,,,USD,ifrs-full:Revenue,,,,,,
1863362,Sofgen Pharma S.A.,Colombia,2834,Pharmaceutical Preparations,20-F,active,2021,403739000,173667000,450331000,71449000,30133000,6803000,,,USD,ifrs-full:Revenue,640,1,0.0,0.0,0,121193
1863362,Sofgen Pharma S.A.,Colombia,2834,Pharmaceutical Preparations,20-F,active,2022,403203000,168075000,442526000,70585000,32179000,5791000,,,USD,ifrs-full:Revenue,670,1,0.0,0.0,0,130917
1863362,Sofgen Pharma S.A.,Colombia,2834,Pharmaceutical Preparations,20-F,active,2023,423748000,185772000,472499000,90982000,42870000,0,,,USD,ifrs-full:Revenue,670,1,0.0,0.0,0,162576
1863362,Sofgen Pharma S.A.,Colombia,2834,Pharmaceutical Preparations,20-F,active,2024,373795000,182316000,411693000,93719000,30312000,,,,USD,ifrs-full:Revenue,670,1,0.0,0.0,0,151477
1864163,"Inter & Co, Inc.",Brazil,6029,"Commercial Banks, NEC",20-F,active,2019,712224000,,,91851000,,,,,BRL,ifrs-full:Revenue,,,,,,
1864163,"Inter & Co, Inc.",Brazil,6029,"Commercial Banks, NEC",20-F,active,2020,1011531000,,19921613000,137846000,,,,16597398000,BRL,ifrs-full:Revenue,,,,,,
1864163,"Inter & Co, Inc.",Brazil,6029,"Commercial Banks, NEC",20-F,active,2021,2221823000,100297000,36626337000,163475000,,,,28176554000,BRL,ifrs-full:Revenue,,0,0.551,0.551,10,181496
1864163,"Inter & Co, Inc.",Brazil,6029,"Commercial Banks, NEC",20-F,active,2022,3562697000,129233000,46343100000,188019000,,,,39253996000,BRL,ifrs-full:Revenue,,0,0.6989,0.6989,11,157381
1864163,"Inter & Co, Inc.",Brazil,6029,"Commercial Banks, NEC",20-F,active,2023,4752576000,135582000,60351797000,167547000,,,,52755107000,BRL,ifrs-full:Revenue,,0,0.7187,0.7187,11,153056
1864163,"Inter & Co, Inc.",Brazil,6029,"Commercial Banks, NEC",20-F,active,2024,6400165000,143430000,76458430000,369942000,,,,67386123000,BRL,ifrs-full:Revenue,,0,0.8639,0.8639,13,150476
1864163,"Inter & Co, Inc.",Brazil,6029,"Commercial Banks, NEC",20-F,active,2025,,,,,,,,,,,,0,2.4457,2.4457,37,151289
1867325,Getnet Adquirencia E Servicos Para Meios De Pagamento S.A. - Instituicao De Pagamento,Brazil,7389,"Services-Business Services, NEC",20-F,delisted_in_window,2019,,1086511000,,657237000,139500000,,,,BRL,,,,,,,
1867325,Getnet Adquirencia E Servicos Para Meios De Pagamento S.A. - Instituicao De Pagamento,Brazil,7389,"Services-Business Services, NEC",20-F,delisted_in_window,2020,,1426192000,43021698000,613861000,163976000,,,,BRL,,,,,,,
1867325,Getnet Adquirencia E Servicos Para Meios De Pagamento S.A. - Instituicao De Pagamento,Brazil,7389,"Services-Business Services, NEC",20-F,delisted_in_window,2021,,1758858000,59034821000,631598000,196593000,,,,BRL,,,0,0.1507,0.1507,2,132732
1868995,CI&T Inc,Brazil,7371,Services-Computer Programming Services,20-F,active,2019,677133000,448979000,,,,,12093000,,BRL,ifrs-full:Revenue,,,,,,
1868995,CI&T Inc,Brazil,7371,Services-Computer Programming Services,20-F,active,2020,956519000,600866000,585082000,38771000,3596000,14570000,3462000,,BRL,ifrs-full:Revenue,,,,,,
1868995,CI&T Inc,Brazil,7371,Services-Computer Programming Services,20-F,active,2021,1444380000,935732000,2362344000,57721000,119334000,619469000,4000,,BRL,ifrs-full:Revenue,,0,0.3695,0.3695,4,108260
1868995,CI&T Inc,Brazil,7371,Services-Computer Programming Services,20-F,active,2022,424105000,276300000,575533000,10592000,318004000,1437990000,0,324853000,BRL;USD,ifrs-full:Revenue,,0,0.4248,0.4248,5,117710
1868995,CI&T Inc,Brazil,7371,Services-Computer Programming Services,20-F,active,2023,446943000,297733000,561190000,7970000,277046000,1392819000,0,269687000,BRL;USD,ifrs-full:Revenue,,0,2.4637,2.4637,27,109592
1868995,CI&T Inc,Brazil,7371,Services-Computer Programming Services,20-F,active,2024,438961000,288715000,526416000,5896000,,,,,USD,ifrs-full:Revenue,,0,3.7135,3.7135,39,105021
1868995,CI&T Inc,Brazil,7371,Services-Computer Programming Services,20-F,active,2025,489650000,333084000,550498000,7354000,,,,,USD,ifrs-full:Revenue,7993,2,6.9749,6.9749,71,101794
1896049,"Semantix, Inc.",Brazil,7371,Services-Computer Programming Services,20-F,delisted_in_window,2020,123453000,85472000,,,,,7876000,,BRL,ifrs-full:Revenue,,,,,,
1896049,"Semantix, Inc.",Brazil,7371,Services-Computer Programming Services,20-F,delisted_in_window,2021,211659000,125454000,206435000,3555000,,,19920000,270330000,BRL,ifrs-full:Revenue,,,,,,
1896049,"Semantix, Inc.",Brazil,7371,Services-Computer Programming Services,20-F,delisted_in_window,2022,262094000,143327000,702541000,3474000,,,33160000,281116000,BRL,ifrs-full:Revenue,1000,2,3.1932,3.1932,46,144055
1937441,Ambipar Emergency Response,Brazil,4955,Hazardous Waste Management,20-F,active,2020,364284000,256147000,,,,,,,BRL,ifrs-full:Revenue,,,,,,
1937441,Ambipar Emergency Response,Brazil,4955,Hazardous Waste Management,20-F,active,2021,822203000,618691000,1431081000,296396000,9632000,585746000,,,BRL,ifrs-full:Revenue,,,,,,
1937441,Ambipar Emergency Response,Brazil,4955,Hazardous Waste Management,20-F,active,2022,1684896000,1337749000,3430757000,516081000,420197000,1192302000,,2983669000,BRL,ifrs-full:Revenue,5041,6,0.0635,0.0635,1,157455
1937441,Ambipar Emergency Response,Brazil,4955,Hazardous Waste Management,20-F,active,2023,2589960000,2090482000,4309172000,787561000,358703000,1537135000,,2952375000,BRL,ifrs-full:Revenue,7089,5,0.1383,0.1383,2,144624
1937441,Ambipar Emergency Response,Brazil,4955,Hazardous Waste Management,20-F,active,2024,3248442000,2769665000,5800282000,979293000,439526000,1803606000,,,BRL,ifrs-full:Revenue,7400,5,1.0436,1.0436,15,143727
1945711,Lavoro Ltd,Brazil,5900,Retail-Miscellaneous Retail,20-F,active,2020,5098545000,4362657000,,,,,,,BRL,ifrs-full:Revenue,,,,,,
1945711,Lavoro Ltd,Brazil,5900,Retail-Miscellaneous Retail,20-F,active,2021,7746534000,6421037000,5685763000,146205000,,,,,BRL,ifrs-full:Revenue,,,,,,
1945711,Lavoro Ltd,Brazil,5900,Retail-Miscellaneous Retail,20-F,active,2022,9347413000,7616606000,7523984000,196588000,,,,,BRL,ifrs-full:Revenue,,,,,,
1945711,Lavoro Ltd,Brazil,5900,Retail-Miscellaneous Retail,20-F,active,2023,9392264000,8054807000,8348724000,236781000,,,,,BRL,ifrs-full:Revenue,2375,1,0.0613,0.0613,1,163087
1945711,Lavoro Ltd,Brazil,5900,Retail-Miscellaneous Retail,20-F,active,2024,,,,,,,,,,,3379,1,0.1229,0.1229,2,162717
1945711,Lavoro Ltd,Brazil,5900,Retail-Miscellaneous Retail,20-F,active,2025,,,,,,,,,,,3778,1,0.0647,0.0647,1,154659
1965143,Nvni Group Ltd,Brazil,7372,Services-Prepackaged Software,20-F,active,2022,124545000,52813000,,,,,8000,,BRL,ifrs-full:Revenue,,,,,,
1965143,Nvni Group Ltd,Brazil,7372,Services-Prepackaged Software,20-F,active,2023,168985000,66138000,419861000,3990000,137061000,204099000,,473490000,BRL,ifrs-full:Revenue,603,1,0.3154,0.3942,5,126838
1965143,Nvni Group Ltd,Brazil,7372,Services-Prepackaged Software,20-F,active,2024,193282000,70754000,405393000,4479000,133617000,185758000,,517015000,BRL,ifrs-full:Revenue,618,1,0.3136,0.392,5,127550
1965143,Nvni Group Ltd,Brazil,7372,Services-Prepackaged Software,20-F,active,2025,,,,,,,,,,,1464,3,1.5708,1.6535,20,120959
1969373,"Vesta Real Estate Corporation, S.A.B. de C.V.",Mexico,6500,Real Estate,20-F,active,2021,160786358,,2759867070,,,,,1306241663,USD,ifrs-full:Revenue,,,,,,
1969373,"Vesta Real Estate Corporation, S.A.B. de C.V.",Mexico,6500,Real Estate,20-F,active,2022,178025461,,2953156400,,,,,1313368572,USD,ifrs-full:Revenue,,,,,,
1969373,"Vesta Real Estate Corporation, S.A.B. de C.V.",Mexico,6500,Real Estate,20-F,active,2023,214467612,,3792216293,,,,,1305247868,USD,ifrs-full:Revenue,,0,0.0,0.0,0,122455
1969373,"Vesta Real Estate Corporation, S.A.B. de C.V.",Mexico,6500,Real Estate,20-F,active,2024,252327122,,3957947434,,,,,1360663251,USD,ifrs-full:Revenue,107,2,0.0,0.0,0,123997
1969373,"Vesta Real Estate Corporation, S.A.B. de C.V.",Mexico,6500,Real Estate,20-F,active,2025,283224807,,4542459694,,,,,1794702952,USD,ifrs-full:Revenue,116,2,0.0,0.0,0,123730
1978954,BBB FOODS INC,Mexico,5411,Retail-Grocery Stores,20-F,active,2021,23091181000,19655090000,,1900585000,7831000,,,,MXN,ifrs-full:Revenue,,,,,,
1978954,BBB FOODS INC,Mexico,5411,Retail-Grocery Stores,20-F,active,2022,32580397000,27655643000,11794907000,3164204000,8241000,,,16508168000,MXN,ifrs-full:Revenue,,,,,,
1978954,BBB FOODS INC,Mexico,5411,Retail-Grocery Stores,20-F,active,2023,44078459000,37038542000,14963802000,4606300000,6771000,,,19598650000,MXN,ifrs-full:Revenue,21924,2,0.0,0.0,0,101873
1978954,BBB FOODS INC,Mexico,5411,Retail-Grocery Stores,20-F,active,2024,57439019000,48062913000,22776813000,6455625000,6790000,,,18742031000,MXN,ifrs-full:Revenue,25300,2,0.1031,0.1031,1,96977
1978954,BBB FOODS INC,Mexico,5411,Retail-Grocery Stores,20-F,active,2025,78152943000,65509469000,30526179000,9348874000,27819000,,,26400746000,MXN,ifrs-full:Revenue,29202,2,0.1081,0.1081,1,92506
