Country,Year,GDP,GFCF,POP,GDP_PC,TRADE,FDI,GOV_CONS,URBAN,RULE_OF_LAW,BROADBAND,MOBILE,INTERNET,CO2,RENEWABLES,ENERGY_USE,PM25,SERVICES_VA,INDUSTRY_VA,CAPITAL,LABOR,HC_index,AI_PUBS,EFFECTIVE_LABOR,REGION,LN_TFP_SOLOW,AI_PUBS_PM,LN_AI,MALM_CRS,MALM_EC,MALM_TC,GTFP_ML,ML_EFF,ML_TECH,LN_GDP_PC,LN_AI_L1,RENEW_L1,D_ASIA,D_AFRICA
ARG,2016,582376550428.09,87222011290.2295,43900313.0,13265.8860639123,26.0938878488799,0.584748941173009,17.6545781863509,91.5856817228217,-0.320159524679184,16.5185,145.147,70.969,194.1404,9.4,1889.87018853289,14.1434158723716,56.1222358547004,22.0541072112108,1332281932457.0024,11394552.333333334,3.00521349906921,216.0,34243062.4879839,LATAM,6.042266599412475,4.92023826800506,1.778376696059814,,,,,,,9.492951061469718,,,0.0,0.0
ARG,2017,598790850843.677,98892817130.2083,44288894.0,13520.1129846159,25.2896011376779,1.78936504083806,17.6968939223042,91.6776028433824,-0.237312033772469,17.7082,139.758,74.2949,191.3736,10.4,1874.82963739464,13.2987334804339,57.3499373815692,21.782123219335,1364560652964.3606,11568217.0,3.03543877601624,226.0,35114614.45117026,LATAM,6.045346261703131,5.102859421145175,1.808757418911543,1.0031184318082298,1.0,1.0031184318082298,0.9875833938276579,1.0000000000000002,0.9875833938276577,9.511933706412325,1.778376696059814,9.4,0.0,0.0
ARG,2018,583118120294.002,93210783977.9137,44654882.0,13058.3285449954,30.7625359549926,2.23253157689253,15.8050971558947,91.7679941327998,-0.219330430030823,18.9759,131.224,77.7,189.8171,10.5,1806.77623499039,13.5371363799976,56.3697502721818,23.7195923321304,1389543404294.0562,11744699.0,3.06596803665161,279.0,36008871.73409413,LATAM,5.996127560410553,6.247917081048383,1.9807141284225316,0.9523281981644299,1.0,0.9523281981644299,0.918841073440876,0.9999999999999999,0.9188410734408761,9.477181411867754,1.808757418911543,10.4,0.0,0.0
ARG,2019,571450737224.442,78342216931.0375,44973465.0,12706.3978108968,32.6306150458499,1.48500687570697,16.4432415862976,91.8567844513802,-0.427360445261002,19.5519,125.303,79.947,183.2687,10.7,1777.41507710553,14.7246348007331,55.4388171093669,23.1578477391434,1398408451010.3909,12041135.0,3.09680438041687,251.0,37289039.61319089,LATAM,5.950983059339391,5.5810687479828385,1.8841971558535224,0.9561679844698484,1.0,0.9561679844698484,0.9078722224913295,1.000000000000001,0.9078722224913285,9.449860910237419,1.9807141284225316,10.5,0.0,0.0
ARG,2020,514874343768.066,68106055855.5898,45191965.0,11393.0505957877,30.203698807416,1.26616924308721,16.8730073837365,91.9439026594897,-0.486265957355499,21.1798,121.181,85.5144,168.1154,9.8,1623.92450833523,16.0292286761716,54.8578674557962,22.4088763711802,1396594084315.4612,10936539.0,3.12795066833496,337.0,34208954.47432136,LATAM,5.903219861682105,7.457077823458218,2.1350037030112885,0.9563792810657435,1.0,0.9563792810657435,0.9396468413448865,0.999999999999999,0.9396468413448874,9.340758851642148,1.8841971558535224,10.7,0.0,0.0
ARG,2021,568636554720.066,91273371142.4809,45312281.0,12549.2811699342,33.078689567466,1.36838083162438,15.9158179423023,92.0292776175651,-0.477947890758514,23.15,130.353,87.1507,185.676,9.2,1741.51377200597,13.9190749120157,52.8340319497207,23.4994644263761,1418037751242.169,12241621.0,3.13874697685242,316.0,38423350.9055231,LATAM,5.921689660784329,6.973826808674673,2.076164529219237,1.0147225612892148,1.0,1.0147225612892148,1.0246947361647114,1.0,1.0246947361647114,9.437418665623444,2.1350037030112885,9.8,0.0,0.0
ARG,2022,602872713790.916,100814337082.887,45407904.0,13276.8232110189,31.5801792606256,2.3984601182853,15.7026090548718,92.112838186126,-0.482351809740067,24.6832,131.484,88.3754,195.0411,,1808.76021335553,15.8656062718096,53.5341356683759,24.1118636272911,1447950200762.9475,12881228.0,3.14963102340698,231.0,40571115.32837865,LATAM,5.937493914934281,5.0872200575476905,1.806191500911495,1.0177524203773476,1.0,1.0177524203773476,1.0224884808369148,0.9999999999999999,1.022488480836915,9.493775178375971,2.076164529219237,9.2,0.0,0.0
ARG,2023,591684674129.454,98847542616.3413,45538401.0,12993.0928872416,26.6769512482215,3.81190879856952,16.3015627890885,92.1945132257907,-0.410826534032822,25.3581,137.706,89.229,189.8908,,1763.50879742948,14.3465949932455,53.1990739500308,25.1722105252735,1474400233341.1414,13293498.0,3.16060328483582,290.0,42015473.4457584,LATAM,5.889687803872263,6.368251709145431,1.997180460848503,0.9552998667426601,1.0,0.9552998667426601,0.9001692673884918,0.9999999999999993,0.9001692673884923,9.472173178879085,1.806191500911495,,0.0,0.0
BGD,2016,209028320490.615,61393731835.153,160811932.0,1299.83091360792,31.3341501346142,0.879528340271998,5.86529831496558,29.8753915517965,-0.9068902,4.09944456111627,84.5595499717024,16.89909935,93.9921,30.2,256.237827701744,64.2366339904364,51.2078039865767,31.0691513830358,498122562838.2111,59529819.0,2.02273631095886,310.0,120413126.47610866,ASIA,4.54461096592855,1.9277176521951118,1.0742231611881363,,,,,,,7.169989468534807,,,1.0,0.0
BGD,2017,222803809377.443,66525986070.1388,162186147.0,1373.75363740186,29.9997306724343,0.616341784631384,6.02233215987973,30.2015798381799,-0.924304999999999,4.5013092271068,93.0689844922452,21.5,101.0415,28.1,264.090549017021,63.8347510665769,51.383900544644,31.2482919641603,539742420766.43933,60827611.0,2.04875159263611,469.0,124620664.91249977,ASIA,4.558021939773354,2.891738959678227,1.3588560910770264,0.9837101265293248,1.015536007445742,0.968661001990008,0.9923007145891082,1.0014762091903189,0.99083803038254,7.225302153504579,1.0742231611881363,30.2,1.0,0.0
BGD,2018,239111739541.452,74597518248.3962,163523103.0,1462.25050255713,32.5146317240884,0.75354913412869,5.95916693091491,30.5175656009959,-0.9096266,4.92461851093909,98.9289060885788,25.56509972,105.1823,27.0,261.271156644512,79.2984145312804,50.890160724185,31.9828135899766,587352817976.5135,62754293.4,2.07510161399841,655.0,130221535.51966977,ASIA,4.570498783602588,4.005550212681569,1.6105473393287482,0.9862017818826776,1.0376304437009165,0.9504364370470778,1.0006331893850302,1.0113314366853123,0.9894216209323561,7.2877319680106325,1.3588560910770264,28.1,1.0,0.0
BGD,2019,257958323968.613,79730036553.6332,164913055.0,1564.20802445636,31.5780544912404,0.543244141585063,6.2381894055709,30.8228396343012,-0.9419472,4.90288655437254,100.399571155843,30.38310051,109.3222,26.1,277.950296654643,66.7938254643287,50.8492887427224,32.8525491977868,637715213631.321,64680975.8,2.10179042816162,1113.0,135945855.8205934,ASIA,4.589609987806682,6.7490108651495175,2.0475652049165274,0.993621377039623,1.022652929411398,0.9716115296433127,1.0050347514345916,1.0154504477212942,0.989742782318846,7.355134920224906,1.6105473393287482,27.0,1.0,0.0
BGD,2020,266852772253.895,82876081503.6354,166298024.0,1604.6659234742,26.271447376215,0.407859894856915,5.97120729189186,31.1168927321524,-0.8969166,6.04506220711318,106.002140470412,36.10910034,104.1229,27.2,278.638664578008,72.109680405827,51.5113093348259,32.9115650824449,688705534453.3904,66607658.2,2.12882280349731,1349.0,141795901.6637146,ASIA,4.569200530919764,8.111942448576539,2.2095859101214823,0.9578894217072738,1.037044042921254,0.9236728451850423,1.0015747952926477,1.034277296227546,0.9683813025247887,7.380670866530346,2.0475652049165274,26.1,1.0,0.0
BGD,2021,285368829855.224,89581402225.3307,167658854.0,1702.08028414189,27.7240047036631,0.414118154040593,5.88274868783073,31.3992156886061,-0.974914899999999,6.64246518111116,110.012054001037,38.91744466,117.7683,25.0,298.53034978646,73.1105267513781,51.3015069352743,33.3160943869001,743851659956.0515,68534340.6,2.07164478302002,2012.0,141978809.16170713,ASIA,4.608488263275465,12.000559183113587,2.564992370622118,0.9901068200140568,1.0151812411378354,0.9753005472247747,0.9848853809913214,1.0237330208197244,0.9620529581068931,7.4396064784919735,2.2095859101214823,27.2,1.0,0.0
BGD,2022,305629528154.311,100020656738.973,169384897.0,1804.3493461776,33.7799672705735,0.347960024540439,5.69899955596024,31.673734726234,-0.973641299999999,7.17020479104462,109.8665408168,41.61650085,120.8657,,308.276302614701,63.2199514017555,51.0380826788136,33.9200804971876,806679733697.2219,70461023.0,2.1118311882019,1879.0,148801785.9240114,ASIA,4.618190421374324,11.093078741252828,2.4926332840903687,0.9875838215337345,1.0231475560070131,0.9652408547872885,1.0013738283306721,1.0031664594577212,0.9982130272497167,7.49795533274916,2.564992370622118,25.0,1.0,0.0
BGD,2023,323279976841.364,102232069046.377,171466990.0,1885.37733613545,30.9829714104596,0.335721505298968,5.66516962733289,32.1578465036834,-0.9020256,7.89245848428319,111.280894357567,44.50274195,118.9891,,287.753137358845,69.2525518340174,51.1119129405073,34.5942721606063,868577816058.7378,70981962.0,2.15412998199463,2562.0,152904372.5250035,ASIA,4.630781406131874,14.941651451395979,2.768935272223626,0.9828224702508309,1.0024682382631587,0.9804026030327252,1.001350309939188,0.9913549932881381,1.0100824797562147,7.541883258170298,2.4926332840903687,,1.0,0.0
BOL,2016,34407300587.1524,7293345003.48168,11180020.0,3077.57057564766,56.4010345026573,0.988080149462259,17.4582521973373,68.7446327876947,-1.23873949050903,2.57235,90.3953,39.6975,21.3607,13.6,779.010093756017,28.6713882052018,49.8023324477813,25.3263589797711,59202734918.90754,4851473.0,2.88119912147522,2.0,13978059.74546075,LATAM,4.8856031804575295,0.17889055654641045,0.164573789889774,,,,,,,8.031895790581249,,,0.0,0.0
BOL,2017,35850757840.6068,8151861191.7661,11344587.0,3160.16421228968,45.5761123650708,1.55130384811576,15.1955405478657,69.0838016274736,-1.24510812759399,3.34958,96.6384,43.8323,21.7833,14.3,800.932396505253,27.7238355089629,51.5106326361384,30.1846229804293,64394459364.72826,5038909.0,2.90920758247376,3.0,14659232.270195272,LATAM,4.8663502672786745,0.26444329793583493,0.23463194463242562,0.9579459539290858,0.9889382890000635,0.9686610019900082,,,,8.058379271145233,0.164573789889774,13.6,0.0,0.0
BOL,2018,36878987707.3734,8509563007.6485,11508368.0,3204.53670819124,46.9261953417368,0.624547731622922,16.0782526056378,69.4133879813999,-1.21190083026886,4.38026,99.4566,44.2861,21.9655,14.3,803.167323356965,26.4642569469127,52.3312287295658,30.385489117214,69684299404.14035,5365984.0,2.93748831748962,5.0,15762515.31183622,LATAM,4.819829082645279,0.4344664682255555,0.360792980931191,0.9505921297634997,1.0001638118135556,0.9504364370470777,,,,8.072322806079557,0.23463194463242562,14.3,0.0,0.0
BOL,2019,37434651169.5829,8900456332.53374,11671386.0,3207.3869521223,45.8209732749024,-0.44160551411852,16.115250287981,69.7334986708387,-1.18941926956177,6.39917,100.149,47.4748,21.9997,13.5,795.587766798846,28.9239915164101,53.345193618041,30.4627271604529,75100540766.46707,5622105.0,2.96604371070862,3.0,16675409.176193485,LATAM,4.771990158532434,0.2570388812434102,0.228758860906511,0.9418606933271584,0.9693799060545563,0.9716115296433129,,,,8.073211851012028,0.360792980931191,14.3,0.0,0.0
BOL,2020,32673162315.3388,5318612175.28535,11816299.0,2765.0927177231,37.5164342446486,-2.66931283946252,18.606656345504,70.0442635528254,-1.21863114833832,7.88672,99.8988,59.9401,18.5659,16.9,657.789938372448,31.3573420977687,55.7778796225764,27.2757447830119,76664125903.42906,5437862.0,2.99487709999084,5.0,16285728.376710389,LATAM,4.644105133226878,0.4231443364796371,0.35286874508103006,0.8550042146237904,0.9256569780965086,0.9236728451850422,0.6933739595610916,0.882224612097186,0.7859381273810002,7.924829446024645,0.228758860906511,13.5,0.0,0.0
BOL,2021,35949969735.497,6370628388.4377,11937360.0,3011.55110807557,47.6670843158984,1.21888494970059,16.9868563354909,70.3450412826165,-1.17760181427002,9.44574,100.809,65.9774,21.8696,12.8,757.897180576978,28.1172356323428,52.5597373914027,30.8437936181153,79201547996.6953,6149056.0,3.02450704574585,8.0,18597863.196685795,LATAM,4.641990278296726,0.6701649275886796,0.5129223805874488,1.0650398975707673,1.0920119963034438,0.9753005472247745,1.164189969251567,1.0852646007735332,1.0727245396392537,8.010210543309576,0.35286874508103006,16.9,0.0,0.0
BOL,2022,37297165304.9227,6626840558.66727,12077154.0,3088.24126155241,57.5249335789631,0.0122391923945909,16.3831026050567,70.6352598708131,-1.30140423774719,10.9975,101.572,67.3612,23.3823,,799.661765658889,30.5651114620926,52.8583667608579,32.0192722610323,81868311155.5278,6409114.0,3.05485272407532,8.0,19578899.361809272,LATAM,4.633774984680926,0.662407716255005,0.5082669829876436,1.0036796869784148,1.039823047274141,0.9652408547872884,1.011881881782975,0.9762459989474286,1.036502974530977,8.03535703683384,0.5129223805874488,12.8,0.0,0.0
BOL,2023,38235698454.9001,6824095914.39533,12244159.0,3122.77049447823,49.6083255594597,0.458812480265399,16.8530546961722,70.9151414044538,-1.21933794021606,,,70.2368,24.4241,,847.306714580511,28.1374394437756,53.7978016916653,29.7722060416097,84598991512.14673,6580994.0,3.08593535423279,16.0,20308522.050593864,LATAM,4.623361311820586,1.3067455265812866,0.8358376682013353,0.9920249146375075,1.0053561288858188,0.9867398090435022,0.992452039623387,1.0207392685038774,0.9722875079333906,8.046475865782845,0.5082669829876436,,0.0,0.0
BRA,2016,1743173031878.48,282449055268.201,203218114.0,8577.84277969667,24.5336820770756,4.13737853830264,20.3792974269012,85.9487048448108,-0.201301991939545,13.2177,120.101,60.8725,482.7112,45.4,1414.8979311951,13.4895823334815,63.2036958322425,18.3547582770536,4220500719827.1284,90212798.0,2.8806574344635,2019.0,259872167.24245396,LATAM,5.41768167581067,9.935137967081024,2.391981271066149,,,,,,,9.056937736591848,,,0.0,0.0
BRA,2017,1766232928473.27,275225828621.726,204703445.0,8628.25209645723,24.3197343741684,3.33826028420938,20.1619046967128,86.1982897571091,-0.305428564548492,14.1218,108.093,67.4713,494.7579,45.3,1431.95949698072,13.6049599824881,63.3386728622309,18.1885023085758,4284701512457.498,90503629.0,2.94924998283386,2193.0,266917826.27465203,LATAM,5.408151491641924,10.713058590684685,2.4607043382680622,0.9963587642904785,0.997689665098526,0.9986660172450358,0.9962822037625226,0.9952637556763487,1.0010232946596973,9.062797225494023,2.391981271066149,45.4,0.0,0.0
BRA,2018,1797736638146.82,289624978886.943,206107261.0,8722.33529970988,28.876203376153,4.07858861807831,19.8950877838984,86.4420719945072,-0.30234295129776,15.1538,101.602,70.4343,471.0836,46.9,1403.40232453429,13.3316911366538,62.6533503532505,18.7490514527988,4360091415721.566,92076304.0,3.01947546005249,2918.0,278022140.3803329,LATAM,5.393232265775829,14.157676861272734,2.718507127130723,0.996457823370293,1.0297344822554135,0.9676842336946558,0.9932583739025355,1.0298552702241146,0.9644640393852478,9.073642290648193,2.4607043382680622,45.3,0.0,0.0
BRA,2019,1819683008336.22,301285475912.595,207455459.0,8771.43950372603,28.8902578697354,3.69267330426814,19.9835812871943,86.6797991084296,-0.224319815635681,15.8622,97.3747,73.9124,468.5794,47.5,1415.83477031974,13.813142449647,63.0678492508986,18.7546275724707,4443372320848.082,94129066.0,3.09137320518494,3333.0,290988072.4614848,LATAM,5.369115929550839,16.06609927772496,2.8370939973789073,0.9891911005192324,1.007572170794437,0.9817570683192732,0.9871339810669115,1.0062720176365714,0.9809812493697189,9.079256211432273,2.718507127130723,46.9,0.0,0.0
BRA,2020,1760056385298.89,296022135253.885,208660842.0,8435.01046209185,32.3020785443492,2.59263784624068,20.1351530146558,86.9112186503004,-0.231919765472412,17.4181,98.6456,81.3427,447.921,50.0,1379.24649914162,13.6658296866126,61.4484446411949,19.5061183897524,4517225840059.5625,86874675.0,3.16498303413391,3808.0,274956872.4708973,LATAM,5.366864121994563,18.249710695598555,2.9574960318207846,0.961827859327653,1.0519279820505083,0.9143476319099104,0.9590663087898447,1.0545281661478227,0.9094743408260977,9.040146235298428,2.8370939973789073,47.5,0.0,0.0
BRA,2021,1843880907790.44,334230064783.313,209550294.0,8799.22844579944,37.6563307592575,2.77979074096507,18.5475883604547,87.1360781715439,-0.301417380571365,19.8363,104.825,80.6899,506.2334,46.5,1430.3934661032,13.6869644159129,56.9133841883894,22.123475195366,4625594612839.896,91187695.0,3.22658061981201,3895.0,294224449.4523285,LATAM,5.361069786195312,18.58742321783619,2.974887687717146,1.0168896641353369,1.0088331328976157,1.0079859899273738,1.020159146242126,1.0057819699137114,1.014294525810249,9.082419320008778,2.9574960318207846,50.0,0.0,0.0
BRA,2022,1899505159031.73,337871418527.24,210306415.0,9032.08377657776,38.8160659764321,3.86803201499441,18.4022127200972,87.349556243881,-0.257879137992859,20.9534,101.245,80.5278,479.2664,,1432.72741132919,14.946073685839,58.0872310746862,22.8194568521446,4732186300725.142,97918963.0,3.29099345207214,3273.0,322250666.06669414,LATAM,5.323675401121761,15.563006007210955,2.8071716546585317,0.9984287711176313,1.0014831265400732,0.9969501678645409,0.9972360886516136,1.0015712103644119,0.9956716789900331,9.108538381315462,2.974887687717146,46.5,0.0,0.0
BRA,2023,1961080569227.7,327806716034.428,211140729.0,9288.02594608687,33.6662298301284,2.86383330702497,19.0426107944103,87.6159710235763,-0.308802843093872,22.4192,101.02,84.1506,480.235,,1481.22439922518,13.3827173243912,59.1789358564203,22.1441739229749,4823383701723.3125,99281765.0,3.35838437080383,3593.0,333426327.8818187,LATAM,5.326736743950317,17.01708626761443,2.89132054474523,1.010584263406957,1.002692084755355,1.007870989281348,1.011198803069977,1.0258821144374786,0.9856871358211047,9.136481316880165,2.8071716546585317,,0.0,0.0
CHL,2016,246700604515.86,60295644485.195,18267221.0,13505.097711133,56.0578610877723,4.55707488153847,14.3426676192841,87.6306290578181,0.96039354801178,15.9005,127.565,83.5586,88.8653,24.6,2070.46958170364,22.4649726847552,58.9826363326027,26.7795650481896,719211869448.3883,8400305.0,3.08908796310425,252.0,25949281.061904445,LATAM,5.579368272018307,13.795201798894315,2.6943029254275763,,,,,,,9.510822501382549,,,0.0,0.0
CHL,2017,250050047209.619,58290641702.5622,18558868.0,13473.3458532934,56.0261589675707,1.89647029836548,14.6487131962187,87.8000295757281,0.981475472450256,16.501,124.001,82.3275,89.7525,24.1,2065.97571745805,21.6603146283732,58.2768071532191,27.3811560671383,741541917678.5311,8604646.0,3.10786700248718,238.0,26742095.371483304,LATAM,5.562590621986139,12.824058019055903,2.6264104090332094,0.9831533821378607,1.0007591443363177,0.9824075929776962,0.9807232696178035,1.0013529759425361,0.9793981674590675,9.508468631529055,2.6943029254275763,24.6,0.0,0.0
CHL,2018,260027117802.785,62075415014.4734,18893191.0,13763.0068844795,58.177050633437,2.68461345207245,14.856473757383,87.9620493753008,0.940260529518127,17.2067,133.27,84.9,89.8194,25.5,2067.9764736837,20.5997873103713,58.0012686596891,27.8615227739821,766540236809.0779,8791511.0,3.12676072120667,297.0,27488951.274856374,LATAM,5.5722066403813155,15.719949054662072,2.816602560681942,1.0065494735240832,1.0324356115436577,0.9749271162965111,1.00601275033444,1.0349869203967126,0.9720052790124472,9.529739611195893,2.6264104090332094,24.1,0.0,0.0
CHL,2019,261676645417.276,64859828465.1316,19197744.0,13630.5935435578,57.6117545680829,4.87956164130548,15.2539557255243,88.1273685623538,0.924216628074646,17.865,130.493,85.0176,95.2476,25.3,2154.35451877758,20.755448395943,58.8831754600692,27.1184422429165,793073053433.7555,8980466.0,3.14576888084412,332.0,28250470.478278674,LATAM,5.548858553478636,17.293698676261126,2.9065566659200543,0.9732683935203862,0.987083367546176,0.9860042479895766,0.9722527082841119,0.9857607787417048,0.9862968067416564,9.520072070591876,2.816602560681942,25.5,0.0,0.0
CHL,2020,245600606668.884,57833106123.1192,19370624.0,12679.024004022,58.1828635629748,4.50610139661101,16.0263618695537,88.2953490438375,0.930162131786346,19.4306,129.414,87.4593,87.5108,26.7,1946.16760616995,20.0102686850355,56.3446145785556,29.8295676046618,811252506885.1868,7883746.0,3.16489291191101,414.0,24951211.834706776,LATAM,5.55824526789506,21.372569102575117,3.1078356147984607,0.9499222937273963,1.0307427812440177,0.9215900523512975,0.9553536723391357,1.0300672493603482,0.9274672822889882,9.447704253737134,2.9065566659200543,25.3,0.0,0.0
CHL,2021,273390120031.28,67060872244.5355,19456334.0,14051.4713630677,64.8774063237834,4.81308998117864,14.7373122384899,88.4660511664452,0.889890670776367,22.014,136.572,90.2328,89.1084,24.2,2032.98120427379,22.0634868594571,54.9981243742139,30.860053303873,837750753785.4629,8314905.000000001,3.18922209739685,519.0,26518078.76375556,LATAM,5.6146011316984,26.675117727728153,3.320533732523436,1.068134576873553,1.0497486595110268,1.017514589988703,1.060756722707058,1.041997602363016,1.0180030359969165,9.5504823926288,3.1078356147984607,26.7,0.0,0.0
CHL,2022,279278925615.692,70160762873.4074,19553036.0,14283.1489501524,75.2016177425303,6.2318507042491,14.7249541091785,88.6395352768685,0.688454449176788,22.7902,135.114,93.5377,90.4279,,2081.99751245711,29.1705232939256,55.3720887582081,31.0330474006021,866023978969.597,8876952.0,3.21398735046387,460.0,28530411.43867495,LATAM,5.576751656865749,23.525758352820503,3.199723926597033,0.9826735406738969,0.9730585805716805,1.0098811729264723,0.9763309409040566,0.9720373837470881,1.0044170699900627,9.566835726300333,3.320533732523436,24.2,0.0,0.0
CHL,2023,280734996501.051,70123244870.3023,19658835.0,14280.3475638842,60.7247236874408,5.47730938390937,15.299339236854,88.8158617217972,0.625093758106232,22.9954,135.871,94.4574,77.0074,,2059.27616196845,23.1032480114662,57.6027444991353,28.8030257311404,892846024891.4194,9089552.0,3.23919916152954,544.0,29442869.217079155,LATAM,5.550813496427285,27.67203651691466,3.3559223104006186,0.9749212290913015,1.002250713004183,0.9727318887796418,0.9826322780467341,1.001031711045986,0.9816195303343326,9.56663957480496,3.199723926597033,,0.0,0.0
CHN,2016,12044942062503.5,5154510820320.7,1387790000.0,8679.22528805041,36.177170692978,1.52539470315394,16.4004661104345,58.8399238586426,-0.6211726,22.9761329915729,97.2138770934621,53.2,10773.7258,12.6,2149.2047500244,45.2806085850562,53.2881936644189,38.811156093921,38412807153155.1,762450000.0,2.62366509437561,21878.0,2000413451.2066839,ASIA,5.251068908927127,15.764632977611887,2.8192714874991265,,,,,,,9.068687551142396,,,1.0,0.0
CHN,2017,12874987827480.3,5478798666123.37,1396215000.0,9221.35045639842,36.95085261586,1.32468971748482,16.501760892272,60.2402687072754,-0.5354403,27.9101271418763,104.073181609424,54.3,10999.4188,13.1,2215.91139022057,43.0911018824937,53.541663396795,39.129944350895,41970965461620.71,760580000.0,2.64853596687317,26415.0,2014423485.6843956,ASIA,5.282168626166817,18.919006027008734,2.99167435266896,0.9879803818069423,0.9982335215888931,0.9897287162169921,0.98267813884709,0.9901112788999763,0.9924926215756833,9.129276776150117,2.8192714874991265,12.6,1.0,0.0
CHN,2018,13745054545709.3,5849150101123.61,1402760000.0,9798.57890566402,36.8943843914718,1.66361992284408,16.8365384091475,61.5001983642578,-0.5204445,28.7089097131815,116.229125477063,65.35839844,11527.5117,13.5,2310.87757050979,38.5057526966035,54.1051640361573,38.9777001747097,45721567289663.28,757820000.0,2.67364239692688,35534.0,2026139681.239128,ASIA,5.31383445380558,25.331489349567995,3.2707655366471187,0.9897672563527689,1.018204096861161,0.9720715713126131,0.9870314417478658,1.0248145938879345,0.9631317192735056,9.18999264451763,2.99167435266896,13.1,1.0,0.0
CHN,2019,14579018970009.3,6090805998907.79,1407745000.0,10356.2924890582,35.4544350281407,1.28549226847992,17.1510123948127,62.7099151611328,-0.5515574,31.5611222411202,122.670391850252,64.080881297515,11813.0582,14.3,2397.96868908473,37.20244673057,55.2295599322538,37.7642333162735,49526294924087.91,754470000.0,2.69898700714111,47130.0,2036304727.2777534,ASIA,5.341509168856652,33.479074690373615,3.540352609309342,0.9870482683196642,1.0021589509015123,0.9849218703597319,0.9823344459470986,0.998612055159383,0.9836997669633716,9.245349583911969,3.2707655366471187,13.5,1.0,0.0
CHN,2020,14920095680400.9,6346749365942.07,1411100000.0,10573.3794064211,34.337778473884,1.68770756292082,17.6037978191606,63.5234230266258,-0.5093696,33.9069794578039,120.496715387079,70.05275998,11964.1285,14.9,2465.96954605987,33.6907047751319,55.5482556415912,36.9115624066306,53396729543825.58,750640000.0,2.7245717048645,54304.0,2045172504.5394883,ASIA,5.335474222978533,38.48345262561123,3.6758816632646125,0.9558984588821108,1.0479732613073756,0.9121401224393847,0.9456909086193636,1.054703579394216,0.8966414138487465,9.266094744551108,3.540352609309342,14.3,1.0,0.0
CHN,2021,16198805195731.6,6598453297619.72,1412360000.0,11469.3174514512,36.6428789643754,1.8903454142588,16.3512045683208,64.721076965332,-0.5386195,37.5611751315805,121.491918368395,73.05323517,12551.8645,15.2,2623.79959356116,31.918522723712,54.8181795722183,38.0924722040717,57325346364254.016,746520000.0,2.73290514945984,71216.0,2040168352.1747599,ASIA,5.394447398195082,50.42340479764366,3.940093415080131,1.017761858626611,0.9992944829542533,1.0184804139193904,1.0277611147933003,0.9884590361354886,1.0397609584424141,9.347430701068673,3.6758816632646125,14.9,1.0,0.0
CHN,2022,16706452162504.0,6786639414758.66,1412175000.0,11830.298767861,37.512555678171,1.03841365474349,16.6626986358672,65.2176361083984,-0.563864399999999,41.3736197056022,124.195248970763,75.61131603,12518.6844,,2676.48200976111,31.8957749766111,54.9575804271762,37.8945266620066,61245718460799.97,733510000.0,2.74130630493164,82165.0,2010775587.7304075,ASIA,5.411584719753874,58.183298812116064,4.080639387427932,0.9718485553854771,0.9663213062776369,1.0057198874452347,0.9682028767949696,0.9480251157433682,1.0212839941859342,9.378419211755894,3.940093415080131,15.2,1.0,0.0
CHN,2023,17611274170444.3,7019896442636.18,1410710000.0,12483.9791101249,36.7391496938394,0.280991103634816,17.1891419707315,65.5301448035523,-0.552260699999999,44.728886496649,128.247014127486,90.6,13021.242,,2850.94152906511,31.991575365069,56.3379775668432,36.7725030223561,65203328980396.15,740410000.0,2.74977564811707,103792.0,2035961387.6223598,ASIA,5.434322235306299,73.57429946622622,4.311795936675514,0.9949915320205731,1.0250248629017624,0.9706999001017718,0.9950231828229561,1.0245970158231963,0.9711361320172501,9.432201430057397,4.080639387427932,,1.0,0.0
CIV,2016,49101205368.91,11799495888.8652,25989405.0,1889.27777949938,47.5655783613535,1.19375800859004,9.86519507238038,49.929991034032,-0.679972399999999,0.524752298099937,105.624772864173,41.2078149304414,11.4035,64.0,391.655583364613,23.7745526064328,54.493573696894,20.820713814142,75188315594.7106,9476327.0,1.63856148719788,7.0,15527544.462293424,AFRICA,5.089225889912504,0.2693405254949084,0.23849749433863476,,,,,,,7.543949907775461,,,0.0,1.0
CIV,2017,52739979047.0655,11944274979.4846,26733372.0,1972.81431788947,48.6625074729482,1.85673486381973,10.2683859615717,50.3977309654344,-0.694249799999999,0.534257331996876,118.755063895419,43.8399208514876,12.33,62.5,392.588824263082,21.4341423661948,55.7500354113374,19.8085626532407,83373174794.45967,7704281.0,1.65733885765076,8.0,12768604.271560455,AFRICA,5.251707312306179,0.2992514374916864,0.2617882813069462,1.0110497042627615,1.0,1.0110497042627615,1.0150513358612432,1.0,1.0150513358612432,7.587216390032501,0.23849749433863476,64.0,0.0,1.0
CIV,2018,55294253263.7438,12764874023.856,27464173.0,2013.32307598499,46.0375087102874,1.05998699614336,10.047344032596,50.8718477756395,-0.6230846,0.640536308885034,123.098008449044,37.5465361301281,12.3432,60.5,358.54922881191,19.8798421869581,55.6186479812729,19.1116818893978,91969390078.59268,8423176.0,1.67633152008057,9.0,14120035.427986175,AFRICA,5.199263801651057,0.32769965438245674,0.28344786160670565,0.9500747862837273,1.0,0.9500747862837273,0.9580974203993163,1.0,0.9580974203993163,7.607541907538331,0.2617882813069462,62.5,0.0,1.0
CIV,2019,59010785540.9857,13647842191.3769,28193009.0,2093.09994335779,44.6604105830795,1.40583048179048,10.8276425991993,51.3514799771241,-0.599899499999999,0.768711846259475,132.574011521792,36.2889545655205,13.1832,61.1,376.743212908005,18.8155812927616,54.9974768932861,21.6420400540965,101018762766.03995,9142071.0,1.6955418586731,7.0,15500764.055461446,AFRICA,5.170825914177282,0.24828850301150898,0.22177341551590352,0.9716946015904895,1.0,0.9716946015904895,0.974464267815872,0.9999999999999998,0.9744642678158723,7.646401472551903,0.28344786160670565,60.5,0.0,1.0
CIV,2020,59423700880.6615,14163831254.7395,28915449.0,2055.08483996432,41.9426318190526,1.13111245703154,11.3216044456757,51.8357660823651,-0.618331,0.903911262107671,138.663750301785,36.01660156,13.2881,61.8,385.900911896689,22.0556108824208,55.5728121351951,20.7022034045474,110131655882.47745,9956622.0,1.71353816986084,17.0,17061051.83987618,AFRICA,5.085228473162362,0.5879210106680343,0.4624256201948743,0.9223340707959821,1.0,0.9223340707959821,0.9310029626114833,1.0000000000000002,0.9310029626114831,7.628072410732317,0.22177341551590352,61.1,0.0,1.0
CIV,2021,63620521822.0335,16270732119.0722,29639736.0,2146.46047529012,45.1140327762435,1.91282655892028,9.96265946726249,52.3183461956059,-0.6527655,1.13037781443128,150.343798608733,35.95069885,17.2006,58.2,475.7701142407,21.3540188476971,54.1000329007516,22.1030350664638,120895805207.42578,10771173.0,1.71744728088379,16.0,18498921.780778896,AFRICA,5.068238757199758,0.539815874203468,0.43166284707186725,0.9771303144013437,1.0,0.9771303144013437,0.9706988018014059,1.0,0.9706988018014059,7.671575473933528,0.4624256201948743,61.8,0.0,1.0
CIV,2022,67692161181.7305,18414164839.9599,30395002.0,2227.08197820584,52.8663910413483,2.2547265327193,9.46903676410753,52.8492549676673,-0.6021757,1.25179133069312,161.231833444196,38.41328122,18.4103,,483.894918210023,21.8306712275434,52.9655573840158,23.0445423474416,133265179787.01439,11585724.0,1.73017752170563,20.0,20045359.23748544,AFRICA,5.043993491464944,0.6580029177165377,0.5056138164923375,0.967391270447438,1.0,0.967391270447438,0.9717737019262744,1.0,0.9717737019262744,7.708447477628731,0.43166284707186725,58.2,0.0,1.0
CIV,2023,72159844125.7554,18956238337.5795,31165654.0,2315.36434710324,48.8170039103332,3.07641433618414,9.26221456590428,53.4075201638704,-0.6022948,1.36336622359986,171.988943341282,40.65284979,17.925,,483.503922762538,20.3873194822538,52.2715206592214,23.9006374307143,145558159135.24316,11585724.0,1.7432347536087,28.0,20196636.722518403,AFRICA,5.072137683331285,0.8984249135282064,0.6410245494878851,0.9847019750678109,1.0,0.9847019750678109,0.9886301225254668,1.0,0.9886301225254668,7.747322339494329,0.5056138164923375,,0.0,1.0
COL,2016,299618678572.191,66620549038.7795,47437512.0,6316.07067782542,36.202652984202,4.90164572903473,14.5412847223026,77.2036266362166,-0.266068160533905,12.4648,123.71,58.1365,88.4935,30.5,923.380646133256,19.6738712609183,56.8986156229234,27.689162311787,654494689200.5762,20930863.0,2.53814482688904,415.0,53125561.64577321,LATAM,5.3409714816369505,8.748350883157617,2.2770981305149784,,,,,,,8.750852565595604,,,0.0,0.0
COL,2017,303691577641.583,67855877161.6442,48131078.0,6309.67745292518,35.2829149424588,4.3931823276543,14.8806426275244,77.2245191706503,-0.366633266210556,13.1537,129.272,62.2599,80.9994,32.2,870.764598847956,18.4571577570909,57.6083331251066,26.8148589146209,689625831902.1915,21125155.0,2.5629780292511,495.0,54143308.12952402,LATAM,5.3238390076306334,10.284415404117896,2.4234226060138933,0.9677280384609923,0.9568801181024198,1.01133676011587,0.9604666725119637,0.9445282926012172,1.01687443355122,8.749839837418161,2.2770981305149784,30.5,0.0,0.0
COL,2018,311479214511.795,68559434276.7921,49024465.0,6353.5464285392,36.5347527968973,3.38083573220188,15.4214808598175,77.2804816598084,-0.383742153644562,13.6229,131.595,64.1264,85.3965,30.4,829.434495650998,18.3860185548236,57.6526815895265,26.8954667535946,723703974583.874,21271706.0,2.58082032203674,581.0,54898451.129190855,LATAM,5.323274350291905,11.851225709449354,2.5534391927416444,0.9838135501926828,1.0202316758123111,0.9643040630054619,0.9839115380997804,1.0245366952931885,0.9603477773123757,8.75676842867108,2.4234226060138933,32.2,0.0,0.0
COL,2019,321405606655.842,70092743821.6765,49907985.0,6439.96359812647,37.558533980839,4.33058240931506,15.7732334152149,77.4595528518377,-0.391183972358704,13.9253,132.811,65.0069,86.0607,31.5,899.552647463233,19.7067243599727,58.1364591705438,25.993426836769,757611519676.3568,21309813.0,2.59878706932068,674.0,55379666.47404173,LATAM,5.3329469455375715,13.504852980940827,2.6744832817716264,0.9920032587323477,1.011791389477899,0.9804424795947688,0.990786522576733,1.01161785379664,0.9794079047322799,8.77027816661759,2.5534391927416444,30.4,0.0,0.0
COL,2020,298309675728.093,53535626766.5933,50629997.0,5891.95523215403,34.0555709680101,2.7588942895314,17.15883586003,77.6382533537045,-0.491402626037598,15.3363,133.661,69.7953,84.3026,32.0,814.027717297433,19.1676132940414,60.1218262723705,23.439238595813,773266570459.1322,19049197.0,2.61687898635864,778.0,49849443.33630604,LATAM,5.319599950007074,15.36638447756574,2.795229504287131,0.9277823709879833,1.014150139769697,0.9148372953916597,0.9247988439589262,1.0166168152790387,0.9096828126978104,8.681343179480681,2.6744832817716264,31.5,0.0,0.0
COL,2021,330530695024.886,62473975248.1539,51188173.0,6457.16921807086,40.0591463936128,3.00175693787234,16.04633106217,77.8339570326128,-0.470828503370285,16.4768,146.628,73.0284,92.1683,29.7,880.466204307389,16.6640289062553,58.19295777246,24.5553120236384,797077217184.3295,20741208.0,2.63825917243958,788.0,54720682.2534772,LATAM,5.350950283354647,15.394180995676482,2.7969264545307877,1.0650821033128453,1.0583909780719223,1.006321978720106,1.0691126782914004,1.0552191058029845,1.0131665285550753,8.772946299201278,2.795229504287131,32.0,0.0,0.0
COL,2022,354752900899.02,69657260568.4434,51737944.0,6856.72590505374,48.2826551123359,4.97124137726565,14.0050262426423,78.0464633137335,-0.427760243415833,17.0075,156.195,72.7964,88.3446,,863.76322070814,18.8527177779036,54.908743854001,26.1230022316952,826880616893.5563,22032180.0,2.6601254940033,599.0,58608363.706469625,LATAM,5.364210992285795,11.577576410844621,2.531915578566204,1.030271541171912,1.0343296547962912,0.9960765761616122,1.029520888559324,1.032585422191441,0.9970321742237915,8.832985333472989,2.7969264545307877,29.7,0.0,0.0
COL,2023,357280089727.874,60802434419.3706,52321152.0,6828.59753791113,40.3881324933957,4.58478761240549,14.6540810646728,78.275571579544,-0.458272933959961,17.037,166.98,77.3369,92.7973,,872.633394703758,18.3566187713727,56.7402222191369,24.6925648854384,846339020468.249,22788394.0,2.68249130249023,714.0,61129668.70272054,LATAM,5.335790705202633,13.646488517684014,2.684200615106783,0.9810453419387699,0.9708525154455009,1.0104988413081382,0.981682401090617,0.9933378978444966,0.9882663323536014,8.828874592960394,2.531915578566204,,0.0,0.0
CRI,2016,58814921621.3159,11360656068.2955,4866998.0,12084.4351325634,62.1784781768295,4.45296211770326,16.7086790790549,75.5423088085047,0.431041657924652,13.131,171.166,65.8804,8.2325,34.1,1001.15093508133,18.2625400009976,67.455208004105,19.6500112824728,160001249992.4115,2072882.9999999998,2.63974022865295,23.0,5471872.644390812,LATAM,5.683369364540775,4.725705660861172,1.7449658013835398,,,,,,,9.399673550842316,,,0.0,0.0
CRI,2017,61260269007.514,11369574479.9032,4913177.0,12468.5654531709,65.0719537438815,4.83327522078441,16.3581746478518,76.0539254265608,0.42886871099472,15.1438,179.931,71.5817,8.396,33.3,972.752740541664,18.3536882830973,68.3430015552082,19.3145397059632,163370761972.69412,2118331.0,2.65795803070068,23.0,5630434.893132202,LATAM,5.698243297937982,4.681288705861808,1.7371780918334134,1.0179612239193025,1.0303793353257218,0.9879480197431427,1.0094563293656895,0.9735758026116241,1.0368543740074636,9.430965992214544,1.7449658013835398,34.1,0.0,0.0
CRI,2018,62862779082.5908,11552889634.9592,4957818.0,12679.5253643016,66.945342016636,4.829438721344,16.1957338928329,76.5544308439668,0.467835366725922,16.8377,171.357,73.4797,8.4405,33.1,950.307226341185,17.6199561122599,68.6706106301098,19.5581432647296,166755113509.01862,2201777.0,2.67630171775818,48.0,5892619.567220452,LATAM,5.687305529301591,9.681678512603732,2.368529985284538,1.0009847879755003,1.0244215787595214,0.9771219278566926,1.0092894266290242,1.0407734953786083,0.9697493557537887,9.447743795453215,1.7371780918334134,33.3,0.0,0.0
CRI,2019,64382494195.8,10609590131.5992,4999553.0,12877.650101079,65.7605300176622,4.22094016659811,16.7512009792355,77.0435864735963,0.529464185237885,18.0963,146.212,81.2026,8.193,33.4,996.673606298647,17.841294618157,69.2049940233732,19.2336569312753,169026947965.1669,2260413.0,2.6947717666626,59.0,6091297.133397107,LATAM,5.684902658598892,11.801055014318282,2.549527590522599,1.0086111775869606,1.0229188974745784,0.9860128501654029,1.0256361966025354,1.0409518826988666,0.9852868452895033,9.463248537444727,2.368529985284538,33.1,0.0,0.0
CRI,2020,61631202097.7205,10252022654.1773,5034320.0,12242.2098908533,60.1398862509533,3.37043523313038,17.7047320692606,77.5211537281257,0.498832434415817,19.7191,149.223,80.5302,7.1754,36.4,948.979659241415,17.9677813432914,68.2324072882969,20.3678511278951,170827623221.08585,2024586.0,2.71336936950684,57.0,5493449.638332375,LATAM,5.704668287387847,11.322283843696864,2.5114093178486416,0.9651908207789393,1.0492994453814672,0.9198430677031848,1.0347475464336433,1.0351292194333896,0.999631279851268,9.412645086408077,2.549527590522599,33.4,0.0,0.0
CRI,2021,66522107766.4296,11055185810.0793,5059988.0,13146.6927918465,70.7816423027085,5.53072986406838,16.5307979779817,77.9868940200009,0.423667222261429,20.9243,154.831,82.749,8.0531,34.2,996.593947554107,18.054990422746,67.0794161390985,20.6057923603832,173341427870.11084,2122234.0,2.70895266532898,55.0,5749031.450751782,LATAM,5.746362735765727,10.86959099507746,2.4739797509999044,1.0586991546877977,1.0408001014411776,1.0171973976768791,0.988676203992616,1.0,0.988676203992616,9.483925507255908,2.5114093178486416,36.4,0.0,0.0
CRI,2022,69549856033.0247,11216193280.4422,5081765.0,13686.1614090822,82.2275325353143,5.4175310653788,15.3958787283636,78.4405687613972,0.435932785272598,21.7576,154.989,82.598,8.1977,,1009.21522950084,18.2413082350632,67.2830902367432,20.6464381116167,175890549757.0475,2235855.0,2.70455527305603,57.0,6046993.43003869,LATAM,5.752918329278259,11.216575343409229,2.5027936643358655,1.027424802901923,1.022254399559585,1.0050578440597229,1.0137373150527604,1.0,1.0137373150527604,9.524140485179723,2.4739797509999044,34.2,0.0,0.0
CRI,2023,73105190307.8725,12180565513.4389,5105525.0,14318.8389652137,72.4719990801769,5.4191807109794,14.873493459823,78.8819393641702,0.389316648244858,22.5231,145.789,85.3951,8.0978,,1025.14935705085,17.6979830088429,67.9930784438128,20.459253835237,179276587782.634,2163953.0,2.70017671585083,48.0,5843055.504795551,LATAM,5.818399858790755,9.401579661249333,2.3419576851178756,1.0364620052502673,1.0646409836287607,0.9735319428691848,1.0434905463019313,1.0000000000000002,1.043490546301931,9.569331359379445,2.5027936643358655,,0.0,0.0
DOM,2016,75735566406.0476,17923228254.1553,10551430.0,7177.75376475488,51.7306571245477,3.33024928523507,10.3233829732791,74.0506780735522,-0.394124180078506,7.21471,82.5303,63.8709,24.8714,15.3,842.638249219176,13.1164167913019,62.0130672048251,25.8795514870557,255765199958.5521,4262420.0,2.66348338127136,2.0,11352884.83399867,LATAM,5.297641149179464,0.18954776745900792,0.17357320754937508,,,,,,,8.87874176696129,,,0.0,0.0
DOM,2017,78714898894.6559,17424681240.4748,10666843.0,7379.39978067137,50.7595355508472,4.55025610026855,10.667738860033,73.926806252977,-0.428010761737823,7.69279,82.2092,67.5712,23.7887,16.9,824.396571608205,14.0184540517008,62.1317869930781,25.7840049829017,260401621201.09927,4382658.0,2.69760131835938,1.0,11822663.998718282,LATAM,5.30358264504115,0.09374845022093228,0.08961074174782135,1.01830576504434,1.0330340234913387,0.9857427169753599,1.0220126133742249,1.000542054895442,1.0214589265625886,8.906447583754677,0.17357320754937508,15.3,0.0,0.0
DOM,2018,84301701754.6018,19610141780.1026,10782053.0,7818.70593240469,52.3351709577013,3.22902365102652,10.1454233339167,73.7589255716938,-0.365240544080734,7.98202,82.8937,74.822,25.6286,15.9,860.8644315883,13.9700529917489,61.067519765139,26.9196437003489,266991681921.1469,4539256.0,2.73215627670288,5.0,12401956.771961208,LATAM,5.3323115847796565,0.4637335765275871,0.38099041573197595,1.0415916526555098,1.0714511917953726,0.972131685168198,0.9986452014310913,1.0173274016046518,0.9816360002255982,8.964274338056054,0.08961074174782135,16.9,0.0,0.0
DOM,2019,88427452425.8944,20687566066.4377,10894043.0,8117.04639185786,50.912982200697,3.17366550445317,10.4392552012067,73.5403464672933,-0.320300966501236,8.5357,82.1376,79.7155,28.4615,14.4,927.882170823972,13.2694812112673,60.9652850214225,27.3564369481505,274329663891.52728,4663268.0,2.76715397834778,5.0,12903980.598301895,LATAM,5.3448094187200255,0.4589664277991192,0.37772825885720657,1.01939995422999,1.035646595046265,0.9843125629012963,1.002693644088163,1.0148995941334598,0.9879732437416942,9.00172162213943,0.38099041573197595,15.9,0.0,0.0
DOM,2020,81415993438.0734,18969849200.0413,11008300.0,7395.8734262396,44.7331613466756,3.13265976088131,12.0062907437446,73.2643793773663,-0.171013608574867,9.37345,81.6619,81.6173,26.926,16.0,862.922281087901,12.8896641072094,60.0654313134599,28.8243175766758,279583029896.9922,4390655.0,2.80260014533997,5.0,12305250.341137664,LATAM,5.286440986227651,0.45420273793410426,0.37445780400890316,0.9101514754906734,0.9971961380883468,0.9127105899501973,0.943570496863625,0.9989167757526437,0.9445937036673376,8.908677478547647,0.37772825885720657,14.4,0.0,0.0
DOM,2021,92824351636.8768,23586046073.3354,11123476.0,8344.90510312395,51.9500227303115,3.53154938314388,10.4769394644063,72.9243347395035,-0.11635073274374,10.3195,87.5208,85.243,29.6681,14.8,954.921847557077,13.666329634232,57.806877007564,30.8689593199686,289189924475.47797,4556645.0,2.84226489067078,3.0,12951192.102750557,LATAM,5.372498574139858,0.2696998671997854,0.23878054750179836,1.1002881570735852,1.0837636204526289,1.015247362348309,1.0731190169373817,1.07133795599266,1.0016624641503264,9.029406464326538,0.37445780400890316,16.0,0.0,0.0
DOM,2022,97686450823.9666,24798030966.5934,11230734.0,8698.13592094395,54.3781976712844,3.56897098132173,10.9578295683435,72.4203155643711,-0.0933533534407616,10.6744,90.376,81.5127,32.1128,,960.933551504942,12.8281909827094,58.3198656685618,30.8255427451738,299528459218.2974,4687379.0,2.88338804244995,4.0,13515532.559031004,LATAM,5.383534767330394,0.356165500847941,0.3046612328434321,1.0153772125928213,1.013504234741259,1.0018480217322825,1.015811103273179,1.0155834384531532,1.0002241714579083,9.070864019724837,0.23878054750179836,14.8,0.0,0.0
DOM,2023,99828029402.8707,25305355574.0775,11331265.0,8809.96335385949,49.8436131764417,3.94375586800192,11.2787393309517,72.3577991823338,-0.128592282533646,11.1346,91.8676,84.6161,32.7889,,1011.62393484072,13.5127642846618,59.5911487632596,29.3086832346831,309857391831.4601,4835318.0,2.92603707313538,6.0,14148319.728398819,LATAM,5.363613357660229,0.5295083999888803,0.42494637657731676,0.9866116183466975,1.0005009139873344,0.9861176582185384,0.9873206166653402,1.0060153316726244,0.9814170674951823,9.083638559314252,0.3046612328434321,,0.0,0.0
DZA,2016,194806115978.439,82511624994.0329,40850721.0,4768.73140081027,49.7609327925216,0.906300705997455,20.0218426111777,70.7353778263851,-0.860594099999999,7.00004046440209,115.154200093555,42.94549942,160.7458,0.1,1371.20207705232,16.7302943332799,52.3939905220294,32.205164049828,728422688688.9939,10870000.0,2.26325869560242,516.0,24601622.021198306,AFRICA,5.37340914985413,12.631356004707971,2.6123727275323723,,,,,,,8.46983559480189,,,0.0,1.0
DZA,2017,197728207716.082,83831810995.1411,41689299.0,4742.90075532529,49.8208161712587,0.647902696344894,18.8290421977276,71.3227912436551,-0.8676221,7.70045809597326,109.96986300969,47.69110107,166.3203,0.1,1380.3468180174,15.3884102993683,51.2221393515536,33.4766949498416,775833365249.6853,10858275.0,2.30279946327209,506.0,25004429.842060752,AFRICA,5.355671662308319,12.137407251678663,2.5754636763630137,0.9647912305657778,0.9743225891101356,0.9902174509234534,0.9979548353703763,0.9884146986344958,1.0096519575731322,8.4644042012069,2.6123727275323723,0.1,0.0,1.0
DZA,2018,200496402625.853,85592279025.0376,42505035.0,4717.0035885361,52.4361676779223,0.753576088552125,17.4037117605062,71.905249845153,-0.853582899999999,7.21566750856693,110.938066513767,49.0384680793271,174.8053,0.2,1442.30211193457,16.0599697647705,49.4261444653673,35.3432586054084,822633976012.2386,10858275.0,2.34303092956543,692.0,25441274.16672707,AFRICA,5.337815926006149,16.280424189745993,2.84957431109232,0.9670705006486789,0.9958119509684579,0.971137672838906,0.9958484159246633,1.00289431294228,0.9929744371598384,8.458929044050583,2.5754636763630137,0.1,0.0,1.0
DZA,2019,202300870247.92,85078725351.113,43294546.0,4672.66408678635,46.5068426081672,0.713947308015691,18.2610260787535,72.4824561380175,-0.845730299999999,8.27526635803041,104.922068012909,55.79069901,181.6864,0.2,1463.50985736009,16.0043837868398,50.4800694011749,33.5743211841578,866581002562.7397,10858275.0,2.38396549224854,627.0,25885752.905345015,AFRICA,5.3173022430188155,14.482193669382745,2.7396905680301264,0.9699037318026269,0.9902966101730555,0.9794073026596901,0.9935408499007283,0.9960029973276484,0.9975279718700384,8.449484656270382,2.84957431109232,0.2,0.0,1.0
DZA,2020,192185826737.373,78953057125.3063,44042091.0,4363.68533767783,40.3897565625388,0.693816014772836,19.8031597171656,73.0541126293395,-0.7746944,8.6064465013707,103.436671524065,63.47269821,171.9505,0.1,1373.67832094406,15.3457911307566,52.8041887035021,30.0235803787213,902205009559.9089,10858275.0,2.42561507225037,677.0,26337995.49863939,AFRICA,5.240650875699567,15.371658897848425,2.795551723930366,0.9210785362261678,0.9888258792258252,0.931487085418215,0.9711332539490116,0.9838396903669164,0.9870848507716069,8.381072240246514,2.7396905680301264,0.2,0.0,1.0
DZA,2021,199488888151.485,79268869353.8451,44761099.0,4456.74687637774,46.8370592599607,0.466728479682941,18.4286289389909,73.6199218261573,-0.7553319,9.33184191925225,105.037092587919,72.21240234,181.3215,0.1,1451.44517709293,16.8669275134746,48.4879581553143,36.3214812457704,936363628435.7585,10858275.0,2.45266890525818,803.0,26631753.457242265,AFRICA,5.257730347247644,17.93968463553587,2.941259436908424,1.0080269400009483,0.9745632152592891,1.0343371514722683,1.0128724317598496,1.0341917707491943,0.9793855070284494,8.402174378957262,2.795551723930366,0.1,0.0,1.0
DZA,2022,206670488126.832,81329859958.3052,45477389.0,4544.46688060372,51.1900893683897,0.107187812155079,16.5400734153236,74.1795862354514,-0.798385,10.3517244580598,107.787115922596,74.78150177,189.1886,,1499.50999958517,19.1821741766237,42.7463000437695,43.0521306240802,970875306972.2758,10858275.0,2.48042869567871,970.0,26933176.895570744,AFRICA,5.273114031921418,21.329280799300065,3.1058988575098305,1.0070413341300064,0.9811665879800916,1.0263714097757677,1.0119570874382042,1.0122526633634559,0.9997080018300277,8.42166570173465,2.941259436908424,0.1,0.0,1.0
DZA,2023,215143978140.155,88812207074.4975,46164219.0,4660.40545687895,43.7397984507007,0.489819143410423,17.9064173126831,74.732808364138,-0.7329544,12.0086836084024,111.60623555659,76.19760132,190.5786,,1503.41406578063,16.5394687279881,45.5476795606292,37.5476547378243,1011143748698.1594,10858275.0,2.50891828536987,928.0,27242524.695074525,AFRICA,5.291648859121629,20.102148809232535,3.0493748745968716,1.0291791037037896,1.0859718860643166,0.9477032664571545,1.0184199244588659,1.011063829581388,1.0072755988912425,8.44685773124866,3.1058988575098305,,0.0,1.0
ECU,2016,96540800718.3398,18509104793.3834,16505139.0,5849.13587933672,40.5344917996647,0.78469808886928,15.6897053000134,62.9913367571804,-0.649083614349365,9.75203,84.1088,54.0629,42.0681,14.8,885.908943461603,18.8225928822421,58.567451344755,27.5339637947157,192288314599.02914,7482136.0,2.74318289756775,154.0,20524867.512475975,LATAM,5.255293915967025,9.33042732933058,2.3350936500717205,,,,,,,8.674049216381379,,,0.0,0.0
ECU,2017,102304671535.156,20753552274.7095,16759519.0,6104.27253521751,43.6177233172817,0.605279629548276,15.2975347755569,63.0194591842425,-0.718140542507172,10.6125,87.4214,55.8,41.0581,17.0,900.097212296325,18.2778953966104,58.0552249529581,28.4680086969835,203427451143.78717,7766294.0,2.74959659576416,306.0,21354175.544103622,LATAM,5.267827223096935,18.25828056282522,2.957941127349691,1.0054424399064912,0.9777914073143801,1.028279070960603,0.9982231510060193,0.9634931688686574,1.0360459038626524,8.716744220594295,2.3350936500717205,14.8,0.0,0.0
ECU,2018,103373033702.498,20491181550.1201,17049547.0,6063.0956178776,48.0093476154836,1.29342873266166,15.5567599876593,63.0433276812321,-0.663264274597168,11.4584,92.5118,57.5,42.2145,16.3,859.0065244756,18.6076444108592,58.7476436434848,28.0147488586162,213747260136.7179,7778909.0,2.75602555274963,337.0,21438871.97651407,LATAM,5.2583233429454985,19.76592105350365,3.033313232155055,0.9722154320629559,1.0139767295231699,0.9588143433233892,0.9689327860339784,1.014981265661912,0.9546312023819441,8.709975776667743,2.957941127349691,17.0,0.0,0.0
ECU,2019,103544017315.435,20020086191.1142,17340021.0,5971.38938386723,48.0828494933307,0.915058228783613,15.184077301137,63.0627139714638,-0.542950987815857,12.0672,91.4249,59.2,41.9254,17.7,904.417680495404,18.880438766098,59.4371120144712,26.6504631266844,223079983320.9962,7853175.0,2.76246953010559,370.0,21694156.652086966,LATAM,5.237324195216088,21.337921101710315,3.106285732091192,0.9661887531680864,0.9884803303657209,0.9774486385688756,0.960577088252599,0.9841927334498018,0.9760050603966308,8.694734906925728,3.033313232155055,16.3,0.0,0.0
ECU,2020,93971273313.9152,15659988480.6966,17546065.0,5355.68934196443,43.9893109378389,1.16754746598289,16.3225877996763,63.0773897782521,-0.540949642658234,13.5147,88.2555,70.7,36.5986,20.2,785.501430511736,18.7426731318293,61.3211703446141,23.9811344799811,227585972635.64297,7063092.0,2.76892852783203,373.0,19557196.933502186,LATAM,5.200722063432577,21.25832772191372,3.10271621822367,0.9120825751108286,0.9949454825108262,0.9167161328368603,0.8997565646015994,0.9878305720884206,0.9108409782250212,8.585914703255183,3.106285732091192,17.7,0.0,0.0
ECU,2021,102825145845.295,17811083113.7868,17682454.0,5815.09477390949,53.261275610573,0.607511454080008,14.4433893877456,63.0871268249117,-0.354992210865021,14.0284,94.9506,69.1148,41.1607,18.9,886.251942198984,18.605495375963,58.4590001216096,27.3494898826986,234017757117.6476,7948655.0,2.8261821269989,379.0,22464346.69468044,LATAM,5.190927764983048,21.4336765700055,3.110563248162946,1.0420782240424784,1.0446534743873293,0.9975348281435036,1.0469260492287196,1.0387457745383895,1.007875146056758,8.66821236299871,3.10271621822367,20.2,0.0,0.0
ECU,2022,108859360917.986,19447137620.1141,17823897.0,6107.49495006543,61.880792818786,0.759467924339618,13.5357543693328,63.0901835932266,-0.620780825614929,15.1129,98.1309,69.7181,44.1693,,907.425347450976,19.8012550282051,58.2031787469141,29.5835905417542,241764006881.87933,8150680.0,2.79839634895325,294.0,22808833.153486278,LATAM,5.226664866419052,16.494709321984974,2.861898510762215,1.0276611610197752,1.0402074763054021,0.9879386415004545,1.029465275845331,1.0248928283662175,1.0044613908425943,8.717271976290036,3.110563248162946,18.9,0.0,0.0
ECU,2023,111023744250.546,19490827589.5174,17980083.0,6174.81822806637,56.9977535649091,0.39702767894988,13.5836201122079,63.1307729554263,-0.957790791988373,16.0679,101.032,72.6943,46.7901,,949.273888855786,18.6084478897872,58.6215899574019,27.5754259552504,249166634127.30276,8109647.0,2.82538056373596,409.0,22912839.012559637,LATAM,5.2328390459762595,22.747392211704472,3.1674727228395687,0.9924610914976633,0.9736727437239816,1.0192963682046006,0.9928926413180196,0.9897064436277516,1.0032193361079766,8.728234724312523,2.861898510762215,,0.0,0.0
EGY,2016,343682967577.042,52886164883.6125,101644589.0,3381.22246307712,30.2465490514505,2.43856278142762,11.4268841809995,42.5210717266225,-0.8445636,4.39685382563749,96.2091951594197,41.2480670885772,250.123,5.1,872.581407763809,45.0345425155358,54.4832841219458,32.4559533476046,918536937452.2068,25331181.0,2.58862996101379,700.0,65573054.08446325,AFRICA,5.22272966337751,6.886741408339995,2.065183046803412,,,,,,,8.125992598554863,,,0.0,1.0
EGY,2017,358053111989.475,60413303884.1774,103696057.0,3452.90961245976,42.8321343581608,2.98301550917695,9.57903662572827,42.4486008687179,-0.774614199999999,5.04732016956055,99.2884367821237,44.9502042452857,261.7067,4.9,897.218073562482,45.0086404762345,53.1699504909872,34.3958677753768,933023394463.7738,26006180.0,2.61768794059753,731.0,68076063.76700868,AFRICA,5.23386498586005,7.049448370057118,2.0856035636237524,1.0219474854107997,1.0158309591021768,1.0060212048607269,1.0302228262690374,1.0212946729786199,1.0087419953580865,8.146972520522551,2.065183046803412,5.1,0.0,1.0
EGY,2018,377141312302.884,60485615729.6546,105682094.0,3568.63966286365,45.9110196733959,3.10040077579187,7.94222279370794,42.4577177449969,-0.739756099999999,6.26825297386708,88.7420881346276,46.92433676792,256.219,5.0,870.813573488394,44.9185945189461,51.6422459388796,35.3298750589345,946857840470.2397,26021022.0,2.64707231521606,888.0,68879526.94982803,AFRICA,5.273025399029141,8.402558715386544,2.240981855999761,1.038488537724272,1.0758076323329364,0.9653106247928952,1.042209506102031,1.0806290185476217,0.9644470842572531,8.179939755339994,2.0856035636237524,4.9,0.0,1.0
EGY,2019,398080548970.536,68972522767.8081,107553158.0,3701.2446344954,41.1240171551108,2.82732944960686,7.2855611150822,42.4812027332648,-0.749387999999999,7.04130696004296,88.6447815879102,57.2828663990195,237.0298,6.2,844.783013447093,44.6262157169763,50.7617519656898,35.8254244102931,968487471214.5358,26122610.0,2.67678642272949,1066.0,69924647.7742576,AFRICA,5.3093660280008415,9.911377962514127,2.3898060945747006,1.033257481961379,1.0535869263256459,0.9807045400276887,1.0274457504977366,1.0482077738852837,0.9801928359006624,8.216424429768118,2.240981855999761,5.0,0.0,1.0
EGY,2020,412213064650.314,54812097339.9258,109315124.0,3770.86947868544,32.1262555667523,1.52462948997172,7.5399018301206,42.5181534630674,-0.789880599999999,8.5396308016812,87.2316871725819,71.91420096,246.184,6.7,805.259456646637,39.7460127211742,52.0271088645451,32.3694442999707,974875194993.7347,26238958.0,2.70683407783508,1453.0,71024505.6812834,AFRICA,5.331806754883143,13.29184788739754,2.6596892969053596,1.027164669011022,1.122384213245464,0.9151631472442873,1.033657136140681,1.1362732165172136,0.9096906634030671,8.235060884801872,2.3898060945747006,6.2,0.0,1.0
EGY,2021,425777537422.894,53235669307.421,110957008.0,3837.31992325256,29.8569734808122,1.20617861055665,7.55804355330102,42.5686062621468,-0.8185251,9.76582299335252,84.0866220906029,72.05599976,261.6313,6.1,857.821938469275,41.5138300696419,52.4773050081794,31.1876357851451,979367104551.469,27240999.0,2.75470471382141,1952.0,75040908.35450432,AFRICA,5.3268189193948725,17.59239939130298,2.9227528623289887,1.0198523335430654,1.016539162654297,1.0032592653687018,1.037016096517592,0.9999999999999998,1.0370160965175923,8.252529465257624,2.6596892969053596,6.7,0.0,1.0
EGY,2022,453827104224.859,62755270180.154,112618250.0,4029.78295458204,36.9831048772713,2.39118080969079,7.26809053235575,42.6325129008032,-0.772813099999999,10.6832498285136,90.6794715776528,72.19806556,258.9936,,902.48842991302,42.2068092839445,51.4288499840612,32.7114314313038,993154019504.0496,27976390.0,2.80485892295837,2393.0,78469827.1236633,AFRICA,5.356682995125842,21.24877628625911,3.102287008729406,1.046438353045902,1.0524113890645541,0.9943244285640416,1.0515293737389078,1.0000000000000002,1.0515293737389075,8.301467796066554,2.9227528623289887,6.1,0.0,1.0
EGY,2023,470892276432.179,52311579891.5339,114535772.0,4111.3118479018,40.4504007720031,2.48546400695984,6.78850660732221,42.7098115041919,-0.7776875,10.8642477216638,92.8261626420085,74.01190186,275.8365,,928.39494742708,43.1460553382462,51.6487720818481,32.7344752545444,995807898420.381,29886073.0,2.85743236541748,2641.0,85397432.26542948,AFRICA,5.3376708370938815,23.058298327966916,3.1804799818594045,1.0205355760691053,1.0,1.0205355760691053,1.046811812807773,1.0,1.046811812807773,8.321497440966105,3.102287008729406,,0.0,1.0
ETH,2016,67961933367.1549,27930212171.1429,106718162.0,636.835680951429,34.8990210816111,6.0502150951561,11.0526402184145,19.8763618469238,-0.798565,0.523809621083991,47.9993274246983,15.3669238595896,16.0312,90.4,383.271232956714,23.6646171631837,36.7245794030803,21.9325618536317,129422013113.30504,36077913.25,1.39483463764191,25.0,50322723.054940015,AFRICA,4.459914335104001,0.23426190567262578,0.21047314418900426,,,,,,,6.456511664605292,,,0.0,1.0
ETH,2017,74461941569.3207,31249860706.5351,109666481.0,678.98541915757,31.1036494929016,5.26039764214773,15.4931325929715,20.3084850311279,-0.782502799999999,0.0574013129864174,36.1094836260863,15.62440014,15.8736,90.8,381.746445734134,25.1283378535126,36.6336554444575,23.5819066692345,154200773164.1749,36271218.0,1.41467106342316,38.0,51311842.53971326,AFRICA,4.477290635202621,0.34650514590688836,0.29751245495318185,0.9195815104966815,0.9493326443487472,0.9686610019900082,0.9812419702853695,0.9912946251485769,0.98985906449185,6.5205996533333845,0.21047314418900426,90.4,0.0,1.0
ETH,2018,79537377550.6924,30264606771.5431,112664152.0,705.96881207336,31.1993689777881,4.03228222144798,10.2500179989793,20.7838096618652,-0.7938799,,,15.88619995,17.4696,90.0,384.353883621329,23.9359544258576,36.4097339173082,27.3057073073258,176755341277.50925,36464522.75,1.43478965759277,45.0,52318920.11075628,AFRICA,4.482816973627111,0.3994171988264732,0.3360558633973927,0.9318605285649666,0.9804553910624207,0.9504364370470779,0.9578901956534929,0.9752814184044062,0.9821679953880738,6.55957106098399,0.29751245495318185,90.8,0.0,1.0
ETH,2019,86189951997.3118,33845305758.804,115737383.0,744.702789740042,28.8152939292608,2.77536541538477,9.20441363031239,21.2486705780029,-0.7767788,0.137379985514274,36.2199307720652,15.98460007,18.4825,89.3,385.847616822769,22.7924418312934,37.1502538857618,24.8223642567601,201762879972.4378,36657827.5,1.45519435405731,66.0,53344263.610006794,AFRICA,4.5042137434639145,0.5702565436441569,0.4512390096063078,0.9493287842761171,0.9770661991059577,0.9716115296433127,0.978017923921339,0.991148618020733,0.9867520431742969,6.612985198835596,0.3360558633973927,90.0,0.0,1.0
ETH,2020,91412658764.8075,32743871369.1448,118917671.0,768.705424484873,24.0061143414049,2.4279259279615,9.12947509959983,21.6260051727295,-0.8139468,0.178274598062049,37.4208472347226,16.06959915,18.0158,90.7,379.568149086532,23.9067499898344,36.8280723461663,23.1022952225268,224418607342.96072,36851132.25,1.47588920593262,128.0,54388188.314170465,AFRICA,4.513199764596731,1.0763749316953912,0.7306235519330182,0.9535250510084258,1.0323190250519956,0.9236728451850423,0.9928675959973037,1.0462145326649164,0.9490095625686565,6.644707833029646,0.4512390096063078,89.3,0.0,1.0
ETH,2021,96569731966.5325,32649757343.932,122138588.0,790.657019602458,24.3450574655662,3.90520609775086,8.83582491865751,22.1067085266113,-0.9484534,0.399382380284272,52.8088633217211,16.6981031,19.0941,90.6,372.343233834902,23.7887266123944,36.5357433727102,21.8500262627975,245847434319.7447,37044437.0,1.49691438674927,268.0,55452350.69432697,AFRICA,4.523566715669254,2.1942287395691853,1.1613456626227954,0.9643348632600279,0.9887566104664356,0.9753005472247745,0.979335012853025,1.0022195599879287,0.9771661340004387,6.672864270197742,0.7306235519330182,90.7,0.0,1.0
ETH,2022,101708941223.239,35630068101.2137,125384287.0,811.177729337321,26.5954996964257,2.98033315911234,7.36173479629288,22.7367687225342,-0.9181925,0.45157652011053,56.9642988837987,17.9836998,18.3349,,378.635522850201,23.5261339843168,36.5535172722288,22.7175269594537,269185130704.97113,37044437.0,1.51901984214783,588.0,56271234.84419523,AFRICA,4.534147110946353,4.689582834250993,1.7386369298531548,0.961906193626672,0.9965452548510791,0.9652408547872886,0.9905150652803858,0.9752611775774007,1.0156408232519585,6.698487178487321,1.1613456626227954,90.6,0.0,1.0
ETH,2023,108415879001.877,37549531767.1834,128691692.0,842.446604881663,20.5982015071406,2.40146315356828,6.31777188485736,23.0586471557617,-1.03931399999999,0.534823180349513,59.8748744402242,20.33749962,19.0165,,382.175692692495,23.8032820424199,36.9795925806776,24.4836822236256,293275405936.90594,37044437.0,1.54227304458618,409.0,57132636.63697094,AFRICA,4.558132162951889,3.1781383370109086,1.4298657734074074,0.9791404726365169,0.9963609347464129,0.9827166426248147,0.9901078322585857,0.9842021031357763,1.0060005247946464,6.736310283223052,1.7386369298531548,,0.0,1.0
GHA,2016,51104539956.3997,14987803484.5049,29356742.0,1740.81101902928,67.8769994445865,6.20782671803196,7.88693112799624,54.167052758274,0.2040096,0.294978237026438,130.481366086196,28.0,16.04,45.2,327.930479432879,31.3095383111133,43.9159268124684,27.6932546491989,306201621409.4374,10478175.5,2.43432760238647,17.0,25507311.842299655,AFRICA,4.315101599199629,0.5790833328848276,0.456844509615448,,,,,,,7.462106386506756,,,0.0,1.0
GHA,2017,55258774288.879,15141979147.9301,30008354.0,1841.44636153249,70.5483652904116,5.39035841681501,6.9570521307014,54.6991419779128,0.2800282,0.189313949042323,122.471765695646,37.88420105,17.3725,45.3,351.113971311685,29.3568301115867,43.4828610342125,29.9522176933621,306033519486.8956,12106306.0,2.46481657028198,25.0,29839823.63370416,AFRICA,4.291476434721959,0.8331013423795254,0.6060092550431295,1.048668323639847,1.0297778652310334,1.0183442070825397,0.9995670820531816,0.9785300638711151,1.021498591569934,7.518306607865188,0.456844509615448,45.2,0.0,1.0
GHA,2018,58684861220.5087,17133698801.7126,30637585.0,1915.4532323781,67.9585174644902,4.4440435772374,7.10478039787287,55.218477566593,0.1999325,0.199976597372149,133.609992432498,43.0,19.0565,42.1,378.657496575592,25.8232291377847,43.6785254609153,31.1777436281076,307865542314.2634,11851059.5,2.49568748474121,56.0,29576540.87507342,AFRICA,4.3553026452958115,1.8278203063328913,1.0395062051148427,1.0592777398625484,1.1033998403155647,0.9600125912285815,0.991682898915584,1.0092948224284921,0.9825502686414941,7.5577095484827375,0.6060092550431295,45.3,0.0,1.0
GHA,2019,62503939826.8611,15416407029.1999,31258945.0,1999.55372220211,76.824802732152,5.67619931009197,7.04320381025923,55.7246279109161,0.1177125,0.187204014722826,130.70523333401,22.0732,20.2766,42.6,380.421155062376,25.0476126459012,45.1411499576786,31.1077243700312,307888672227.7501,11595813.0,2.52694487571716,72.0,29301980.240124427,AFRICA,4.424386316811985,2.3033406917603902,1.1949342872476096,1.0671123896016852,1.0913199233044002,0.9778181143899424,1.000261594645514,1.0086103223081457,0.9917225439022613,7.600679295743949,1.0395062051148427,42.1,0.0,1.0
GHA,2020,62825173619.4157,15689366868.8773,31887809.0,1970.19411460398,66.5754987162431,2.67937438514205,7.83341015600264,56.2171613974837,0.1110047,0.245771040587956,126.887391353856,62.51760101,22.9458,40.0,392.373098140481,30.1543666247493,45.1881802776604,29.8767542337189,308183605485.2399,11340566.5,2.55859398841858,82.0,29015905.272161137,AFRICA,4.435554584585814,2.5715156535213817,1.272990058501614,1.0064244901311379,1.0975655845243795,0.9169606849209501,0.970273624481643,0.96567336143024,1.0047637878760471,7.585887352209717,1.1949342872476096,42.6,0.0,1.0
GHA,2021,66014472471.1465,16602172852.6703,32518665.0,2030.04866500967,62.7078309128346,3.18633188953992,8.00565308777829,56.6952556826536,0.0415219,0.352237707175248,124.402625384529,68.6,24.4916,39.0,382.191892428598,29.2960702713952,45.322010852638,28.4050146696866,309376598063.6482,11085320.0,2.60027527809143,164.0,28824883.545732494,AFRICA,4.488013807656657,5.04325746459764,1.7989431818992132,1.0488404192252496,1.0524151697493918,0.9966032886764704,0.9961839148435113,1.005711838084726,0.990526189629666,7.615815044659655,1.272990058501614,40.0,0.0,1.0
GHA,2022,68526223982.9084,16732460158.1462,33149152.0,2067.20895855521,70.1154557937915,1.93240124333448,6.65253432776561,57.250609602871,0.0021348,0.62494509663475,120.803416027053,69.91329956,23.7878,,361.562855486466,30.0880306483719,42.776031666238,31.4700505018425,310640228318.61194,11676139.0,2.64216780662537,227.0,30850318.571482945,AFRICA,4.47978943816954,6.847837314209425,2.060237992462246,1.0230427140580576,1.0359397389865073,0.9875504100836335,1.0167475698914954,1.0099858461848625,1.0066948697669127,7.6339546472453055,1.7989431818992132,39.0,0.0,1.0
GHA,2023,70678009775.3851,11900634014.1781,33787914.0,2091.81335596465,64.3878615301086,1.63794208218413,5.49933849271349,57.8074737774654,-0.0029916,0.555476730525596,98.8059221412722,70.67430115,23.2246,,369.331287865765,28.143601284493,43.1127691309747,29.466622381614,307008850916.85944,49714384.0,2.65867567062378,213.0,132174423.22084813,AFRICA,3.5690890330856906,6.304029304679774,1.9884261554258802,0.9817424523398233,0.9799340805158788,1.0018454015018974,1.0139728626214197,0.9981719583261589,1.0158298419059553,7.645786603214523,2.060237992462246,,0.0,1.0
GTM,2016,63851286764.0999,8871615655.22218,16268760.0,3924.77894837098,46.3727344722496,1.28045862124744,10.4403519389388,53.6609232857043,-1.03206479549408,3.11026,112.267,34.5093,18.0238,63.2,833.619564464987,30.3545322854983,61.8868465239048,22.6144392993251,169261537292.10928,6474584.0,1.8880295753479,2.0,12224206.080074307,LATAM,5.223370130613105,0.1229349993484445,0.11594579282417096,,,,,,,8.275065309744166,,,0.0,0.0
GTM,2017,65817811430.0879,9233978902.75537,16567357.0,3972.74057836068,46.0694033463258,1.39328931381397,10.5728190519411,53.7994723140017,-1.07728862762451,3.2051,120.638,37.9,17.0573,65.0,817.743037292834,29.9430077048577,62.4741378381976,21.9049014315292,170032439330.2592,6687966.0,1.90988659858704,10.0,12773256.635205772,LATAM,5.223555311101,0.6035965785007228,0.4722489681475722,1.0193559861341348,1.0122007934397164,1.0070689459451057,1.0276913765897886,1.033407763741438,0.9944684108710841,8.28721145752381,0.11594579282417096,63.2,0.0,0.0
GTM,2018,68060140995.097,9646774403.86502,16845685.0,4040.2121371198,47.0116852699223,1.25790065429015,11.1202600459909,53.845962303542,-1.0757360458374,,121.5,41.5,18.7397,64.0,833.896289644428,28.1314081003981,63.0590367876404,21.4264352094944,171177591767.61124,6915542.0,1.93199682235718,6.0,13360805.168877617,LATAM,5.225475592236203,0.35617429626637326,0.3046677183276193,1.0196883229567324,1.0572833711096334,0.9644418429531862,1.003144144448364,1.022720441521844,0.9808586038973174,8.304052478764707,0.4722489681475722,65.0,0.0,0.0
GTM,2019,70794727937.1204,10493962166.1269,17103803.0,4139.12203836307,45.5167341512863,1.51707073546928,11.1070027458915,54.1882267267974,-1.10042715072632,3.42029,122.044,44.401,19.663,62.8,851.641218090737,29.3775212370689,62.5226120247046,21.9422533815816,173112674345.35757,7104989.0,1.9543628692627,15.0,13885726.688119922,LATAM,5.2358855812167615,0.8769979401657048,0.6296736601960471,1.0234772952063917,1.0445328028215104,0.9798421767528571,1.0189459867521498,1.0366182793794703,0.9829519766544158,8.328238976301511,0.3046677183276193,64.0,0.0,0.0
GTM,2020,69530651433.0831,10022110504.6107,17357325.0,4005.83911593999,41.1407594507716,1.29230382378627,11.4719698943082,54.5483167911628,-1.10039258003235,3.52589,117.476,47.5123,17.6187,65.5,823.816459269202,31.9662189623904,62.0283285747385,22.3294622105607,174479151132.70038,7173905.5,1.97698783874512,12.0,14182723.92980673,LATAM,5.2013607851177674,0.6913507697758727,0.5255274817439004,0.9720883875557067,1.0614040269448728,0.9158514221523629,0.9798918676836663,1.062015500749178,0.9226719073237827,8.295508354645456,0.6296736601960471,62.8,0.0,0.0
GTM,2021,75122100458.9218,12011024174.6215,17598650.0,4268.62858565412,49.2611494576228,4.19448571319716,11.2203667881749,54.9047071553758,-1.11025655269623,3.47754,125.719,50.8416,20.2047,62.1,924.272879220565,31.1657290720303,61.9595480265753,22.2420507236704,177766217750.68683,7242822.0,1.98757970333099,10.0,14395686.002039168,LATAM,5.262487894930425,0.5682254036531211,0.4499446639266367,1.06112727001432,1.0601275788307294,1.0009429913941992,1.0571920368975287,1.06072782318947,0.9966666413243414,8.359047880315273,0.5255274817439004,65.5,0.0,0.0
GTM,2022,78265598404.1417,12527263760.5357,17847877.0,4385.14891178047,54.4310384820058,1.51615526851124,11.4856903862176,55.2581228215265,-1.12746357917786,5.02439,115.156,55.4086,18.9518,,887.900483971214,28.3120937251037,61.7429085367337,22.6306600546867,181405170623.68817,6952417.0,1.99822843074799,4.0,13892517.31181565,LATAM,5.31951477508483,0.22411629125413626,0.20221918877160244,1.0291064754091879,1.0353763460793166,0.9939443558915837,1.0288333829329817,1.0378353263351778,0.9913262314610315,8.385978863586683,0.4499446639266367,62.1,0.0,0.0
GTM,2023,81030845277.9723,13519321716.9963,18124838.0,4470.70728455461,48.2970707467356,1.58123029170621,11.2417426602033,55.6082319565539,-1.07527709007263,5.08083,113.709,56.0535,20.1279,,934.930920861207,29.6792763049113,61.4031875103546,22.3064386213323,185854233809.50006,7793895.0,2.0405638217926,31.0,15903940.167850235,LATAM,5.2578654052918985,1.7103601146669558,0.9970815097043038,0.9917104725969,0.9728553718818679,1.019381196074972,0.99535114356403,1.0072172221101736,0.9882189479233848,8.405301904297541,0.20221918877160244,,0.0,0.0
HND,2016,21796529142.7732,4602812412.72011,9412380.0,2315.72983058198,99.8157169505924,5.28156973350556,14.1139360855006,54.8868414578857,-1.1369264125824,2.34145,83.2181,29.5282,9.7321,52.7,616.39140542774,27.8161786141628,58.3803820722578,25.8278974975697,97755787601.40887,3513879.0,2.30675411224365,1.0,8105654.833176605,LATAM,4.607761068289689,0.10624305436032119,0.10096963877594965,,,,,,,7.747480178426329,,,0.0,0.0
HND,2017,22852116284.6356,5117004378.96624,9588137.0,2383.37398439714,101.813111079622,4.10592046689605,13.4984164607115,55.3877322339915,-1.06041383743286,2.48527,85.8717,31.7358,9.3472,45.6,537.592382183152,28.7616185448399,56.8495021190534,26.5389223099615,97985002600.30466,3667285.0,2.34952306747437,2.0,8616370.702502746,LATAM,4.614518033005458,0.20859109543386792,0.18945529724803895,1.0343880591178027,1.0189931753647237,1.0151079360738298,1.0183513567439233,1.0013742163286663,1.0169538421685154,7.776272403264893,0.10096963877594965,52.7,0.0,0.0
HND,2018,23730778960.5382,5489458950.85325,9765210.0,2430.13503657762,103.551162215452,5.99386120691106,13.4622514861767,55.8852577716247,-1.05719459056854,3.63393,77.7101,36.0401,9.0061,48.9,565.077916293092,29.7635517651656,57.338998468411,26.5924587973715,98575211421.14267,3918774.0,2.39308500289917,6.0,9377959.289151192,LATAM,4.595091471929354,0.6144261106519983,0.4789795440815589,1.0145540494051204,1.0555877691952131,0.9611271360017962,1.0166175390954342,1.0319941484638209,0.9851001002367352,7.7957021053986795,0.18945529724803895,45.6,0.0,0.0
HND,2019,24338200129.3672,5325686106.80901,9943633.0,2447.61649282181,99.4599779937589,3.83846408231678,13.879034545863,56.3791561389766,-1.0414981842041,3.9259,76.0268,39.3884,10.1525,46.2,583.591911432311,29.4283957469446,58.0719777904225,26.7243168964313,98972136956.89453,3833404.0,2.43745470046997,16.0,9343748.598600384,LATAM,4.621334752766691,1.6090698439896163,0.9589937762024093,1.0231266822198841,1.0462289134551914,0.9779185693128937,0.97877306391729,0.9857778191961052,0.9928941845287942,7.802869969930534,0.4789795440815589,48.9,0.0,0.0
HND,2020,22156260473.8169,3903508506.00196,10119640.0,2189.43168668222,88.0008563836292,1.0106822391556,15.6611069089394,56.8691654042685,-1.01033341884613,3.92223,68.7836,45.2483,9.222,50.2,544.573855679284,36.5355643898854,58.9644517176275,25.357857215276,97927038615.05176,3658875.0,2.48264694213867,71.0,9083694.830417627,LATAM,4.549470414513506,7.016059859836911,2.0814470118591517,0.9234034121173006,1.0071179777203842,0.9168771013376488,0.9972658816519656,0.9963856240609037,1.0008834507140663,7.691397285335537,0.9589937762024093,46.2,0.0,0.0
HND,2021,24940257609.6892,5521562016.27558,10289877.0,2423.76634916911,103.372643459918,2.84361329738544,15.6740308613565,57.3550236357547,-1.08797383308411,4.09584,73.4772,51.9516,10.3706,45.9,569.966470568883,30.2857858448489,58.0294458309237,25.8201593146773,98552248700.57474,3719525.0,2.51610469818115,22.0,9358714.327502243,LATAM,4.646218652920005,2.138023612915878,1.1435931791123184,1.1134243874796377,1.1172938793270804,0.9965367286807539,1.0084812184657908,1.0162881814482663,0.9923181602177542,7.793077951936529,2.0814470118591517,50.2,0.0,0.0
HND,2022,25973672631.7766,5667217873.03185,10463872.0,2482.22384904714,112.698524913966,2.41292398026651,14.2760938647873,57.8364689017254,-1.0175416469574,4.4098,75.8551,56.3896,10.5707,,573.344445082903,29.6637651594529,57.1227381730412,25.9084247689488,99291854138.57784,3635076.0,2.55060124397278,35.0,9271629.367535597,LATAM,4.690278692304769,3.3448421387417584,1.468989426352339,1.036488249398868,1.0487515865324475,0.9883067284082722,1.013532989128743,0.9990715742446665,1.0144748537110666,7.81691015067728,1.1435931791123184,45.9,0.0,0.0
HND,2023,26902451582.3921,6303672947.62723,10644851.0,2527.27366333188,98.7919798336365,3.16136364280263,14.9293299388294,58.3132392705102,-1.09500813484192,4.36213,74.4148,58.2789,11.8491,,593.629550840537,30.7188969730187,57.571815931058,25.824819269639,100630934379.27617,3690514.0,2.57758903503418,38.0,9512628.420040132,LATAM,4.704044307365233,3.56980102398803,1.519469664349491,1.0205441652422633,1.0017252015438844,1.0187865531079527,0.9976150147445779,0.9853666088067473,1.012430303430581,7.834896397263408,1.468989426352339,,0.0,0.0
IDN,2016,904181621780.388,295097785405.692,264627418.0,3416.81005170972,37.4213418023318,0.487372471368879,9.52781009028137,53.812557220459,-0.321809499999999,1.9753784545485,145.704251250337,25.447353701827,507.0965,27.8,724.416482652765,20.9556285202781,43.6417488094502,39.3084439802081,2778885938334.1567,119529835.0,2.33025455474854,1177.0,278534942.43709147,ASIA,4.862436009196783,4.447762854263273,1.695205038946655,,,,,,,8.136462661371946,,,1.0,0.0
IDN,2017,950021694164.001,313258026441.979,267346658.0,3553.51999262321,39.3554970704606,2.01948919812582,9.12057115207813,54.4541015625,-0.3165999,2.32504234259027,162.782511760443,32.335806250688,535.7474,25.2,761.410391560642,17.8027910767602,43.6140553296427,39.3791548040237,2953199667859.4277,122780636.0,2.31613945960999,1800.0,284377075.91561085,ASIA,4.877104470242365,6.73283149849586,2.045475095462669,0.9971151080767594,0.9742220237702278,1.02349883676201,0.9949835515370616,0.9996374494492863,0.9953444142025806,8.175693938429035,1.695205038946655,27.8,1.0,0.0
IDN,2018,999178586309.021,334170649691.748,269951846.0,3701.32155461912,43.0743089552002,1.81428979349441,9.02123180420785,55.0956840515137,-0.2197187,3.28729591276809,118.330216938024,39.9046386385762,596.4692,22.0,832.361861659109,20.3645339845943,43.4048373057688,39.7297374523848,3139710334158.204,126675011.0,2.30210971832275,2631.0,291619773.8917413,ASIA,4.889771394353803,9.746182658073026,2.3745505899355757,0.9973414427807484,1.0383842453421233,0.9604743593275029,0.9886488171816081,1.002447518413653,0.9862349888861205,8.21644521178391,2.045475095462669,25.2,1.0,0.0
IDN,2019,1049330233997.45,349049205908.843,272489381.0,3850.90321738979,37.6277775357108,2.23336204282241,8.80847129067065,55.7382049560547,-0.1919729,3.77422560918071,125.244348145809,47.6906489788375,637.5692,19.8,850.737725717128,23.9728901300149,44.220745839176,38.9517679950779,3331774023359.1367,131895948.0,2.28816509246826,3289.0,301799704.0516088,ASIA,4.895660917556654,12.070195131750841,2.5703344572684355,0.9947298403425044,1.0168130433755385,0.9782819435913962,0.9939633106332313,1.0029228838574347,0.9910665382469457,8.25606300168653,2.3745505899355757,22.0,1.0,0.0
IDN,2020,1027656193885.38,331732641828.495,274814866.0,3739.44906563161,32.9721754002427,1.81058402027127,9.65575053126545,56.2785287648768,-0.1479773,3.92993769121646,129.40362112725,53.72649449,596.2839,21.9,856.09619536168,18.8647326240401,44.4134399516292,38.2383937187942,3496917964019.675,131187157.0,2.27430486679077,3864.0,298359589.62554485,ASIA,4.865309199255609,14.060374739698398,2.7120671051762715,0.9440852418842064,1.0301738472586945,0.9164329344958901,0.9696294572323164,1.0168728907429692,0.9535404730121827,8.226693570902942,2.5703344572684355,19.8,1.0,0.0
IDN,2021,1065709127396.86,344348989011.087,276758053.0,3850.68877253903,40.2047582749671,1.7878556314554,9.24694161503832,56.8761702464027,-0.1436778,4.4874632789818,132.199444256099,62.10447842,622.6868,20.2,902.233603991512,19.9850538348218,42.8228206251521,39.8448191919686,3666421054829.778,130518159.0,2.29713678359985,4563.0,299818063.9666338,ASIA,4.881932394478257,16.48732512220701,2.861476339781884,0.9965352206670549,0.9964458193388547,1.0000897202100356,0.9948678938190728,1.0151641202701323,0.9800069505552869,8.256007313238973,2.7120671051762715,21.9,1.0,0.0
IDN,2022,1122268412650.2,357675312388.355,278830529.0,4024.91225288391,45.4646701959453,1.87264100861425,7.68965394773072,57.4934704226599,-0.1291182,4.82151507878823,122.873012230307,66.48461277,722.6996,,958.649355730549,19.7659265420197,41.7909255847112,41.4292641760979,3840775314476.6436,135208374.0,2.32053375244141,5095.0,313755595.47972155,ASIA,4.887848569351675,18.27274803183406,2.958692078996527,1.0054138907603913,1.0124922090486455,0.9930090145632775,0.9910586141165653,0.9881970527503444,1.0028957396283025,8.300258389089292,2.861476339781884,20.2,1.0,0.0
IDN,2023,1178929850175.16,371127116988.787,281190067.0,4192.64401034181,41.4604765447233,1.57116966408747,7.4548740846574,58.1179353397878,-0.0817572,4.81663955789733,125.238194847046,69.20836554,772.5618,,982.414925134717,20.8444642120249,42.8792527670573,40.2157519921814,4019863665741.598,139242444.0,2.34451293945313,7156.0,326455711.6790778,ASIA,4.895360896232573,25.448978608479795,3.2752175416222022,1.0046846296093204,0.9853806354793573,1.0195903932296906,1.0019268913205581,1.0105804775137952,0.9914370142845759,8.341086842622474,2.958692078996527,,1.0,0.0
IND,2016,2277267041549.85,655552238064.464,1343944296.0,1694.46534973787,40.082485713276,1.9373641224439,10.3085480747222,32.8650780972823,-0.0823440999999999,1.38795276378032,83.917838213735,16.5,2311.9771,33.0,627.273531026365,54.4218755239322,47.7494012900074,26.6189999399789,5906579960189.712,363104228.6666667,2.10053634643555,10337.0,762713629.8587785,ASIA,4.867460763034247,7.69153902491804,2.162350026578932,,,,,,,7.43512254217345,,,1.0,0.0
IND,2017,2432016068498.23,706699366177.944,1359657400.0,1788.69770318481,40.7424969545225,1.50731583255894,10.7671989547856,33.1821328157539,-0.0399917,1.31327377028949,85.9703537817688,18.20000076,2441.2015,32.5,648.014718317903,55.1724251484484,47.6708899682407,26.5000166464804,6317950328358.17,355241686.8333333,2.12382006645203,11552.0,754469422.9369012,ASIA,4.916704651490804,8.496257954393512,2.2508978214701694,1.0184035629371282,0.9798875503632024,1.0393065638599548,1.0281897047750472,0.9724244808530722,1.0573465857966207,7.489243093928834,2.162350026578932,33.0,1.0,0.0
IND,2018,2588974770244.48,785871380821.785,1374659064.0,1883.35772705055,43.6169693323889,1.55821483801456,10.8232185258548,33.4984353473598,0.020334,1.3217822859385,85.5500756367908,20.0813000379384,2556.7189,32.9,668.303370218852,56.6795240921875,48.4315663156522,26.4120919013735,6787924192762.046,347379145.0,2.14736175537109,14136.0,745948690.5865085,ASIA,4.961516073598949,10.283277046795074,2.42332172221053,1.0125162941952275,1.0586091980732437,0.9564589992587358,1.0071116480440336,1.0930788138113319,0.9213531863566643,7.540811487804716,2.2508978214701694,32.5,1.0,0.0
IND,2019,2689205295885.26,794883609043.541,1389030312.0,1936.03067741063,39.9054035306442,1.78482633957161,11.0026755133718,33.8139578818147,-0.0201063,1.37913181839908,82.898144918237,29.52350044,2551.4851,33.5,666.977347524506,53.5981486621548,50.0849578546822,24.5914753075066,7243411592167.484,379952360.0,2.17116451263428,16058.0,824939080.5236444,ASIA,4.911344072992101,11.56058284781333,2.5305635650440492,0.9651495236296478,0.9889182408220855,0.9759649319718495,0.8979599966728999,0.9759318527856439,0.9201052246730286,7.568395113480933,2.42332172221053,32.9,1.0,0.0
IND,2020,2533830417086.36,738477753555.943,1402617695.0,1806.50110583865,37.7581053292768,2.40620322673636,11.6124524106018,34.1286726088333,-0.1029725,1.63622632751685,82.2540479927426,43.40544313,2356.959,36.1,632.239828540427,52.1933674059995,47.9326881092162,25.1229058078344,7619718766115.053,386824866.0,2.19523119926453,20668.0,849170014.4945211,ASIA,4.815286585444904,14.735305332077678,2.755906934972378,0.9003206405866389,0.980419715717392,0.9183012399213708,0.8023747246408501,0.9477882896391032,0.8465759003483538,7.499147162731792,2.5305635650440492,33.5,1.0,0.0
IND,2021,2779348258938.28,867868706472.122,1414203896.0,1965.30943437472,45.4230887840446,1.41217101040888,10.4763782400684,34.4425517181304,-0.1841026,1.9487996093033,81.603974311212,49.2580986,2597.9343,34.9,676.814293488143,55.6234726382873,47.8472234596709,26.466523606501,8106601534281.422,406349847.0,2.2041015625,29070.0,895636332.6943359,ASIA,4.851463373040605,20.555734630786226,3.070641889306395,1.0329995914042116,1.0423862808978381,0.9909949990079094,1.0428839816523232,1.0383349460430416,1.0043810868801224,7.58340498487003,2.755906934972378,36.1,1.0,0.0
IND,2022,2990839011962.06,941161453067.492,1425423212.0,2098.21124476122,50.6979382758042,1.53665241748393,11.0688036450937,34.7555673994206,-0.1104884,2.35231555917724,80.1818007717416,55.9,2807.0805,,727.902200094024,50.6577446303517,47.1727519374304,25.6040259797277,8642432910634.843,444845808.0,2.21300768852234,31400.0,984447193.3109328,ASIA,4.8409442031394985,22.028545442264065,3.1367345525789134,1.0036458539817943,1.0221739729869177,0.9818738106283592,1.0036517359136936,1.0003504938615515,1.0033000853924694,7.64884047252486,3.070641889306395,34.9,1.0,0.0
IND,2023,3206485223026.3,1009423253895.84,1438069596.0,2229.71491223037,46.3229520582338,0.802254995836756,10.6054981056988,35.0676918424186,-0.0879069,2.74534696441771,80.5631998772888,60.25230026,3014.5226,,763.197899394641,54.0522242217331,47.5864648020094,25.5525555206094,9219734518998.941,471885685.0,2.28326201438904,43831.0,1077438659.694452,ASIA,4.829263838938125,30.47905339346316,3.449322353003796,1.0014641489774245,0.9958363111215317,1.0056513683956299,1.00272887902323,0.9979003295144618,1.0048387092036712,7.709629014232512,3.1367345525789134,,1.0,0.0
KAZ,2016,186416677156.152,43456597619.3169,18363600.0,10151.423313302,60.3115965864153,12.5466202801438,11.6308534068253,56.7476265001667,-0.510937699999999,12.7965104881396,139.051166437953,74.5877264735738,216.1249,2.1,3389.09731833891,19.0781512426342,57.857435042574,31.9797903606788,487093710058.7769,8514316.0,3.43712115287781,90.0,29264735.625885982,ASIA,5.357416415830455,4.900999803960008,1.7751217948535445,,,,,,,9.225369202550446,,,1.0,0.0
KAZ,2017,194059760924.352,45412144512.3499,18651931.0,10404.2718646317,56.825387935971,2.85205738000704,10.5359417828743,57.4586448748837,-0.4614698,13.8114386119057,143.112796203246,76.4267482325439,226.4516,2.0,3404.26707460291,20.2247266404274,57.304415099355,32.3252253010728,508151169068.188,8585200.0,3.45405912399292,112.0,29653788.391304016,ASIA,5.374201018921088,6.0047402062553195,1.9465870921997808,1.0019311029841242,1.0052852162486068,0.9966635207498634,,,,9.249971757006811,1.7751217948535445,2.1,1.0,0.0
KAZ,2018,202016211108.857,47864400315.4659,18932727.0,10670.2120148279,63.5279565118188,0.196995426846668,8.32120070703086,58.2388038921695,-0.3704992,13.0002402717791,137.674831523214,78.9039190578816,229.3799,1.9,3814.13873379292,19.3045522190598,55.454732268099,33.4962004017876,530608010930.24445,8660636.0,3.4710807800293,137.0,30061767.162429836,ASIA,5.390365428939372,7.236147228024785,2.1085326651622482,1.0013830898549025,1.033338817058055,0.96907526681894,,,,9.275211214279073,1.9465870921997808,2.0,1.0,0.0
KAZ,2019,211106940610.612,54469687559.0869,19209555.0,10989.6840718388,64.8586165517565,2.05367649290766,9.13216157597614,59.0832474269546,-0.430970199999999,13.0799490149564,133.879728083238,81.8776204746284,218.8149,1.9,3753.15793323889,20.6684838968766,55.5282559332057,33.028795913527,558547297942.8191,8760525.0,3.45479321479797,202.0,30265802.32806799,ASIA,5.412025022719595,10.51560017918166,2.4437026534238497,0.998679978955383,1.0159051086860116,0.98304454856723,,,,9.304712300109017,2.1085326651622482,1.9,1.0,0.0
KAZ,2020,205829267103.2,54360748183.9205,19482117.0,10565.0359816235,57.0264423660931,4.21199990309163,12.742044005777,59.9871193541692,-0.4154444,13.4502836627046,124.698460644703,85.94259898,225.4957,1.8,3388.38789091494,20.087431214828,56.1027808941057,33.0977971542858,584980681229.5986,8732000.0,3.43867182731628,252.0,30026482.39612576,ASIA,5.375683537686212,12.93493925737126,2.6343993019270133,0.9373889409982298,1.0262654548907113,0.9133981237808048,,,,9.265305335782502,2.4437026534238497,1.9,1.0,0.0
KAZ,2021,214679925583.069,55774127636.348,19743603.0,10873.3915275276,58.6686085779207,2.31675874599247,11.2703470377122,61.030254280267,-0.4655785,13.946795830528,123.943942754522,90.9239507,241.9078,2.0,3540.40029844449,20.7882543073739,53.9193570155211,35.2669295966944,611505774804.4667,8851769.5,3.42271423339844,336.0,30297077.458412193,ASIA,5.3964322771175315,17.018170391695982,2.891380714933117,1.0018180286306912,0.9892372425402589,1.0127176632150707,,,,9.294073939503082,2.6343993019270133,1.8,1.0,0.0
KAZ,2022,221549683201.099,57893544487.1245,20034609.0,11058.3482413407,68.3343147415612,2.25355434978679,10.499269785365,61.444157327248,-0.440637699999999,14.4739535470844,125.641583521795,92.29685266,246.5276,,3506.54555005386,18.9935714383546,52.6439186616041,34.9793974237581,638824030551.3678,8971539.0,3.40691876411438,309.0,30565304.56208396,ASIA,5.406905044101485,15.423310731943907,2.7987017117112867,0.991162376354268,0.9902318759408301,1.000939679317588,,,,9.310940918655643,2.891380714933117,2.0,1.0,0.0
KAZ,2023,232848717043.771,67793340594.0799,20330104.0,11453.3952725363,62.3342837675021,2.18589516942702,11.2471234717129,61.7560919499181,-0.3777888,14.3457210056574,127.114775212168,92.87846096,255.4342,,3650.54759330848,19.5961413356991,56.3444686710489,32.4284843310401,674676169617.8794,8971539.0,3.39128279685974,488.0,30425025.872056235,ASIA,5.440525833491428,24.003812277595827,3.2190283043464474,1.0015748976783776,1.0145962936206763,0.9871659338554938,,,,9.346041495378465,2.7987017117112867,,1.0,0.0
KEN,2016,73074983895.0953,14906862761.8627,48139687.0,1517.97796057742,34.8650195731824,0.627591266355583,12.609768629814,31.6502520105647,-0.612463299999999,0.275660288360412,80.9772361004341,16.6,18.5033,68.3,533.407778503543,19.368281863389,56.4465087468317,18.1621592865164,132863259997.79027,19313460.0,2.28482580184937,34.0,44127891.73098574,AFRICA,4.608655023031922,0.7062779614665962,0.5343143674895867,,,,,,,7.325134439126475,,,0.0,1.0
KEN,2017,75879571212.3885,16100669221.4142,49197766.0,1542.33773973372,35.9950578754074,1.64083690398642,12.3350790178839,31.5383650847102,-0.5442175,0.586008315906052,87.026530838819,17.82710075,19.2464,68.1,538.606903918261,18.1123098167473,55.8541060679002,17.5035092078691,142320766219.31494,19117153.666666668,2.30526947975159,29.0,44070190.88748787,AFRICA,4.623099879333502,0.5894576595205563,0.4633928634049718,0.9693771331447915,1.0007393000784714,0.968661001990008,0.9857386243173956,0.9980804427111927,0.9876344452153859,7.341054557205019,0.5343143674895867,68.3,0.0,1.0
KEN,2018,80165208728.3956,16037710236.2892,50207107.0,1596.69045914945,34.4147531767425,0.832686217791619,12.3486893953272,31.3940041639796,-0.5107269,0.739931101786048,98.5944679106884,19.5,19.1369,68.7,546.495296692888,19.831438788068,56.0189509830887,17.313146131064,151242438144.63837,18920847.333333332,2.32589602470398,41.0,44007923.59663089,AFRICA,4.65768080609681,0.8166174561700996,0.5969762312934129,0.9941585752389911,1.0460021696219413,0.9504364370470779,1.0123953027745938,1.0248091803733963,0.9878866448149114,7.375688302972038,0.4633928634049718,68.1,0.0,1.0
KEN,2019,84264984851.3549,16759615840.4237,51202827.0,1645.70961777862,31.759461841481,0.468168547481475,12.1707972873275,31.1895566421135,-0.559008899999999,0.959288829892146,106.547822056778,22.6687733618171,19.4769,68.1,543.883187157453,20.2519023152347,55.9598629656759,16.9305452274709,160439932077.83014,18724541.0,2.34670734405518,80.0,43941017.87876232,AFRICA,4.687884129623702,1.5624137315699385,0.9409496781690188,0.9908830964504521,1.019834641952236,0.9716115296433128,1.0040263942726786,1.016950722304642,0.9872910970526931,7.405926948771305,0.5969762312934129,68.7,0.0,1.0
KEN,2020,84035138346.859,17144236973.4238,52217334.0,1609.33414078281,30.3991387830411,-0.0053684543935162,12.4776599686236,31.2063494632616,-0.5784344,1.29112489733773,117.602526394779,24.7227993,19.1646,69.0,534.753957479746,22.7039455998975,53.9774355183867,17.4002876322786,169562172447.36243,19149904.5,2.36770462989807,94.0,45341317.54675589,AFRICA,4.645406918288211,1.8001685034322128,1.0296795951676456,0.943620287815232,1.021595787658122,0.9236728451850423,0.978051616156984,1.0159766278322784,0.9626713738915309,7.383575795278356,0.9409496781690188,68.1,0.0,1.0
KEN,2021,90413816676.9795,19000168571.7176,53219166.0,1698.89578271444,35.0020477795269,0.382593996518954,12.1468578016243,31.2879334021971,-0.445618199999999,1.48254108303764,122.297519656734,26.96290016,21.5155,67.7,539.778643234306,20.7417100078724,55.1214442175046,17.1524357767952,180084232396.71188,19575268.0,2.475581407547,119.0,48460169.50854975,AFRICA,4.654256943050122,2.236036543676765,1.1743492919868588,1.0130413355448655,1.038696572484741,0.9753005472247745,0.9948091434842362,1.0420645502417503,0.954652130958153,7.4377337794223415,1.0296795951676456,69.0,0.0,1.0
KEN,2022,94807911027.625,18842072644.378,54252461.0,1747.53198804428,40.2753238373561,0.691645983068062,12.2133041039933,31.4307820066946,-0.4245656,1.47646942688922,121.168999135357,29.40589905,21.9726,,541.12804988998,20.77459729359,55.4146210848294,17.5274480968435,189922093421.25427,19575268.0,2.57906222343445,164.0,50485834.21240524,AFRICA,4.656478591983701,3.0229043434545764,1.3920041152687512,0.9942829112227727,1.0300878856209252,0.9652408547872886,1.000602981325086,1.0,1.000602981325086,7.465959778972922,1.1743492919868588,67.7,0.0,1.0
KEN,2023,100230916344.516,19203705184.025,55339003.0,1811.21651838425,40.9337677377556,0.472521238226254,11.7769650802435,31.6330340816429,-0.427558899999999,2.38882511128724,120.612416887959,32.07040024,21.2679,,544.940571966597,20.252365609383,55.4743471461612,17.1222148239844,199629693934.21655,19575268.0,2.60687518119812,217.0,51030280.31450176,AFRICA,4.687682704419625,3.9212849570130492,1.5935696665298402,1.0057903651352422,1.0175426027658068,0.9884503728899208,1.0134723493945008,1.0,1.0134723493945008,7.5017540080999225,1.3920041152687512,,0.0,1.0
LKA,2016,89390445520.6344,27256260230.7289,21209000.0,4214.74117217382,46.4715370250761,1.01937184801285,8.17028444051707,18.9747679368162,-0.1066651,4.07189669081491,117.737517418373,22.19,23.486,45.1,542.577379685228,24.6700049853186,53.4181636949792,30.48271772947,390060420223.83856,7947683.0,2.88305163383484,125.0,22913580.458351385,ASIA,4.859224807528355,5.893724362299024,1.930611485035284,,,,,,,8.346343462186052,,,1.0,0.0
LKA,2017,95165677292.2796,30544838808.9266,21453000.0,4436.00789131029,47.1404098001494,1.45462805110061,7.8532279542594,19.1507693078088,-0.111659899999999,5.5257624644358,127.669744935625,25.07550049,23.4107,45.8,514.23622858293,24.3181666680079,52.2395328654736,31.1282786463629,401102238021.5732,8208179.0,2.89582014083862,179.0,23769410.067808602,ASIA,4.8882249013556525,8.343821376963595,2.23471530956792,1.0340372413176797,1.0376645095231363,0.9965043921497099,1.0203130117177703,0.9953657922937104,1.0250633682784818,8.397510127393447,1.930611485035284,45.1,1.0,0.0
LKA,2018,97364084619.6196,30739157993.054,21670000.0,4493.03574617534,49.8093967520437,1.70888696252064,8.60915689735112,19.3241083384127,-0.0575940999999999,6.93976008216017,136.084228735946,28.33620071,21.9829,47.9,508.543364517116,28.6882456623859,53.6373194381874,30.0568195253216,411786284113.5485,8015166.0,2.90864515304565,249.0,23313273.736756288,ASIA,4.914456886192225,11.490539916935855,2.5249715511404043,1.003460777045967,1.035599882979266,0.9689657111192019,1.027864158773199,1.0505841665108242,0.9783739290369448,8.410283865008985,2.23471530956792,45.8,1.0,0.0
LKA,2019,97149412501.4789,27495866912.3166,21803000.0,4455.78188788143,49.4255238852768,0.835367460265196,8.97254856467492,19.4946326418437,-0.0781005999999999,7.43541256815093,126.514451763616,32.02090073,23.973,46.1,523.467212401339,24.0032412073756,55.7458586317871,29.1910098708421,418692836820.1877,8180693.0,2.90680932998657,290.0,23779714.738155823,ASIA,4.893551530195159,13.300921891482822,2.660324003123755,0.9809093493887671,0.9980143775037212,0.9828609401823067,0.9710119070642342,0.981162917260235,0.9896541032916877,8.401957832447152,2.5249715511404043,47.9,1.0,0.0
LKA,2020,92656723311.8673,25134696446.5161,21919000.0,4227.23314530167,37.0891188568192,0.514700553944402,10.397908337341,19.6621898312161,-0.1909487,7.8962203692284,131.773421339878,36.18473435,22.6144,49.3,511.109950825019,22.4205185814566,57.8323873796436,28.2358328750276,422892891425.6944,7999093.0,2.94188475608826,419.0,23532409.75923231,ASIA,4.849504724578901,19.11583557644053,3.001507344506206,0.9468838665011157,1.0362961002965265,0.9137194149723941,1.0035658286936777,0.9975201610406182,1.0060606972061121,8.349302955256215,2.660324003123755,46.1,1.0,0.0
LKA,2021,96555233166.2537,26874503505.4647,22156000.0,4357.97224978578,41.2288463294978,0.668825708548416,9.45146674036704,19.8266275195269,-0.2315397,10.5401488574725,135.522602889503,44.45308724,22.8196,48.8,527.156696517111,21.4624506663055,55.874385350147,29.9540097665519,428622750359.8744,8113507.0,2.925217628479,566.0,23733773.705187764,ASIA,4.880469728598149,25.546127459830295,3.2788838786627728,1.0287785096092774,1.0179381343493752,1.0106493458630774,1.0107026840930613,1.0238378586349142,0.9871706496970467,8.37976214783532,3.001507344506206,49.3,1.0,0.0
LKA,2022,89459202621.6389,20324046273.2521,22181000.0,4033.14560306744,46.6826080179359,1.19249322162632,7.23003958912127,19.9877933196367,-0.3299184,9.63609972688813,151.72675762805,48.3,20.7971,,463.726722097872,24.0274945850207,57.0665321872281,29.8058315779478,427515659115.13275,8147731.0,2.93261384963989,555.0,23894148.77374027,ASIA,4.8006649499811545,25.0214147243136,3.258919842256352,0.9279766485316527,0.9286340696768649,0.9992920557551362,1.005576801965312,0.9965494059617389,1.0090586537401636,8.302301897139461,3.2788838786627728,48.8,1.0,0.0
LKA,2023,87644138317.9669,18844929235.3184,22037000.0,3977.13564995085,43.3476681195134,0.848017076796717,6.74813796228811,20.1455348442463,-0.31553,8.76545173115153,142.277402587724,51.2,21.5803,,466.718993611413,22.6820308390395,60.0610214917243,25.6710307504815,424984805394.6945,8009916.0,2.92950534820557,589.0,23465091.760677367,ASIA,4.794022959914431,26.72777601306893,3.3224346549353188,0.9870728860672019,0.9911742664855562,0.995862099575187,0.9815947956018688,0.9620808160204204,1.0202830981103714,8.288317153238237,3.258919842256352,,1.0,0.0
MAR,2016,110989284688.174,32161287165.8921,35023457.0,3124.42504882813,71.1226603816864,1.93000540251056,18.3617257132517,60.9657656537179,-0.2935249,3.58453478764246,118.531797132419,58.271236420398,61.011,11.1,558.062023900473,18.9602475540145,53.3932404781727,25.685104578574,469424342143.66345,10694796.0,1.87187135219574,486.0,20019282.249977592,AFRICA,5.098594745589338,13.876414312841819,2.6997770267668026,,,,,,,8.047005560868302,,,0.0,1.0
MAR,2017,116603009678.139,32843614280.0605,35446392.0,3242.64428710938,74.1733578786573,2.26092196120538,17.9819739836974,61.2761057031842,-0.3713857,3.89000663311516,123.894319060738,61.7622120123071,63.8616,10.4,577.582098917111,21.3269600699193,53.0987601129781,25.405454806575,478796739316.5408,10710324.2,1.89294099807739,593.0,20274011.78088042,AFRICA,5.132798451943785,16.729488293194972,2.8752292585977144,1.0307815690796518,1.0477015028178345,0.9838504252473859,1.0006229672801699,0.9869906162275414,1.013812037144521,8.084144413923577,2.6997770267668026,11.1,0.0,1.0
MAR,2018,120177639735.159,33646194688.1753,35839760.0,3304.7119140625,77.2548875243989,2.78337936840164,17.9957615100603,61.5695822753314,-0.3248223,4.33205746913484,124.827523956634,64.8038651924043,65.197,10.9,577.178572918036,18.4571548078596,53.070813570865,25.2413538068182,488503097038.889,10725852.4,1.91424775123596,657.0,20531938.836788826,AFRICA,5.147752793909385,18.331595970508733,2.961740854245959,1.0110398599075652,1.0389225917801421,0.9731618774168715,1.0016103140695347,1.0132481091544145,0.9885143678238967,8.103104581788365,2.8752292585977144,10.4,0.0,1.0
MAR,2019,123651944968.713,34212057363.9327,36210898.0,3364.73950195313,75.9981158798422,1.33479789567415,18.1789365690301,61.8430450233765,-0.3198643,4.83650253578356,128.874798962456,84.1203630467602,71.8694,10.7,614.502733565635,17.1600688643338,53.4781212999139,25.2499524130611,498289999550.8772,10741380.6,1.93579435348511,715.0,20793103.9141145,AFRICA,5.161093969284625,19.745436857158307,3.0323263119944532,1.0094624071136893,1.0247843190125299,0.9850486471986567,0.9882005428893289,0.9935611100428312,0.9946046930588183,8.121105825100972,2.961740854245959,10.9,0.0,1.0
MAR,2020,114775951852.213,30791308264.9522,36584208.0,3090.89428710938,68.8438033904364,1.16907334587558,19.4049859563358,62.0933436005366,-0.314662899999999,5.74683480916137,135.088404811169,84.12036305,67.5867,11.1,575.699296767116,17.6745548244128,53.1903022793513,26.0436433872433,504166807838.2855,10756908.8,1.95758354663849,918.0,21057547.679570787,AFRICA,5.0742870151550115,25.092794136748843,3.2616591894950906,0.917311463141039,1.0054464117602644,0.9123424703809674,0.9944868444681295,0.9988221168032656,0.995659615198539,8.036215741323845,3.0323263119944532,10.7,0.0,1.0
MAR,2021,124135631043.727,33113556352.3356,36954442.0,3309.130859375,75.5234171756506,1.59422321445366,18.9738383456202,62.3173276600289,-0.4447944,6.14617858388986,138.911268095998,88.13031937,73.1296,10.9,616.051393306028,18.8808973994063,51.7882000339975,25.9539090511005,512072023798.7068,10772437.0,1.98165833950043,1006.0,21347289.617792994,AFRICA,5.138351739542156,27.22270843651218,3.340126917599308,1.0650461014837103,1.0478702471652075,1.0163912033622182,1.0088779951133875,1.0155890203658031,0.9933919871937977,8.104440853641634,3.2616591894950906,11.1,0.0,1.0
MAR,2022,126385828220.594,31804833630.4023,37329064.0,3334.91162109375,100.906310201651,1.74814323662076,18.9405784157794,62.5118468550703,-0.4491939,6.47150166958379,141.870002419562,89.9,72.3256,,602.994477750907,21.3232528983588,54.4992684878357,26.0855513037114,518273256239.1737,10748623.0,2.00658464431763,1039.0,21568021.859359298,AFRICA,5.145416733199445,27.833540106979374,3.361539296584335,1.0060905992645262,1.003419775710895,1.0026617210645854,1.005378845023152,0.9927106272286882,1.012761239224193,8.112201457576917,3.340126917599308,10.9,0.0,1.0
MAR,2023,131006044306.041,32536112093.9342,37712505.0,3421.21704101563,93.1178844179777,0.725864122672683,18.150541674579,62.673750838878,-0.3934002,7.02184328513844,148.155101338402,91.0,70.0459,,600.64391286941,18.7206508843713,53.7147502674415,25.3229740167851,524895705521.14923,10748623.0,2.03239965438843,1333.0,21845497.670351528,AFRICA,5.168567889247589,35.34636588049508,3.5930942232043153,1.0234698370729034,1.0418017821072056,0.9824036152086215,1.0159785931726562,1.0019153071027784,1.014036402049335,8.13775162669961,3.361539296584335,,0.0,1.0
MEX,2016,1234800030119.7,282626231215.759,122251351.0,10100.5021214015,75.6903034088551,3.49768027047347,11.5736804911904,77.4405087351486,-0.579800665378571,13.0256,91.3942,59.5404,496.4682,9.2,1525.3837445098,16.5326816284491,60.0750683879945,30.6167913981452,4899818228717.602,50863634.0,2.71644639968872,949.0,138168335.45438474,LATAM,5.431264266285352,7.762695399578856,2.1705035516360556,,,,,,,9.220340416583849,,,0.0,0.0
MEX,2017,1257912134612.3,281086482970.96,123400057.0,10193.7727193457,76.9521260407254,2.78307493352174,11.2156675514112,77.7206924598541,-0.584648728370667,13.7767,92.6494,53.0318,500.6875,10.1,1478.43896510686,16.8285883947461,59.3653310273766,31.9586846731805,4935913800252.682,51680279.0,2.73650026321411,909.0,141423097.08647865,LATAM,5.432105479370861,7.366285090127632,2.1242099496719553,1.0074779624455148,1.0090777790625616,0.998414575516138,0.997852800816201,0.9854545461896906,1.0125812546854127,9.22953229511933,2.1705035516360556,9.2,0.0,0.0
MEX,2018,1282719194577.95,282861872979.039,124573711.0,10296.8690928534,80.2126616568975,3.01417850463095,11.256296772473,78.0271223924494,-0.641221523284912,14.7374,96.4612,56.6596,478.1534,10.3,1493.47882156246,16.3313895424634,59.2695792093443,32.0438654533728,4971979983219.086,53161791.0,2.75670194625855,1147.0,146551212.71629027,LATAM,5.425933993932265,9.207400107073955,2.3231129579353422,1.005027462612096,1.042397455615411,0.9641499575790384,0.9942956367062098,1.0016019638604288,0.9927053585976823,9.239595156441375,2.1242099496719553,10.1,0.0,0.0
MEX,2019,1277682078094.17,270329674204.339,125762982.0,10159.4448364319,77.4619722571128,2.29651449578107,11.1079031013032,78.355984332992,-0.657918453216553,15.3885,97.0359,69.6321,493.673,10.3,1469.65350320528,17.0845735836968,59.1556030063002,31.8382961395485,4993710658262.471,54614549.0,2.7770528793335,1318.0,151667490.55395052,LATAM,5.39816781857348,10.480031397474338,2.4406091258593126,0.9811851261018474,1.0034930148551837,0.9777697617989343,0.988732043731137,0.9931934506661368,0.9955080181690611,9.226159077556066,2.3231129579353422,10.3,0.0,0.0
MEX,2020,1170944075446.26,223928227796.761,126799054.0,9234.64362317923,76.8545557056016,2.81338849125769,12.1968302781894,78.677960602824,-0.642182171344757,17.7521,96.9237,71.4902,439.0381,12.3,1366.42722558757,16.7237606198387,59.1896498577258,30.9999803907609,4967953353146.107,51420181.0,2.79755401611328,1344.0,143850733.86582178,LATAM,5.347134879380528,10.599448163075412,2.4509575248320568,0.9393760752075921,1.0084613502031299,0.9314943750877293,1.0053182695345115,1.0129140699894417,0.992501041618457,9.130717302086811,2.4406091258593126,10.3,0.0,0.0
MEX,2021,1241768434200.36,247412238552.482,127648148.0,9728.05680032556,83.0692976357895,2.70547578986932,11.4047335559142,78.9324007418057,-0.807996511459351,19.2797,99.0948,75.6265,452.7201,13.0,1417.70559078908,16.8243083628705,58.3256995124848,31.9695289853652,4966967924041.284,54172811.0,2.81556797027588,1448.0,152527231.51140887,LATAM,5.367861984703374,11.343682009393508,2.5131443539864593,1.0416420805976485,1.014161284696265,1.0270970666264525,1.0055185204014792,1.0271176189840592,0.9789711536601386,9.182769443038158,2.4509575248320568,12.3,0.0,0.0
MEX,2022,1287835026749.81,265916924961.647,128613117.0,10013.2479236143,88.7984855867186,2.6714140927358,11.1310457406985,79.199683215791,-0.869425058364868,20.2861,105.713,78.6322,452.9546,,1441.98382794786,16.6329908517605,58.1306222617617,33.1638305245733,4984536452800.867,58314144.0,2.83388257026672,1232.0,165255436.28162363,LATAM,5.350955209514073,9.579116257636459,2.3588818934174043,1.022513629528015,1.010664322720061,1.0117242753519422,0.9921469364571215,0.985942956731727,1.006292432724465,9.21166428757448,2.5131443539864593,13.0,0.0,0.0
MEX,2023,1331023107619.63,310210602418.206,129739759.0,10259.1766616403,73.5788616365245,1.70739186154278,11.1313196484459,79.4734935748046,-0.806393921375275,20.0882,111.562,81.1832,475.5955,,1467.10931902847,16.6099613756465,57.5637379012085,32.6059323521063,5045520232579.029,59810052.0,2.85250401496887,1360.0,170608413.4654969,LATAM,5.358963376616066,10.482522940404106,2.4408261350737828,1.0190326924018733,1.046391303083099,0.9738543214181771,0.9968294898224641,0.9771326870134163,1.0201577565368842,9.235927868101285,2.3588818934174043,,0.0,0.0
MYS,2016,314764917575.088,79936132279.2968,31789685.0,9901.47960179812,126.8990100257,4.47130958598651,12.5648977951943,73.8588978909614,0.098701,8.55245970508987,136.725167298764,78.7883099275229,247.4841,4.4,2760.83197397162,16.2387171304782,52.531571127313,37.6832749440922,712271189308.5812,14163700.0,3.01212477684021,1526.0,42662831.70173168,ASIA,5.503243187178182,48.00299216554049,3.8918813608491267,,,,,,,9.200439479682519,,,1.0,0.0
MYS,2017,333061328477.268,84776097978.8984,32355644.0,10293.7629205362,133.155173371956,2.9358203805856,12.1925918694431,74.2354806421432,0.1306432,8.30705146836206,130.853522804244,80.1404790103961,237.8324,5.2,2619.44252695383,14.5249238687121,51.8821117066805,38.114672270307,761433727822.0505,14476800.0,3.03412580490112,1623.0,43924432.45239253,ASIA,5.517440511383313,50.16126398225917,3.93498268286086,0.9949921320873831,0.9986407542941984,0.996346411668935,0.9586183105949966,0.9999999999999999,0.9586183105949967,9.239293449107793,3.8918813608491267,4.4,1.0,0.0
MYS,2018,349191778300.005,85928301771.8117,32910967.0,10610.1950240479,130.402625502126,2.31458721219734,11.9694462955517,74.5634625145296,0.2863954,8.19179819298533,128.873150399987,81.2010486181174,254.2848,5.3,2841.11800656893,16.1560428708823,52.9909917677737,38.2914253580498,809290343202.7598,14776000.0,3.05628776550293,1964.0,45159708.0230713,ASIA,5.5253735721710875,59.67615597560533,4.105550803357102,0.9913134520992009,1.0227418246942592,0.9692704729226718,0.9929306428108167,1.0,0.9929306428108167,9.269570612593471,3.93498268286086,5.2,1.0,0.0
MYS,2019,364602265936.14,84121424844.0786,33440596.0,10902.9834855856,123.028562027943,2.50697705748044,11.653100184343,74.8377707734042,0.3389272,8.86497357882019,133.372921941941,84.1871450078281,255.1651,5.7,2879.89449600209,20.8986497768105,54.1548750822015,37.4765336887335,852947250886.7003,15073400.0,3.07861137390137,2200.0,46405140.683364905,ASIA,5.532487152903601,65.78830114152272,4.201527932593158,0.994046621249669,1.0111454763121226,0.9830896191863341,0.9717129489400897,1.000000000000001,0.9717129489400886,9.296791745038226,4.105550803357102,5.3,1.0,0.0
MYS,2020,344706479641.244,71994732036.4594,33889558.0,10171.4657842762,116.788182437638,1.20275464255821,12.9622736088155,75.0511895575672,0.3499706,9.91101742902637,129.017911652905,89.55501192,253.08,7.0,2719.43378264705,13.6599055069719,54.7885939890947,35.9347266201835,882294620378.8246,14956800.0,3.10109806060791,2263.0,46382503.47290039,ASIA,5.464850589604312,66.77573074278513,4.216204177219414,0.9180364645184109,1.0050028877407728,0.913466494193006,0.8866022505140213,0.999999999999999,0.8866022505140222,9.227341606904542,4.201527932593158,5.7,1.0,0.0
MYS,2021,356134704342.139,71499896555.9799,34282399.0,10388.2667120857,134.035994690727,5.41626377085161,12.6368812579757,75.5088628191907,0.3016338,10.8921782282506,137.684938559871,96.7514278,257.9155,7.5,2781.735038205,14.1005683018031,51.651935586827,37.6826861838931,909679785915.8632,15064200.0,3.13224864006043,3228.0,47184819.96359833,ASIA,5.475620595263539,94.1591047931039,4.555550278004041,1.0036440407299112,0.9917584823182356,1.0119843274583276,1.0041743250765176,1.0,1.0041743250765176,9.248432247470918,4.216204177219414,7.0,1.0,0.0
MYS,2022,388299855024.742,76389737380.2136,34695493.0,11191.6511756943,146.424604753908,3.68486215546291,11.6132678517006,75.9741357073003,0.2952941,12.1753566089982,138.208441079076,97.3986404,276.9845,,3035.37257619634,15.3331668435575,51.0158173538955,38.974240550053,940585534000.2836,15391800.0,3.16371178627014,3342.0,48695219.071912736,ASIA,5.529915333000266,96.32375017700426,4.5780430516673825,1.0546941081354608,1.0544923576662624,1.0001913247333958,1.0794819245428284,1.0,1.0794819245428284,9.322923348569963,4.555550278004041,7.5,1.0,0.0
MYS,2023,402034268648.217,80516549762.9749,35126298.0,11445.3925275079,132.593461641599,1.97990062716743,11.9697728310015,76.4434752105739,0.3016843,13.0287000355119,142.7320920639,97.69272633,282.3786,,3008.82419919301,15.8650142432827,53.5466505609237,37.5648573322214,974072807063.2443,15391800.0,3.20573282241821,3907.0,49341998.456096604,ASIA,5.543853994584069,111.22720646508209,4.720525445558097,1.0023596289705132,1.010703356671134,0.9917446324427952,0.9989460491077546,1.0,0.9989460491077546,9.345342528653756,4.5780430516673825,,1.0,0.0
NIC,2016,13338803114.2245,3785877947.74066,6232666.0,2140.14405941606,93.8137278130087,7.44462628012218,14.4608322130013,58.0043880782023,-0.656879246234894,2.84026,124.273,24.5718,5.7223,49.5,626.823007449197,19.9336354891463,49.4649749753047,25.7948753609806,35375093207.68421,2668628.0,2.21922636032105,2.0,5922289.6034908425,LATAM,4.676445413989978,0.32088996907583367,0.2783057284116039,,,,,,,7.668628423234317,,,0.0,0.0
NIC,2017,13956550774.5717,3863646644.883,6316231.0,2209.63273423213,96.3805864351182,7.51057620596971,14.4104462520195,58.1892567408822,-0.660670220851898,3.32673,129.506,30.4,5.6825,48.9,632.373947264069,20.1452148940178,50.2780347158336,24.8173354804008,37469985192.183,2668628.0,2.24137854576111,1.0,5981405.54581738,LATAM,4.69512471484979,0.15832226528763751,0.14697263515563175,0.9941662856410591,0.9584332247672979,1.0372827860620515,1.003550318916605,1.0105312543872929,0.9930918163684898,7.700581597096402,0.2783057284116039,49.5,0.0,0.0
NIC,2018,13487142194.6088,3013885959.53833,6400080.0,2107.3396261623,93.9847404925404,6.43060058137235,14.8026116933585,58.3683858659405,-1.07846295833588,3.00642,116.272,33.913,5.1803,51.3,616.516996174416,21.1687703840053,51.0117529210468,24.9956784644064,38610371892.112175,2668628.0,2.26375198364258,,6041111.928604131,LATAM,4.643963145175237,,,0.9378240657964659,0.9867299161111738,0.9504364370470778,0.9816426051247557,0.997196508394039,0.984402368902863,7.653181590260366,0.14697263515563175,48.9,0.0,0.0
NIC,2019,13096437236.4148,2186093662.68163,6483657.0,2019.91518620044,94.0422159246213,3.96093444094211,15.2130925728858,58.5405671448072,-1.20158541202545,3.35641,89.2773,37.8319,5.3239,50.5,616.151129278106,20.2131179025699,50.4678293597465,24.2809201178084,38865946960.188194,2668628.0,2.28634881973267,2.0,6101414.478105555,LATAM,4.605801287283748,0.3084678908831852,0.26885690381283844,0.9646459843504077,0.9928309359446752,0.9716115296433128,0.9757039765275559,0.9864163721407699,0.9891400873751056,7.610810802484285,,51.3,0.0,0.0
NIC,2020,12803529948.2066,2393188297.76413,6565267.0,1950.19181218473,88.6381231228968,5.86574902695673,15.0817033768448,58.7045922689128,-1.19874393939972,4.42253,90.8141,42.2037,4.7462,52.2,584.320998473115,21.6853479304391,48.6126906364813,25.7903211218917,39315837909.94291,2668628.0,2.30917096138001,3.0,6162318.284325614,LATAM,4.572697754624873,0.45695018953532274,0.3763453396247823,0.9664475144093311,1.0463093285109182,0.9236728451850424,1.0011519181983783,1.0443940560067966,0.9585959556551356,7.575683011943189,0.26885690381283844,50.5,0.0,0.0
NIC,2021,14142060836.745,3222077976.63052,6644741.0,2128.30881395452,106.20739081994,7.36996621393819,15.4655261086513,58.8592529296875,-1.36633682250977,4.5138,93.8165,47.0806,5.1925,50.4,602.731073978591,20.0656114146273,46.1739508361433,27.2859620403811,40572123991.07628,2668628.0,2.34018325805664,3.0,6245078.567581176,LATAM,4.652449975161035,0.4514848660015492,0.37258707797386803,1.07138728998615,1.0974488897665264,0.9762525617152698,1.0324848258190455,1.0578547296999425,0.9760175918596184,7.6630829592722725,0.3763453396247823,52.2,0.0,0.0
NIC,2022,14644146345.7189,3095023796.38029,6730654.0,2175.73899144405,115.454678712865,8.23239650343154,13.933777682316,58.9954376220703,-1.3109118938446,5.00782,104.278,49.1307,5.2612,,603.83815029018,20.8229199248067,46.3607342274576,25.9436105960329,41638541587.90275,2668628.0,2.37221097946167,2.0,6330548.641698837,LATAM,4.6694209548432895,0.2971479443156638,0.2601679653794545,1.0098281339959487,1.045316722091475,0.966049918320908,1.0084803029271412,1.000429063797942,1.0080477861155235,7.685123651996499,0.37258707797386803,50.4,0.0,0.0
NIC,2023,15292551634.5755,3498411246.19779,6823613.0,2241.12235476653,105.003097611103,6.25581189724963,12.8951938413098,59.1250953674316,-1.27818691730499,5.43031,105.843,58.2314,5.5369,,632.813009843745,20.4180839334698,46.4982498786618,27.201340643823,43055025754.7054,2668628.0,2.40529561042786,1.0,6418839.214264879,LATAM,4.692034940871213,0.146549928901302,0.1367573713438703,1.0110316996604485,1.0336169518544813,0.9781493016793977,1.0058962804006566,0.9983752597127759,1.0075332602793508,7.714732070599887,0.2601679653794545,,0.0,0.0
PAK,2016,319682711890.74,46267151398.6052,220138869.0,1452.18658269177,24.7015780480573,0.821349998064174,10.6089550735279,36.1597184900333,-0.9129583,1.13034740811719,62.0013242640944,12.385446763381,196.7976,43.7,446.915365965869,56.6204998946239,52.747401539414,18.1501179723214,769340517750.0127,47573084.0,1.87483704090118,651.0,89191780.03310327,ASIA,5.012420348700923,2.957224241939755,1.3755428304816635,,,,,,,7.280825687605688,,,1.0,0.0
PAK,2017,333853050597.697,49843920125.2706,223273967.0,1495.26187528032,25.472035002344,0.735837049658425,10.7537396159781,36.4351548223399,-0.865480199999999,1.03818686573522,64.7301783284032,13.77999973,213.2958,42.1,456.107326373589,56.6781961188465,53.249254299638,18.0993270885214,780717411987.7827,53683438.5,1.87242066860199,843.0,100517979.80902381,ASIA,4.972948419861542,3.7756305015174476,1.563526007418496,1.002432870370142,0.9655862714010863,1.0381598206813674,1.0044118956600427,0.95269065721204,1.0542896459165034,7.310056637896352,1.3755428304816635,43.7,1.0,0.0
PAK,2018,354390697428.203,54974552065.2187,226928892.0,1561.68169819559,27.6260570796337,0.487745750658143,10.9936267499128,36.7478511550359,-0.8396216,0.952870734503035,67.8567658982797,15.34000015,202.3124,43.4,453.603126548778,61.4979947410089,52.9323158239348,18.5890515927482,796656093453.6123,59793793.0,1.81014931201935,1136.0,108235693.26197742,ASIA,4.977490545122963,5.00597341302843,1.7927545428161473,1.0242375252744396,1.074504212116299,0.9532187158737552,1.0206684579986156,1.0900212538336618,0.9363748224255914,7.3535185312701,1.563526007418496,42.1,1.0,0.0
PAK,2019,363242090361.647,48892483121.8632,230800899.0,1573.8330826937,28.9055769867032,0.696146480411465,10.7497525398245,37.1091631735769,-0.8122676,0.881514330669917,71.6660323753765,17.070901719916,198.8407,45.9,431.604754942186,53.4624424408059,53.6204826290348,19.5638945814483,805715771902.7948,59034305.0,1.77026915550232,1636.0,104506609.2580164,ASIA,5.020991889581824,7.088360604695912,2.090426065874617,1.026253794341985,1.0538974409267463,0.9737700790311693,1.020812618043628,1.080593702452045,0.9446775561686472,7.36126937678076,1.7927545428161473,43.4,1.0,0.0
PAK,2020,358614068499.253,45628207460.0158,235001746.0,1526.00597486307,26.7162807328814,0.684695289874347,11.7888005549132,37.5080192948099,-0.812966099999999,1.03954036154268,74.7332166629945,18.935,222.5997,42.7,454.338436216576,54.8397942743298,53.680280706041,18.5894635445816,811058190767.6708,50322515.0,1.76825952529907,1908.0,88983266.48575534,ASIA,5.110377374501381,8.119088613069284,2.2103698663151365,1.0223794773262445,1.1127519827542265,0.9187846826349421,1.0360975783962136,1.168204592069058,0.8869144886351937,7.330409127212275,2.090426065874617,45.9,1.0,0.0
PAK,2021,381973779235.3,47300765945.3851,239477801.0,1595.02792175422,27.0304204125548,0.616039439073827,10.9295676776143,37.9333395514173,-0.8231206,1.23144065449307,78.8012296805749,,229.1366,41.6,465.115862856144,58.590150324952,52.0255067386808,18.8964082009484,817806047174.6724,61652464.0,1.76625752449036,2719.0,108894128.44337104,ASIA,5.039329603529618,11.353870749798642,2.513969435004201,1.0089604504486234,1.0213389903397752,0.9878800868191335,1.0858073808016173,0.9999999999999998,1.0858073808016175,7.3746465208677385,2.2103698663151365,42.7,1.0,0.0
PAK,2022,400224894618.857,49463634477.3067,243700667.0,1642.28066974826,33.031353478032,0.389980753542853,10.4918852190112,38.3740439760816,-0.9108794,1.28371909626329,79.1050539061512,,235.3725,,418.447652844549,57.8617671689119,52.2312939861803,20.4125955543613,826379379293.2454,61652464.0,1.76426291465759,3217.0,108771155.83246215,ASIA,5.083088647397526,13.200620415207972,2.653285654864611,1.0394638405072087,1.0659500232671615,0.9751525097970617,1.0823373744881115,1.0000000000000002,1.0823373744881113,7.403841207042412,2.513969435004201,41.6,1.0,0.0
PAK,2023,398564217461.774,41520799501.1863,247504495.0,1610.33122837537,28.4676925469837,0.608281270820624,10.3442770582193,38.8191861872791,-1.0042887,1.35622425766449,76.5397606213172,,208.8895,,414.952130205765,58.3745179541935,50.9693352713894,20.718694602313,826581209829.7693,61652464.0,1.76227569580078,3484.0,108648638.89343253,ASIA,5.0795777385972,14.076512024559392,2.7131380377201366,0.9958158300395282,0.9995249492920104,0.9962891178903444,0.907000575155427,1.0,0.907000575155427,7.384195168728769,2.653285654864611,,1.0,0.0
PAN,2016,58317491742.8782,22335291410.6831,4029086.0,14474.124340577,84.3959718486228,8.78226076869208,10.5122480412502,65.5971555296656,0.0336839631199837,10.6707,127.616,54.0,10.6644,22.1,1045.76582937315,15.5946159096021,65.8250969681256,27.4158212440648,152000398020.71848,1770784.0,2.84179306030273,8.0,5032201.68249511,LATAM,5.747276471721447,1.985561986018665,1.093787999146992,,,,,,,9.580117806005244,,,0.0,0.0
PAN,2017,61667283149.9355,24107037496.6688,4098707.0,15045.545619615,84.0475372059131,6.34573158684694,10.901052607274,65.6577712475758,0.0075527080334723,10.7635,128.826,59.9506,10.1483,23.6,1035.95086028489,14.7627345637305,65.500949853439,28.2545621203247,168507415616.35135,1785750.0,2.8571937084198,13.0,5102233.6648106575,LATAM,5.758060578007688,3.1717319632752474,1.4283312884963058,0.9758516175737637,0.9832105573989285,0.992515397877101,1.0437667396130952,1.0284748940748556,1.0148684675010906,9.618837254250025,1.093787999146992,22.1,0.0,0.0
PAN,2018,64083529457.2571,24379391409.0966,4167860.0,15375.6434854475,86.1309615270001,6.3940456399755,10.9797047197199,65.7099285144924,-0.159112378954887,12.9616,137.298,61.8055,9.9261,24.5,1026.38990550231,14.8426450709261,65.8116974779352,28.3264605966594,184461436244.63037,1867483.0,2.87267804145813,19.0,5364677.406896353,LATAM,5.7322306038012965,4.558694389926725,1.7153632587318737,0.9592730765261976,0.9931532956551928,0.9658862138632445,0.9965138220638833,1.0056355311083895,0.9909294085557493,9.640539944510952,1.4283312884963058,23.6,0.0,0.0
PAN,2019,66072084910.0035,24041884899.6551,4234700.0,15602.5420714581,80.4286505707227,6.7135041995988,11.1248445479389,65.752985396379,-0.191898912191391,12.6486,137.57,63.6284,13.1641,19.0,1162.83608429865,15.3498636744005,66.0060430048636,28.4159326937794,199280249332.05392,1919877.0,2.8882462978363,19.0,5545077.637551063,LATAM,5.714246125875123,4.486740501098071,1.7023343635555306,0.9690591035878136,0.9963721414769461,0.972587513488037,0.9772735483815127,0.9798494717504227,0.9973711029671646,9.655189133260778,1.7153632587318737,24.5,0.0,0.0
PAN,2020,54297226728.12,12556486257.6966,4293261.0,12647.0826553801,68.7004234799646,-2.85980025111741,14.7376302795166,65.7862999591993,-0.284955024719238,13.8347,142.283,70.0097,9.7127,28.5,936.065449427601,15.1907401233296,71.0034450721902,23.4387808011432,201872723123.14783,1631691.0,2.90389895439148,19.0,4738265.7887899885,LATAM,5.615654707562557,4.425540399244304,1.6911175072294284,0.9124434569827365,0.954023641602675,0.9564159808974048,0.9772762555317038,1.0072682212435045,0.9702244495763258,9.4451818474307,1.7023343635555306,19.0,0.0,0.0
PAN,2021,63238418849.185,16469302509.9766,4345405.0,14552.9401400295,80.1334636057057,2.71982266254139,13.7437085434751,65.8092302689169,-0.269385784864426,14.8381,147.9,77.031,10.7711,28.0,1033.31759264066,14.7545659474275,68.1569842481713,26.3633166905784,208248389476.967,1743272.0,2.92414712905884,21.0,5097583.813968662,LATAM,5.709698566810973,4.832691084030142,1.7634784863193746,1.0825760073481232,1.1009822323606417,0.9832819963197287,1.0701988163821559,1.1033602464647208,0.9699450563052118,9.585548323665638,1.6911175072294284,28.5,0.0,0.0
PAN,2022,70219021768.6549,19855676783.9705,4400773.0,15956.0653932059,93.4752688168442,3.2250848191713,12.7631580189509,65.8211343914956,-0.359851568937302,16.3861,152.062,77.7041,11.4431,,1062.69925631817,15.213921782961,68.1508944718056,26.4074796224087,217691646787.08914,1966558.0,2.94474864006043,39.0,5791018.996099959,LATAM,5.71598193747065,8.862079457404414,2.288697044695498,0.9774243582644565,0.9734508182320324,1.0040819114412383,0.986871008484459,0.9877001473325648,0.9991605358667354,9.67759431136272,1.7634784863193746,28.0,0.0,0.0
PAN,2023,75251148212.8876,23459524396.7392,4458759.0,16877.1508423953,88.3489105288611,2.84826789984183,12.2638661007732,65.8601271176084,-0.3459812104702,18.1341,156.587,68.5485,12.7389,,1019.98442115491,15.1210531361735,67.7573455294967,27.1584907122297,230266588844.47388,1937367.0,2.96571135520935,26.0,5745671.311107873,LATAM,5.770648500323155,5.831218955767738,1.9215031284885047,1.0801213923448232,1.1397253028183538,0.9477032664571543,1.0581333483911906,1.0393131002269818,1.018108352680341,9.733715964945864,2.288697044695498,,0.0,0.0
PER,2016,197306492869.139,41866267077.4518,30866494.0,6392.25474941014,45.3888411964154,3.54628188735842,13.1636888035228,81.4192362241943,-0.496036291122437,6.87076,119.655,45.4617,57.5009,27.2,764.235827890262,30.5613699272767,54.3063730182748,30.5565505783828,434679495351.08997,17304333.0,2.78532600402832,87.0,48198208.68726539,LATAM,5.12972690737695,2.818590281098981,1.339881318146285,,,,,,,8.762842341065296,,,0.0,0.0
PER,2017,202276318741.548,42405374278.0319,31324637.0,6457.41940254721,47.5135503619971,3.5133314939664,13.2122751962604,82.1931650502403,-0.523281574249268,7.37508,124.233,50.4504,55.2172,27.6,762.24633988882,31.2625158525163,53.9283331564894,31.2978841231473,455350894861.5674,17479817.0,2.80294895172119,122.0,48995034.73642824,LATAM,5.127684372135535,3.8946979656939043,1.5881525714626306,0.9854409148710535,0.9564015093875792,1.030363194953623,0.9977553931908582,1.0013489783384757,0.9964112559903139,8.772985043676032,1.339881318146285,27.2,0.0,0.0
PER,2018,210305376512.78,44421755679.0842,31897584.0,6593.14437459526,48.631470171736,2.63824619479376,13.0774424949562,82.6854929960921,-0.56674337387085,8.09511,132.157,55.0543,55.3468,27.9,784.027983193931,31.1151867646505,53.5381936281076,31.6240835005495,477005105797.57324,17792099.0,2.82068347930908,158.0,50185879.7115316,LATAM,5.134740152241438,4.953353206938808,1.783954625006274,0.998001167614576,1.0416930258451527,0.9580568774614495,1.0038759436096794,1.0199724853549825,0.9842186510161585,8.793785657037539,1.5881525714626306,27.6,0.0,0.0
PER,2019,215017545590.315,45685570534.0754,32449303.0,6626.26083494969,46.9435053754409,2.09128983397663,13.2443725852511,83.1033003087105,-0.520058035850525,7.38779,122.79,59.9505,58.1719,27.1,798.59712052539,30.672466480308,54.3915620275491,30.4491957836385,498840421041.76996,18049074.0,2.83853006362915,217.0,51232839.16966724,LATAM,5.127812911341318,6.687354733012293,2.0395767364353685,0.98297724195517,1.0062707233831756,0.9768516753128912,0.9836532830338479,0.9959831198100793,0.9876204359983707,8.798795947456263,1.783954625006274,27.9,0.0,0.0
PER,2020,191509018299.917,38377882077.0501,32838579.0,5831.83024758521,44.245967197744,0.329387076302566,15.8181030380089,83.5267437189637,-0.382843524217606,8.41187,119.854,65.2518,47.5328,31.6,678.51171228291,29.8567440111987,54.1910600001421,30.3192857092121,512276282066.73157,15736870.0,2.85648965835571,289.0,44952206.409888215,LATAM,5.087733499651584,8.800624411915022,2.282446099148313,0.8961834011049952,0.9773045718648884,0.9169949951169284,0.9364554272746066,0.996740830457186,0.9395174740108443,8.671086166197867,2.0395767364353685,27.1,0.0,0.0
PER,2021,217099648514.382,50914759791.0989,33155882.0,6547.84718181776,55.427249365522,3.15570902335973,13.7498135562536,83.9480118272361,-0.532514691352844,9.05771,129.994,71.1078,59.6288,30.6,775.289508844919,28.9466302805559,48.7058242179895,35.7383343144165,537577227754.49384,17758723.0,2.83546948432922,355.0,50354317.14715546,LATAM,5.122517206138264,10.706999138192131,2.4601868798827837,1.0670296862876794,1.0695862191280807,0.9976097926518861,1.028220490422943,1.0518920147040545,0.9774962411062971,8.786891600072346,2.282446099148313,31.6,0.0,0.0
PER,2022,223198050485.251,51338290238.482,33475438.0,6667.51695632036,57.2969759649721,4.55221582089149,13.3949556323686,84.3663554951194,-0.552831411361694,9.45024,124.119,74.675,63.74,,826.458777086818,32.4787651622913,49.6995886430732,34.9314299156729,562036656605.2511,17716658.0,2.81483864784241,369.0,49869533.64900641,LATAM,5.140935277539693,11.023007376333657,2.486822095511145,0.9917491989631504,1.0023611907948504,0.9894130060808869,0.9847299097677176,0.9879921694542833,0.9966980915563657,8.805002799183098,2.4601868798827837,30.6,0.0,0.0
PER,2023,222298021864.381,48507224492.4189,33845617.0,6568.0002779793,50.7851842068664,1.62534746680837,13.5642010031547,84.7810255849745,-0.538132667541504,10.4364,121.975,79.4848,65.0789,,823.371374235583,31.0938536450575,51.2061169826914,33.9694851252743,582442048267.4075,17604655.0,2.79458904266357,536.0,49197775.96287244,LATAM,5.13322798937954,15.836614826670173,2.823555968813061,0.9671403536660883,0.9459351187215123,1.0224172192414593,0.969825312574959,0.981529706011068,0.9880753548624874,8.789964693455543,2.486822095511145,,0.0,0.0
PHL,2016,328355086268.976,82360736821.555,106735719.0,3076.3374186759,61.7760657653871,2.59850803494211,11.2579676044704,51.9114748151175,-0.4729561,2.79705053563184,112.517998777897,39.20000076,121.2972,28.6,520.982417182237,21.8003003003794,59.508957300169,30.2859171672694,582964478249.495,40997968.0,2.67309141159058,111.0,109591316.15346543,ASIA,5.002399554427795,1.039951770971815,0.7129261658961732,,,,,,,8.031495018587451,,,1.0,0.0
PHL,2017,351113338965.581,91055119582.5255,108119693.0,3247.4503878362,68.1683697426727,3.12238778404896,11.3233663056554,52.6010482354344,-0.5912855,3.14400726239576,110.962137119646,41.59999847,135.646,27.8,544.477187986696,22.8372345468098,59.6904952918166,30.1265505767725,644871373919.5458,40333992.0,2.6869490146637,185.0,108375380.06185356,ASIA,5.0413415865920825,1.711066641670912,0.997342152166043,0.9822829941932055,0.9694920195388007,1.0131934811185859,0.9809958839818272,0.970618029457827,1.0106920067514067,8.085625471395327,0.7129261658961732,28.6,1.0,0.0
PHL,2018,373379140695.818,102845777745.859,109465287.0,3410.93647976109,72.1633982990273,2.86833826070497,12.0427836518839,53.2088897464754,-0.6398018,3.46090446005956,122.960456861544,44.09999847,141.3358,27.6,554.501992818921,22.1392871673127,59.7861194870255,30.5637401548214,715473582969.4275,41156535.0,2.70087862014771,326.0,111158805.46086092,ASIA,5.0499807525414955,2.978113052405371,1.380807599436044,0.9584781540158084,1.0084610781481773,0.9504364370470778,0.9450112909867626,1.0281749296724336,0.9191152825403298,8.134742160070255,0.997342152166043,27.8,1.0,0.0
PHL,2019,396224439236.642,106811834107.887,110804683.0,3575.88170922922,68.8418422595678,2.30117498598294,12.4677544303537,53.7157859948017,-0.647098,5.69730703529922,151.006642923206,43.0266118680279,147.9244,26.9,551.879483141713,23.1871442405274,60.8521683732324,30.3275078794624,786511737928.843,42428367.0,2.7148802280426,457.0,115187934.67643511,ASIA,5.053091815572749,4.124374418362805,1.6340084528642724,0.9788091311187652,1.00698259594879,0.9720218949727931,0.9508800801960311,1.0008886862066215,0.9500357964878956,8.181967056671677,1.380807599436044,27.6,1.0,0.0
PHL,2020,358510629276.391,77635450941.6657,112081264.0,3198.66690008413,58.1695603022281,1.88586363211171,15.2614545873485,54.1077719895977,-0.6331335,7.08108894988907,133.45620905917,53.76490021,136.3845,29.1,518.170627326086,21.7674946627007,61.4147713831863,28.3999175850521,824821601974.0665,39377842.0,2.72895431518555,442.0,107460331.84859478,ASIA,4.981561594507447,3.943567231718586,1.5980871822865594,0.891167992220122,0.9686161029181075,0.920042511718873,0.8504030786432629,0.9449513959770883,0.8999437243689539,8.070489408264836,1.6340084528642724,26.9,1.0,0.0
PHL,2021,378998554988.857,85278713364.9908,113100950.0,3350.97587587776,63.4846098136712,3.04078855310045,15.5791947083897,54.4504102510776,-0.6736731,8.50897715713263,144.424289981649,66.90779877,145.6114,28.0,531.045421495391,22.7416729471695,61.0410268609665,28.8898091185459,868859235240.354,41060149.0,2.83230948448181,533.0,116295049.44693631,ASIA,4.96757510964515,4.712604093953234,1.7426749781905355,0.996729645650408,1.0122183949998422,0.9846982139171294,0.9963782313280772,1.005005076814217,0.9914161175051115,8.117006888629858,1.5980871822865594,29.1,1.0,0.0
PHL,2022,407730367707.393,93596483827.7433,113964338.0,3577.70136573244,72.4296836107599,2.3475097233369,15.0436742203408,54.7902343568327,-0.6321996,7.63946525096298,147.428926406785,75.21114422,151.7004,,551.042784448026,24.241932485757,61.2269920189689,29.2212399364338,919012757306.0796,45837520.0,2.93957924842834,741.0,134743022.59141898,ASIA,4.925301894185909,6.502033995933009,2.015174183232074,0.9966969769045149,1.0246809471837657,0.9726900647892771,0.9961713099887011,1.02191569846901,0.9748077179762693,8.182475796564232,1.7426749781905355,28.0,1.0,0.0
PHL,2023,430232801525.374,101280183623.152,114891199.0,3744.69763802686,67.4199693171606,2.04210354820336,14.2212747883643,55.1242716168851,-0.601158699999999,6.5393085505183,117.275521687262,77.86699677,162.4527,,580.1360554135,22.2053003753671,62.4020109620137,28.1976225091314,974342303063.9275,46938519.0,2.95599770545959,986.0,138750154.46167135,ASIA,4.939511790760928,8.582032467082183,2.2598897267960565,0.9984757951065366,1.0139188826643115,0.9847689121666277,0.9985725094605571,1.0189997713334404,0.9799536148608231,8.228096155182355,2.015174183232074,,1.0,0.0
PRY,2016,37756961788.4736,7167403259.53482,6249126.0,6041.95879367349,67.7593152322119,2.27032682691763,11.3629906714715,62.0827613208606,-0.689654231071472,3.94711,119.848,53.4041,7.5122,62.5,1072.60628446376,14.0940444745212,47.6296883780607,34.4967803217785,84509152265.30367,3122747.0,2.57922601699829,21.0,8054270.3069033595,LATAM,5.2122782891063455,3.3604699281147474,1.4725798332306097,,,,,,,8.706483541942145,,,0.0,0.0
PRY,2017,39573101423.9484,7589400415.21451,6338660.0,6243.1336313903,71.0801344038459,1.9468132140751,11.1076787786842,62.9526389826574,-0.667961835861206,4.57926,117.821,61.0758,8.4688,60.1,1116.33946333541,14.305664925717,47.9606996049648,34.3937589134318,87873095067.25299,3214181.0,2.60476756095886,13.0,8372194.40385031,LATAM,5.22043236030825,2.05090665850511,1.1154388115284521,1.0080443679012128,0.9867331133993389,1.021597789931723,0.9904494406087311,0.9976463971475318,0.9927860647225528,8.739237519828704,1.4725798332306097,62.5,0.0,0.0
PRY,2018,40841122661.1912,8111360201.22671,6427382.0,6354.2392005316,72.0692236259495,0.787454987833137,11.5202342967927,63.9248988239553,-0.602268278598785,4.98959,115.75,64.9935,8.7429,59.2,1130.48367815286,13.0344251532456,48.8792744653751,33.556175213621,91590800515.11705,3311781.0,2.63056206703186,22.0,8711845.47291684,LATAM,5.211620249726687,3.4228555265580916,1.4867855342238543,0.9905258683465694,1.031427165671365,0.9603449485469268,0.9946678555436198,1.0140273613071804,0.9809083004046317,8.756877459782133,1.1154388115284521,60.1,0.0,0.0
PRY,2019,40677000526.5933,7616078018.95591,6515058.0,6243.53620897823,71.2221617342433,1.28022785728015,11.9462687058863,64.9845298299929,-0.567496180534363,6.32667,119.137,68.5176,8.5218,60.1,1105.56253694542,16.398596736735,49.5586095739776,33.4893114330734,94627338508.31711,3385793.0,2.65661215782166,20.0,8994738.847667472,LATAM,5.175406625671885,3.0698115043641976,1.4035966849579737,0.9641545050145579,0.9859627267256895,0.9778812919393463,0.985136000409511,0.9984650739909053,0.9866504358253438,8.739302001006347,1.4867855342238543,59.2,0.0,0.0
PRY,2020,40343536418.8014,8019263709.83589,6603739.0,6109.19608100826,62.7602174748575,0.816723740272366,12.6444728382554,66.116520986009,-0.427826523780823,8.51592,119.1,73.9575,7.8549,61.5,1056.5406299527,19.6466878417044,48.1546300468662,34.2042992219391,97915235292.73714,3306925.0,2.68292021751404,27.0,8872215.940302616,LATAM,5.16413538686551,4.088592841116222,1.6270013367651635,0.9679204244636861,1.0557390005695295,0.916817910431964,0.993245871132844,1.0468150711776196,0.9488264914026193,8.717550469205916,1.4035966849579737,60.1,0.0,0.0
PRY,2021,41964030301.4411,9482695932.28311,6684182.0,6278.11006663809,69.74227302112,1.46195175389463,12.0136316874781,67.3058612772421,-0.575897037982941,10.8119,119.313,77.0184,7.9771,58.8,1094.06594460795,15.7732462771943,46.9922462915553,34.6796897271552,102502169460.38339,3454727.0,2.69997620582581,40.0,9327680.697623983,LATAM,5.154953214931094,5.984277507704009,1.9436615525279657,0.992816051262234,0.9952336476027923,0.9975708253570591,1.0012993954898581,1.0261032694364496,0.9758271173229824,8.744824269366418,1.6270013367651635,61.5,0.0,0.0
PRY,2022,42037903094.7542,9310494512.60105,6760464.0,6218.19790694162,73.7379050218566,2.03844719825164,11.859126961468,68.6396537819458,-0.591498374938965,11.1528,128.088,76.2592,8.0051,,1044.98506765929,14.3967643392135,47.7418134980514,34.2539657600776,106687555499.96526,3477822.0,2.71732521057129,21.0,9450373.398479465,LATAM,5.134210750059056,3.1062956625462395,1.412521323443746,0.9664907823533082,0.9763146740380746,0.9899377813874963,0.9755879441542749,0.9625148420115835,1.0135822343428695,8.735235418182576,1.9436615525279657,58.8,0.0,0.0
PRY,2023,44139473679.5817,9052565525.7618,6844146.0,6449.23028812969,82.4052107741573,2.57834141880415,12.1267410499793,69.3466081733694,-0.582174599170685,12.8836,126.605,78.0948,7.7424,,1043.9548570783,15.327993717276,48.1394663805307,32.8917641916625,110405743250.72879,3235233.0,2.73497366905212,24.0,8848277.068248497,LATAM,5.213793861033361,3.5066464099392385,1.5055532871006387,1.029997154588261,1.0095834791473508,1.0202198984656035,1.023136530050291,1.0210454083970522,1.0020480202310706,8.771716067495118,1.412521323443746,,0.0,0.0
SEN,2016,18904543055.9123,4715560117.65135,15034521.0,1257.40906916238,54.1081692072139,2.48110320660753,14.0312810079519,47.0553579909929,-0.0666168,0.654181134204409,101.010767153806,25.66480064,10.2971,36.7,287.042022425235,41.9387343120495,51.9681042834976,23.3440535101312,36862968183.23959,3722649.0,1.56093537807465,10.0,5810814.524254218,AFRICA,5.023102091194776,0.665135922853811,0.5099067554480576,,,,,,,7.136808588554078,,,0.0,1.0
SEN,2017,20304894471.2858,5443379922.40312,15475002.0,1312.10932775878,57.8165678119905,2.80606270309874,13.6544522859596,47.9338349639053,-0.129583199999999,0.722423169961464,101.831108002442,29.64310074,10.2029,36.8,278.019674604295,45.1130669066908,52.1227287660287,23.3126616353809,40463199696.480736,3665726.0,1.57957863807678,18.0,5790302.482642642,AFRICA,5.064245430127253,1.1631662470867532,0.7715730035119513,1.0015568594116708,0.955073209961285,1.048670247438173,0.9675735061924279,0.9468280018936684,1.0219105310122516,7.179391295116795,0.5099067554480576,36.7,0.0,1.0
SEN,2018,21565674310.6847,6189498395.16857,15914498.0,1355.09610863533,61.7898394793183,3.6676580901097,13.7846307930863,48.9001692274485,-0.1376841,0.815734181499159,104.055698143919,35.29999924,10.7355,34.2,274.379032674082,41.0132503890827,52.1727885084918,24.0134453886227,44629538106.82527,4143130.5,1.59844470024109,30.0,6622564.990132217,AFRICA,5.002891463310814,1.885073597671758,1.059550410092825,0.9521906888312521,1.0013337074357915,0.950922436506822,0.9260342860212549,1.0117777103926326,0.9152546814476631,7.211627659680629,0.7715730035119513,36.8,0.0,1.0
SEN,2019,22560634320.1241,6823925444.29769,16352922.0,1379.60875249843,64.2362506061005,4.55247618583033,14.0076479696607,49.9443321273477,-0.111789,0.929784903272944,109.341890091569,43.37969971,11.0288,36.2,298.559525125339,39.8433750730602,50.9547929398667,23.5728096206578,49221986645.7817,4620535.0,1.61753606796265,30.0,7473882.015783804,AFRICA,4.935108878007307,1.8345345253894074,1.0418777351241308,0.9421064429653064,0.969157789115393,0.9720877792513252,0.9025553434202936,0.9598597575903801,0.9402991804615888,7.229555225271635,1.059550410092825,34.2,0.0,1.0
SEN,2020,22863414676.3243,7315119540.64337,16789219.0,1361.7914374888,60.0468716137065,7.52395708111684,14.2802395565824,51.0562950093282,-0.0993883,1.05641006886622,113.638091206029,53.30879974,10.8149,38.7,280.607903309744,40.6552283701407,50.524794927837,23.2090411645804,54076006854.13599,4595326.0,1.63685536384583,45.0,7521884.011720203,AFRICA,4.911361428992201,2.680291441787733,1.302991945182962,0.9459371433381046,1.0276357052781588,0.9204985175968169,0.8826218903167723,0.9934232437662106,0.8884651087593095,7.216556345386861,1.0418777351241308,36.2,0.0,1.0
SEN,2021,24359596784.0565,8468733707.85671,17220867.0,1414.53951093499,69.3759939883832,9.40426405095026,15.1624726863083,52.2260292191155,-0.1485159,1.20966034985347,115.325093678501,55.04040146,13.1241,35.4,294.173427358174,42.371884937796,50.5239032603048,23.9124863648596,59840940219.2859,4570117.0,1.66321587562561,39.0,7601091.147866486,AFRICA,4.932485629748825,2.264694338560306,1.1831661407534384,0.9853118224131064,1.0008927049297556,0.9844330142083085,0.9898775783504142,0.9927584787164107,0.9970980853573557,7.254559323144008,1.302991945182962,38.7,0.0,1.0
SEN,2022,25297546478.4826,9403611595.24431,17651103.0,1433.19918752288,79.3974220189679,10.5411241953817,15.1460090617937,53.4435061024348,-0.1356248,1.40365165848276,118.150293497239,56.82830048,14.5438,,315.965932815121,39.328601950874,49.7964440298548,24.8999790711237,66252504803.56591,4544908.0,1.69087636470795,42.0,7684877.51697208,AFRICA,4.9275173145528655,2.3794547003663173,1.217714365227072,0.9550800469389236,0.9758371661012141,0.9787289110485288,0.9550988247314439,0.965373098872109,0.9893571986285209,7.267664418533401,1.1831661407534384,35.4,0.0,1.0
SEN,2023,26374572022.2517,10275801503.2851,18077573.0,1458.9664233275,71.5942815846823,15.6044600024418,15.8069141188045,54.6992276190794,-0.170334799999999,1.97393200956788,123.911572643075,59.18740082,13.717,,291.050601075038,41.6483649398667,49.5867335830147,22.888647826957,73215681066.67271,5033242.0,1.71726036071777,74.0,8643386.97249983,AFRICA,4.857831493413141,4.093469847971296,1.6279592973232466,0.9411273492218934,0.9367429029886092,1.004680522499072,0.944875668871284,0.9478906372907434,0.9968192866340818,7.285483534774421,1.217714365227072,,0.0,1.0
SLV,2016,24033351541.724,3810875912.22004,6200800.0,3875.84691357954,72.8190933731491,1.98198031581358,16.3164393340948,70.3990173339844,-0.757978737354279,6.3751,155.42,28.9971,7.3283,20.7,686.997805008996,28.3272714755679,60.3324813787362,24.8348278708617,74076656175.49664,2727017.0,2.20640015602112,2.0,6016890.734272246,LATAM,4.996227372865869,0.3225390272222939,0.2795533945018901,,,,,,,8.262519476250159,,,0.0,0.0
SLV,2017,24573529736.8617,3949555327.13838,6213533.0,3954.84014277572,74.3046511916519,2.01688451540263,16.1331092000982,71.0856704711914,-0.873291909694672,7.26258,152.539,33.8207,6.6321,25.0,674.665441622059,29.3256740475719,60.1160806255127,25.1714727339037,74322378693.86018,2752094.0,2.23934745788574,3.0,6162894.702762597,LATAM,5.001711251761224,0.48281710260491095,0.3939437262209852,1.0152366259240788,1.0023485618211794,1.0128578666082815,1.0308846861504133,1.0145352211703913,1.0161152265972204,8.282695460364838,0.2795533945018901,20.7,0.0,0.0
SLV,2018,25166352435.5773,4234362895.93657,6219807.0,4046.16291720583,75.6336168879956,1.58620478716365,16.1096582163919,71.7577209472656,-0.930314421653748,7.91447,151.669,43.8,7.1022,23.2,694.567755248769,29.9494969253266,60.111372226503,25.0755067570813,74840622655.10374,2814266.0,2.27278709411621,7.0,6396227.44421005,LATAM,4.9989620948582285,1.1254368503717238,0.7539773578939142,1.0107339389323038,1.0498726789376323,0.9627204890740342,1.0031621546029772,1.026844976143493,0.9769363223361515,8.305524283156728,0.3939437262209852,25.0,0.0,0.0
SLV,2019,25779775126.5993,4499100020.44211,6222318.0,4143.11437097867,76.0420130991468,2.59024369040438,16.0320209633966,72.4148941040039,-0.866013646125793,8.43878,167.089,50.4912,8.1068,19.4,734.799369844364,30.6138770514804,59.9656859790917,25.3481437171191,75597691542.79066,2908119.0,2.30672574043274,4.0,6708232.95354152,LATAM,4.988564073176132,0.6428472476012959,0.49643086309654033,1.0066829513294353,1.0284392868997845,0.978845289316073,0.9907901057086929,1.0030048068139192,0.9878218917574016,8.329203047532397,0.7539773578939142,23.2,0.0,0.0
SLV,2020,23744951345.511,4174765732.55788,6234673.0,3808.53195436409,66.4595069497083,1.55101998611342,19.6968523573714,73.0570220947266,-0.777085423469543,9.39905,159.575,54.6014,6.6535,23.7,669.906894097857,31.1858574816377,61.4622335450273,23.7247499015898,75992572698.209,2735955.0,2.34117126464844,8.0,6405339.227371223,LATAM,4.93455266859679,1.2831466862817023,0.825554617030573,0.9254254627984536,1.009938834517437,0.9163183265852283,0.9829413032550655,1.028038640513522,0.956132643773069,8.244999080053105,0.49643086309654033,19.4,0.0,0.0
SLV,2021,26571731219.3539,5230381838.92518,6255782.0,4247.54750394978,81.8450759800765,2.7560499827498,19.3467717333594,73.6838531494141,-0.866383194923401,9.80538,176.973,61.7527,7.532,21.9,722.144578885879,28.6065883877576,60.1847458642557,24.1049005031825,77423325902.22374,2765217.0,2.35296654701233,7.0,6506463.096229794,LATAM,5.030320606201631,1.1189648232627032,0.7509276785172719,1.098951881646892,1.0990941034176245,0.9998706009155264,1.0463261673926,1.0650975128522315,0.9823759371953057,8.354097037462306,0.825554617030573,23.7,0.0,0.0
SLV,2022,27356823619.6966,5390175650.92008,6280319.0,4355.96083888359,88.7011093776867,0.0823187568481088,18.8109426635356,74.1465021298679,-0.742217719554901,11.1497,183.249,65.5298,8.4658,,768.672020235867,29.793836814941,60.4550594726346,23.7319470400488,78942335258.03262,2860461.0,2.36482119560242,19.0,6764478.801994095,LATAM,5.027360353236357,3.025324032107286,1.3926054125015588,1.006835829791457,1.0151556729323796,0.9918043671894282,0.9935379511077302,0.9844603494342961,1.0092208910990172,8.379300493857157,0.7509276785172719,21.9,0.0,0.0
SLV,2023,28325024473.7907,5897252244.41724,6309624.0,4489.17787712717,81.7147723425988,1.89928827474734,19.0636599462278,74.6080675149903,-0.369357317686081,11.6272,179.706,67.6558,9.2365,,793.53801922306,29.5862475987305,60.761908362808,23.184509690748,80892470739.54822,2946700.0,2.37673568725586,14.0,7003527.049636842,LATAM,5.031025313281834,2.2188326911397573,1.169018775551102,1.009270560411064,0.9858665988106534,1.0237394812124128,1.000106725440566,1.0004281322641504,0.999678730722159,8.409424863108745,1.3926054125015588,,0.0,0.0
THA,2016,415081396923.293,101265616257.601,70859841.0,5857.78052935926,120.57522728913,0.843364340718618,16.8651827576018,47.8801095551247,-0.3279698,10.187716904417,168.88127084564,47.5049656215909,277.7638,22.4,1985.00530928348,25.8740486993818,55.9351576320684,35.586765405076,1339587973458.8218,37692651.0,2.68766045570374,584.0,101305047.56334202,ASIA,4.996685937767243,8.241621654217372,2.2237173739577982,,,,,,,8.675526061571343,,,1.0,0.0
THA,2017,432422173710.333,103133291994.103,71160187.0,6076.74307700082,120.891427433638,1.81550260101987,16.2984037874409,49.2311973571777,-0.3190283,11.5345396717409,170.783699598766,52.8919293439676,281.081,22.2,1988.13781529099,22.881037534554,56.5748278870276,35.018759526322,1375741866779.9836,37458253.0,2.6924512386322,651.0,100854519.68684831,ASIA,5.031189953348656,9.148373935554723,2.3173134892602385,1.019759656958911,1.0120420627883786,1.0076257642387598,1.0084466137812798,1.0126931865337203,0.9958066541684003,8.712224153308563,2.2237173739577982,22.4,1.0,0.0
THA,2018,450682801200.339,107191925634.563,71376079.0,6314.19948412043,120.841864730984,2.71279835138662,16.1739664282364,54.5843734741211,-0.2986525,12.8740610702362,175.266001933225,56.8174809301456,276.6537,23.7,1951.8556356188,24.511740416507,57.0556910705407,34.7424896675041,1414146699075.5474,37864550.0,2.69725036621094,797.0,102130171.35391246,ASIA,5.05474482097987,11.166205977775832,2.4986621063631023,1.0167021960305465,1.053215245991066,0.965331825474895,1.014887128427544,1.034111765357724,0.9814095172551007,8.75055626255621,2.3173134892602385,22.2,1.0,0.0
THA,2019,460212749509.626,109314718356.728,71522271.0,6434.53770518034,109.689514715166,1.01734877580041,16.1693520358071,55.9266166687012,-0.2002532,14.1338059581469,181.221874232713,66.6524194587528,286.4704,23.9,1989.81234226863,23.9611072205444,58.2775214465787,33.5939105133265,1452754082478.498,37613439.0,2.76140666007996,893.0,103866000.96311131,ASIA,5.055288021980489,12.485621436713048,2.6016240390829415,0.9956866330726077,1.015193015217543,0.9807855433867861,0.9956161614426289,1.0179711801278521,0.978039634990044,8.769435276762746,2.4986621063631023,23.7,1.0,0.0
THA,2020,432171696151.217,104130396195.086,71641484.0,6032.42244606793,97.6624419371158,-0.858310188764945,17.8015437445386,57.2358779907227,-0.2036855,16.021813562656,162.327737376294,77.84374066,275.6334,20.9,1884.35073727402,25.1774583777729,57.9907303787054,33.3031649062562,1484246774549.659,37679978.0,2.78379058837891,856.0,104893168.12672438,ASIA,4.97851938963904,11.948384542118083,2.560971034581757,0.9208992301295149,1.0064036889950447,0.915039601105883,0.9285871723962209,1.0066303147173288,0.9224709000115667,8.70490394139797,2.6016240390829415,23.9,1.0,0.0
THA,2021,438907447802.797,107363636574.692,71727332.0,6119.11018526099,117.131472183199,3.04112326260094,18.2403956099125,58.5087776184082,-0.2575207,17.3168855632327,168.485285358167,85.26956666,268.5767,19.0,1848.06336093307,23.8087317782197,56.262862670692,35.0417417475132,1517398072396.868,37751783.0,2.80635571479797,1168.0,105944931.96586286,ASIA,4.979768531649995,16.283890219142684,2.849774866460918,0.995239887971827,0.9903635760928812,1.0049237593108822,0.9980071442777171,0.9976664835478498,1.0003414575266234,8.71917197037036,2.560971034581757,20.9,1.0,0.0
THA,2022,450485133397.502,109785761535.575,71735329.0,6279.82250415973,132.813458288082,2.39157096115532,17.7158943302862,59.742374420166,-0.2682159,17.5125815621477,176.22279253783,87.97724503,284.314,,1867.46968312053,23.7248825508583,56.1571265202788,35.1269834648331,1551313930312.5994,39221052.0,2.82910394668579,1351.0,110960433.0063686,ASIA,4.9680029749495205,18.833119173399208,2.987353225845304,1.0007258422356282,1.0048700238861545,0.9958759028013399,0.9990696341974704,0.997996185286945,1.001075604222091,8.745096995393986,2.849774866460918,19.0,1.0,0.0
THA,2023,460615797952.808,111087389917.87,71702435.0,6423.99101164149,128.792359690165,1.9975474592024,16.5861964385762,60.9341926574707,-0.1956309,14.5089451983046,168.642808295144,89.53525238,275.0344,,1851.27231424167,23.4870743016258,58.5305101700382,32.9143397918669,1584835623714.8394,39912031.0,2.86166048049927,1589.0,114214681.80916175,ASIA,4.963970722764092,22.16103260649377,3.1424712374834938,0.9996698283053086,0.9890711061735344,1.0107158343476212,1.0026644910865594,1.016172531704173,0.9867069417877692,8.767794856441542,2.987353225845304,,1.0,0.0
TUN,2016,46290957182.3198,9733187515.0598,11528674.0,4015.28893802703,87.0926643641466,1.40344558640993,18.7192573165881,68.0623356528248,-0.1019524,5.55369160408213,123.883093580407,49.5999948415756,29.8618,12.4,955.176493865808,19.1640181719787,59.7022255944941,24.0076023041992,105964615785.78574,3417581.0,2.56798410415649,772.0,8776293.682667242,AFRICA,5.281065513992003,66.96346865216242,4.218970335115181,,,,,,,8.297864588430892,,,0.0,1.0
TUN,2017,47333713938.692,9781119180.31627,11650498.0,4062.80606534519,95.8091979825804,1.9233125677007,19.1245104718586,68.2877807617188,-0.0902866,6.8819804955977,123.034053994945,55.5001550633671,30.2963,11.8,973.953481456321,16.5337753021396,60.2679109708219,23.624101204276,110447504176.81271,3458104.0,2.61101174354553,694.0,9029150.154401772,AFRICA,5.270376762609654,59.56826909888315,4.103771143712863,0.9833783598139092,0.9707554149884865,1.0130032185559041,0.976632513977124,0.9656094759265097,1.0114156274616481,8.309629162962034,4.218970335115181,12.4,0.0,1.0
TUN,2018,48567689496.9783,9993752205.97532,11765514.0,4127.97005697994,103.871824260635,2.32248034984414,18.3880232419204,68.5485240272509,-0.0574128,8.6185014951323,125.532926143303,64.1908102327387,30.1881,11.9,973.074341333009,18.9546097979168,59.4591341366813,23.6862252235906,114918881173.9474,3499975.0,2.65475988388062,656.0,9291593.224585073,AFRICA,5.263598617506174,55.756170108675235,4.038764374833387,0.9883249995407928,1.025908197873711,0.9633659245429437,0.9807476330217708,1.0159569694577728,0.9653436735073597,8.32554105349651,4.103771143712863,11.8,0.0,1.0
TUN,2019,49320533876.2551,10051372186.5496,11875081.0,4153.27978615515,102.332614725789,1.94487649950903,18.816485090181,68.8206382576031,-0.0268576999999999,10.0541966829532,124.386924181822,66.6999983024144,30.2451,12.2,950.614263724593,16.9323513605894,59.9417090281883,23.2353115777678,119224309301.79964,3533409.0,2.69924139976501,605.0,9537523.855102286,AFRICA,5.249127065921924,50.94702090874159,3.950224370544655,0.980746343655535,1.001090967019737,0.9796775477609511,0.9747334353687973,0.9958164746405036,0.978828388755752,8.331653611011207,4.038764374833387,11.9,0.0,1.0
TUN,2020,44893953703.8732,7792464983.50502,11974057.0,3749.26841452928,84.3333297071767,1.46634304906862,21.6353520147345,69.1043166438476,-0.0116452999999999,11.1467984493476,124.041976750236,68.55639648,28.7185,12.9,896.515593998175,17.004974740635,60.1899882930928,21.5120069019708,121055558820.21468,4487046.0,2.74446797370911,750.0,12314554.043559568,AFRICA,4.983648512232248,62.63541254229874,4.153170116369468,0.854414990412026,0.9321122482586991,0.9166438827600203,0.8257046672296652,0.9093943071708953,0.9079721092585387,8.229316010473173,3.950224370544655,12.2,0.0,1.0
TUN,2021,47020147729.5282,8105040630.33715,12048622.0,3902.53322990199,93.6334140664079,1.16289301361367,20.8063272836741,69.3997523770568,-0.0151282999999999,12.4220429522978,129.846077003661,68.31552226,31.0178,11.6,964.474882954034,20.064818139673,59.5291634928382,23.3568690771039,123107821509.54108,5440683.0,2.76772165298462,777.0,15058296.146125322,AFRICA,4.8932920162601885,64.48870252548383,4.181877647237765,0.9884503779582411,0.9976982344494423,0.9907308080019762,0.9875386024395367,0.9839227612502085,1.0036749238169203,8.269381167382672,4.153170116369468,12.9,0.0,1.0
TUN,2022,48314277429.7123,8285549242.04771,12119334.0,3986.54558325666,116.095794384146,1.43159199894021,20.369250848904,69.707138648303,-0.236793299999999,13.9309222767522,131.875365428496,,30.3588,,956.041118887201,22.397309689228,61.0687406100635,25.9624438396638,125237979676.11172,3444619.0,2.79117250442505,791.0,9614525.841020111,AFRICA,5.206063738469744,65.26761289027928,4.193701284480779,1.0915093145785688,1.1064883547586797,0.986462541502863,1.1023485804871103,1.0917636337660825,1.009695273220005,8.29068036628246,4.181877647237765,11.6,0.0,1.0
TUN,2023,48403183212.3138,8446681223.12267,12200431.0,3967.33387634534,112.128858013354,1.46351333844229,19.4187952219205,70.0266686486584,-0.3148235,14.0829860846719,132.653682480562,,31.2092,,901.544846500177,18.874792802061,62.0931279377135,24.0937583898893,127422761915.4288,3423546.0,2.83977293968201,935.0,9722093.288556587,AFRICA,5.1946172542761655,76.63663685323904,4.352039440170927,0.985676628039087,0.9712169095826755,1.0148882482520045,0.9857013600008759,0.9788209616260417,1.0070292715875275,8.285849580407458,4.193701284480779,,0.0,1.0
TZA,2016,50669888784.2555,17527679861.6976,53824013.0,970.156127929688,35.4204704002636,1.73591210997565,9.06650633826612,31.7577303242916,-0.438044699999999,0.591695,74.3983656514054,13.5042328468919,14.1367,81.7,416.6573892094,20.4238282680824,39.4485885215938,24.8583993681558,125721635043.01566,22788892.0,1.67619585990906,10.0,38198646.422314696,AFRICA,4.355628127214398,0.18579068045335081,0.17040979296976758,,,,,,,6.877457015173844,,,0.0,1.0
TZA,2017,54078588995.422,20070867992.0755,55652890.0,1001.55895996094,33.1125919853124,1.76011643802415,8.50343167431648,32.2987013317296,-0.486800199999999,1.37184,71.7911684370749,14.46339989,14.1975,82.0,406.582586090679,18.6038900381073,37.961527710078,25.0421511861537,139506421282.94037,23603105.5,1.68991887569428,15.0,39887333.509453475,AFRICA,4.356202319420101,0.26952778193549337,0.23864500607870928,0.9618142850128346,0.992931771834411,0.9686610019900082,0.9906102049431814,0.9968274759885085,0.9937629417375743,6.909313025026465,0.17040979296976758,81.7,0.0,1.0
TZA,2018,57054358529.8858,21855710434.4169,57437145.0,1024.01525878906,32.6426099043737,1.70440979499363,8.11258642479634,32.8287423010834,-0.5520727,1.49944,75.7301934140355,15.49069977,14.9211,81.3,403.246305480236,19.7342269077772,37.2427988727653,27.0077655110967,154386810653.21027,24417319.0,1.70375418663025,4.0,41601109.47253635,AFRICA,4.3469515353988015,0.06964134446445762,0.06732340019509798,0.9533392588008311,1.0030541987245063,0.9504364370470777,0.9758179778809745,0.9961630647515172,0.979576549673002,6.931486706649624,0.23864500607870928,82.0,0.0,1.0
TZA,2019,60363511324.6004,23604167269.1863,59174891.0,1051.7666015625,33.0185892502311,1.99459353959393,7.78241227923226,33.3475258518752,-0.5728339,1.75692,80.5835569684446,16.59090042,17.0037,80.4,414.699802505225,22.0048939517856,36.83250438588,28.6718333565052,170271637389.73605,25231532.5,1.71559405326843,19.0,43287067.11184912,AFRICA,4.3432324354047935,0.3210821292429588,0.278451195631024,0.9592980262307143,0.9873267215991984,0.9716115296433127,0.9669541354647228,0.979210011620418,0.9874839145737349,6.958226507050118,0.06732340019509798,81.3,0.0,1.0
TZA,2020,61565931105.4141,24168594510.0418,60972798.0,1041.25964355469,27.9630151969884,1.42845965174632,7.69958423897104,33.8547246036273,-0.565190299999999,1.86248,84.0050558283384,19.48139954,16.677,80.8,404.414101040694,22.5094861470273,34.2374729758264,27.0844502877132,185926650030.29105,26045746.0,1.7261700630188,33.0,44959387.01419166,AFRICA,4.307532576515728,0.5412249573982155,0.4325775271231902,0.9340424738095259,1.0112265167028984,0.9236728451850423,0.9732021889602149,1.0250742547199456,0.9493967724573257,6.948186454955274,0.278451195631024,80.4,0.0,1.0
TZA,2021,64226431583.1539,26056896852.7172,62830412.0,1054.31726074219,29.9151840074048,1.68494347865961,8.00508198452759,34.3500111758619,-0.5650588,1.97842,86.0162814148027,22.87540054,18.9418,78.3,404.180640287945,20.59925012622,32.5519716058525,27.2961418878518,202687214381.49368,26045746.0,1.74082839488983,51.0,45341174.20288821,AFRICA,4.314133270385231,0.8117088266109094,0.5942705029926568,0.9569486446218909,0.9811833360956229,0.9753005472247745,0.9638346335423127,0.9788494821838124,0.9846607175926563,6.960648690204736,0.4325775271231902,80.8,0.0,1.0
TZA,2022,67159014151.451,28554822430.0848,64711821.0,1070.58532714844,35.0034517101994,1.89781100350604,8.30175218114757,34.8234736377147,-0.5495819,0.110774196881278,93.0159746238635,26.86059952,20.9124,,406.559197479309,21.8389520235848,30.6423919827317,27.6848111756783,221107676092.50378,26045746.0,1.75561130046844,80.0,45726206.00673067,AFRICA,4.322840132642529,1.2362501744464895,0.8048004338492805,0.9585462070751529,0.9930642723223616,0.9652408547872885,0.9696831245178873,0.9545292863955773,1.015875718365366,6.975960812605172,0.5942705029926568,78.3,0.0,1.0
TZA,2023,70563656177.7408,30189670922.3556,66617606.0,1092.86413574219,38.212034806339,2.08641570922927,8.75962998482192,35.4748019434954,-0.4944742,0.10501728326893,105.40028112088,28.43190002,21.5734,,400.79903628363,20.1699588964355,28.6974346292653,28.0339433523146,240241963210.23416,26045746.0,1.76666176319122,99.0,46014023.551990665,AFRICA,4.339164813437559,1.4860936311641102,0.9107126557598474,0.9678145705472517,0.985131003264388,0.9824222030778085,0.986305164872619,0.9793477742456685,1.0071041062326498,6.99655717646314,0.8048004338492805,,0.0,1.0
UGA,2016,33935615078.9833,8164938902.6538,38799152.0,874.648370639216,31.2093620232119,2.1425304891559,7.3519468435187,25.6953567134098,-0.6395096,0.237414982677972,58.8633638178484,5.9,6.0018,91.4,473.577742821637,31.6549779811788,44.4324164008995,26.1664603884593,76506836921.43242,14509026.666666666,2.27094388008118,8.0,32949185.314601306,AFRICA,4.224694700378976,0.20619007343253276,0.1874666923810324,,,,,,,6.773821943462781,,,0.0,1.0
UGA,2017,34998276801.8745,8326254199.2953,40177388.0,871.093880017151,36.8370529334101,2.61088918011351,8.00943502980076,26.4139260579546,-0.6572323,,62.0968142578109,7.417900085,6.2539,91.3,468.530429181479,27.8046403871258,43.4784994061797,26.0309948147929,81007749274.6561,14238514.0,2.32499027252197,13.0,33104406.545167886,AFRICA,4.232465909175982,0.3235650859134994,0.28032891859222187,0.9740126955797065,1.0055248364275056,0.968661001990008,0.982824719302899,0.988430516030845,0.9943285879613909,6.769749755220039,0.1874666923810324,91.4,0.0,1.0
UGA,2018,37204541496.6985,9139444138.63388,41565831.0,895.07512785438,36.6384055999567,3.20512810607337,8.63607272997988,27.1280475018884,-0.693584099999999,,58.8753608703264,9.326299667,6.8571,90.5,468.498653970229,27.5743901013937,43.3388930035876,26.2360116484378,86096805949.55717,15664892.5,2.38032293319702,22.0,37287502.863816,AFRICA,4.194928611275529,0.5292808893920585,0.42479761798316895,1.0002045383356901,1.0523634188975723,0.9504364370470778,0.9945750846654634,1.0178226198211444,0.9771595416500312,6.796907656488682,0.28032891859222187,91.3,0.0,1.0
UGA,2019,39600047064.28,10025451073.1375,42999637.0,920.939101515671,39.3610539647435,3.68569218154174,8.77456131212774,27.8369781799403,-0.728266,0.0752797052682096,59.0598078769828,11.72579956,7.0646,90.5,455.42686850579,32.5735656593236,42.9981110493193,26.6204366953482,91817416725.21681,17091271.0,2.43697237968445,21.0,41650955.36070183,AFRICA,4.1628797375646,0.4883762158271243,0.39768573767112214,0.9980716408114216,1.0272332206451098,0.9716115296433127,1.0051015035265232,1.0193499792272451,0.9860219983410178,6.82539391193632,0.42479761798316895,90.5,0.0,1.0
UGA,2020,40768765796.4748,10018099767.7894,44457152.0,917.0350317644,37.0006923916369,3.16881317773755,9.51141446504173,28.5399752271502,-0.690221499999999,0.077818750062982,62.2824129624858,7.4,7.1198,91.6,475.329485023229,33.4244237039788,42.8380040896187,26.4905245869762,97244645656.74536,17530424.0,2.49497008323669,34.0,43737883.42645447,AFRICA,4.140087196426149,0.7647813337210625,0.568026792467206,0.9720558844480911,1.0523811428637981,0.9236728451850424,0.9887254629473698,1.0466817091160452,0.9446285860697602,6.821145674105173,0.39768573767112214,90.5,0.0,1.0
UGA,2021,42210585952.7826,10478882289.3875,45910930.0,919.401675217265,41.7136307424781,4.06673785760736,9.93159612659213,29.2362957789022,-0.7277087,0.0838841644026815,65.6220730009172,10.0,8.1105,91.0,483.427100082329,32.2662841882816,41.8463858299692,27.149441688847,102861295663.2956,17969577.0,2.57095623016357,43.0,46198995.941553995,AFRICA,4.119605727818453,0.9365961438812065,0.660931867013515,0.9788305701204704,1.0036194206039775,0.9753005472247745,0.968974553495016,0.9921601948807861,0.9766311513953088,6.82372310544711,0.568026792467206,91.6,0.0,1.0
UGA,2022,44147216889.624,11243447391.1098,47312719.0,933.094056370423,34.5053019270937,6.48067616265599,9.78726680444974,29.9251969709665,-0.729024799999999,0.0850849430150062,70.1401117953081,9.636899948,7.9541,90.9,488.210616294079,31.8919228193081,41.6521408721143,26.7661486333726,108961678271.24062,17969577.0,2.62941098213196,53.0,47249403.10806587,AFRICA,4.129686119275041,1.1202061754261048,0.7515133365146809,0.9873250500932148,1.0228794659865417,0.9652408547872886,1.003319774279185,0.9893346557316509,1.0141358826020217,6.8385060064527,0.660931867013515,91.0,0.0,1.0
UGA,2023,46503341915.459,11659948119.4725,48656601.0,955.745797275462,33.3416963302219,6.13816501913594,9.56616058785446,30.6059359395495,-0.752792999999999,0.0912969650305002,76.2966796632588,9.286999702,8.1166,,497.390337772828,31.2148242708861,42.5125306078843,25.7532114394482,115173542477.15108,17969577.0,2.69167518615723,103.0,48368264.516641684,AFRICA,4.147062551480689,2.116876187056305,1.1368312781664005,0.9965564234927122,1.0082007663966903,0.9884503728899205,1.00326127162675,0.9937514461616492,1.0095696217618926,6.862491975261556,0.7515133365146809,90.9,0.0,1.0
URY,2016,58655009160.0858,11183457346.9999,3379283.0,17357.2349992841,48.4705583785623,-0.897082488190792,15.9448322857982,95.1585424955685,0.619055449962616,27.2743,151.415,66.4,6.8292,60.3,1550.98299580242,11.0080912489609,63.5189622671981,18.8673144534742,121589529597.10562,1645148.0,2.70901989936829,31.0,4456738.669405944,LATAM,5.910114891250366,9.173543618572342,2.3197905877742655,,,,,,,9.761764701294066,,,0.0,0.0
URY,2017,59675827116.7172,11289227594.1809,3388438.0,17611.6036701032,46.3780042035515,4.13270996152796,16.4943479737156,95.2288235732042,0.557142913341522,28.1333,150.44,70.3224,6.4073,60.8,1512.8381875657,10.9276038649673,65.35917582282,18.0319037217202,126799280711.43124,1643640.0,2.73129820823669,39.0,4489270.986986153,LATAM,5.907957373378769,11.509728081198476,2.5265065881273574,0.9826566322602753,1.0,0.9826566322602753,1.0089931348156207,1.0,1.0089931348156207,9.77631326322153,2.3197905877742655,60.3,0.0,0.0
URY,2018,59774159517.7554,10103892395.4649,3394534.0,17608.9441195037,47.7913104806475,2.64222389301977,16.8898046110751,95.2942581176758,0.570747196674347,28.7931,131.363,80.7268,6.871,60.8,1560.97897875852,10.8748352762654,64.7307517847279,18.3333886744675,130563209071.32458,1635723.0,2.75375962257385,38.0,4504387.951115365,LATAM,5.897180454999663,11.194467340730716,2.500982352217084,0.9770242318114928,1.0,0.9770242318114928,0.978995549244152,1.0,0.978995549244152,9.776162240550308,2.5265065881273574,60.8,0.0,0.0
URY,2019,60329073609.8215,9798904719.76854,3397206.0,17758.4384372986,49.7448341159636,2.35703341175475,17.2836793288606,95.3479309082031,0.603468060493469,29.8013,133.237,83.3515,7.1561,59.3,1540.78251179675,11.1840764177385,64.883275928797,17.5601694192064,133833953337.52689,1631690.0,2.77640581130981,48.0,4530233.598256104,LATAM,5.894042332891935,14.129257984355378,2.7166304839244924,0.9885341688466381,1.0,0.9885341688466381,0.9922679400019082,0.9999999999999998,0.9922679400019084,9.784616086852678,2.500982352217084,60.8,0.0,0.0
URY,2020,55890466349.1545,9602921268.97503,3398968.0,16443.3635000843,47.7318733182088,1.81750744846519,18.0526209986761,95.3997650146484,0.647405028343201,31.2948,133.902,85.471,6.9135,61.2,1531.60055590501,11.9353074773879,64.6189887676901,16.9555909661564,136745176939.62558,1553181.0,2.79923820495605,57.0,4347723.5944118425,LATAM,5.8368189808914686,16.769796008670866,2.8775001625661094,0.921527059262452,1.0,0.921527059262452,0.9436431552140834,1.0000000000000002,0.9436431552140832,9.707677240146536,2.7166304839244924,59.3,0.0,0.0
URY,2021,59156857853.7605,11410203654.4454,3396695.0,17416.0052208869,58.3150410230338,8.50404179273101,16.8274233316562,95.4497146606445,0.698062181472778,32.5451,138.113,87.6444,8.5518,57.8,1643.32575440656,11.1461992677525,63.3790070063297,17.7321588983411,141318121747.0897,1625939.0,2.8979823589325,80.0,4711942.538700351,LATAM,5.829813555479523,23.552305991559443,3.200805780239098,1.0167946608622507,1.0,1.0167946608622507,0.9865310954189644,1.0,0.9865310954189644,9.765144902689654,2.8775001625661094,61.2,0.0,0.0
URY,2022,61810768801.3209,12810668514.9725,3390913.0,18228.3558443761,61.0307951043821,12.4804063396028,16.3519256045241,95.4977416992188,0.767947494983673,33.4866,139.829,89.873,8.093,,1623.8204512773,11.789659192261,63.767241941677,17.7086542108617,147062884174.7077,1663110.0,3.00021004676819,66.0,4989679.330880644,LATAM,5.822525866010526,19.463784532366358,3.018656715674642,1.0028588605712538,0.9981822409392643,1.0046851360805507,1.0133946789401975,1.0,1.0133946789401975,9.810733674048398,3.200805780239098,57.8,0.0,0.0
URY,2023,62269484309.0206,12078618489.6872,3388081.0,18378.9833563662,52.910987066463,-6.72904061401343,16.9963640196447,95.5439605712891,0.717662572860718,32.4032,141.719,89.896,8.1908,,1771.52729208681,10.8548023885457,65.6523687606962,16.7520259965349,151788358455.65952,1702831.0,3.01220703125,72.0,5129279.511230469,LATAM,5.800914526397463,21.25096773070065,3.10238550118107,0.976380125496464,1.0018210693260032,0.9746053016766206,0.9834815977856698,1.0,0.9834815977856698,9.818963081886208,3.018656715674642,,0.0,0.0
VNM,2016,255264731908.124,79420361999.5088,94000117.0,2715.57887431272,145.409507973118,4.90089302916746,10.3983766667541,32.8476189285136,-0.2605867,9.679017739946,128.297962650408,53.0,223.8051,26.8,738.879533385899,27.4655146787653,42.8544900073075,34.1152288612372,777317079881.548,53302755.0,2.55311393737793,551.0,136088006.69114116,ASIA,4.509149020144571,5.861694831720262,1.9259544712410244,,,,,,,7.906760423016145,,,1.0,0.0
VNM,2017,272980590259.187,87759500009.4585,95176977.0,2868.13680013379,160.98008365887,5.01148721749681,10.1349272840895,33.3625963003742,-0.309361,11.8410316814328,126.097912313395,58.1400000036297,229.2539,28.3,757.479979941312,27.3673512418731,42.5807243141144,35.3903640729728,826210725896.9291,53703362.0,2.57066369056702,524.0,138053282.75477666,ASIA,4.545578359653986,5.505533129088561,1.8726530654222662,1.0126710051887347,0.9884302078603369,1.0245245411720794,1.0069348386232828,1.012272512768777,0.9947270383437612,7.961417899373379,1.9259544712410244,26.8,1.0,0.0
VNM,2018,293358610036.841,94990882810.2352,96237319.0,3048.28327602145,164.663936775893,4.99828319622328,9.74588913320742,33.9410227821412,-0.2854719,13.5025072757898,146.137840768403,69.8479286837965,282.0973,24.3,885.646841787765,26.284246279735,42.1709178908888,36.5424334086447,879891072412.3179,54249737.0,2.58606362342834,682.0,140293271.43625447,ASIA,4.585079607636926,7.086647956184232,2.0902143011003815,1.0090878758363249,1.0617100065854712,0.9504364370470779,0.9856366596084668,0.9939112000710187,0.9916747688707395,8.022333850815286,1.8726530654222662,28.3,1.0,0.0
VNM,2019,314947640805.601,102285258075.639,97173776.0,3241.07648966529,164.704215031408,4.821074861051,9.5788363682709,34.6239134999511,-0.2953357,15.2328957557438,140.192561828615,68.6615802057338,336.5288,20.4,987.27147244039,27.225760121213,42.4687227777403,36.8031368977554,938181776867.341,54574308.0,2.60155558586121,1064.0,141978095.8219101,ASIA,4.625879719810229,10.949456157801256,2.480685767534491,1.011151750246812,1.0405017124971112,0.9717924902018066,0.988281797517905,0.9947520254836572,0.9934956373045772,8.083660803500296,2.0902143011003815,24.3,1.0,0.0
VNM,2020,323972192107.065,106478953656.739,98079191.0,3303.16949807493,163.245862814935,4.55836196782424,9.47881328344632,35.5706676299742,-0.3016754,17.0262915402718,141.655558720912,70.30000012,348.3315,18.9,991.281232485165,25.2817623512854,41.8311604395691,36.7437132938801,997751641680.7129,53326092.0,2.63281893730164,1425.0,140397944.8698895,ASIA,4.639859525385004,14.529075795496723,2.7427141244751807,0.9876945872068962,1.072957262287689,0.9205348823502985,0.9602631561844458,1.04423593266781,0.9195844790852669,8.102637740475883,2.480685767534491,20.4,1.0,0.0
VNM,2021,332245562394.77,109460856010.31,98935098.0,3358.21734764714,186.675832836814,4.27314566190187,9.58508554643739,36.6540656426603,-0.310641599999999,19.5362327330994,136.806313165021,74.20999985,336.1703,24.2,962.199524881189,25.2349538086608,41.2574400803721,37.3915192469302,1057324915606.9873,53435443.0,2.66445779800415,1724.0,142376482.79115626,ASIA,4.635682562487274,17.425565192243507,2.913739112896294,0.9789389265699163,0.9957519283160913,0.9831152707134524,0.9789761193219196,0.9978550961682598,0.9810804425223311,8.119165560869616,2.7427141244751807,18.9,1.0,0.0
VNM,2022,360611028653.678,115882048952.64,99680655.0,3617.66311280437,183.153619147836,4.32947308910883,8.81892224803344,37.5478515625,-0.3368491,21.3681380805533,137.852422819653,78.58999918,343.9999,,1023.0571362687,25.5235044035632,41.1356424803034,38.482361279715,1120340718779.2778,55018096.0,2.69647669792175,1732.0,148355013.82802182,ASIA,4.670609686641452,17.37548775135958,2.9110175890382846,1.0280092604101252,1.0546013042671867,0.9747847421111057,1.0227947289488861,1.044497396904377,0.9792219032619784,8.193583547414308,2.913739112896294,24.2,1.0,0.0
VNM,2023,378564624231.768,121273136593.738,100352192.0,3772.36029116103,164.995585455876,4.26458856546888,8.81255291297319,38.1298904418945,-0.340198899999999,22.6806675035061,130.991428667547,78.08,390.7253,,1018.06940422163,24.7845479100313,42.280320467255,37.5932883534337,1185596819434.0518,54956134.0,2.74444723129272,1997.0,150824209.79885173,ASIA,4.688652436889637,19.899914094552116,3.0397450486538067,0.9980278415711167,1.0007618619690613,0.9972680609625099,0.9981687012156139,1.000708234684183,0.9974622638441958,8.235456156466793,2.9110175890382846,,1.0,0.0
ZAF,2016,349013858372.625,61232507956.4259,57259551.0,6095.295060428,55.8612575048782,0.684612553455795,19.3075616545523,63.2750973439347,0.0701133,2.00974331775672,143.92861725374,54.0,460.1959,7.8,2311.76901865151,26.1436457596968,63.913401523834,23.7825372977493,1118109552139.5254,15967578.0,2.59450531005859,351.0,41427965.90977472,AFRICA,5.467792935548681,6.129981703838369,1.9643086683413369,,,,,,,8.715272450986127,,,0.0,1.0
ZAF,2017,353055253707.071,59987567553.1539,57635162.0,6125.6920507497,53.5359318293741,0.539673956759456,19.2360771279531,63.3311078299936,0.0143383,1.94879126044618,153.547950468153,56.16740036,469.5833,7.9,2283.45815447669,28.757630595136,64.3304256202533,23.6105564955695,1122191642085.703,16363797.0,2.58812355995178,323.0,42351528.54596826,AFRICA,5.463698961827543,5.604217786357571,1.8877085034604524,1.0061723663850184,1.026952072106897,0.9797656518874859,,,,8.72024701690778,1.9643086683413369,7.8,0.0,1.0
ZAF,2018,358551560868.533,59259014218.8272,58613001.0,6117.2701406047,54.4855451276341,1.3742911715346,19.352226142463,63.3771545246841,-0.0683312,1.88868165955195,157.691905248121,62.40000153,473.4182,8.0,2184.87777550689,27.7734234336948,64.2531759654529,23.5370608392744,1125341074200.2449,16609765.0,2.67671513557434,403.0,44459609.373832926,AFRICA,5.446591169308213,6.87560768301217,2.0637703478313303,1.00781594629912,1.0345432769921583,0.9741650917004211,,,,8.718871220537295,1.8877085034604524,7.9,0.0,1.0
ZAF,2019,359483563936.676,58225808402.6759,59587885.0,6032.82972598668,53.8979964081406,1.31407752293306,19.5800800398681,63.4127255007908,-0.0749162,2.09833928490665,162.73854828041,69.69689941,477.5446,8.7,2231.91074710296,28.8697691230442,64.3473048295753,23.6220152843652,1127299828892.9084,16570981.0,2.76833891868591,505.0,45874091.62310476,AFRICA,5.428220877850142,8.47487706603448,2.248643776323315,0.9978762157395137,1.0127406364620497,0.9853225789630956,,,,8.704971454270988,2.0637703478313303,8.0,0.0,1.0
ZAF,2020,337307318679.639,49624461315.8493,60562381.0,5569.58483319272,50.7596590804177,0.933073684352391,20.6203398698938,63.4373088310982,-0.0613794,2.15159473337087,158.447269436121,72.1128006,450.8617,9.8,2037.46194166103,28.3262173044747,64.6102537818073,23.3394384079582,1120559298764.1123,15253870.0,2.64752745628357,727.0,40385039.63958026,AFRICA,5.4494826294829135,12.004151554081071,2.5652686567940073,0.9550089875762905,1.047152812340958,0.912005369532766,,,,8.625075793912258,2.248643776323315,8.7,0.0,1.0
ZAF,2021,353695896167.047,49459730995.161,61502603.0,5750.90937479584,56.1647136277546,9.68098022663018,19.1219841764515,63.4503925883909,0.1210745,2.75540858002384,163.12806305125,74.96859741,448.5635,9.7,2124.62297436572,27.7225927797214,62.7445288151422,24.9006017482132,1113991064821.0676,14883567.0,2.80493950843811,831.0,41747505.10478567,AFRICA,5.477416085522169,13.511623239751332,2.674949931056114,1.0512167415844038,1.0320597153446711,1.0185619358598208,,,,8.657113273425072,2.5652686567940073,9.8,0.0,1.0
ZAF,2022,360975440918.611,52367222913.2518,62378410.0,5786.86505344736,64.94713440234,2.26670277731613,18.775567058988,63.4766699210327,0.0341024,3.12297476001713,160.728511675754,78.29319763,429.3281,,1938.30644693274,28.5062817047988,62.2719610043357,24.9820287872223,1110658734493.2659,15736073.0,2.85314345359802,846.0,44897273.66529055,AFRICA,5.451557758896687,13.562384805896784,2.6784418209699483,1.0176312469991344,1.0142465901238142,1.0033371143746286,,,,8.663345982388412,2.674949931056114,9.7,0.0,1.0
ZAF,2023,363885280375.697,53953459637.5101,63212384.0,5756.55049453121,65.6798759740707,1.0127377916456,19.1795974311491,63.5823705163545,0.039525,3.4056617766544,171.508619260428,78.33670044,427.2669,,1938.50916018053,27.7247110277789,62.7205686343674,24.5639655120651,1109079257406.1125,16737448.0,2.90350246429443,1113.0,48597221.51399988,AFRICA,5.408611544004014,17.60730935254712,2.923554479467726,1.0014272989020698,1.0188541012194252,0.9828956841843224,,,,8.658093701816968,2.6784418209699483,,0.0,1.0
