Country,Year,GDP,GFCF,POP,GDP_PC,TRADE,FDI,GOV_CONS,URBAN,RULE_OF_LAW,BROADBAND,MOBILE,INTERNET,CO2,RENEWABLES,ENERGY_USE,PM25,SERVICES_VA,INDUSTRY_VA,CAPITAL,LABOR,HC_index,AI_PUBS,EFFECTIVE_LABOR,REGION,LN_TFP_SOLOW,AI_PUBS_PM,LN_AI
ARG,2008,533491913656.279,87936280775.266,40424148.0,13197.3570267029,40.4026733790382,2.68990096507093,13.6335132595631,90.6521912139817,-0.699731647968292,7.70515,115.052,28.1126,179.2241,7.7,1889.40923801554,15.8984989433497,50.2551922042782,26.2724599395946,1098723028227.1156,10279805.0,2.81347823143005,,28922007.590845786,LATAM,6.1318266505804875,,
ARG,2009,501917060966.235,68086553749.1582,40854831.0,12285.3784651865,34.0571269054879,1.20643922647566,15.903896746884,90.8209023233265,-0.694468080997467,8.59391,128.462,34.0,164.8204,8.6,1722.74402909882,15.346371309888,53.3060010032753,25.2842047993735,1111873430564.918,10401878.0,2.82176613807678,,29351667.11280582,LATAM,6.057068169011064,,
ARG,2010,552738161802.463,85962395051.7292,41288694.0,13387.1553748458,34.9710132635696,2.67516171886535,15.1637178886417,90.9930051940977,-0.59809422492981,9.75627,138.252,45.0,177.3162,8.8,1826.05112368849,14.5390685061033,51.4951802052167,25.2587762576722,1142242154088.4011,10531926.0,2.83007836341858,,29806175.897725593,LATAM,6.134098238872307,,
ARG,2011,585924294024.785,100900907666.981,41730660.0,14040.6189124444,35.2061549999644,2.04465997872008,15.6889565165983,91.1072286738406,-0.563123285770416,10.956,145.511,51.0,184.8342,8.8,1865.25736115683,15.7163051408834,51.8119007511102,25.2126976058843,1186030954050.962,10765734.0,2.8585422039032,,30774304.994995613,LATAM,6.158460776469861,,
ARG,2012,579910247223.428,93761965457.9418,42161721.0,13754.4254235596,30.5265423717108,2.80667189982932,16.6454378106252,91.2041217246797,-0.623034238815308,12.2115,152.574,55.8,188.8365,8.6,1897.60983922809,14.0989689010505,53.6581179163924,24.4290570649122,1220491371806.3557,10843566.0,2.88729238510132,,31308545.53914358,LATAM,6.126931987135741,,
ARG,2013,593858966307.156,95955516955.605,42582455.0,13946.0950832252,29.3339290021037,1.77920553648531,16.8062377968797,91.3014507719473,-0.656328618526459,14.6798,158.191,59.9,193.179,8.9,1928.54922885127,14.5961380999521,53.9190936666216,24.0058814423072,1255422320171.6428,10942848.0,2.91633176803589,,31912975.255188003,LATAM,6.1283949965941655,,
ARG,2014,578937574935.696,89473196447.266,43024071.0,13456.1319159151,28.4067936452275,0.962406650325519,16.9498757371062,91.3975345472954,-0.866627335548401,15.153,142.325,64.7,190.0264,9.8,1911.61727736839,13.534008457628,52.9405434663365,24.2773944936602,1282124400610.3267,11047223.0,2.9456627368927,,32541393.137243986,LATAM,6.082906409530768,,
ARG,2015,594749285413.212,92571210122.056,43477012.0,13679.6264980954,22.4862260889792,1.97713461784426,18.098379759087,91.4923019108628,-0.74863588809967,15.7689,142.241,68.0431,196.1938,9.4,1919.75859208058,13.8006524258903,55.8149012843362,23.153056135905,1310589390701.8662,11220887.666666666,2.97528910636902,,33385384.838423822,LATAM,6.085522752033189,,
ARG,2016,582376550428.09,87222011290.2295,43900313.0,13265.8860639123,26.0938878488799,0.584748941173009,17.6545781863509,91.5856817228217,-0.320159524679184,16.5185,145.147,70.969,194.1404,9.4,1889.87018853289,14.1434158723716,56.1222358547004,22.0541072112108,1332281932457.0024,11394552.333333334,3.00521349906921,216.0,34243062.4879839,LATAM,6.042266599412475,4.92023826800506,1.778376696059814
ARG,2017,598790850843.677,98892817130.2083,44288894.0,13520.1129846159,25.2896011376779,1.78936504083806,17.6968939223042,91.6776028433824,-0.237312033772469,17.7082,139.758,74.2949,191.3736,10.4,1874.82963739464,13.2987334804339,57.3499373815692,21.782123219335,1364560652964.3606,11568217.0,3.03543877601624,226.0,35114614.45117026,LATAM,6.045346261703131,5.102859421145175,1.808757418911543
ARG,2018,583118120294.002,93210783977.9137,44654882.0,13058.3285449954,30.7625359549926,2.23253157689253,15.8050971558947,91.7679941327998,-0.219330430030823,18.9759,131.224,77.7,189.8171,10.5,1806.77623499039,13.5371363799976,56.3697502721818,23.7195923321304,1389543404294.0562,11744699.0,3.06596803665161,279.0,36008871.73409413,LATAM,5.996127560410553,6.247917081048383,1.9807141284225316
ARG,2019,571450737224.442,78342216931.0375,44973465.0,12706.3978108968,32.6306150458499,1.48500687570697,16.4432415862976,91.8567844513802,-0.427360445261002,19.5519,125.303,79.947,183.2687,10.7,1777.41507710553,14.7246348007331,55.4388171093669,23.1578477391434,1398408451010.3909,12041135.0,3.09680438041687,251.0,37289039.61319089,LATAM,5.950983059339391,5.5810687479828385,1.8841971558535224
ARG,2020,514874343768.066,68106055855.5898,45191965.0,11393.0505957877,30.203698807416,1.26616924308721,16.8730073837365,91.9439026594897,-0.486265957355499,21.1798,121.181,85.5144,168.1154,9.8,1623.92450833523,16.0292286761716,54.8578674557962,22.4088763711802,1396594084315.4612,10936539.0,3.12795066833496,337.0,34208954.47432136,LATAM,5.903219861682105,7.457077823458218,2.1350037030112885
ARG,2021,568636554720.066,91273371142.4809,45312281.0,12549.2811699342,33.078689567466,1.36838083162438,15.9158179423023,92.0292776175651,-0.477947890758514,23.15,130.353,87.1507,185.676,9.2,1741.51377200597,13.9190749120157,52.8340319497207,23.4994644263761,1418037751242.169,12241621.0,3.13874697685242,316.0,38423350.9055231,LATAM,5.921689660784329,6.973826808674673,2.076164529219237
ARG,2022,602872713790.916,100814337082.887,45407904.0,13276.8232110189,31.5801792606256,2.3984601182853,15.7026090548718,92.112838186126,-0.482351809740067,24.6832,131.484,88.3754,195.0411,,1808.76021335553,15.8656062718096,53.5341356683759,24.1118636272911,1447950200762.9475,12881228.0,3.14963102340698,231.0,40571115.32837865,LATAM,5.937493914934281,5.0872200575476905,1.806191500911495
ARG,2023,591684674129.454,98847542616.3413,45538401.0,12993.0928872416,26.6769512482215,3.81190879856952,16.3015627890885,92.1945132257907,-0.410826534032822,25.3581,137.706,89.229,189.8908,,1763.50879742948,14.3465949932455,53.1990739500308,25.1722105252735,1474400233341.1414,13293498.0,3.16060328483582,290.0,42015473.4457584,LATAM,5.889687803872263,6.368251709145431,1.997180460848503
BGD,2008,129513195397.247,32192100690.5257,149474264.0,866.45815762135,42.6209140325589,1.4496579161576,5.17827687820651,26.87206041368,-0.829873299999999,0.0334505744748139,29.8646728911139,2.5,51.3301,45.2,180.593953454978,65.2040972325802,52.932121684056,24.7270013036793,262322255476.12366,54083527.0,1.81974923610687,,98418456.94421527,ASIA,4.4214744644303945,,
BGD,2009,136047297736.462,34570499655.1297,150873714.0,901.729626251937,40.092796223023,0.879517142536145,5.09374516609514,27.3111249057412,-0.8215673,0.209909991345477,34.0412611569965,3.099999905,55.1298,43.1,187.6926023298,70.6456661196446,53.3233235281853,25.2955721814431,283776642357.44714,54083527.0,1.84639751911163,,99859690.07760686,ASIA,4.433729957758176,,
BGD,2010,143627564998.204,37531332235.834,152201981.0,943.66422864236,37.8028426708321,1.06896766308322,5.07532583559895,27.7254372588696,-0.8477644,0.272380817434958,44.6274657883724,3.700000048,60.7693,40.3,195.623071252394,67.4916421858428,53.4982962820487,24.9564767264585,307119142475.40875,54083527.0,1.87343597412109,,101322025.08914927,ASIA,4.45083453305665,,
BGD,2011,152912195327.661,41119683067.414,153591076.0,995.579947155662,47.4208498356898,0.983399364184761,5.0974466876342,28.1100162712427,-0.6998395,0.30503074280175,54.9307304807214,4.5,65.3074,38.4,200.332283493272,69.2015582728483,53.045792114203,25.0452996007551,332882868419.0523,41339940.0,1.89753115177155,,78443823.96236677,ASIA,4.651629274989238,,
BGD,2012,162884301114.117,45465099966.502,155070101.0,1050.39140404066,48.1109227490467,1.18850391920183,5.03934251857421,28.4787972894576,-0.9887756,0.387219068103915,62.6684314857059,5.0,69.872,37.3,208.079815841876,73.0293458531385,53.1515772385279,25.3099593902625,361703824964.6017,49706438.0,1.92193627357483,,95532606.22239833,ASIA,4.557638120985054,,
BGD,2013,172679520662.469,47904139719.4337,156532141.0,1103.15695907123,46.2964027228174,1.73532012481503,5.11613164192944,28.8407036106763,-0.9749211,0.974448436120221,74.4595169116099,6.63,72.0796,37.0,216.73767037563,65.4784823754338,53.3901814188466,26.3070701636507,391522773435.8053,58072936.0,1.9466552734375,,113047987.10839844,ASIA,4.478884981339425,,
BGD,2014,183145728910.398,52625117277.0386,157964929.0,1159.40753475981,44.5140801968096,1.46870305074204,5.33752075651661,29.1944442321013,-0.851857499999999,1.95813780918421,80.3128212085608,9.052900314,76.6542,35.4,223.001864414998,68.7428624015006,53.6357543166708,26.3110467833576,424571752041.0536,58558563.666666664,1.9716922044754,,115459463.48684305,ASIA,4.49564706671922,,
BGD,2015,195146608978.131,56371394511.5866,159383179.0,1224.38647668165,42.0859963070382,1.4507824552936,5.40424038147983,29.5395099477892,-0.856926099999999,3.06992245398744,82.4275967039157,12.36880016,85.4452,33.1,237.200804521803,65.5167318093513,53.7138319423318,26.8313948329541,459714558950.5875,59044191.333333336,1.99705111980438,,117914268.42017742,ASIA,4.517607443786897,,
BGD,2016,209028320490.615,61393731835.153,160811932.0,1299.83091360792,31.3341501346142,0.879528340271998,5.86529831496558,29.8753915517965,-0.9068902,4.09944456111627,84.5595499717024,16.89909935,93.9921,30.2,256.237827701744,64.2366339904364,51.2078039865767,31.0691513830358,498122562838.2111,59529819.0,2.02273631095886,310.0,120413126.47610866,ASIA,4.54461096592855,1.9277176521951118,1.0742231611881363
BGD,2017,222803809377.443,66525986070.1388,162186147.0,1373.75363740186,29.9997306724343,0.616341784631384,6.02233215987973,30.2015798381799,-0.924304999999999,4.5013092271068,93.0689844922452,21.5,101.0415,28.1,264.090549017021,63.8347510665769,51.383900544644,31.2482919641603,539742420766.43933,60827611.0,2.04875159263611,469.0,124620664.91249977,ASIA,4.558021939773354,2.891738959678227,1.3588560910770264
BGD,2018,239111739541.452,74597518248.3962,163523103.0,1462.25050255713,32.5146317240884,0.75354913412869,5.95916693091491,30.5175656009959,-0.9096266,4.92461851093909,98.9289060885788,25.56509972,105.1823,27.0,261.271156644512,79.2984145312804,50.890160724185,31.9828135899766,587352817976.5135,62754293.4,2.07510161399841,655.0,130221535.51966977,ASIA,4.570498783602588,4.005550212681569,1.6105473393287482
BGD,2019,257958323968.613,79730036553.6332,164913055.0,1564.20802445636,31.5780544912404,0.543244141585063,6.2381894055709,30.8228396343012,-0.9419472,4.90288655437254,100.399571155843,30.38310051,109.3222,26.1,277.950296654643,66.7938254643287,50.8492887427224,32.8525491977868,637715213631.321,64680975.8,2.10179042816162,1113.0,135945855.8205934,ASIA,4.589609987806682,6.7490108651495175,2.0475652049165274
BGD,2020,266852772253.895,82876081503.6354,166298024.0,1604.6659234742,26.271447376215,0.407859894856915,5.97120729189186,31.1168927321524,-0.8969166,6.04506220711318,106.002140470412,36.10910034,104.1229,27.2,278.638664578008,72.109680405827,51.5113093348259,32.9115650824449,688705534453.3904,66607658.2,2.12882280349731,1349.0,141795901.6637146,ASIA,4.569200530919764,8.111942448576539,2.2095859101214823
BGD,2021,285368829855.224,89581402225.3307,167658854.0,1702.08028414189,27.7240047036631,0.414118154040593,5.88274868783073,31.3992156886061,-0.974914899999999,6.64246518111116,110.012054001037,38.91744466,117.7683,25.0,298.53034978646,73.1105267513781,51.3015069352743,33.3160943869001,743851659956.0515,68534340.6,2.07164478302002,2012.0,141978809.16170713,ASIA,4.608488263275465,12.000559183113587,2.564992370622118
BGD,2022,305629528154.311,100020656738.973,169384897.0,1804.3493461776,33.7799672705735,0.347960024540439,5.69899955596024,31.673734726234,-0.973641299999999,7.17020479104462,109.8665408168,41.61650085,120.8657,,308.276302614701,63.2199514017555,51.0380826788136,33.9200804971876,806679733697.2219,70461023.0,2.1118311882019,1879.0,148801785.9240114,ASIA,4.618190421374324,11.093078741252828,2.4926332840903687
BGD,2023,323279976841.364,102232069046.377,171466990.0,1885.37733613545,30.9829714104596,0.335721505298968,5.66516962733289,32.1578465036834,-0.9020256,7.89245848428319,111.280894357567,44.50274195,118.9891,,287.753137358845,69.2525518340174,51.1119129405073,34.5942721606063,868577816058.7378,70981962.0,2.15412998199463,2562.0,152904372.5250035,ASIA,4.630781406131874,14.941651451395979,2.768935272223626
BOL,2008,23477060537.7352,3900374018.97411,9850858.0,2383.2503257823,82.8670208961798,3.07261074755318,13.2773746897522,65.5448299960338,-0.978549301624298,0.805148,51.1488,12.5,12.8434,21.3,572.268566916802,30.3483264008865,40.496023654551,29.7366397824222,29168954655.48025,4577392.0,2.67628622055054,,12250411.135658279,LATAM,4.836864322944308,,
BOL,2009,24265185360.0464,4013055962.64754,10016275.0,2422.57579390007,68.6270739127592,2.43967814560444,14.7087648409415,65.9781896386949,-1.11391890048981,0.959778,64.5389,16.8,13.6594,20.6,586.29382437989,27.2772664230114,43.5085261772037,29.2286844945559,31723562885.35378,4725200.0,2.69742035865784,,12745850.678730026,LATAM,4.814728895356771,,
BOL,2010,25266542246.0612,4312581603.36567,10182345.0,2481.40700850945,75.5116262512877,3.16542867647895,13.831218450538,66.4075665659133,-1.02979016304016,0.942298,70.5073,22.4,14.7927,19.9,625.50781114153,38.1987404488372,43.5524305510023,30.1439417460822,34449966344.45176,4760523.0,2.71872138977051,,12942535.706594478,LATAM,4.816356705201011,,
BOL,2011,26581436461.7176,5335265746.6618,10348929.0,2568.5205166368,82.4803954243518,3.58442251378885,13.7771015326236,66.833715633176,-0.984035789966583,0.710624,80.7163,30.0,16.0948,18.1,660.409165317164,30.2808785160905,41.013191725216,30.3691066361261,38062733773.89097,4795846.0,2.7451503276825,,13165318.218414808,LATAM,4.821090658832347,,
BOL,2012,27943010890.6533,5470015819.68111,10515807.0,2657.23884915853,84.9487611684942,3.9135501461408,13.4396269650146,67.2581444827699,-1.01876401901245,1.10983,90.2756,35.34,17.0414,17.4,703.774758318729,26.3774150753894,40.4434919386356,29.3342196293346,41629612904.87753,4693304.0,2.77183604240418,,13009069.185159707,LATAM,4.847453541637874,,
BOL,2013,29842021104.1397,6111485751.19452,10682608.0,2793.51457098676,81.2309075267174,5.7066221190291,13.8415143362661,67.6697055519889,-1.05095064640045,1.44251,97.5951,36.99,18.1017,16.0,699.381562017113,25.1627814896826,40.2117817540524,28.5181929044884,45659618010.82817,4945704.0,2.7987813949585,,13841944.340171834,LATAM,4.840526211696915,,
BOL,2014,31471565408.6312,6717016603.76413,10848888.0,2900.90241586338,85.2644695625131,1.98982485629696,14.7070466402409,68.037425413,-1.05833506584167,1.59263,96.3264,34.6016,19.463,15.0,757.580156073069,26.2919232240248,41.4653506578459,27.6254998805738,50093653714.05089,5082334.0,2.82598876953125,,14362618.807006836,LATAM,4.83725357451147,,
BOL,2015,33000198248.9146,7052492040.52098,11014705.0,2996.01289811344,67.9328451905248,1.68072787961335,17.4952582258727,68.3958051297665,-1.16211700439453,1.64281,92.266,37.4868,19.9523,14.2,748.898977219603,27.1504403241606,45.97640028474,25.2024162838659,54641463068.86932,4898788.0,2.85346055030823,,13978498.302323354,LATAM,4.871888749581794,,
BOL,2016,34407300587.1524,7293345003.48168,11180020.0,3077.57057564766,56.4010345026573,0.988080149462259,17.4582521973373,68.7446327876947,-1.23873949050903,2.57235,90.3953,39.6975,21.3607,13.6,779.010093756017,28.6713882052018,49.8023324477813,25.3263589797711,59202734918.90754,4851473.0,2.88119912147522,2.0,13978059.74546075,LATAM,4.8856031804575295,0.17889055654641045,0.164573789889774
BOL,2017,35850757840.6068,8151861191.7661,11344587.0,3160.16421228968,45.5761123650708,1.55130384811576,15.1955405478657,69.0838016274736,-1.24510812759399,3.34958,96.6384,43.8323,21.7833,14.3,800.932396505253,27.7238355089629,51.5106326361384,30.1846229804293,64394459364.72826,5038909.0,2.90920758247376,3.0,14659232.270195272,LATAM,4.8663502672786745,0.26444329793583493,0.23463194463242562
BOL,2018,36878987707.3734,8509563007.6485,11508368.0,3204.53670819124,46.9261953417368,0.624547731622922,16.0782526056378,69.4133879813999,-1.21190083026886,4.38026,99.4566,44.2861,21.9655,14.3,803.167323356965,26.4642569469127,52.3312287295658,30.385489117214,69684299404.14035,5365984.0,2.93748831748962,5.0,15762515.31183622,LATAM,4.819829082645279,0.4344664682255555,0.360792980931191
BOL,2019,37434651169.5829,8900456332.53374,11671386.0,3207.3869521223,45.8209732749024,-0.44160551411852,16.115250287981,69.7334986708387,-1.18941926956177,6.39917,100.149,47.4748,21.9997,13.5,795.587766798846,28.9239915164101,53.345193618041,30.4627271604529,75100540766.46707,5622105.0,2.96604371070862,3.0,16675409.176193485,LATAM,4.771990158532434,0.2570388812434102,0.228758860906511
BOL,2020,32673162315.3388,5318612175.28535,11816299.0,2765.0927177231,37.5164342446486,-2.66931283946252,18.606656345504,70.0442635528254,-1.21863114833832,7.88672,99.8988,59.9401,18.5659,16.9,657.789938372448,31.3573420977687,55.7778796225764,27.2757447830119,76664125903.42906,5437862.0,2.99487709999084,5.0,16285728.376710389,LATAM,4.644105133226878,0.4231443364796371,0.35286874508103006
BOL,2021,35949969735.497,6370628388.4377,11937360.0,3011.55110807557,47.6670843158984,1.21888494970059,16.9868563354909,70.3450412826165,-1.17760181427002,9.44574,100.809,65.9774,21.8696,12.8,757.897180576978,28.1172356323428,52.5597373914027,30.8437936181153,79201547996.6953,6149056.0,3.02450704574585,8.0,18597863.196685795,LATAM,4.641990278296726,0.6701649275886796,0.5129223805874488
BOL,2022,37297165304.9227,6626840558.66727,12077154.0,3088.24126155241,57.5249335789631,0.0122391923945909,16.3831026050567,70.6352598708131,-1.30140423774719,10.9975,101.572,67.3612,23.3823,,799.661765658889,30.5651114620926,52.8583667608579,32.0192722610323,81868311155.5278,6409114.0,3.05485272407532,8.0,19578899.361809272,LATAM,4.633774984680926,0.662407716255005,0.5082669829876436
BOL,2023,38235698454.9001,6824095914.39533,12244159.0,3122.77049447823,49.6083255594597,0.458812480265399,16.8530546961722,70.9151414044538,-1.21933794021606,,,70.2368,24.4241,,847.306714580511,28.1374394437756,53.7978016916653,29.7722060416097,84598991512.14673,6580994.0,3.08593535423279,16.0,20308522.050593864,LATAM,4.623361311820586,1.3067455265812866,0.8358376682013353
BRA,2008,1585904997750.07,296770834353.685,190367302.0,8330.76364001877,27.2575694165953,2.99060892561747,18.8393928715842,83.8036050557184,-0.288044780492783,5.26189,79.132,33.83,412.7913,47.0,1317.23578420454,15.4639103946941,56.8048617741342,23.0852937521799,2899539690886.3174,89200229.0,2.38448834419251,,212696906.34980273,LATAM,5.584729569236593,,
BRA,2009,1583909738906.86,290438116325.471,192079951.0,8246.09612122851,22.1059756060711,1.88848240446291,19.6506384028556,84.0698380333651,-0.103854693472385,6.10683,88.1849,39.22,385.5933,48.9,1262.10043812649,15.2806856745396,59.14505921907,21.8785926263801,3045000822667.4727,89786445.0,2.42851853370667,,218048045.75813457,LATAM,5.550187730736171,,
BRA,2010,1703150040806.99,342292709370.151,193701929.0,8792.63334959864,22.7721781132208,3.73001226987179,19.0168578361845,84.343846036308,0.0564144365489483,7.27968,101.667,40.65,439.9219,46.8,1384.36896688389,15.1595867069348,57.6129219702781,23.2679773548596,3235043490904.25,90358827.0,2.47336173057556,,223490064.72149765,LATAM,5.585558010245954,,
BRA,2011,1770840429106.43,365685151995.703,195284734.0,9067.99212019529,23.9344051765103,3.91517954138648,18.6692569362796,84.6225758599683,0.0451417230069637,9.13182,120.008,45.69,463.643,45.2,1390.00783643031,15.0149383266817,57.5681693213714,23.1020509677218,3438976468354.7407,90931209.0,2.5608959197998,,232865362.11056283,LATAM,5.576425967186497,,
BRA,2012,1804861390164.77,368533023762.941,196876111.0,9167.49818450433,25.1142736103322,3.75496210868766,18.530103265812,84.8973874181312,-0.0769327953457832,9.71151,126.132,48.56,497.9036,43.5,1433.15306444735,13.6373535030931,58.7336025082152,22.1336473645034,3635560668699.9443,89317315.0,2.62187433242798,,234178775.6398846,LATAM,5.572343355693555,,
BRA,2013,1859094274383.73,390008184132.424,198478299.0,9366.73824670239,25.7859573281452,3.04150922966082,18.8924789945529,85.1676585442726,-0.0920452028512955,10.7622,136.589,51.04,523.4755,42.3,1487.45745839708,13.1921121600621,59.6787579929242,21.2248099504522,3843790819397.3706,90770602.0,2.68430471420288,,243655954.85963336,LATAM,5.5566684212914765,,
BRA,2014,1868463286696.58,373533970831.149,200085127.0,9338.34170840985,24.685405813292,3.57135261310663,19.1535387106968,85.4331367898168,-0.0529657602310181,11.9791,140.305,54.551,546.4394,41.7,1522.42189026812,13.1579344238856,61.250974009102,20.4724627475115,4025135249258.651,91977782.0,2.74822163581848,,252775330.50699556,LATAM,5.52167700735224,,
BRA,2015,1802211999456.42,321439054845.258,201675532.0,8936.1955889444,26.9536259372369,3.59214973121732,19.7768199561866,85.6935697061881,-0.187332957983017,12.6354,127.836,58.328,517.9408,43.7,1482.02057858653,14.1057649860703,62.3078671737793,19.3600439809564,4145317541640.976,91961930.0,2.81366038322449,,258749639.2058637,LATAM,5.460094256163323,,
BRA,2016,1743173031878.48,282449055268.201,203218114.0,8577.84277969667,24.5336820770756,4.13737853830264,20.3792974269012,85.9487048448108,-0.201301991939545,13.2177,120.101,60.8725,482.7112,45.4,1414.8979311951,13.4895823334815,63.2036958322425,18.3547582770536,4220500719827.1284,90212798.0,2.8806574344635,2019.0,259872167.24245396,LATAM,5.41768167581067,9.935137967081024,2.391981271066149
BRA,2017,1766232928473.27,275225828621.726,204703445.0,8628.25209645723,24.3197343741684,3.33826028420938,20.1619046967128,86.1982897571091,-0.305428564548492,14.1218,108.093,67.4713,494.7579,45.3,1431.95949698072,13.6049599824881,63.3386728622309,18.1885023085758,4284701512457.498,90503629.0,2.94924998283386,2193.0,266917826.27465203,LATAM,5.408151491641924,10.713058590684685,2.4607043382680622
BRA,2018,1797736638146.82,289624978886.943,206107261.0,8722.33529970988,28.876203376153,4.07858861807831,19.8950877838984,86.4420719945072,-0.30234295129776,15.1538,101.602,70.4343,471.0836,46.9,1403.40232453429,13.3316911366538,62.6533503532505,18.7490514527988,4360091415721.566,92076304.0,3.01947546005249,2918.0,278022140.3803329,LATAM,5.393232265775829,14.157676861272734,2.718507127130723
BRA,2019,1819683008336.22,301285475912.595,207455459.0,8771.43950372603,28.8902578697354,3.69267330426814,19.9835812871943,86.6797991084296,-0.224319815635681,15.8622,97.3747,73.9124,468.5794,47.5,1415.83477031974,13.813142449647,63.0678492508986,18.7546275724707,4443372320848.082,94129066.0,3.09137320518494,3333.0,290988072.4614848,LATAM,5.369115929550839,16.06609927772496,2.8370939973789073
BRA,2020,1760056385298.89,296022135253.885,208660842.0,8435.01046209185,32.3020785443492,2.59263784624068,20.1351530146558,86.9112186503004,-0.231919765472412,17.4181,98.6456,81.3427,447.921,50.0,1379.24649914162,13.6658296866126,61.4484446411949,19.5061183897524,4517225840059.5625,86874675.0,3.16498303413391,3808.0,274956872.4708973,LATAM,5.366864121994563,18.249710695598555,2.9574960318207846
BRA,2021,1843880907790.44,334230064783.313,209550294.0,8799.22844579944,37.6563307592575,2.77979074096507,18.5475883604547,87.1360781715439,-0.301417380571365,19.8363,104.825,80.6899,506.2334,46.5,1430.3934661032,13.6869644159129,56.9133841883894,22.123475195366,4625594612839.896,91187695.0,3.22658061981201,3895.0,294224449.4523285,LATAM,5.361069786195312,18.58742321783619,2.974887687717146
BRA,2022,1899505159031.73,337871418527.24,210306415.0,9032.08377657776,38.8160659764321,3.86803201499441,18.4022127200972,87.349556243881,-0.257879137992859,20.9534,101.245,80.5278,479.2664,,1432.72741132919,14.946073685839,58.0872310746862,22.8194568521446,4732186300725.142,97918963.0,3.29099345207214,3273.0,322250666.06669414,LATAM,5.323675401121761,15.563006007210955,2.8071716546585317
BRA,2023,1961080569227.7,327806716034.428,211140729.0,9288.02594608687,33.6662298301284,2.86383330702497,19.0426107944103,87.6159710235763,-0.308802843093872,22.4192,101.02,84.1506,480.235,,1481.22439922518,13.3827173243912,59.1789358564203,22.1441739229749,4823383701723.3125,99281765.0,3.35838437080383,3593.0,333426327.8818187,LATAM,5.326736743950317,17.01708626761443,2.89132054474523
CHL,2008,191225100461.158,49820898789.8474,16838988.0,11356.0922105983,80.6766262406468,10.4571112913238,11.2649291903438,86.8765769429469,1.21035730838776,8.47544,87.871,37.3,71.324,30.8,1801.2828820239,21.8197503569535,54.4485312368393,31.9839914243068,492597444758.94025,6641426.0,2.93931579589844,,19521248.349090595,LATAM,5.642122602142589,,
CHL,2009,189087132632.604,44311906252.381,17009731.0,11116.4093443103,66.6860309631418,7.42256247898025,12.8685277947587,86.9124897308683,1.19409048557281,9.72782,96.7107,41.56,68.2258,31.5,1735.83895157902,21.7372316720536,55.5112499818484,31.8892011542261,512279478773.3742,6592587.0,2.95897746086121,,19507316.341766622,LATAM,5.617631007859414,,
CHL,2010,200151851762.225,49233500296.9704,17181464.0,11649.2897090856,69.7176801370338,6.84144686828522,12.5461769482963,86.9560135592209,1.22541570663452,10.4145,115.545,45.0,72.323,27.0,1795.6817303266,21.5985270517892,53.8127811770917,33.4669030156191,535899005131.67584,7340840.0,2.97877097129822,,21866681.096944824,LATAM,5.584509622905172,,
CHL,2011,212609096429.355,56650992420.0013,17351816.0,12252.8441074615,72.4816428077334,10.4897738058645,12.3111909097858,87.0109164653326,1.26333856582642,11.591,128.605,52.2496,79.0753,28.8,1937.32339633854,23.8820538505398,54.3697640865635,32.4417542348483,565755047295.0934,7710081.0,2.9968798160553,,23106186.129051466,LATAM,5.5900745142025166,,
CHL,2012,225695909224.96,63454776828.14,17519119.0,12882.834417927,68.156142891334,11.9097449981544,12.3259315107792,87.0824943735696,1.28765678405762,12.3655,136.656,55.05,81.3485,30.3,2123.49178972428,21.5652714471192,56.2982132532287,30.5583003272184,600922071758.4786,7882616.0,3.01509833335876,,23766862.3641071,LATAM,5.61037667118126,,
CHL,2013,233163076995.037,64293394414.6439,17687006.0,13182.7329619856,65.1432879523879,7.61396398974862,12.7855842175532,87.1827777654221,1.25513780117035,12.9766,133.778,58.0,85.4109,30.2,2177.50491871487,21.4023310199417,57.2209852364053,29.4304373078105,635169362585.1986,8045054.0,3.03342795372009,,24404091.692787625,LATAM,5.606328927862332,,
CHL,2014,237342873662.271,61687022446.504,17864195.0,13285.9540361192,65.6346281218887,9.83500371419039,13.2263259780646,87.3133701497978,1.34870362281799,13.9369,132.56,61.11,78.7046,27.0,1946.21181666587,21.8087186705955,57.1528758804213,28.9028670653185,665097916902.4426,8159777.0,3.05186891555786,,24902569.784183968,LATAM,5.594838604127679,,
CHL,2015,242450355830.884,61753005219.7252,18047625.0,13433.9202987032,59.3491104775309,7.32780348711267,13.5921177180299,87.4653320342387,1.21972906589508,15.0681,128.584,76.6296,84.3798,25.1,1968.30286182049,22.6210355943474,58.3447093583013,27.8806404106495,693596026277.0457,8302016.0,3.07042193412781,,25490692.023880024,LATAM,5.586272820364984,,
CHL,2016,246700604515.86,60295644485.195,18267221.0,13505.097711133,56.0578610877723,4.55707488153847,14.3426676192841,87.6306290578181,0.96039354801178,15.9005,127.565,83.5586,88.8653,24.6,2070.46958170364,22.4649726847552,58.9826363326027,26.7795650481896,719211869448.3883,8400305.0,3.08908796310425,252.0,25949281.061904445,LATAM,5.579368272018307,13.795201798894315,2.6943029254275763
CHL,2017,250050047209.619,58290641702.5622,18558868.0,13473.3458532934,56.0261589675707,1.89647029836548,14.6487131962187,87.8000295757281,0.981475472450256,16.501,124.001,82.3275,89.7525,24.1,2065.97571745805,21.6603146283732,58.2768071532191,27.3811560671383,741541917678.5311,8604646.0,3.10786700248718,238.0,26742095.371483304,LATAM,5.562590621986139,12.824058019055903,2.6264104090332094
CHL,2018,260027117802.785,62075415014.4734,18893191.0,13763.0068844795,58.177050633437,2.68461345207245,14.856473757383,87.9620493753008,0.940260529518127,17.2067,133.27,84.9,89.8194,25.5,2067.9764736837,20.5997873103713,58.0012686596891,27.8615227739821,766540236809.0779,8791511.0,3.12676072120667,297.0,27488951.274856374,LATAM,5.5722066403813155,15.719949054662072,2.816602560681942
CHL,2019,261676645417.276,64859828465.1316,19197744.0,13630.5935435578,57.6117545680829,4.87956164130548,15.2539557255243,88.1273685623538,0.924216628074646,17.865,130.493,85.0176,95.2476,25.3,2154.35451877758,20.755448395943,58.8831754600692,27.1184422429165,793073053433.7555,8980466.0,3.14576888084412,332.0,28250470.478278674,LATAM,5.548858553478636,17.293698676261126,2.9065566659200543
CHL,2020,245600606668.884,57833106123.1192,19370624.0,12679.024004022,58.1828635629748,4.50610139661101,16.0263618695537,88.2953490438375,0.930162131786346,19.4306,129.414,87.4593,87.5108,26.7,1946.16760616995,20.0102686850355,56.3446145785556,29.8295676046618,811252506885.1868,7883746.0,3.16489291191101,414.0,24951211.834706776,LATAM,5.55824526789506,21.372569102575117,3.1078356147984607
CHL,2021,273390120031.28,67060872244.5355,19456334.0,14051.4713630677,64.8774063237834,4.81308998117864,14.7373122384899,88.4660511664452,0.889890670776367,22.014,136.572,90.2328,89.1084,24.2,2032.98120427379,22.0634868594571,54.9981243742139,30.860053303873,837750753785.4629,8314905.000000001,3.18922209739685,519.0,26518078.76375556,LATAM,5.6146011316984,26.675117727728153,3.320533732523436
CHL,2022,279278925615.692,70160762873.4074,19553036.0,14283.1489501524,75.2016177425303,6.2318507042491,14.7249541091785,88.6395352768685,0.688454449176788,22.7902,135.114,93.5377,90.4279,,2081.99751245711,29.1705232939256,55.3720887582081,31.0330474006021,866023978969.597,8876952.0,3.21398735046387,460.0,28530411.43867495,LATAM,5.576751656865749,23.525758352820503,3.199723926597033
CHL,2023,280734996501.051,70123244870.3023,19658835.0,14280.3475638842,60.7247236874408,5.47730938390937,15.299339236854,88.8158617217972,0.625093758106232,22.9954,135.871,94.4574,77.0074,,2059.27616196845,23.1032480114662,57.6027444991353,28.8030257311404,892846024891.4194,9089552.0,3.23919916152954,544.0,29442869.217079155,LATAM,5.550813496427285,27.67203651691466,3.3559223104006186
CHN,2008,6373372030110.07,2414499395419.8,1324655000.0,4811.34486346262,56.7111330003209,3.67520717506325,14.7289171300496,46.9895057678223,-0.694980199999999,6.21365228211399,48.075790702641,22.6,7752.2237,14.1,1629.97754209383,51.0882384725316,43.7535960098397,46.2364191302482,15517248504277.285,755640000.0,2.4226713180542,,1830667354.7744758,ASIA,4.989443973940006,,
CHN,2009,6972857785771.39,2919460955841.66,1331260000.0,5237.78809982377,44.4197644331119,2.52538984334254,14.9931908239159,48.3417053222656,-0.7010099,7.74497137074886,55.6574567487616,28.9,8319.1638,13.4,1728.61645229501,49.9422205183624,45.3481536809041,45.1788587231356,17660847034905.08,758280000.0,2.43182945251465,,1844007637.252809,ASIA,5.0293317058386044,,
CHN,2010,7711401293675.62,3379942841685.89,1337705000.0,5764.65012366375,49.8540722338977,3.93541996731512,14.837784222569,49.2340270628041,-0.7004332,9.34748427588032,63.5563376954813,34.3,9106.0051,12.3,1899.79996108685,48.9504008620935,45.126871988843,45.7066207106778,20157747524845.715,761050000.0,2.44102191925049,,1857739731.6455855,ASIA,5.0789004471100405,,
CHN,2011,8441058131256.55,3675217078792.42,1345035000.0,6275.71634288814,49.9458272253643,3.65069190228423,15.511543498627,51.8300285339355,-0.5970818,11.504276685286,72.5052393725573,38.3,9955.7482,11.3,2027.46525356855,52.7272298089351,45.1659405665759,45.8002054108107,22825077227395.85,764200000.0,2.47546982765198,,1891754042.2916434,ASIA,5.114019768410055,,
CHN,2012,9104341297809.09,3956223800485.28,1354190000.0,6723.09003744607,47.4802130784317,2.78099138181613,15.9047696976095,53.1003112792969,-0.691498899999999,12.791553937217,81.2075981633238,42.30009842,10270.741,11.5,2085.21872095825,48.6578207635684,46.3528742639869,44.6820698165478,25640047166511.34,767040000.0,2.51040363311768,,1925580002.7465851,ASIA,5.137440187112489,,
CHN,2013,9812516071429.73,4330548082913.43,1363240000.0,7197.937319496,45.9160413795571,2.98598708261986,15.9462837052091,54.4900016784668,-0.795021299999999,13.6989049026864,89.130227261039,45.79999924,10760.43,11.5,2137.32572690907,51.7497809466197,47.8217057140074,43.3938707801605,28688592891099.203,769770000.0,2.54583048820496,,1959703934.9055321,ASIA,5.161609082728896,,
CHN,2014,10544628617502.6,4655345596368.92,1371860000.0,7686.37369520403,44.0684564812532,2.51155883670463,15.8783188765672,55.7502555847168,-0.6904443,14.4445199866037,92.6612034094217,47.90000153,10881.1042,11.9,2177.55011435267,52.5096572089248,49.2348611102851,42.2827157791092,31909508842913.164,772530000.0,2.57462215423584,,1988972852.8118134,ASIA,5.186689180721059,,
CHN,2015,11280814787468.9,4694699581163.45,1379860000.0,8175.33285077393,38.6971848362625,2.14957284731563,16.2578121496943,57.3297843933105,-0.6620808,19.8437947555032,92.5401171363348,50.29999924,10749.8966,12.2,2175.1544486832,49.4732216422362,51.72839163487,40.0475902161032,35008732981930.953,774510000.0,2.59902787208557,,2012973077.2089949,ASIA,5.213936965414485,,
CHN,2016,12044942062503.5,5154510820320.7,1387790000.0,8679.22528805041,36.177170692978,1.52539470315394,16.4004661104345,58.8399238586426,-0.6211726,22.9761329915729,97.2138770934621,53.2,10773.7258,12.6,2149.2047500244,45.2806085850562,53.2881936644189,38.811156093921,38412807153155.1,762450000.0,2.62366509437561,21878.0,2000413451.2066839,ASIA,5.251068908927127,15.764632977611887,2.8192714874991265
CHN,2017,12874987827480.3,5478798666123.37,1396215000.0,9221.35045639842,36.95085261586,1.32468971748482,16.501760892272,60.2402687072754,-0.5354403,27.9101271418763,104.073181609424,54.3,10999.4188,13.1,2215.91139022057,43.0911018824937,53.541663396795,39.129944350895,41970965461620.71,760580000.0,2.64853596687317,26415.0,2014423485.6843956,ASIA,5.282168626166817,18.919006027008734,2.99167435266896
CHN,2018,13745054545709.3,5849150101123.61,1402760000.0,9798.57890566402,36.8943843914718,1.66361992284408,16.8365384091475,61.5001983642578,-0.5204445,28.7089097131815,116.229125477063,65.35839844,11527.5117,13.5,2310.87757050979,38.5057526966035,54.1051640361573,38.9777001747097,45721567289663.28,757820000.0,2.67364239692688,35534.0,2026139681.239128,ASIA,5.31383445380558,25.331489349567995,3.2707655366471187
CHN,2019,14579018970009.3,6090805998907.79,1407745000.0,10356.2924890582,35.4544350281407,1.28549226847992,17.1510123948127,62.7099151611328,-0.5515574,31.5611222411202,122.670391850252,64.080881297515,11813.0582,14.3,2397.96868908473,37.20244673057,55.2295599322538,37.7642333162735,49526294924087.91,754470000.0,2.69898700714111,47130.0,2036304727.2777534,ASIA,5.341509168856652,33.479074690373615,3.540352609309342
CHN,2020,14920095680400.9,6346749365942.07,1411100000.0,10573.3794064211,34.337778473884,1.68770756292082,17.6037978191606,63.5234230266258,-0.5093696,33.9069794578039,120.496715387079,70.05275998,11964.1285,14.9,2465.96954605987,33.6907047751319,55.5482556415912,36.9115624066306,53396729543825.58,750640000.0,2.7245717048645,54304.0,2045172504.5394883,ASIA,5.335474222978533,38.48345262561123,3.6758816632646125
CHN,2021,16198805195731.6,6598453297619.72,1412360000.0,11469.3174514512,36.6428789643754,1.8903454142588,16.3512045683208,64.721076965332,-0.5386195,37.5611751315805,121.491918368395,73.05323517,12551.8645,15.2,2623.79959356116,31.918522723712,54.8181795722183,38.0924722040717,57325346364254.016,746520000.0,2.73290514945984,71216.0,2040168352.1747599,ASIA,5.394447398195082,50.42340479764366,3.940093415080131
CHN,2022,16706452162504.0,6786639414758.66,1412175000.0,11830.298767861,37.512555678171,1.03841365474349,16.6626986358672,65.2176361083984,-0.563864399999999,41.3736197056022,124.195248970763,75.61131603,12518.6844,,2676.48200976111,31.8957749766111,54.9575804271762,37.8945266620066,61245718460799.97,733510000.0,2.74130630493164,82165.0,2010775587.7304075,ASIA,5.411584719753874,58.183298812116064,4.080639387427932
CHN,2023,17611274170444.3,7019896442636.18,1410710000.0,12483.9791101249,36.7391496938394,0.280991103634816,17.1891419707315,65.5301448035523,-0.552260699999999,44.728886496649,128.247014127486,90.6,13021.242,,2850.94152906511,31.991575365069,56.3379775668432,36.7725030223561,65203328980396.15,740410000.0,2.74977564811707,103792.0,2035961387.6223598,ASIA,5.434322235306299,73.57429946622622,4.311795936675514
CIV,2008,31295490700.8623,4829509676.41374,21514439.0,1454.62731800082,61.9406212969499,1.37441880759786,,46.3620274395029,-1.3937418,0.0464804125266757,48.5675503786085,1.899999976,6.9185,74.2,475.685968287363,26.3574457147366,37.7795452078374,17.4088361491375,30536388125.66063,4642227.0,1.50908589363098,,7005519.280732863,AFRICA,5.471539392829179,,
CIV,2009,32423167866.6818,5049810789.43401,21997940.0,1473.9183699329,66.6729037469185,1.17339078576713,,46.7979596502274,-1.2252638,0.0454588020514648,59.9342847557544,2.0,6.4113,73.7,426.33967683994,23.5280741870547,38.6653601228599,18.0163071461274,34059379508.811607,4642227.0,1.51964640617371,,7054543.577192564,AFRICA,5.464190518725408,,
CIV,2010,34643522418.9356,7120850938.06787,22488065.0,1540.52927270246,67.472940081257,1.02606239201511,,47.2374301523201,-1.2583646,,69.3658791896946,2.700000048,7.3149,75.4,369.59298919728,20.0854849470844,37.8322011028794,15.9765793754723,39477261471.438896,4642227.0,1.53028094768524,,7103911.532930008,AFRICA,5.474228390691101,,
CIV,2011,32783010325.3471,5707624459.58909,22982000.0,1426.46463864534,64.7159030611345,0.822954277239134,,47.6797551269623,-1.3422528,,75.4688103733356,2.900000095,7.0784,79.1,412.202996239574,24.188010319203,34.0131352473082,16.7624007263304,43211022857.45604,4642227.0,1.54781758785248,,7185320.597403655,AFRICA,5.379991776849149,,
CIV,2012,35281210700.9425,5599392626.36173,23467078.0,1503.43433046682,70.3010893191249,0.909737108884904,,48.1242507553354,-1.03930259999999,0.196730926619837,77.1273355805099,4.400000095,9.0202,74.9,442.184553267778,22.4578253451111,39.6867369938255,17.7324551897287,46649864340.94497,4642227.0,1.56555509567261,,7267662.135118973,AFRICA,5.419224441233171,,
CIV,2013,39077544167.6054,7861898249.34756,23939775.0,1632.32712787006,58.3526792527234,0.953203642314205,,48.5702332186208,-0.9376194,0.235094105938757,80.9986810652982,6.599999905,9.801,72.2,446.309801337907,18.4987954411899,38.8134449737706,18.9795295741683,52179269373.24528,9005770.0,1.58349585533142,,14260599.469068043,AFRICA,5.044073774039983,,
CIV,2014,42739891584.4862,9303687501.12248,24527395.0,1742.53693001178,53.6804175610344,0.899528920528967,,49.0173144557368,-0.6596147,0.517205353442549,90.1219840101242,10.0,10.4591,71.9,438.71877312695,17.6747799713113,37.3151438010014,19.8455486242141,58873993405.70549,9162622.333333334,1.601642370224,,14675244.151427358,AFRICA,5.072778533503644,,
CIV,2015,45815005169.2651,10794779639.1539,25246342.0,1814.71855088017,52.7153604615931,1.07914154751206,9.34787599976032,49.4694894689553,-0.6916479,0.434546121572781,100.638777689061,38.4400001654616,11.265,64.5,383.889010732408,26.2182381259264,54.1326121734967,20.1215578301808,66725073374.57411,9319474.666666666,1.61999678611755,,15097519.008303924,AFRICA,5.080004537300246,,
CIV,2016,49101205368.91,11799495888.8652,25989405.0,1889.27777949938,47.5655783613535,1.19375800859004,9.86519507238038,49.929991034032,-0.679972399999999,0.524752298099937,105.624772864173,41.2078149304414,11.4035,64.0,391.655583364613,23.7745526064328,54.493573696894,20.820713814142,75188315594.7106,9476327.0,1.63856148719788,7.0,15527544.462293424,AFRICA,5.089225889912504,0.2693405254949084,0.23849749433863476
CIV,2017,52739979047.0655,11944274979.4846,26733372.0,1972.81431788947,48.6625074729482,1.85673486381973,10.2683859615717,50.3977309654344,-0.694249799999999,0.534257331996876,118.755063895419,43.8399208514876,12.33,62.5,392.588824263082,21.4341423661948,55.7500354113374,19.8085626532407,83373174794.45967,7704281.0,1.65733885765076,8.0,12768604.271560455,AFRICA,5.251707312306179,0.2992514374916864,0.2617882813069462
CIV,2018,55294253263.7438,12764874023.856,27464173.0,2013.32307598499,46.0375087102874,1.05998699614336,10.047344032596,50.8718477756395,-0.6230846,0.640536308885034,123.098008449044,37.5465361301281,12.3432,60.5,358.54922881191,19.8798421869581,55.6186479812729,19.1116818893978,91969390078.59268,8423176.0,1.67633152008057,9.0,14120035.427986175,AFRICA,5.199263801651057,0.32769965438245674,0.28344786160670565
CIV,2019,59010785540.9857,13647842191.3769,28193009.0,2093.09994335779,44.6604105830795,1.40583048179048,10.8276425991993,51.3514799771241,-0.599899499999999,0.768711846259475,132.574011521792,36.2889545655205,13.1832,61.1,376.743212908005,18.8155812927616,54.9974768932861,21.6420400540965,101018762766.03995,9142071.0,1.6955418586731,7.0,15500764.055461446,AFRICA,5.170825914177282,0.24828850301150898,0.22177341551590352
CIV,2020,59423700880.6615,14163831254.7395,28915449.0,2055.08483996432,41.9426318190526,1.13111245703154,11.3216044456757,51.8357660823651,-0.618331,0.903911262107671,138.663750301785,36.01660156,13.2881,61.8,385.900911896689,22.0556108824208,55.5728121351951,20.7022034045474,110131655882.47745,9956622.0,1.71353816986084,17.0,17061051.83987618,AFRICA,5.085228473162362,0.5879210106680343,0.4624256201948743
CIV,2021,63620521822.0335,16270732119.0722,29639736.0,2146.46047529012,45.1140327762435,1.91282655892028,9.96265946726249,52.3183461956059,-0.6527655,1.13037781443128,150.343798608733,35.95069885,17.2006,58.2,475.7701142407,21.3540188476971,54.1000329007516,22.1030350664638,120895805207.42578,10771173.0,1.71744728088379,16.0,18498921.780778896,AFRICA,5.068238757199758,0.539815874203468,0.43166284707186725
CIV,2022,67692161181.7305,18414164839.9599,30395002.0,2227.08197820584,52.8663910413483,2.2547265327193,9.46903676410753,52.8492549676673,-0.6021757,1.25179133069312,161.231833444196,38.41328122,18.4103,,483.894918210023,21.8306712275434,52.9655573840158,23.0445423474416,133265179787.01439,11585724.0,1.73017752170563,20.0,20045359.23748544,AFRICA,5.043993491464944,0.6580029177165377,0.5056138164923375
CIV,2023,72159844125.7554,18956238337.5795,31165654.0,2315.36434710324,48.8170039103332,3.07641433618414,9.26221456590428,53.4075201638704,-0.6022948,1.36336622359986,171.988943341282,40.65284979,17.925,,483.503922762538,20.3873194822538,52.2715206592214,23.9006374307143,145558159135.24316,11585724.0,1.7432347536087,28.0,20196636.722518403,AFRICA,5.072137683331285,0.8984249135282064,0.6410245494878851
COL,2008,220919487240.849,43420671103.3494,43758808.0,5048.57187245249,39.1676494164355,4.35627834630067,13.143945911691,76.4596761810047,-0.381235986948013,4.04967,94.529,25.6,61.1976,30.8,698.498635069449,19.0054950036162,52.0115244022713,32.1310911250351,383843270871.43774,17280396.0,2.3396098613739,,40429384.8900461,LATAM,5.400545278104868,,
COL,2009,223437193184.792,45355179625.2491,44271541.0,5046.97121757727,35.1561285074585,3.45627065154005,13.8041445529473,76.5964145836792,-0.367777585983276,4.77684,95.2296,30.0,65.3215,31.4,721.723799554454,18.9495726433422,53.4800448189101,31.2470343359106,410006286953.1149,18191441.0,2.36267900466919,,42980535.71537829,LATAM,5.349025137272047,,
COL,2010,233479933032.173,48577536863.3683,44777319.0,5214.24547620131,34.2646031687681,2.24433595561184,13.7602470315774,76.7232975672119,-0.271385610103607,5.90262,99.3308,36.5,68.1511,30.6,708.462118919431,20.6155756211002,53.3990736315847,31.3713561004301,438083509468.82745,18574776.0,2.38597559928894,,44318962.29825782,LATAM,5.349875512861496,,
COL,2011,249701866578.277,54509810828.0553,45259614.0,5517.1011086899,39.4704235545367,4.37269536127322,13.3492616590983,76.839003613206,-0.217361465096474,7.39764,102.079,40.3509,73.1683,29.6,718.539125799809,19.4233780082529,51.4400918867312,33.3021551703249,470689144823.44135,19209697.0,2.41068816184998,,46308589.15062507,LATAM,5.363376498095887,,
COL,2012,259471791121.288,56327242193.9351,45715810.0,5675.75617978305,38.835151018669,4.05728041313345,13.4754773768318,76.942211203265,-0.32591912150383,8.61552,107.329,48.98,73.6027,29.6,690.223937074854,18.5684399142815,51.9873009585796,33.4055006173979,503481929776.2044,19766959.0,2.43565678596497,,48145527.82624134,LATAM,5.352898820467486,,
COL,2013,272793056063.57,61103698378.4749,46151584.0,5910.80592301166,37.9866487978457,4.24252457969381,14.0973234578689,77.0315988189922,-0.38826909661293,9.83199,108.978,51.7,83.6349,32.0,890.995033650514,18.4954884367003,53.3511741467848,32.7475552904174,539411531665.8691,20006416.0,2.46088433265686,,49233475.687015526,LATAM,5.36431386148465,,
COL,2014,285066097496.814,66729237488.9164,46565429.0,6121.83982019825,37.4874656411103,4.24107256687862,14.2437505161207,77.1058449419909,-0.252291530370712,10.799,118.823,52.5681,84.9188,32.1,896.819737976178,19.1389877563514,54.6340753673796,30.9858527230854,579170192571.4921,20479393.0,2.48637270927429,,50919403.85770293,LATAM,5.3615446309086,,
COL,2015,293492370193.166,68603201437.9211,46969940.0,6248.51490534512,38.3607641184453,3.95939854860993,14.8116297912742,77.1636280538646,-0.24723581969738,11.7645,122.051,55.905,86.2165,31.1,899.746405476032,19.2348570604901,56.2155458237437,28.5894478881361,618814884380.8386,20859984.0,2.51212525367737,,52402892.59770588,LATAM,5.3488352492908255,,
COL,2016,299618678572.191,66620549038.7795,47437512.0,6316.07067782542,36.202652984202,4.90164572903473,14.5412847223026,77.2036266362166,-0.266068160533905,12.4648,123.71,58.1365,88.4935,30.5,923.380646133256,19.6738712609183,56.8986156229234,27.689162311787,654494689200.5762,20930863.0,2.53814482688904,415.0,53125561.64577321,LATAM,5.3409714816369505,8.748350883157617,2.2770981305149784
COL,2017,303691577641.583,67855877161.6442,48131078.0,6309.67745292518,35.2829149424588,4.3931823276543,14.8806426275244,77.2245191706503,-0.366633266210556,13.1537,129.272,62.2599,80.9994,32.2,870.764598847956,18.4571577570909,57.6083331251066,26.8148589146209,689625831902.1915,21125155.0,2.5629780292511,495.0,54143308.12952402,LATAM,5.3238390076306334,10.284415404117896,2.4234226060138933
COL,2018,311479214511.795,68559434276.7921,49024465.0,6353.5464285392,36.5347527968973,3.38083573220188,15.4214808598175,77.2804816598084,-0.383742153644562,13.6229,131.595,64.1264,85.3965,30.4,829.434495650998,18.3860185548236,57.6526815895265,26.8954667535946,723703974583.874,21271706.0,2.58082032203674,581.0,54898451.129190855,LATAM,5.323274350291905,11.851225709449354,2.5534391927416444
COL,2019,321405606655.842,70092743821.6765,49907985.0,6439.96359812647,37.558533980839,4.33058240931506,15.7732334152149,77.4595528518377,-0.391183972358704,13.9253,132.811,65.0069,86.0607,31.5,899.552647463233,19.7067243599727,58.1364591705438,25.993426836769,757611519676.3568,21309813.0,2.59878706932068,674.0,55379666.47404173,LATAM,5.3329469455375715,13.504852980940827,2.6744832817716264
COL,2020,298309675728.093,53535626766.5933,50629997.0,5891.95523215403,34.0555709680101,2.7588942895314,17.15883586003,77.6382533537045,-0.491402626037598,15.3363,133.661,69.7953,84.3026,32.0,814.027717297433,19.1676132940414,60.1218262723705,23.439238595813,773266570459.1322,19049197.0,2.61687898635864,778.0,49849443.33630604,LATAM,5.319599950007074,15.36638447756574,2.795229504287131
COL,2021,330530695024.886,62473975248.1539,51188173.0,6457.16921807086,40.0591463936128,3.00175693787234,16.04633106217,77.8339570326128,-0.470828503370285,16.4768,146.628,73.0284,92.1683,29.7,880.466204307389,16.6640289062553,58.19295777246,24.5553120236384,797077217184.3295,20741208.0,2.63825917243958,788.0,54720682.2534772,LATAM,5.350950283354647,15.394180995676482,2.7969264545307877
COL,2022,354752900899.02,69657260568.4434,51737944.0,6856.72590505374,48.2826551123359,4.97124137726565,14.0050262426423,78.0464633137335,-0.427760243415833,17.0075,156.195,72.7964,88.3446,,863.76322070814,18.8527177779036,54.908743854001,26.1230022316952,826880616893.5563,22032180.0,2.6601254940033,599.0,58608363.706469625,LATAM,5.364210992285795,11.577576410844621,2.531915578566204
COL,2023,357280089727.874,60802434419.3706,52321152.0,6828.59753791113,40.3881324933957,4.58478761240549,14.6540810646728,78.275571579544,-0.458272933959961,17.037,166.98,77.3369,92.7973,,872.633394703758,18.3566187713727,56.7402222191369,24.6925648854384,846339020468.249,22788394.0,2.68249130249023,714.0,61129668.70272054,LATAM,5.335790705202633,13.646488517684014,2.684200615106783
CRI,2008,44866362740.5382,9303668777.17325,4440056.0,10104.9092039691,86.4015127113254,7.90900698278232,13.5774747362871,68.7925833934861,0.453689336776733,2.47607,42.4898,32.29,7.6303,40.7,1006.22785721082,18.8044938426957,59.4254091302356,23.5536024382425,141919966846.58414,1922085.0,2.53096103668213,,4864722.244191172,LATAM,5.531080882264844,,
CRI,2009,44474474828.8682,8129642844.6336,4499791.0,9883.67567046297,69.7593177251535,5.25151067245965,15.7481281178918,70.1398469456228,0.578809499740601,4.05917,43.3424,34.33,7.3188,40.7,1002.15369604859,19.1397849856144,61.0597628286368,23.5227381446589,142953611348.88852,1885816.0,2.52549815177918,,4762624.822595607,LATAM,5.533554975847736,,
CRI,2010,46858459461.2317,8477268214.47784,4555962.0,10285.0856660419,67.512089684107,5.06371170213526,16.6207106449752,71.5081448974915,0.535760879516602,8.69766,68.6655,36.5,7.2362,40.4,998.694530541271,19.9585083840279,61.907753060789,23.3229652114345,144283198995.92194,1907507.0,2.5200469493866,,4807007.196283584,LATAM,5.576501632886563,,
CRI,2011,48921712048.582,8752190773.02879,4609833.0,10612.4694861141,68.6391465074016,6.39172539644787,16.9618362201618,72.8426586679914,0.443259000778198,9.10623,90.0915,39.2122,7.6984,38.0,992.84219730848,19.3112349144129,63.1820860244227,22.5898706745828,145821229819.15463,1897319.0,2.54592204093933,,4830426.260792969,LATAM,5.612721176354269,,
CRI,2012,51310359848.0341,9503607836.89642,4663934.0,11001.5192856576,67.0485392950976,5.70866124854743,16.7900477033521,73.3895020668217,0.528911471366882,9.61836,115.312,47.5,7.6394,38.1,1017.65462461791,18.5556568857618,64.286092711917,22.2048773810709,148033776165.09332,2061815.9999999998,2.56810927391052,,5294968.790697091,LATAM,5.595437341508687,,
CRI,2013,52590433317.5191,9963385738.51573,4716147.0,11151.1437869768,64.0664105879442,6.29127735209415,17.1301891401507,73.9431776192863,0.563855290412903,10.2813,150.801,45.96,7.9353,37.8,1060.1064484558,19.0540491905042,65.5704372632595,21.3449724793135,150595473095.35437,2097462.0,2.5858325958252,,5423685.608104716,LATAM,5.598461988119711,,
CRI,2014,54453244250.7631,10351214623.1167,4767119.0,11422.6735793176,65.1912420532368,6.23293662208767,17.0113032501812,74.4866963181212,0.583374798297882,10.8312,147.267,53.0,8.0462,37.6,1064.11783400047,18.3616133870552,66.3984214219483,20.6164054191975,153416914063.70334,2145535.0,2.60367846488953,,5586283.275166757,LATAM,5.607573445118849,,
CRI,2015,56441920820.5194,10717714717.4987,4818038.0,11714.7105980732,60.753561939521,5.23639457671538,16.9602419140685,75.0198195767549,0.492798924446106,11.5951,156.404,59.763,7.7578,38.3,1024.45144520777,19.0534276158403,67.2979590735582,19.9678784677773,156463783078.01685,2137792.0,2.62164735794067,,5604536.748626701,LATAM,5.634439830661838,,
CRI,2016,58814921621.3159,11360656068.2955,4866998.0,12084.4351325634,62.1784781768295,4.45296211770326,16.7086790790549,75.5423088085047,0.431041657924652,13.131,171.166,65.8804,8.2325,34.1,1001.15093508133,18.2625400009976,67.455208004105,19.6500112824728,160001249992.4115,2072882.9999999998,2.63974022865295,23.0,5471872.644390812,LATAM,5.683369364540775,4.725705660861172,1.7449658013835398
CRI,2017,61260269007.514,11369574479.9032,4913177.0,12468.5654531709,65.0719537438815,4.83327522078441,16.3581746478518,76.0539254265608,0.42886871099472,15.1438,179.931,71.5817,8.396,33.3,972.752740541664,18.3536882830973,68.3430015552082,19.3145397059632,163370761972.69412,2118331.0,2.65795803070068,23.0,5630434.893132202,LATAM,5.698243297937982,4.681288705861808,1.7371780918334134
CRI,2018,62862779082.5908,11552889634.9592,4957818.0,12679.5253643016,66.945342016636,4.829438721344,16.1957338928329,76.5544308439668,0.467835366725922,16.8377,171.357,73.4797,8.4405,33.1,950.307226341185,17.6199561122599,68.6706106301098,19.5581432647296,166755113509.01862,2201777.0,2.67630171775818,48.0,5892619.567220452,LATAM,5.687305529301591,9.681678512603732,2.368529985284538
CRI,2019,64382494195.8,10609590131.5992,4999553.0,12877.650101079,65.7605300176622,4.22094016659811,16.7512009792355,77.0435864735963,0.529464185237885,18.0963,146.212,81.2026,8.193,33.4,996.673606298647,17.841294618157,69.2049940233732,19.2336569312753,169026947965.1669,2260413.0,2.6947717666626,59.0,6091297.133397107,LATAM,5.684902658598892,11.801055014318282,2.549527590522599
CRI,2020,61631202097.7205,10252022654.1773,5034320.0,12242.2098908533,60.1398862509533,3.37043523313038,17.7047320692606,77.5211537281257,0.498832434415817,19.7191,149.223,80.5302,7.1754,36.4,948.979659241415,17.9677813432914,68.2324072882969,20.3678511278951,170827623221.08585,2024586.0,2.71336936950684,57.0,5493449.638332375,LATAM,5.704668287387847,11.322283843696864,2.5114093178486416
CRI,2021,66522107766.4296,11055185810.0793,5059988.0,13146.6927918465,70.7816423027085,5.53072986406838,16.5307979779817,77.9868940200009,0.423667222261429,20.9243,154.831,82.749,8.0531,34.2,996.593947554107,18.054990422746,67.0794161390985,20.6057923603832,173341427870.11084,2122234.0,2.70895266532898,55.0,5749031.450751782,LATAM,5.746362735765727,10.86959099507746,2.4739797509999044
CRI,2022,69549856033.0247,11216193280.4422,5081765.0,13686.1614090822,82.2275325353143,5.4175310653788,15.3958787283636,78.4405687613972,0.435932785272598,21.7576,154.989,82.598,8.1977,,1009.21522950084,18.2413082350632,67.2830902367432,20.6464381116167,175890549757.0475,2235855.0,2.70455527305603,57.0,6046993.43003869,LATAM,5.752918329278259,11.216575343409229,2.5027936643358655
CRI,2023,73105190307.8725,12180565513.4389,5105525.0,14318.8389652137,72.4719990801769,5.4191807109794,14.873493459823,78.8819393641702,0.389316648244858,22.5231,145.789,85.3951,8.0978,,1025.14935705085,17.6979830088429,67.9930784438128,20.459253835237,179276587782.634,2163953.0,2.70017671585083,48.0,5843055.504795551,LATAM,5.818399858790755,9.401579661249333,2.3419576851178756
DOM,2008,50823044977.7376,13337817395.578,9573130.0,5308.92664966814,61.4285058325394,5.67335967834237,10.0631379411072,72.4865154265802,-0.682735621929169,2.4978,75.32,20.82,20.7204,17.7,772.574772036856,12.7706144634482,57.520666714712,29.3755031583439,243718299682.83432,3554379.0,2.34943008422852,,8350764.953350083,LATAM,5.115256712459631,,
DOM,2009,51333030311.777,11344523549.9189,9695265.0,5294.64953374426,50.6509376792025,3.51548540591409,10.7138463201271,73.5894974865426,-0.809174060821533,3.25513,89.0106,27.72,19.8411,17.3,743.587387722268,12.3012982048972,59.7079337570232,27.3561708818325,242876908248.6115,3481826.0,2.38644695281982,,8309193.047948823,LATAM,5.129695550739207,,
DOM,2010,55645592832.7047,13251171893.992,9820175.0,5666.45633430206,56.0573964175321,3.38320513554667,9.93802246934321,74.1642773174177,-0.855494201183319,3.97656,90.5563,31.4,20.9277,16.9,773.404254862996,13.658649013532,60.1184532953709,27.2729956898842,243984234730.17294,3625662.0,2.42404723167419,,8788775.934086306,LATAM,5.172298508057141,,
DOM,2011,57421779163.4885,12902555525.9811,9945621.0,5773.57403459156,59.0692578401698,3.79217588020774,9.33525688896479,74.2440389501301,-0.808169066905975,4.26237,88.1874,38.0,21.1274,16.8,780.082749539865,12.37191949007,60.705409096801,27.543253721519,244687578519.6454,3759942.0,2.47031021118164,,9288223.116050718,LATAM,5.166785095206089,,
DOM,2012,59015618840.2876,12791808635.1032,10070411.0,5860.29893321013,58.5062536731089,5.64036946601582,9.90571903286609,74.2398679969568,-0.716865837574005,4.80244,88.7173,42.32,21.8849,16.5,791.42994660033,11.9047106498909,61.2165323555741,27.3630347889582,245245008228.76633,3840560.0,2.51745581626892,,9668440.109729763,LATAM,5.167289316088734,,
DOM,2013,61927882062.5429,12425970470.2856,10193833.0,6075.03399972737,56.8137658014945,2.55757225532805,10.4695035935792,74.2251359951216,-0.534985601902008,5.1669,90.2547,45.9,21.4839,16.6,762.355920346053,12.1301547042651,60.4379125336437,28.042816852784,245408728287.61362,3869153.0,2.56369662284851,,9919334.47938418,LATAM,5.198571872398466,,
DOM,2014,66331713896.7879,13532787726.5004,10315528.0,6430.27811051339,55.6601041506633,3.55938801753347,10.4971698369669,74.1931533822153,-0.383904725313187,5.81644,80.4955,49.58,21.701,17.3,745.786212900828,12.7798219156363,60.4426676510354,28.3860007406051,246671079599.7333,4015581.0,2.59653639793396,,10426602.225352049,LATAM,5.233055237544756,,
DOM,2015,70966782572.4386,16022444595.4079,10434829.0,6800.95309395474,52.3471238667007,3.13851060913817,10.3174583695894,74.1372305958285,-0.529519259929657,6.57516,84.3066,54.2158,23.8738,14.9,797.923170664734,13.0238058465361,61.0297558973097,26.9345632876959,250359970215.15454,4113889.0,2.62979674339294,,10818691.894880038,LATAM,5.271408940783328,,
DOM,2016,75735566406.0476,17923228254.1553,10551430.0,7177.75376475488,51.7306571245477,3.33024928523507,10.3233829732791,74.0506780735522,-0.394124180078506,7.21471,82.5303,63.8709,24.8714,15.3,842.638249219176,13.1164167913019,62.0130672048251,25.8795514870557,255765199958.5521,4262420.0,2.66348338127136,2.0,11352884.83399867,LATAM,5.297641149179464,0.18954776745900792,0.17357320754937508
DOM,2017,78714898894.6559,17424681240.4748,10666843.0,7379.39978067137,50.7595355508472,4.55025610026855,10.667738860033,73.926806252977,-0.428010761737823,7.69279,82.2092,67.5712,23.7887,16.9,824.396571608205,14.0184540517008,62.1317869930781,25.7840049829017,260401621201.09927,4382658.0,2.69760131835938,1.0,11822663.998718282,LATAM,5.30358264504115,0.09374845022093228,0.08961074174782135
DOM,2018,84301701754.6018,19610141780.1026,10782053.0,7818.70593240469,52.3351709577013,3.22902365102652,10.1454233339167,73.7589255716938,-0.365240544080734,7.98202,82.8937,74.822,25.6286,15.9,860.8644315883,13.9700529917489,61.067519765139,26.9196437003489,266991681921.1469,4539256.0,2.73215627670288,5.0,12401956.771961208,LATAM,5.3323115847796565,0.4637335765275871,0.38099041573197595
DOM,2019,88427452425.8944,20687566066.4377,10894043.0,8117.04639185786,50.912982200697,3.17366550445317,10.4392552012067,73.5403464672933,-0.320300966501236,8.5357,82.1376,79.7155,28.4615,14.4,927.882170823972,13.2694812112673,60.9652850214225,27.3564369481505,274329663891.52728,4663268.0,2.76715397834778,5.0,12903980.598301895,LATAM,5.3448094187200255,0.4589664277991192,0.37772825885720657
DOM,2020,81415993438.0734,18969849200.0413,11008300.0,7395.8734262396,44.7331613466756,3.13265976088131,12.0062907437446,73.2643793773663,-0.171013608574867,9.37345,81.6619,81.6173,26.926,16.0,862.922281087901,12.8896641072094,60.0654313134599,28.8243175766758,279583029896.9922,4390655.0,2.80260014533997,5.0,12305250.341137664,LATAM,5.286440986227651,0.45420273793410426,0.37445780400890316
DOM,2021,92824351636.8768,23586046073.3354,11123476.0,8344.90510312395,51.9500227303115,3.53154938314388,10.4769394644063,72.9243347395035,-0.11635073274374,10.3195,87.5208,85.243,29.6681,14.8,954.921847557077,13.666329634232,57.806877007564,30.8689593199686,289189924475.47797,4556645.0,2.84226489067078,3.0,12951192.102750557,LATAM,5.372498574139858,0.2696998671997854,0.23878054750179836
DOM,2022,97686450823.9666,24798030966.5934,11230734.0,8698.13592094395,54.3781976712844,3.56897098132173,10.9578295683435,72.4203155643711,-0.0933533534407616,10.6744,90.376,81.5127,32.1128,,960.933551504942,12.8281909827094,58.3198656685618,30.8255427451738,299528459218.2974,4687379.0,2.88338804244995,4.0,13515532.559031004,LATAM,5.383534767330394,0.356165500847941,0.3046612328434321
DOM,2023,99828029402.8707,25305355574.0775,11331265.0,8809.96335385949,49.8436131764417,3.94375586800192,11.2787393309517,72.3577991823338,-0.128592282533646,11.1346,91.8676,84.6161,32.7889,,1011.62393484072,13.5127642846618,59.5911487632596,29.3086832346831,309857391831.4601,4835318.0,2.92603707313538,6.0,14148319.728398819,LATAM,5.363613357660229,0.5295083999888803,0.42494637657731676
DZA,2008,152065353506.518,47767518701.4485,34816961.0,4367.56538017541,71.0284922505261,1.46277344571787,13.7657607144016,65.901485871159,-0.754288499999999,1.39299923390786,77.6388036853647,10.18,113.7088,0.3,1070.72807038599,17.4674239669476,39.5735544641773,51.6161712058703,394173188684.75903,9146000.0,2.00792741775513,,18364504.16278842,AFRICA,5.530701892872484,,
DZA,2009,153890137748.132,53929528612.7223,35490445.0,4336.10054052949,64.2847547238993,1.82742164668261,16.3715688126633,66.5097384559521,-0.7992988,2.30484571269816,92.2215091977573,11.23,116.0891,0.3,1147.30600554253,16.9046213507536,46.1374615012615,42.0128802106709,428394057863.24335,9472355.0,2.02383589744568,,19170492.082349073,AFRICA,5.485572727159699,,
DZA,2010,161276864361.482,58189961372.4291,36188236.0,4456.6102741643,63.4912159928425,1.29390467487817,16.9633056770368,67.1235057867459,-0.7700849,2.48699605031867,90.5823787597715,12.5,118.6168,0.3,1151.13889665565,17.211262868675,43.6024032576579,45.2431946364671,465164316342.51025,9734502.0,2.03987050056458,,19857123.467486907,AFRICA,5.480760899801885,,
DZA,2011,166115170291.39,59295570639.1447,36903376.0,4501.3543013352,62.2200899610479,1.17767329101171,20.1129065782839,67.7344007507578,-0.833268,2.65762135149911,96.5112947931918,14.89999962,124.8035,0.2,1174.26806450034,15.9157535272917,44.6513051761826,44.9869856015855,501201671164.5294,9599000.0,2.07550859451294,,19922806.99872971,AFRICA,5.482056929712186,,
DZA,2012,170101934378.955,64691467567.2222,37646166.0,4518.43978956464,60.7576393340605,0.660551953898791,19.7502925593678,68.3421258553675,-0.820280599999999,3.06737211964693,99.6853251935403,18.20000076,140.2699,0.2,1258.83718458975,16.1392471454087,44.9114940485958,43.1950549091774,540833055173.52515,10170000.0,2.11176919937134,,21476692.75760653,AFRICA,5.430320688662379,,
DZA,2013,174524584673.849,70319625246.0901,38414171.0,4543.23444006767,59.151008157244,0.736559065111634,18.535080427414,68.9463836079277,-0.7149392,3.33210366559778,102.871008201635,22.5,145.7286,0.1,1273.72242693806,15.2206585243926,46.7933663667477,39.7438543670176,584111027660.939,10789000.0,2.14866352081299,,23181930.72605135,AFRICA,5.3793821385463065,,
DZA,2014,181680092643.147,76296793392.6895,39205031.0,4634.10149179952,56.9235419669867,0.628688968391006,18.9932826125176,69.5468765157615,-0.836116699999999,4.08032326259352,110.440351392657,29.5,155.033,0.1,1358.04787814425,16.1165663291136,47.9036022305248,38.5614138325673,631202269670.5814,10240000.0,2.18620228767395,,22386711.42578125,AFRICA,5.415115208308041,,
DZA,2015,187493855609.345,80264226649.7488,40019529.0,4685.05902729002,53.2046225904145,-0.286832290676438,20.5244656437501,70.1433070861612,-0.8774318,5.67060147059702,108.016371207167,38.20000076,164.5785,0.1,1414.49702064392,16.0318389714709,52.1103711658838,32.7565009315894,679906382836.8011,10594000.0,2.22439670562744,,23565258.6994171,AFRICA,5.387249915407073,,
DZA,2016,194806115978.439,82511624994.0329,40850721.0,4768.73140081027,49.7609327925216,0.906300705997455,20.0218426111777,70.7353778263851,-0.860594099999999,7.00004046440209,115.154200093555,42.94549942,160.7458,0.1,1371.20207705232,16.7302943332799,52.3939905220294,32.205164049828,728422688688.9939,10870000.0,2.26325869560242,516.0,24601622.021198306,AFRICA,5.37340914985413,12.631356004707971,2.6123727275323723
DZA,2017,197728207716.082,83831810995.1411,41689299.0,4742.90075532529,49.8208161712587,0.647902696344894,18.8290421977276,71.3227912436551,-0.8676221,7.70045809597326,109.96986300969,47.69110107,166.3203,0.1,1380.3468180174,15.3884102993683,51.2221393515536,33.4766949498416,775833365249.6853,10858275.0,2.30279946327209,506.0,25004429.842060752,AFRICA,5.355671662308319,12.137407251678663,2.5754636763630137
DZA,2018,200496402625.853,85592279025.0376,42505035.0,4717.0035885361,52.4361676779223,0.753576088552125,17.4037117605062,71.905249845153,-0.853582899999999,7.21566750856693,110.938066513767,49.0384680793271,174.8053,0.2,1442.30211193457,16.0599697647705,49.4261444653673,35.3432586054084,822633976012.2386,10858275.0,2.34303092956543,692.0,25441274.16672707,AFRICA,5.337815926006149,16.280424189745993,2.84957431109232
DZA,2019,202300870247.92,85078725351.113,43294546.0,4672.66408678635,46.5068426081672,0.713947308015691,18.2610260787535,72.4824561380175,-0.845730299999999,8.27526635803041,104.922068012909,55.79069901,181.6864,0.2,1463.50985736009,16.0043837868398,50.4800694011749,33.5743211841578,866581002562.7397,10858275.0,2.38396549224854,627.0,25885752.905345015,AFRICA,5.3173022430188155,14.482193669382745,2.7396905680301264
DZA,2020,192185826737.373,78953057125.3063,44042091.0,4363.68533767783,40.3897565625388,0.693816014772836,19.8031597171656,73.0541126293395,-0.7746944,8.6064465013707,103.436671524065,63.47269821,171.9505,0.1,1373.67832094406,15.3457911307566,52.8041887035021,30.0235803787213,902205009559.9089,10858275.0,2.42561507225037,677.0,26337995.49863939,AFRICA,5.240650875699567,15.371658897848425,2.795551723930366
DZA,2021,199488888151.485,79268869353.8451,44761099.0,4456.74687637774,46.8370592599607,0.466728479682941,18.4286289389909,73.6199218261573,-0.7553319,9.33184191925225,105.037092587919,72.21240234,181.3215,0.1,1451.44517709293,16.8669275134746,48.4879581553143,36.3214812457704,936363628435.7585,10858275.0,2.45266890525818,803.0,26631753.457242265,AFRICA,5.257730347247644,17.93968463553587,2.941259436908424
DZA,2022,206670488126.832,81329859958.3052,45477389.0,4544.46688060372,51.1900893683897,0.107187812155079,16.5400734153236,74.1795862354514,-0.798385,10.3517244580598,107.787115922596,74.78150177,189.1886,,1499.50999958517,19.1821741766237,42.7463000437695,43.0521306240802,970875306972.2758,10858275.0,2.48042869567871,970.0,26933176.895570744,AFRICA,5.273114031921418,21.329280799300065,3.1058988575098305
DZA,2023,215143978140.155,88812207074.4975,46164219.0,4660.40545687895,43.7397984507007,0.489819143410423,17.9064173126831,74.732808364138,-0.7329544,12.0086836084024,111.60623555659,76.19760132,190.5786,,1503.41406578063,16.5394687279881,45.5476795606292,37.5476547378243,1011143748698.1594,10858275.0,2.50891828536987,928.0,27242524.695074525,AFRICA,5.291648859121629,20.102148809232535,3.0493748745968716
ECU,2008,72000071699.6601,13737374574.4103,14575202.0,4939.90215021789,74.5902963648439,1.7294958127597,12.0058038479189,62.5395521004212,-1.10530638694763,1.0703,80.1668,18.8,32.6692,15.3,762.824711258849,19.1306658675447,50.1895274209096,38.9201614839835,92660835947.23663,6124977.0,2.66011524200439,,16293144.674626322,LATAM,5.367593089913877,,
ECU,2009,72785601820.191,13443754671.1937,14825954.0,4909.33681705683,57.3473460627608,0.513570185696715,14.3981565314825,62.6588021150118,-1.20504021644592,1.6271,89.3147,24.6,35.3903,12.9,830.344069134027,18.9870360482816,54.7057842337508,31.0916213331503,101471548821.0685,6125135.0,2.68247008323669,,16430491.393285962,LATAM,5.341196385649994,,
ECU,2010,75718234074.2169,14971025541.1436,15076695.0,5022.20374387205,65.7773849135062,0.243419054034351,13.6565759414611,62.7405258611644,-1.14322912693024,1.46796,98.0369,29.03,38.2529,11.8,867.465226710609,21.2083411774245,53.5584229032423,33.9061751825852,111368996921.15866,6143556.0,2.70501255989075,,16618396.142392177,LATAM,5.340731106974182,,
ECU,2011,82140258351.3877,17537559124.9331,15326227.0,5359.45724615639,70.0356837525249,0.817966548837347,13.0638269394594,62.7949053547691,-1.14428532123566,4.29932,100.042,31.3668,38.3188,13.2,891.346717905666,18.9757073503174,51.5008663236349,37.4057005178901,123338106200.03383,6264301.0,2.71133708953857,,16984631.641333554,LATAM,5.372243095664343,,
ECU,2012,86890603905.3287,19624339837.5976,15572194.0,5579.85624282158,67.0029290916898,0.646739602691481,13.7469463742699,62.8408732819135,-1.06392514705658,5.41802,105.68,35.1351,38.661,13.2,872.14170563726,18.0424343279012,51.742214810209,37.0917503800762,136795540727.62973,6506281.0,2.71767663955688,,17681967.884092774,LATAM,5.366065757880694,,
ECU,2013,93156490881.1886,23433995256.5528,15807128.0,5893.32172683036,63.4333003342414,0.752903273859877,14.2480971433732,62.8837286624122,-0.870363593101501,6.69605,105.182,40.2791,41.1583,11.8,911.670139950059,18.0517363768939,52.0189015811005,36.8322936524171,153389758947.80106,6695018.0,2.7240309715271,,18237436.386931423,LATAM,5.375518287024315,,
ECU,2014,97093344927.4784,23767083742.6868,16035124.0,6055.04172761485,61.4263766217565,0.751953401658059,14.7396467646102,62.9232432195799,-0.970792293548584,8.2296,103.559,45.5904,43.4594,12.2,983.169096054705,17.78596368057,52.8341973543552,35.7119955282529,169487354743.0978,6784360.0,2.73040008544922,,18524017.12371827,LATAM,5.3718470802202205,,
ECU,2015,97209558000.0,21912497000.0,16266225.0,5976.1596805651,47.8280397077826,1.36067004574537,15.3738143732739,62.959188676731,-0.956418454647064,9.14528,79.5746,48.9404,43.2759,13.1,937.035024847677,18.258248662138,57.6066295867738,28.0900423392523,182925484005.9429,7151013.0,2.73678398132324,,19570777.828634247,LATAM,5.310607971479106,,
ECU,2016,96540800718.3398,18509104793.3834,16505139.0,5849.13587933672,40.5344917996647,0.78469808886928,15.6897053000134,62.9913367571804,-0.649083614349365,9.75203,84.1088,54.0629,42.0681,14.8,885.908943461603,18.8225928822421,58.567451344755,27.5339637947157,192288314599.02914,7482136.0,2.74318289756775,154.0,20524867.512475975,LATAM,5.255293915967025,9.33042732933058,2.3350936500717205
ECU,2017,102304671535.156,20753552274.7095,16759519.0,6104.27253521751,43.6177233172817,0.605279629548276,15.2975347755569,63.0194591842425,-0.718140542507172,10.6125,87.4214,55.8,41.0581,17.0,900.097212296325,18.2778953966104,58.0552249529581,28.4680086969835,203427451143.78717,7766294.0,2.74959659576416,306.0,21354175.544103622,LATAM,5.267827223096935,18.25828056282522,2.957941127349691
ECU,2018,103373033702.498,20491181550.1201,17049547.0,6063.0956178776,48.0093476154836,1.29342873266166,15.5567599876593,63.0433276812321,-0.663264274597168,11.4584,92.5118,57.5,42.2145,16.3,859.0065244756,18.6076444108592,58.7476436434848,28.0147488586162,213747260136.7179,7778909.0,2.75602555274963,337.0,21438871.97651407,LATAM,5.2583233429454985,19.76592105350365,3.033313232155055
ECU,2019,103544017315.435,20020086191.1142,17340021.0,5971.38938386723,48.0828494933307,0.915058228783613,15.184077301137,63.0627139714638,-0.542950987815857,12.0672,91.4249,59.2,41.9254,17.7,904.417680495404,18.880438766098,59.4371120144712,26.6504631266844,223079983320.9962,7853175.0,2.76246953010559,370.0,21694156.652086966,LATAM,5.237324195216088,21.337921101710315,3.106285732091192
ECU,2020,93971273313.9152,15659988480.6966,17546065.0,5355.68934196443,43.9893109378389,1.16754746598289,16.3225877996763,63.0773897782521,-0.540949642658234,13.5147,88.2555,70.7,36.5986,20.2,785.501430511736,18.7426731318293,61.3211703446141,23.9811344799811,227585972635.64297,7063092.0,2.76892852783203,373.0,19557196.933502186,LATAM,5.200722063432577,21.25832772191372,3.10271621822367
ECU,2021,102825145845.295,17811083113.7868,17682454.0,5815.09477390949,53.261275610573,0.607511454080008,14.4433893877456,63.0871268249117,-0.354992210865021,14.0284,94.9506,69.1148,41.1607,18.9,886.251942198984,18.605495375963,58.4590001216096,27.3494898826986,234017757117.6476,7948655.0,2.8261821269989,379.0,22464346.69468044,LATAM,5.190927764983048,21.4336765700055,3.110563248162946
ECU,2022,108859360917.986,19447137620.1141,17823897.0,6107.49495006543,61.880792818786,0.759467924339618,13.5357543693328,63.0901835932266,-0.620780825614929,15.1129,98.1309,69.7181,44.1693,,907.425347450976,19.8012550282051,58.2031787469141,29.5835905417542,241764006881.87933,8150680.0,2.79839634895325,294.0,22808833.153486278,LATAM,5.226664866419052,16.494709321984974,2.861898510762215
ECU,2023,111023744250.546,19490827589.5174,17980083.0,6174.81822806637,56.9977535649091,0.39702767894988,13.5836201122079,63.1307729554263,-0.957790791988373,16.0679,101.032,72.6943,46.7901,,949.273888855786,18.6084478897872,58.6215899574019,27.5754259552504,249166634127.30276,8109647.0,2.82538056373596,409.0,22912839.012559637,LATAM,5.2328390459762595,22.747392211704472,3.1674727228395687
EGY,2008,262077623378.478,51556128028.841,85864789.0,3052.2129784594,71.6806253489671,5.8314126186488,10.8877721943049,42.9608989120873,-0.2146515,0.896460596904279,48.0833441516988,18.01,202.0257,5.9,859.150259001023,40.9756017153782,46.6682970407594,36.2125516471245,942071066708.822,22507311.0,2.27220916748047,,51141318.38953403,AFRICA,5.10436812652331,,
EGY,2009,274326082660.557,44297904886.708,87501636.0,3135.09661305712,56.5534446363462,3.54835118019574,11.3509882939935,42.9383470624904,-0.2094603,1.23139297646961,63.2585121037051,20.0,210.3425,5.7,862.435116243687,42.9563410045474,46.5660621761658,35.8164459796584,939265418260.0889,22975292.0,2.31382298469543,,53160758.709689036,AFRICA,5.125915749047312,,
EGY,2010,288446290410.386,47354667501.9162,89196072.0,3233.84521249306,47.9363500745898,2.91601657550141,11.163600198906,42.9057175520154,-0.2849681,1.62745731673027,79.2198618342745,21.6,211.7586,5.4,838.166707475228,46.3262890792464,46.2327200397812,35.7845184816841,939656814849.0005,23829005.0,2.35619902610779,,56145878.37411766,AFRICA,5.140450051708298,,
EGY,2011,293536132736.188,44009577808.9963,91093059.0,3222.37650111397,45.2556341623514,-0.204542848807527,11.4506600539713,42.8634168470177,-0.51085,2.02567464552925,91.5823290114783,25.6,219.3403,5.4,860.053119855617,40.8977537424026,45.7160236306615,35.9517175990081,936683551915.5468,23345812.0,2.39559030532837,,55927000.89721873,AFRICA,5.161590012479591,,
EGY,2012,300070833530.761,39724498782.625,93161001.0,3220.99194201188,40.7117692721084,1.00234071774049,11.1781214545889,42.8118514138525,-0.5396816,2.45679305227732,103.904852847169,26.4,232.9567,5.3,866.240866672303,42.6414652957417,51.771621185884,39.2513148623634,929573873102.3944,23564393.0,2.43564009666443,,57394380.44435862,AFRICA,5.169440133868898,,
EGY,2013,306628779734.432,37269211963.503,95333553.0,3216.37839024454,40.373038056332,1.45343420769727,11.3523973339067,42.7514277188751,-0.795294,2.80726241263661,104.585398175604,29.4,228.7539,5.3,825.189960336054,46.5554819136137,52.3007390883681,39.8869544184046,920364391410.7777,23975130.0,2.47635960578918,,59371043.47554435,AFRICA,5.172535070944429,,
EGY,2014,315569804751.828,37483611026.9047,97528654.0,3235.66246235519,36.9201877934272,1.50925042253521,11.849765258216,42.6825522284408,-0.839702699999999,3.14561708192958,97.7313128919015,33.8946039115275,233.1055,5.4,832.772090858109,43.5968296522207,52.320985915493,39.890323943662,911829782867.1434,24331249.0,2.51775979995728,,61260240.61495077,AFRICA,5.184177005214098,,
EGY,2015,329366576819.407,44973045822.1024,99597342.0,3306.98159414141,34.8459429600229,2.10258128401326,11.7598919759401,42.6056314089048,-0.8381446,3.84187963570353,94.3962460363651,37.8193834276939,239.4139,5.3,810.817127279737,45.6930204523881,53.1705429845738,36.6302017267482,911211339545.8887,24778768.0,2.5598521232605,,63429981.87657933,AFRICA,5.20458225479395,,
EGY,2016,343682967577.042,52886164883.6125,101644589.0,3381.22246307712,30.2465490514505,2.43856278142762,11.4268841809995,42.5210717266225,-0.8445636,4.39685382563749,96.2091951594197,41.2480670885772,250.123,5.1,872.581407763809,45.0345425155358,54.4832841219458,32.4559533476046,918536937452.2068,25331181.0,2.58862996101379,700.0,65573054.08446325,AFRICA,5.22272966337751,6.886741408339995,2.065183046803412
EGY,2017,358053111989.475,60413303884.1774,103696057.0,3452.90961245976,42.8321343581608,2.98301550917695,9.57903662572827,42.4486008687179,-0.774614199999999,5.04732016956055,99.2884367821237,44.9502042452857,261.7067,4.9,897.218073562482,45.0086404762345,53.1699504909872,34.3958677753768,933023394463.7738,26006180.0,2.61768794059753,731.0,68076063.76700868,AFRICA,5.23386498586005,7.049448370057118,2.0856035636237524
EGY,2018,377141312302.884,60485615729.6546,105682094.0,3568.63966286365,45.9110196733959,3.10040077579187,7.94222279370794,42.4577177449969,-0.739756099999999,6.26825297386708,88.7420881346276,46.92433676792,256.219,5.0,870.813573488394,44.9185945189461,51.6422459388796,35.3298750589345,946857840470.2397,26021022.0,2.64707231521606,888.0,68879526.94982803,AFRICA,5.273025399029141,8.402558715386544,2.240981855999761
EGY,2019,398080548970.536,68972522767.8081,107553158.0,3701.2446344954,41.1240171551108,2.82732944960686,7.2855611150822,42.4812027332648,-0.749387999999999,7.04130696004296,88.6447815879102,57.2828663990195,237.0298,6.2,844.783013447093,44.6262157169763,50.7617519656898,35.8254244102931,968487471214.5358,26122610.0,2.67678642272949,1066.0,69924647.7742576,AFRICA,5.3093660280008415,9.911377962514127,2.3898060945747006
EGY,2020,412213064650.314,54812097339.9258,109315124.0,3770.86947868544,32.1262555667523,1.52462948997172,7.5399018301206,42.5181534630674,-0.789880599999999,8.5396308016812,87.2316871725819,71.91420096,246.184,6.7,805.259456646637,39.7460127211742,52.0271088645451,32.3694442999707,974875194993.7347,26238958.0,2.70683407783508,1453.0,71024505.6812834,AFRICA,5.331806754883143,13.29184788739754,2.6596892969053596
EGY,2021,425777537422.894,53235669307.421,110957008.0,3837.31992325256,29.8569734808122,1.20617861055665,7.55804355330102,42.5686062621468,-0.8185251,9.76582299335252,84.0866220906029,72.05599976,261.6313,6.1,857.821938469275,41.5138300696419,52.4773050081794,31.1876357851451,979367104551.469,27240999.0,2.75470471382141,1952.0,75040908.35450432,AFRICA,5.3268189193948725,17.59239939130298,2.9227528623289887
EGY,2022,453827104224.859,62755270180.154,112618250.0,4029.78295458204,36.9831048772713,2.39118080969079,7.26809053235575,42.6325129008032,-0.772813099999999,10.6832498285136,90.6794715776528,72.19806556,258.9936,,902.48842991302,42.2068092839445,51.4288499840612,32.7114314313038,993154019504.0496,27976390.0,2.80485892295837,2393.0,78469827.1236633,AFRICA,5.356682995125842,21.24877628625911,3.102287008729406
EGY,2023,470892276432.179,52311579891.5339,114535772.0,4111.3118479018,40.4504007720031,2.48546400695984,6.78850660732221,42.7098115041919,-0.7776875,10.8642477216638,92.8261626420085,74.01190186,275.8365,,928.39494742708,43.1460553382462,51.6487720818481,32.7344752545444,995807898420.381,29886073.0,2.85743236541748,2641.0,85397432.26542948,AFRICA,5.3376708370938815,23.058298327966916,3.1804799818594045
ETH,2008,31192831993.2611,,85543668.0,364.642208155735,,0.400997134132688,,16.7936706542969,-0.858252,0.0017488144183857,2.28482954460171,0.449999988,6.8646,94.1,368.652913303335,23.3535997886864,37.9001296082826,10.2068542889297,,35497999.0,1.26257908344269,,44819031.04146953,AFRICA,,,
ETH,2009,33938597623.7578,,88007636.0,385.632419711374,,0.682729366934427,,17.1511001586914,-0.891399899999999,0.0039746551083362,4.60380846952871,0.540000021,6.9098,94.2,368.44943557023,22.68705677205,38.7708154845259,9.68348044252178,,35497999.0,1.27201545238495,,45154003.2567455,AFRICA,,,
ETH,2010,38198074328.8086,,90538514.0,421.898622378633,,0.963030625359937,,17.4937839508057,-0.8369645,0.004536191084382,7.57025899497312,0.75,6.8811,94.1,368.268746003103,24.166909022745,41.7550740909194,9.43512813822331,,35497999.0,1.28152239322662,,45491480.63323616,AFRICA,,,
ETH,2011,42467968231.3241,10029494823.6555,93149970.0,455.909628648555,48.232935411689,1.96735663905254,10.3182460672537,17.863790512085,-0.847511,0.0068201846978587,15.1655003216856,1.100000024,7.9585,93.6,371.320232525157,25.2350078828693,41.4300565862634,9.6646421928884,43534684888.066315,35497999.0,1.29974734783173,,46138430.053583406,AFRICA,4.427475696289298,,
ETH,2012,46140518129.2398,14694336024.477,95798767.0,481.639999909808,45.3979041835072,0.643172898229037,8.30218871752089,18.2061367034912,-0.7490211,0.0089093004714768,21.4239594545095,2.900000095,8.9861,93.3,371.675426449938,24.5351118806919,38.5815204962798,9.47613796506918,56052286668.13999,35497999.0,1.3182315826416,,46794583.40237994,AFRICA,4.412783835532453,,
ETH,2013,51023232360.2629,16081589572.6369,98438751.0,518.324662208106,41.4717870807625,2.82040845857162,8.9554736783348,18.615514755249,-0.8458441,0.241842767793752,26.0536269908585,4.599999905,10.4416,92.4,375.85804849591,24.8586639702578,39.6700979759192,10.9445569914695,69331261907.36989,35497999.0,1.33697867393494,,47460067.63036383,AFRICA,4.429780787422979,,
ETH,2014,56256936828.9833,20003957960.9811,101115610.0,556.362532243867,40.7410841498626,3.33569111068815,9.24959184376664,19.0262870788574,-0.7533654,0.466085305720848,30.1536033852735,7.699999809,12.4047,91.4,379.902875684312,21.7734035744035,39.8920084959331,13.4713245062584,85868656772.98248,35691303.75,1.35599231719971,,48397133.6758412,AFRICA,4.439847293767478,,
ETH,2015,62103418181.8182,25258250741.6268,103867135.0,597.912113218663,39.6561241449515,4.22926466080082,9.01378857603043,19.451566696167,-0.805187299999999,0.460203316477344,40.7363012371526,13.8551755555556,13.5098,91.5,379.764413056995,24.819463870742,39.5457091545031,16.2977936386153,106833474675.96016,35884608.5,1.37527632713318,,49351252.57849209,AFRICA,4.4495709575927815,,
ETH,2016,67961933367.1549,27930212171.1429,106718162.0,636.835680951429,34.8990210816111,6.0502150951561,11.0526402184145,19.8763618469238,-0.798565,0.523809621083991,47.9993274246983,15.3669238595896,16.0312,90.4,383.271232956714,23.6646171631837,36.7245794030803,21.9325618536317,129422013113.30504,36077913.25,1.39483463764191,25.0,50322723.054940015,AFRICA,4.459914335104001,0.23426190567262578,0.21047314418900426
ETH,2017,74461941569.3207,31249860706.5351,109666481.0,678.98541915757,31.1036494929016,5.26039764214773,15.4931325929715,20.3084850311279,-0.782502799999999,0.0574013129864174,36.1094836260863,15.62440014,15.8736,90.8,381.746445734134,25.1283378535126,36.6336554444575,23.5819066692345,154200773164.1749,36271218.0,1.41467106342316,38.0,51311842.53971326,AFRICA,4.477290635202621,0.34650514590688836,0.29751245495318185
ETH,2018,79537377550.6924,30264606771.5431,112664152.0,705.96881207336,31.1993689777881,4.03228222144798,10.2500179989793,20.7838096618652,-0.7938799,,,15.88619995,17.4696,90.0,384.353883621329,23.9359544258576,36.4097339173082,27.3057073073258,176755341277.50925,36464522.75,1.43478965759277,45.0,52318920.11075628,AFRICA,4.482816973627111,0.3994171988264732,0.3360558633973927
ETH,2019,86189951997.3118,33845305758.804,115737383.0,744.702789740042,28.8152939292608,2.77536541538477,9.20441363031239,21.2486705780029,-0.7767788,0.137379985514274,36.2199307720652,15.98460007,18.4825,89.3,385.847616822769,22.7924418312934,37.1502538857618,24.8223642567601,201762879972.4378,36657827.5,1.45519435405731,66.0,53344263.610006794,AFRICA,4.5042137434639145,0.5702565436441569,0.4512390096063078
ETH,2020,91412658764.8075,32743871369.1448,118917671.0,768.705424484873,24.0061143414049,2.4279259279615,9.12947509959983,21.6260051727295,-0.8139468,0.178274598062049,37.4208472347226,16.06959915,18.0158,90.7,379.568149086532,23.9067499898344,36.8280723461663,23.1022952225268,224418607342.96072,36851132.25,1.47588920593262,128.0,54388188.314170465,AFRICA,4.513199764596731,1.0763749316953912,0.7306235519330182
ETH,2021,96569731966.5325,32649757343.932,122138588.0,790.657019602458,24.3450574655662,3.90520609775086,8.83582491865751,22.1067085266113,-0.9484534,0.399382380284272,52.8088633217211,16.6981031,19.0941,90.6,372.343233834902,23.7887266123944,36.5357433727102,21.8500262627975,245847434319.7447,37044437.0,1.49691438674927,268.0,55452350.69432697,AFRICA,4.523566715669254,2.1942287395691853,1.1613456626227954
ETH,2022,101708941223.239,35630068101.2137,125384287.0,811.177729337321,26.5954996964257,2.98033315911234,7.36173479629288,22.7367687225342,-0.9181925,0.45157652011053,56.9642988837987,17.9836998,18.3349,,378.635522850201,23.5261339843168,36.5535172722288,22.7175269594537,269185130704.97113,37044437.0,1.51901984214783,588.0,56271234.84419523,AFRICA,4.534147110946353,4.689582834250993,1.7386369298531548
ETH,2023,108415879001.877,37549531767.1834,128691692.0,842.446604881663,20.5982015071406,2.40146315356828,6.31777188485736,23.0586471557617,-1.03931399999999,0.534823180349513,59.8748744402242,20.33749962,19.0165,,382.175692692495,23.8032820424199,36.9795925806776,24.4836822236256,293275405936.90594,37044437.0,1.54227304458618,409.0,57132636.63697094,AFRICA,4.558132162951889,3.1781383370109086,1.4298657734074074
GHA,2008,31103809332.791,17686638000.9677,24249946.0,1282.63416886747,69.5142256111434,9.46643908231485,8.73165976762738,49.4708679942306,0.0965169999999999,0.0947630976167947,47.7132196500561,4.27,8.6514,57.3,276.023736903457,34.1712364799862,46.173896812569,19.3995645523361,323183112563.137,10210130.0,2.22704744338989,,22738443.913178418,AFRICA,3.8743574668026106,,
GHA,2009,32610629348.5193,13237073728.862,24862664.0,1311.63053760125,71.5947385281523,9.10808669100415,7.57424395572255,50.1111250897099,0.0402315,0.114231524023331,60.7694975888344,5.44,9.9181,51.9,274.268692555035,29.4002555482537,47.9362071143916,18.5140921293401,320261030663.84216,10210130.0,2.24304246902466,,22901755.204262752,AFRICA,3.92019267560479,,
GHA,2010,35186775129.0417,9893669914.1008,25474995.0,1381.2279503506,75.3778157916824,7.84948455261709,7.06949942103097,50.7296926788704,0.0192559,0.204455388509399,68.4473107845556,7.8,11.128,51.9,296.099589771501,26.371447386165,48.1811608328439,18.0149428066597,314141649044.75085,10210130.0,2.25915217399597,,23066237.38628147,AFRICA,3.998325362072654,,
GHA,2011,40129504915.3457,12422881484.6625,26095088.0,1537.81834019283,86.2954538549695,8.2558797134245,13.7885981215538,51.3304086646488,0.1772023,0.249660012642992,81.1104488323626,9.0,11.9922,50.1,302.776311436787,30.3930045479609,45.844878600683,23.8636600934779,310857448077.1758,10819656.333333334,2.28744721412659,,24749392.73749045,AFRICA,4.087665104889423,,
GHA,2012,43858655296.9198,17684091440.0726,26734268.0,1640.54072088003,93.1680351286831,7.98251565917851,11.7643463119471,51.9197918381031,0.1657172,0.254848945181518,95.8261770997433,10.6,14.4756,46.5,328.520151456093,29.0418637003495,47.5829502482676,27.1365335859295,312998667113.3895,11429182.666666666,2.31609654426575,,26471090.478048675,AFRICA,4.130408800742423,,
GHA,2013,47065830437.531,13061115327.7541,27386193.0,1718.59704769958,60.7593219028775,5.13479660884921,8.78317284558237,52.4985794475913,0.2017795,0.251203224924326,102.337999297675,15.0,15.3977,46.2,323.671149524462,24.2061546021841,40.5885509559734,34.0898222065997,310409849085.4741,12038709.0,2.34510469436646,,28232032.99001175,AFRICA,4.162028253638059,,
GHA,2014,48410143589.6826,13728202977.7144,28041592.0,1726.36930134647,63.8365624430783,6.15120635162518,8.26779337958511,53.0663398797148,0.1435263,0.250235435990938,108.270496910446,19.0,14.8352,47.7,321.354700935333,23.6327809168327,37.4136837490477,33.8982030516643,308617559608.9148,10444377.0,2.37447643280029,,24799927.041781392,AFRICA,4.27646784534123,,
GHA,2015,49436806230.4839,13354179345.1441,28696068.0,1722.77282833606,76.5212709243242,6.45737614178894,7.6804908567544,53.6226415210752,0.2011809,0.254850246382187,121.997156544235,23.0,15.6106,44.0,325.604049227551,33.8697351229232,40.515265169488,31.1193795046839,306540860973.61316,8850045.0,2.40421557426453,,21277416.02194193,AFRICA,4.399393222851765,,
GHA,2016,51104539956.3997,14987803484.5049,29356742.0,1740.81101902928,67.8769994445865,6.20782671803196,7.88693112799624,54.167052758274,0.2040096,0.294978237026438,130.481366086196,28.0,16.04,45.2,327.930479432879,31.3095383111133,43.9159268124684,27.6932546491989,306201621409.4374,10478175.5,2.43432760238647,17.0,25507311.842299655,AFRICA,4.315101599199629,0.5790833328848276,0.456844509615448
GHA,2017,55258774288.879,15141979147.9301,30008354.0,1841.44636153249,70.5483652904116,5.39035841681501,6.9570521307014,54.6991419779128,0.2800282,0.189313949042323,122.471765695646,37.88420105,17.3725,45.3,351.113971311685,29.3568301115867,43.4828610342125,29.9522176933621,306033519486.8956,12106306.0,2.46481657028198,25.0,29839823.63370416,AFRICA,4.291476434721959,0.8331013423795254,0.6060092550431295
GHA,2018,58684861220.5087,17133698801.7126,30637585.0,1915.4532323781,67.9585174644902,4.4440435772374,7.10478039787287,55.218477566593,0.1999325,0.199976597372149,133.609992432498,43.0,19.0565,42.1,378.657496575592,25.8232291377847,43.6785254609153,31.1777436281076,307865542314.2634,11851059.5,2.49568748474121,56.0,29576540.87507342,AFRICA,4.3553026452958115,1.8278203063328913,1.0395062051148427
GHA,2019,62503939826.8611,15416407029.1999,31258945.0,1999.55372220211,76.824802732152,5.67619931009197,7.04320381025923,55.7246279109161,0.1177125,0.187204014722826,130.70523333401,22.0732,20.2766,42.6,380.421155062376,25.0476126459012,45.1411499576786,31.1077243700312,307888672227.7501,11595813.0,2.52694487571716,72.0,29301980.240124427,AFRICA,4.424386316811985,2.3033406917603902,1.1949342872476096
GHA,2020,62825173619.4157,15689366868.8773,31887809.0,1970.19411460398,66.5754987162431,2.67937438514205,7.83341015600264,56.2171613974837,0.1110047,0.245771040587956,126.887391353856,62.51760101,22.9458,40.0,392.373098140481,30.1543666247493,45.1881802776604,29.8767542337189,308183605485.2399,11340566.5,2.55859398841858,82.0,29015905.272161137,AFRICA,4.435554584585814,2.5715156535213817,1.272990058501614
GHA,2021,66014472471.1465,16602172852.6703,32518665.0,2030.04866500967,62.7078309128346,3.18633188953992,8.00565308777829,56.6952556826536,0.0415219,0.352237707175248,124.402625384529,68.6,24.4916,39.0,382.191892428598,29.2960702713952,45.322010852638,28.4050146696866,309376598063.6482,11085320.0,2.60027527809143,164.0,28824883.545732494,AFRICA,4.488013807656657,5.04325746459764,1.7989431818992132
GHA,2022,68526223982.9084,16732460158.1462,33149152.0,2067.20895855521,70.1154557937915,1.93240124333448,6.65253432776561,57.250609602871,0.0021348,0.62494509663475,120.803416027053,69.91329956,23.7878,,361.562855486466,30.0880306483719,42.776031666238,31.4700505018425,310640228318.61194,11676139.0,2.64216780662537,227.0,30850318.571482945,AFRICA,4.47978943816954,6.847837314209425,2.060237992462246
GHA,2023,70678009775.3851,11900634014.1781,33787914.0,2091.81335596465,64.3878615301086,1.63794208218413,5.49933849271349,57.8074737774654,-0.0029916,0.555476730525596,98.8059221412722,70.67430115,23.2246,,369.331287865765,28.143601284493,43.1127691309747,29.466622381614,307008850916.85944,49714384.0,2.65867567062378,213.0,132174423.22084813,AFRICA,3.5690890330856906,6.304029304679774,1.9884261554258802
GTM,2008,49747576364.8647,9171767822.65724,13935174.0,3569.92861121538,65.1787305213103,1.89952208705823,9.16134519080737,50.1165894513633,-1.12228560447693,0.67814,107.273,8.3,11.5613,66.5,686.741509274567,28.167680837005,58.0395052646456,28.116816136255,167593212032.19135,5207685.0,1.71139764785767,,8912419.85978367,LATAM,5.182624021316162,,
GTM,2009,49984821614.6264,7967641422.42595,14215611.0,3516.19227725255,58.0406869738673,1.34627822535543,10.3456302167651,50.7420420912045,-1.01313829421997,1.09739,121.75,9.3,12.1995,65.3,721.330649706263,31.5886539218028,58.9373078751709,27.5259745150329,167181192853.00772,5207685.0,1.7365345954895,,9043325.164911736,LATAM,5.178765441400685,,
GTM,2010,51426471557.3669,7803037529.12253,14500112.0,3546.6258162259,63.1251925746222,2.71030706792051,10.6462476186343,51.3270380592706,-0.944123864173889,1.78619,124.606,10.5,11.7791,67.1,714.079473957746,28.6109743470696,59.4695981042423,27.4918265373292,166625170739.47986,5207685.0,1.76204073429108,,9176153.101356642,LATAM,5.198887358920949,,
GTM,2011,53567821946.194,8357478752.36645,14792126.0,3621.37409769184,65.0470510420457,1.87038244023626,10.3584830794978,51.8657469899423,-1.03141474723816,,131.686,12.3,12.1427,67.1,714.309783013341,31.96363951634,58.9769300915749,27.9436212267543,166651390954.8723,5347334.0,1.78243923187256,,9531297.907526024,LATAM,5.214945444264131,,
GTM,2012,55161308535.5737,8659090135.01893,15089647.0,3655.57315791242,61.9594193352042,2.82256297187213,10.5135030709737,52.3523385176,-1.08391964435577,1.85758,137.757,16.0,12.5792,67.4,734.097136106577,29.6585058561654,59.5278728385924,28.1234371173336,166977911542.1476,6055826.0,1.80307400226593,,10919102.422846077,LATAM,5.15521721711953,,
GTM,2013,57199419016.293,8788045395.24611,15387337.0,3717.30462628413,56.6852490208198,2.87216286478145,11.2879542377876,52.7809822766245,-1.09425866603851,2.29296,141.131,19.7,13.5353,67.2,739.005957657715,32.0186128972524,60.8392178032545,22.9529599737565,167417061360.28635,5766137.0,1.82394754886627,,10517131.447577108,LATAM,5.214960276086279,,
GTM,2014,59741348518.3759,9168745546.17998,15681725.0,3809.61587570091,55.0832735945126,2.43302117698753,11.2553838402906,53.1458479013964,-0.956323862075806,2.76586,107.844,23.4,14.5357,66.2,756.3332181076,27.4223137463517,60.89860411606,23.1927143718844,168214953838.45203,6060085.0,1.84506285190582,,11181237.712891681,LATAM,5.2169762298615545,,
GTM,2015,62186066547.6566,9027290313.35179,15971743.0,3893.50533299068,49.8934517710689,1.93508794944894,11.0881083257277,53.4411050262961,-0.95410692691803,2.87913,113.459,28.8059,16.9576,63.3,787.333802572449,26.8919069509211,61.4490109492331,22.7375104809835,168831496459.8812,6240885.0,1.86642253398895,,11648128.396033628,LATAM,5.22921190683317,,
GTM,2016,63851286764.0999,8871615655.22218,16268760.0,3924.77894837098,46.3727344722496,1.28045862124744,10.4403519389388,53.6609232857043,-1.03206479549408,3.11026,112.267,34.5093,18.0238,63.2,833.619564464987,30.3545322854983,61.8868465239048,22.6144392993251,169261537292.10928,6474584.0,1.8880295753479,2.0,12224206.080074307,LATAM,5.223370130613105,0.1229349993484445,0.11594579282417096
GTM,2017,65817811430.0879,9233978902.75537,16567357.0,3972.74057836068,46.0694033463258,1.39328931381397,10.5728190519411,53.7994723140017,-1.07728862762451,3.2051,120.638,37.9,17.0573,65.0,817.743037292834,29.9430077048577,62.4741378381976,21.9049014315292,170032439330.2592,6687966.0,1.90988659858704,10.0,12773256.635205772,LATAM,5.223555311101,0.6035965785007228,0.4722489681475722
GTM,2018,68060140995.097,9646774403.86502,16845685.0,4040.2121371198,47.0116852699223,1.25790065429015,11.1202600459909,53.845962303542,-1.0757360458374,,121.5,41.5,18.7397,64.0,833.896289644428,28.1314081003981,63.0590367876404,21.4264352094944,171177591767.61124,6915542.0,1.93199682235718,6.0,13360805.168877617,LATAM,5.225475592236203,0.35617429626637326,0.3046677183276193
GTM,2019,70794727937.1204,10493962166.1269,17103803.0,4139.12203836307,45.5167341512863,1.51707073546928,11.1070027458915,54.1882267267974,-1.10042715072632,3.42029,122.044,44.401,19.663,62.8,851.641218090737,29.3775212370689,62.5226120247046,21.9422533815816,173112674345.35757,7104989.0,1.9543628692627,15.0,13885726.688119922,LATAM,5.2358855812167615,0.8769979401657048,0.6296736601960471
GTM,2020,69530651433.0831,10022110504.6107,17357325.0,4005.83911593999,41.1407594507716,1.29230382378627,11.4719698943082,54.5483167911628,-1.10039258003235,3.52589,117.476,47.5123,17.6187,65.5,823.816459269202,31.9662189623904,62.0283285747385,22.3294622105607,174479151132.70038,7173905.5,1.97698783874512,12.0,14182723.92980673,LATAM,5.2013607851177674,0.6913507697758727,0.5255274817439004
GTM,2021,75122100458.9218,12011024174.6215,17598650.0,4268.62858565412,49.2611494576228,4.19448571319716,11.2203667881749,54.9047071553758,-1.11025655269623,3.47754,125.719,50.8416,20.2047,62.1,924.272879220565,31.1657290720303,61.9595480265753,22.2420507236704,177766217750.68683,7242822.0,1.98757970333099,10.0,14395686.002039168,LATAM,5.262487894930425,0.5682254036531211,0.4499446639266367
GTM,2022,78265598404.1417,12527263760.5357,17847877.0,4385.14891178047,54.4310384820058,1.51615526851124,11.4856903862176,55.2581228215265,-1.12746357917786,5.02439,115.156,55.4086,18.9518,,887.900483971214,28.3120937251037,61.7429085367337,22.6306600546867,181405170623.68817,6952417.0,1.99822843074799,4.0,13892517.31181565,LATAM,5.31951477508483,0.22411629125413626,0.20221918877160244
GTM,2023,81030845277.9723,13519321716.9963,18124838.0,4470.70728455461,48.2970707467356,1.58123029170621,11.2417426602033,55.6082319565539,-1.07527709007263,5.08083,113.709,56.0535,20.1279,,934.930920861207,29.6792763049113,61.4031875103546,22.3064386213323,185854233809.50006,7793895.0,2.0405638217926,31.0,15903940.167850235,LATAM,5.2578654052918985,1.7103601146669558,0.9970815097043038
HND,2008,17428555328.7177,5643294007.73366,8012587.0,2175.14709403064,135.748955193053,8.65020371949481,17.1148275892292,50.0312316063593,-0.971363067626953,,77.5119,9.6,8.6651,50.0,585.573728824361,30.6868037783563,59.6398707552753,25.9497768626944,103118372323.13324,2834807.0,2.02785754203796,,5748584.755172003,LATAM,4.588773850544653,,
HND,2009,17004757718.2843,3646341707.2934,8189899.0,2076.30859895638,96.9050060188904,3.38987200238321,18.6997382744106,50.6740175729851,-0.895501971244812,,102.452,9.8,8.1702,50.5,565.847197127184,30.0063567642572,61.0644184532867,26.0219596984677,101608795414.26997,2974704.0,2.04684090614319,,6088745.830867771,LATAM,4.531951187951133,,
HND,2010,17639229093.9667,3697269915.85862,8365878.0,2108.47314459603,109.441838241682,3.83460574737835,17.9264315738123,51.3273733161098,-0.875314056873322,0.0119533,113.617,11.09,7.9832,53.6,561.818507536758,28.5008525041351,60.6354456940853,25.5871307044098,100225625559.4151,3106650.0,2.06600213050842,,6418345.5187439835,LATAM,4.539113668651304,,
HND,2011,18315815357.186,4321438486.37141,8540583.0,2144.56265540491,122.216902597337,5.88681418228473,16.0643683897277,51.9908892304951,-0.905360877513885,0.670797,94.399,15.9,9.491,50.9,607.415805872968,33.3998623380405,58.2063339221402,25.8142160143128,99535782767.81575,3095994.0,2.1043074131012,,6514923.125116836,LATAM,4.569462806221592,,
HND,2012,19072018181.9071,4482437719.98394,8715076.0,2188.39378817891,121.188215808285,5.83610988955542,16.2017830432394,52.6641557109031,-1.1464250087738,0.703115,84.5665,18.12,9.9296,49.3,611.212692944522,28.4877328595734,58.6183421267834,26.1135718011836,99041431349.4089,3116411.0,2.14332270622253,,6679474.458221662,LATAM,4.595449232329598,,
HND,2013,19604424966.4102,4396632835.56468,8889278.0,2205.40126728067,116.306049247436,5.77862113948416,16.7338132476973,53.356379133253,-1.17302989959717,0.776115,87.3776,17.8,10.1202,51.1,613.620494738777,32.0934225590354,60.9736192281605,25.4093197152808,98485992617.50314,3340671.0,2.18306159973145,,7292890.577436464,LATAM,4.567841232717026,,
HND,2014,20203944075.628,4424746623.00439,9063122.0,2229.24772232218,112.97509728471,8.62899693066618,15.3323115474268,53.8768089124249,-0.943307340145111,1.7417,85.2365,23.0,9.9347,52.2,604.093043217727,29.4737326253674,60.1539431811467,24.510778796214,97986439609.63237,3314075.0,2.22353744506836,,7368969.858264925,LATAM,4.592997934805089,,
HND,2015,20979791685.416,4968645727.36376,9237305.0,2271.20265980349,107.26440535424,6.27594328427599,14.3052467695847,54.3828473751434,-0.942611634731293,2.13676,87.1292,27.1395,10.8188,50.8,659.394073401803,29.7472774328821,58.8330670461585,25.6499709386427,98055763356.5145,3476283.0,2.26476335525513,,7872958.35089637,LATAM,4.587430858173484,,
HND,2016,21796529142.7732,4602812412.72011,9412380.0,2315.72983058198,99.8157169505924,5.28156973350556,14.1139360855006,54.8868414578857,-1.1369264125824,2.34145,83.2181,29.5282,9.7321,52.7,616.39140542774,27.8161786141628,58.3803820722578,25.8278974975697,97755787601.40887,3513879.0,2.30675411224365,1.0,8105654.833176605,LATAM,4.607761068289689,0.10624305436032119,0.10096963877594965
HND,2017,22852116284.6356,5117004378.96624,9588137.0,2383.37398439714,101.813111079622,4.10592046689605,13.4984164607115,55.3877322339915,-1.06041383743286,2.48527,85.8717,31.7358,9.3472,45.6,537.592382183152,28.7616185448399,56.8495021190534,26.5389223099615,97985002600.30466,3667285.0,2.34952306747437,2.0,8616370.702502746,LATAM,4.614518033005458,0.20859109543386792,0.18945529724803895
HND,2018,23730778960.5382,5489458950.85325,9765210.0,2430.13503657762,103.551162215452,5.99386120691106,13.4622514861767,55.8852577716247,-1.05719459056854,3.63393,77.7101,36.0401,9.0061,48.9,565.077916293092,29.7635517651656,57.338998468411,26.5924587973715,98575211421.14267,3918774.0,2.39308500289917,6.0,9377959.289151192,LATAM,4.595091471929354,0.6144261106519983,0.4789795440815589
HND,2019,24338200129.3672,5325686106.80901,9943633.0,2447.61649282181,99.4599779937589,3.83846408231678,13.879034545863,56.3791561389766,-1.0414981842041,3.9259,76.0268,39.3884,10.1525,46.2,583.591911432311,29.4283957469446,58.0719777904225,26.7243168964313,98972136956.89453,3833404.0,2.43745470046997,16.0,9343748.598600384,LATAM,4.621334752766691,1.6090698439896163,0.9589937762024093
HND,2020,22156260473.8169,3903508506.00196,10119640.0,2189.43168668222,88.0008563836292,1.0106822391556,15.6611069089394,56.8691654042685,-1.01033341884613,3.92223,68.7836,45.2483,9.222,50.2,544.573855679284,36.5355643898854,58.9644517176275,25.357857215276,97927038615.05176,3658875.0,2.48264694213867,71.0,9083694.830417627,LATAM,4.549470414513506,7.016059859836911,2.0814470118591517
HND,2021,24940257609.6892,5521562016.27558,10289877.0,2423.76634916911,103.372643459918,2.84361329738544,15.6740308613565,57.3550236357547,-1.08797383308411,4.09584,73.4772,51.9516,10.3706,45.9,569.966470568883,30.2857858448489,58.0294458309237,25.8201593146773,98552248700.57474,3719525.0,2.51610469818115,22.0,9358714.327502243,LATAM,4.646218652920005,2.138023612915878,1.1435931791123184
HND,2022,25973672631.7766,5667217873.03185,10463872.0,2482.22384904714,112.698524913966,2.41292398026651,14.2760938647873,57.8364689017254,-1.0175416469574,4.4098,75.8551,56.3896,10.5707,,573.344445082903,29.6637651594529,57.1227381730412,25.9084247689488,99291854138.57784,3635076.0,2.55060124397278,35.0,9271629.367535597,LATAM,4.690278692304769,3.3448421387417584,1.468989426352339
HND,2023,26902451582.3921,6303672947.62723,10644851.0,2527.27366333188,98.7919798336365,3.16136364280263,14.9293299388294,58.3132392705102,-1.09500813484192,4.36213,74.4148,58.2789,11.8491,,593.629550840537,30.7188969730187,57.571815931058,25.824819269639,100630934379.27617,3690514.0,2.57758903503418,38.0,9512628.420040132,LATAM,4.704044307365233,3.56980102398803,1.519469664349491
IDN,2008,591893632243.067,184237385408.536,240157903.0,2464.60193418272,58.5613996312961,1.82632902403998,8.42378092010217,48.4644736032029,-0.5772889,0.408715260975609,58.5357555358068,7.917500019,397.2554,41.1,632.507070175417,19.5262477219201,37.457515026462,48.0607447690172,1648404412887.5342,102301303.0,2.3686728477478,,242318318.70532057,ASIA,4.712056849585686,,
IDN,2009,619291626017.383,190305080122.404,243220028.0,2546.21969707767,45.5121213687054,0.90391941965406,9.58917814654342,49.16775798133,-0.5530581,0.766310659252124,67.2958400448831,6.92,411.3491,38.2,674.894542379565,21.1492894131616,37.0577298834625,47.6521225811621,1756289272365.5615,104678053.0,2.39260053634644,,250452765.75150108,ASIA,4.713656021622352,,
IDN,2010,657835433773.518,206445369673.4,246305322.0,2670.8129098953,46.7012738758737,2.02517914569356,9.00591499311107,49.8521375148888,-0.6518311,0.925808659546544,85.7838690956097,10.92,443.682,36.0,674.428442918075,18.8209823158519,40.6659902908934,42.7758663362749,1874920178420.6833,107806670.0,2.41677021980286,,260543949.5521144,ASIA,4.725481739122962,,
IDN,2011,698422460479.197,224735627806.657,249470032.0,2799.62468790318,50.1800131841104,2.30298429381592,9.05867718048359,50.4830017089844,-0.285231299999999,1.09687683849738,100.134519965107,12.28,499.9362,32.4,670.381187274325,19.8110740394032,40.5846042111279,43.9134234267133,2005909797306.3062,109723753.0,2.40213108062744,,263570837.36438832,ASIA,4.754207138051045,,
IDN,2012,740537688618.414,245242939943.775,252698525.0,2930.518445323,49.5828982992627,2.30978031853073,9.24878837149533,51.1593933105469,-0.3852324,1.18045801810675,111.581048999,14.52,504.2572,30.1,685.571308766816,20.1620125202947,40.8733748934867,43.5937444233376,2150857247384.7656,113536802.0,2.38758063316345,,271078269.60651326,ASIA,4.77008490545294,,
IDN,2013,781691320690.699,257530293663.011,255852467.0,3055.24246006469,48.6373726752893,2.55135633401058,9.51771996272418,51.8307495117188,-0.419998,1.27096683417948,122.424816798816,14.94,474.9651,30.6,701.22584018312,19.3504477992516,41.5165374799893,42.6356774375889,2300844678678.538,114345342.0,2.37311816215515,,271355007.85804206,ASIA,4.799911637053745,,
IDN,2014,820828013230.588,268988067231.643,258877399.0,3170.72103011429,48.0801755855227,2.81997260412102,9.4250257185865,52.5002136230469,-0.338428,1.31336301010966,125.767185647597,17.1431598350566,505.0762,29.3,710.040590892745,23.9061448888613,42.2421853142869,41.9283421270033,2454790511976.254,116398974.0,2.35874342918396,,274555315.0862546,ASIA,4.818476398134338,,
IDN,2015,860854232686.214,282462858810.417,261799249.0,3288.22269725538,41.9376402415294,2.29761639380441,9.74941376966575,53.1720771789551,-0.3812221,1.52139473860752,129.468797674053,22.062742603379,512.3973,26.6,704.248178401597,25.6063125890807,43.3090809246806,40.0478624042506,2614513845187.858,117833010.0,2.34445571899414,,276254274.1807937,ASIA,4.840015293054524,,
IDN,2016,904181621780.388,295097785405.692,264627418.0,3416.81005170972,37.4213418023318,0.487372471368879,9.52781009028137,53.812557220459,-0.321809499999999,1.9753784545485,145.704251250337,25.447353701827,507.0965,27.8,724.416482652765,20.9556285202781,43.6417488094502,39.3084439802081,2778885938334.1567,119529835.0,2.33025455474854,1177.0,278534942.43709147,ASIA,4.862436009196783,4.447762854263273,1.695205038946655
IDN,2017,950021694164.001,313258026441.979,267346658.0,3553.51999262321,39.3554970704606,2.01948919812582,9.12057115207813,54.4541015625,-0.3165999,2.32504234259027,162.782511760443,32.335806250688,535.7474,25.2,761.410391560642,17.8027910767602,43.6140553296427,39.3791548040237,2953199667859.4277,122780636.0,2.31613945960999,1800.0,284377075.91561085,ASIA,4.877104470242365,6.73283149849586,2.045475095462669
IDN,2018,999178586309.021,334170649691.748,269951846.0,3701.32155461912,43.0743089552002,1.81428979349441,9.02123180420785,55.0956840515137,-0.2197187,3.28729591276809,118.330216938024,39.9046386385762,596.4692,22.0,832.361861659109,20.3645339845943,43.4048373057688,39.7297374523848,3139710334158.204,126675011.0,2.30210971832275,2631.0,291619773.8917413,ASIA,4.889771394353803,9.746182658073026,2.3745505899355757
IDN,2019,1049330233997.45,349049205908.843,272489381.0,3850.90321738979,37.6277775357108,2.23336204282241,8.80847129067065,55.7382049560547,-0.1919729,3.77422560918071,125.244348145809,47.6906489788375,637.5692,19.8,850.737725717128,23.9728901300149,44.220745839176,38.9517679950779,3331774023359.1367,131895948.0,2.28816509246826,3289.0,301799704.0516088,ASIA,4.895660917556654,12.070195131750841,2.5703344572684355
IDN,2020,1027656193885.38,331732641828.495,274814866.0,3739.44906563161,32.9721754002427,1.81058402027127,9.65575053126545,56.2785287648768,-0.1479773,3.92993769121646,129.40362112725,53.72649449,596.2839,21.9,856.09619536168,18.8647326240401,44.4134399516292,38.2383937187942,3496917964019.675,131187157.0,2.27430486679077,3864.0,298359589.62554485,ASIA,4.865309199255609,14.060374739698398,2.7120671051762715
IDN,2021,1065709127396.86,344348989011.087,276758053.0,3850.68877253903,40.2047582749671,1.7878556314554,9.24694161503832,56.8761702464027,-0.1436778,4.4874632789818,132.199444256099,62.10447842,622.6868,20.2,902.233603991512,19.9850538348218,42.8228206251521,39.8448191919686,3666421054829.778,130518159.0,2.29713678359985,4563.0,299818063.9666338,ASIA,4.881932394478257,16.48732512220701,2.861476339781884
IDN,2022,1122268412650.2,357675312388.355,278830529.0,4024.91225288391,45.4646701959453,1.87264100861425,7.68965394773072,57.4934704226599,-0.1291182,4.82151507878823,122.873012230307,66.48461277,722.6996,,958.649355730549,19.7659265420197,41.7909255847112,41.4292641760979,3840775314476.6436,135208374.0,2.32053375244141,5095.0,313755595.47972155,ASIA,4.887848569351675,18.27274803183406,2.958692078996527
IDN,2023,1178929850175.16,371127116988.787,281190067.0,4192.64401034181,41.4604765447233,1.57116966408747,7.4548740846574,58.1179353397878,-0.0817572,4.81663955789733,125.238194847046,69.20836554,772.5618,,982.414925134717,20.8444642120249,42.8792527670573,40.2157519921814,4019863665741.598,139242444.0,2.34451293945313,7156.0,326455711.6790778,ASIA,4.895360896232573,25.448978608479795,3.2752175416222022
IND,2008,1312424303400.29,387111067148.485,1207930964.0,1086.50605251005,53.3682204392226,3.6205232354017,10.5384811563533,30.1438485921815,0.1618552,0.437111073178848,28.7177007907217,4.38,1519.7704,39.4,481.553027437162,51.2664820637014,45.8825499068249,31.1367192409548,3337801586467.988,375343780.0,1.9216468334198,,721278186.2808181,ASIA,4.5524323860410725,,
IND,2009,1415605643151.34,416829118260.316,1225524753.0,1155.10163273817,46.2728696428837,2.65159033235479,11.459667419691,30.5185314023263,0.150293,0.632032113675308,42.8461358054675,5.12,1621.1797,37.4,509.446000134302,52.2626731220367,45.9848828116978,31.1213721116744,3587740625404.9043,375343780.0,1.94374537467957,,729572736.2897462,ASIA,4.595407994793771,,
IND,2010,1535897931719.55,462872670734.466,1243481564.0,1235.15939132939,49.2552064974161,1.6350340943491,11.0076078674499,30.9042190810094,0.0630896,0.883808841093522,60.4906435106584,7.5,1730.0542,36.2,531.86706609011,51.7188200456979,45.0337495625601,30.7250782285817,3871226264869.1245,375343780.0,1.96609807014465,,737962681.4987981,ASIA,4.642916465524946,,
IND,2011,1616399198833.97,518847632198.934,1261224954.0,1281.61054354937,55.6238800135298,2.0020634629993,11.0844615855594,31.2746502853309,-0.0132833999999999,1.05858887089543,70.8725652125021,10.07,1845.6437,35.0,546.675890208969,55.0258281992835,45.4421452512796,30.1616797630407,4196512583824.602,384949088.0,1.98789155483246,,765237041.0756575,ASIA,4.642173307896339,,
IND,2012,1704596203504.08,544473914757.747,1278674502.0,1333.09626557649,55.7937217287511,1.31293453035323,10.6838562318127,31.5898935604399,-0.1308812,1.17169600055105,67.6263517922249,11.10000038,2015.2876,34.8,572.133085479526,53.0196291324327,46.3011472980511,29.3985276965289,4531160869391.118,394554396.0,2.00992655754089,,793025358.9149051,ASIA,4.645261875619475,,
IND,2013,1813453530765.84,552977528627.17,1295829511.0,1399.4537980281,53.8441319466777,1.5162764665975,10.2951601419598,31.9096789235237,-0.1159615,1.15197793176359,68.3966708179098,12.30000019,2072.6256,34.9,577.254621645988,52.2693789873114,46.6987147692338,28.4048995600246,4857580354548.732,386691854.1666667,2.03220582008362,,785837436.6164265,ASIA,4.688738296646836,,
IND,2014,1947834564909.58,567372901989.407,1312277191.0,1484.31640682961,48.9221857470669,1.69565958990806,10.4408568081213,32.2288233408821,-0.165636199999999,1.20020374567342,71.9366825449914,13.5,2237.6647,33.9,610.165371779455,51.6872206933655,47.8224137556558,27.6564012026443,5182074238810.703,378829312.3333333,2.05473208427429,,778392742.514866,ASIA,4.74377796106403,,
IND,2015,2103588360044.94,604427075366.936,1328024498.0,1583.99815907985,41.9229138658647,2.09211521443253,10.4282907091862,32.5472990022299,-0.1374229,1.27578595315943,75.379332347226,14.89999962,2278.2296,33.4,622.339883988149,51.4355933740253,47.7837481204463,27.34739147794,5527397602237.104,370966770.5,2.07750797271729,,770686423.3269352,ASIA,4.804592479304263,,
IND,2016,2277267041549.85,655552238064.464,1343944296.0,1694.46534973787,40.082485713276,1.9373641224439,10.3085480747222,32.8650780972823,-0.0823440999999999,1.38795276378032,83.917838213735,16.5,2311.9771,33.0,627.273531026365,54.4218755239322,47.7494012900074,26.6189999399789,5906579960189.712,363104228.6666667,2.10053634643555,10337.0,762713629.8587785,ASIA,4.867460763034247,7.69153902491804,2.162350026578932
IND,2017,2432016068498.23,706699366177.944,1359657400.0,1788.69770318481,40.7424969545225,1.50731583255894,10.7671989547856,33.1821328157539,-0.0399917,1.31327377028949,85.9703537817688,18.20000076,2441.2015,32.5,648.014718317903,55.1724251484484,47.6708899682407,26.5000166464804,6317950328358.17,355241686.8333333,2.12382006645203,11552.0,754469422.9369012,ASIA,4.916704651490804,8.496257954393512,2.2508978214701694
IND,2018,2588974770244.48,785871380821.785,1374659064.0,1883.35772705055,43.6169693323889,1.55821483801456,10.8232185258548,33.4984353473598,0.020334,1.3217822859385,85.5500756367908,20.0813000379384,2556.7189,32.9,668.303370218852,56.6795240921875,48.4315663156522,26.4120919013735,6787924192762.046,347379145.0,2.14736175537109,14136.0,745948690.5865085,ASIA,4.961516073598949,10.283277046795074,2.42332172221053
IND,2019,2689205295885.26,794883609043.541,1389030312.0,1936.03067741063,39.9054035306442,1.78482633957161,11.0026755133718,33.8139578818147,-0.0201063,1.37913181839908,82.898144918237,29.52350044,2551.4851,33.5,666.977347524506,53.5981486621548,50.0849578546822,24.5914753075066,7243411592167.484,379952360.0,2.17116451263428,16058.0,824939080.5236444,ASIA,4.911344072992101,11.56058284781333,2.5305635650440492
IND,2020,2533830417086.36,738477753555.943,1402617695.0,1806.50110583865,37.7581053292768,2.40620322673636,11.6124524106018,34.1286726088333,-0.1029725,1.63622632751685,82.2540479927426,43.40544313,2356.959,36.1,632.239828540427,52.1933674059995,47.9326881092162,25.1229058078344,7619718766115.053,386824866.0,2.19523119926453,20668.0,849170014.4945211,ASIA,4.815286585444904,14.735305332077678,2.755906934972378
IND,2021,2779348258938.28,867868706472.122,1414203896.0,1965.30943437472,45.4230887840446,1.41217101040888,10.4763782400684,34.4425517181304,-0.1841026,1.9487996093033,81.603974311212,49.2580986,2597.9343,34.9,676.814293488143,55.6234726382873,47.8472234596709,26.466523606501,8106601534281.422,406349847.0,2.2041015625,29070.0,895636332.6943359,ASIA,4.851463373040605,20.555734630786226,3.070641889306395
IND,2022,2990839011962.06,941161453067.492,1425423212.0,2098.21124476122,50.6979382758042,1.53665241748393,11.0688036450937,34.7555673994206,-0.1104884,2.35231555917724,80.1818007717416,55.9,2807.0805,,727.902200094024,50.6577446303517,47.1727519374304,25.6040259797277,8642432910634.843,444845808.0,2.21300768852234,31400.0,984447193.3109328,ASIA,4.8409442031394985,22.028545442264065,3.1367345525789134
IND,2023,3206485223026.3,1009423253895.84,1438069596.0,2229.71491223037,46.3229520582338,0.802254995836756,10.6054981056988,35.0676918424186,-0.0879069,2.74534696441771,80.5631998772888,60.25230026,3014.5226,,763.197899394641,54.0522242217331,47.5864648020094,25.5525555206094,9219734518998.941,471885685.0,2.28326201438904,43831.0,1077438659.694452,ASIA,4.829263838938125,30.47905339346316,3.449322353003796
KAZ,2008,134968901021.859,31417423187.8303,16426525.0,8216.52181589585,94.2948046483658,12.6039290016987,10.1884933177761,54.1287736358813,-0.790813,2.0533862152829,90.7713165139918,11.0,248.432,1.1,4253.35380920843,21.3133291700678,52.104868253495,40.2502455752721,350290842302.50494,7857200.0,3.25851893424988,,25602834.97018816,ASIA,5.236760988696195,,
KAZ,2009,136588527833.35,31166083801.4338,16619846.0,8218.39912556048,75.7660674636533,12.3805834457831,11.6629260943621,54.1167144748885,-0.7351078,3.4738228019682,102.667617979132,18.2,224.4825,1.3,3819.51468551316,20.807377086993,53.9952116833093,38.4314808509372,363942383988.8135,7903300.0,3.24428749084473,,25640577.326393157,ASIA,5.234350945541861,,
KAZ,2010,146559490369.689,32350394986.289,16836810.0,8704.70655484556,74.1382658957842,5.03630628288047,10.812344717753,54.2054127497102,-0.7753761,5.16487386862476,115.239169415109,31.6,242.1984,1.4,4105.7018942109,20.957793021418,51.6800394874896,40.6024221199984,378095659775.6618,8114100.0,3.23011779785156,,26209498.82354734,ASIA,5.2771915917235575,,
KAZ,2011,157404892659.159,33450308415.451,17066002.0,9223.3021336315,73.1178570509129,7.14351039762779,10.4758481012217,54.3996086425518,-0.5864784,6.99285046374658,147.90107255349,50.6,262.6296,1.4,4532.00308919896,20.658217702199,48.8890328062873,37.2660880953566,392641185202.3297,8301635.0,3.26728224754334,,27123784.661084455,ASIA,5.313081534326333,,
KAZ,2012,164960327499.374,36761888948.6096,17306106.0,9531.91477617058,73.7237324891671,6.56164821145973,11.5216030974968,54.69208192838,-0.643061,9.46082267148947,174.709434924298,61.9066274652008,258.8083,1.3,4270.24340373999,20.7632597816078,51.3898529954355,36.3028533254093,409771014890.8228,8507152.0,3.30487442016602,,28115069.033264197,ASIA,5.321687757601948,,
KAZ,2013,174857947143.911,38783792841.3466,17556502.0,9959.72586930534,65.4076093299538,4.23069709209016,10.17335661126,55.0779764821252,-0.679818399999999,11.1572510287072,172.955295992334,63.30422443,276.1147,1.2,4645.78037421422,21.5126209777495,53.1795606876032,33.6988156382046,428066256987.6283,8570800.0,3.34289908409119,,28651319.46992877,ASIA,5.352387875664645,,
KAZ,2014,182201980933.864,40490279726.6587,17816285.0,10226.7100539683,64.9720346513507,3.3006311188168,10.6896762840233,55.5524361787178,-0.5977257,12.0563854922617,160.502596360577,66.0,233.0134,1.3,3698.18319229425,21.0581359557609,54.8385964696408,33.2094258316125,447153223864.9056,8641918.0,3.38136124610901,,29221446.617251884,ASIA,5.365454433540835,,
KAZ,2015,184388404706.042,42190871475.1398,18084169.0,10196.1226255982,53.0497288072652,3.56737402233377,11.6327261488061,56.1106048930882,-0.4919324,12.7238359694604,145.482493555551,70.82993359566,202.7539,1.7,3050.9438545054,20.4100787212913,59.297627869996,30.8547873936113,466986434146.80005,8623754.0,3.42026591300964,,29495531.848380536,ASIA,5.356125073451537,,
KAZ,2016,186416677156.152,43456597619.3169,18363600.0,10151.423313302,60.3115965864153,12.5466202801438,11.6308534068253,56.7476265001667,-0.510937699999999,12.7965104881396,139.051166437953,74.5877264735738,216.1249,2.1,3389.09731833891,19.0781512426342,57.857435042574,31.9797903606788,487093710058.7769,8514316.0,3.43712115287781,90.0,29264735.625885982,ASIA,5.357416415830455,4.900999803960008,1.7751217948535445
KAZ,2017,194059760924.352,45412144512.3499,18651931.0,10404.2718646317,56.825387935971,2.85205738000704,10.5359417828743,57.4586448748837,-0.4614698,13.8114386119057,143.112796203246,76.4267482325439,226.4516,2.0,3404.26707460291,20.2247266404274,57.304415099355,32.3252253010728,508151169068.188,8585200.0,3.45405912399292,112.0,29653788.391304016,ASIA,5.374201018921088,6.0047402062553195,1.9465870921997808
KAZ,2018,202016211108.857,47864400315.4659,18932727.0,10670.2120148279,63.5279565118188,0.196995426846668,8.32120070703086,58.2388038921695,-0.3704992,13.0002402717791,137.674831523214,78.9039190578816,229.3799,1.9,3814.13873379292,19.3045522190598,55.454732268099,33.4962004017876,530608010930.24445,8660636.0,3.4710807800293,137.0,30061767.162429836,ASIA,5.390365428939372,7.236147228024785,2.1085326651622482
KAZ,2019,211106940610.612,54469687559.0869,19209555.0,10989.6840718388,64.8586165517565,2.05367649290766,9.13216157597614,59.0832474269546,-0.430970199999999,13.0799490149564,133.879728083238,81.8776204746284,218.8149,1.9,3753.15793323889,20.6684838968766,55.5282559332057,33.028795913527,558547297942.8191,8760525.0,3.45479321479797,202.0,30265802.32806799,ASIA,5.412025022719595,10.51560017918166,2.4437026534238497
KAZ,2020,205829267103.2,54360748183.9205,19482117.0,10565.0359816235,57.0264423660931,4.21199990309163,12.742044005777,59.9871193541692,-0.4154444,13.4502836627046,124.698460644703,85.94259898,225.4957,1.8,3388.38789091494,20.087431214828,56.1027808941057,33.0977971542858,584980681229.5986,8732000.0,3.43867182731628,252.0,30026482.39612576,ASIA,5.375683537686212,12.93493925737126,2.6343993019270133
KAZ,2021,214679925583.069,55774127636.348,19743603.0,10873.3915275276,58.6686085779207,2.31675874599247,11.2703470377122,61.030254280267,-0.4655785,13.946795830528,123.943942754522,90.9239507,241.9078,2.0,3540.40029844449,20.7882543073739,53.9193570155211,35.2669295966944,611505774804.4667,8851769.5,3.42271423339844,336.0,30297077.458412193,ASIA,5.3964322771175315,17.018170391695982,2.891380714933117
KAZ,2022,221549683201.099,57893544487.1245,20034609.0,11058.3482413407,68.3343147415612,2.25355434978679,10.499269785365,61.444157327248,-0.440637699999999,14.4739535470844,125.641583521795,92.29685266,246.5276,,3506.54555005386,18.9935714383546,52.6439186616041,34.9793974237581,638824030551.3678,8971539.0,3.40691876411438,309.0,30565304.56208396,ASIA,5.406905044101485,15.423310731943907,2.7987017117112867
KAZ,2023,232848717043.771,67793340594.0799,20330104.0,11453.3952725363,62.3342837675021,2.18589516942702,11.2471234717129,61.7560919499181,-0.3777888,14.3457210056574,127.114775212168,92.87846096,255.4342,,3650.54759330848,19.5961413356991,56.3444686710489,32.4284843310401,674676169617.8794,8971539.0,3.39128279685974,488.0,30425025.872056235,ASIA,5.440525833491428,24.003812277595827,3.2190283043464474
KEN,2008,49939962360.0343,8533065160.6435,39206351.0,1273.77226103073,57.5785986473131,0.266291327300955,15.6739794237589,31.4230276259143,-0.9124338,0.0083710927344398,41.5840102028368,5.199999809,10.5703,78.2,456.15344235827,20.9604398892789,50.1247655109144,18.5827717274425,67353514746.88195,15127639.0,2.1178126335144,,32037504.989445142,AFRICA,4.6738884709319315,,
KEN,2009,51591446859.569,9383719083.3532,40408891.0,1276.73503486074,45.9451918127805,0.274534230856511,13.5545947939366,31.8603086707305,-0.9557808,0.0450395928955338,47.9215304374475,6.1,12.4742,75.6,470.588388726011,19.4667390556751,58.4144115871026,18.386624667775,73369558092.89105,15127639.0,2.14172887802124,,32399301.30258035,AFRICA,4.669179685561444,,
KEN,2010,55748929986.1062,10962856275.3738,41598567.0,1340.16467408856,50.3942873502834,0.392164287395035,12.9529718175577,31.8713287706458,-0.8769138,0.016505376254908,60.0234402305252,7.2,13.4828,74.0,469.595821222952,21.8052114949046,56.99824606755,18.5746727706851,80663936463.62029,15725613.42857143,2.16591501235962,,34060342.203506894,AFRICA,4.681010171950954,,
KEN,2011,58603891851.295,11185555110.1459,42758461.0,1370.58000874482,58.4022059745625,3.09471103381268,12.6846420216244,31.8673949025409,-0.866718299999999,0.126627569687319,65.6730161546273,8.800000191,13.8759,74.7,472.715162690229,21.8008758316208,55.2138923736953,19.6629008334867,87816294750.58517,16323587.857142856,2.18529486656189,,35671852.74808629,AFRICA,4.671170303473984,,
KEN,2012,61281315911.5794,12602729513.2414,43888303.0,1396.30178709756,51.6236920232481,2.44725940988928,12.2713774212109,31.8558130142761,-0.7864458,0.123832539161972,70.0226527327794,10.5,12.8926,76.2,462.749845582612,21.0458966700434,55.6497106996552,19.26155255789,96028209526.2973,16921562.285714284,2.20484805107117,,37309473.62673655,AFRICA,4.655380499785,,
KEN,2013,63608687382.8764,12906409742.4761,44986791.0,1413.94142522583,47.4646425127304,1.81417037253291,11.8426259978213,31.8324454433988,-0.7406402,0.164812822501609,70.7541086893706,13.0,13.8937,74.3,471.435474475568,21.3128534778781,56.0807083434218,19.0802591143975,104133208792.45854,17519536.714285713,2.22457599639893,,38973540.84262977,AFRICA,4.635932225395004,,
KEN,2014,66801914096.6185,15467446342.3557,46051440.0,1450.59338202277,46.170489362216,1.20220842439576,11.7424945888753,31.7931545274563,-0.5508657,0.221085377569084,73.0327455558393,16.5,15.7052,71.8,497.485664126512,18.9023424497821,56.9548463607011,19.0360328023672,114393994695.19131,18117511.14285714,2.2444806098938,,40664402.45967772,AFRICA,4.624416161094672,,
KEN,2015,70120446896.8359,15490333708.9657,47088526.0,1489.11959777284,40.3273846919019,0.883799936312692,12.7266800758884,31.7338026039958,-0.6423593,0.286921276745847,80.0958263165851,16.5878548475992,17.0005,69.2,530.458901047223,18.820575680392,56.1313780292221,18.8940456983605,124164628669.39745,18715485.57142857,2.26456332206726,,42382402.17973615,AFRICA,4.6173158456708965,,
KEN,2016,73074983895.0953,14906862761.8627,48139687.0,1517.97796057742,34.8650195731824,0.627591266355583,12.609768629814,31.6502520105647,-0.612463299999999,0.275660288360412,80.9772361004341,16.6,18.5033,68.3,533.407778503543,19.368281863389,56.4465087468317,18.1621592865164,132863259997.79027,19313460.0,2.28482580184937,34.0,44127891.73098574,AFRICA,4.608655023031922,0.7062779614665962,0.5343143674895867
KEN,2017,75879571212.3885,16100669221.4142,49197766.0,1542.33773973372,35.9950578754074,1.64083690398642,12.3350790178839,31.5383650847102,-0.5442175,0.586008315906052,87.026530838819,17.82710075,19.2464,68.1,538.606903918261,18.1123098167473,55.8541060679002,17.5035092078691,142320766219.31494,19117153.666666668,2.30526947975159,29.0,44070190.88748787,AFRICA,4.623099879333502,0.5894576595205563,0.4633928634049718
KEN,2018,80165208728.3956,16037710236.2892,50207107.0,1596.69045914945,34.4147531767425,0.832686217791619,12.3486893953272,31.3940041639796,-0.5107269,0.739931101786048,98.5944679106884,19.5,19.1369,68.7,546.495296692888,19.831438788068,56.0189509830887,17.313146131064,151242438144.63837,18920847.333333332,2.32589602470398,41.0,44007923.59663089,AFRICA,4.65768080609681,0.8166174561700996,0.5969762312934129
KEN,2019,84264984851.3549,16759615840.4237,51202827.0,1645.70961777862,31.759461841481,0.468168547481475,12.1707972873275,31.1895566421135,-0.559008899999999,0.959288829892146,106.547822056778,22.6687733618171,19.4769,68.1,543.883187157453,20.2519023152347,55.9598629656759,16.9305452274709,160439932077.83014,18724541.0,2.34670734405518,80.0,43941017.87876232,AFRICA,4.687884129623702,1.5624137315699385,0.9409496781690188
KEN,2020,84035138346.859,17144236973.4238,52217334.0,1609.33414078281,30.3991387830411,-0.0053684543935162,12.4776599686236,31.2063494632616,-0.5784344,1.29112489733773,117.602526394779,24.7227993,19.1646,69.0,534.753957479746,22.7039455998975,53.9774355183867,17.4002876322786,169562172447.36243,19149904.5,2.36770462989807,94.0,45341317.54675589,AFRICA,4.645406918288211,1.8001685034322128,1.0296795951676456
KEN,2021,90413816676.9795,19000168571.7176,53219166.0,1698.89578271444,35.0020477795269,0.382593996518954,12.1468578016243,31.2879334021971,-0.445618199999999,1.48254108303764,122.297519656734,26.96290016,21.5155,67.7,539.778643234306,20.7417100078724,55.1214442175046,17.1524357767952,180084232396.71188,19575268.0,2.475581407547,119.0,48460169.50854975,AFRICA,4.654256943050122,2.236036543676765,1.1743492919868588
KEN,2022,94807911027.625,18842072644.378,54252461.0,1747.53198804428,40.2753238373561,0.691645983068062,12.2133041039933,31.4307820066946,-0.4245656,1.47646942688922,121.168999135357,29.40589905,21.9726,,541.12804988998,20.77459729359,55.4146210848294,17.5274480968435,189922093421.25427,19575268.0,2.57906222343445,164.0,50485834.21240524,AFRICA,4.656478591983701,3.0229043434545764,1.3920041152687512
KEN,2023,100230916344.516,19203705184.025,55339003.0,1811.21651838425,40.9337677377556,0.472521238226254,11.7769650802435,31.6330340816429,-0.427558899999999,2.38882511128724,120.612416887959,32.07040024,21.2679,,544.940571966597,20.252365609383,55.4743471461612,17.1222148239844,199629693934.21655,19575268.0,2.60687518119812,217.0,51030280.31450176,AFRICA,4.687682704419625,3.9212849570130492,1.5935696665298402
LKA,2008,55876443144.8859,,20629378.0,2708.58593724377,63.369043608222,1.84752962305149,16.1831662314354,16.2762363395441,-0.185381699999999,0.494062399748553,53.721706975363,4.824500084,13.3044,61.6,437.226211399681,26.6588419896468,57.2496044829348,29.3711947494741,,7174700.0,2.89061641693115,,20739305.606555924,ASIA,,,
LKA,2009,57853861326.2277,,20756435.0,2787.27350463737,49.1491415308235,0.960390452698523,17.6111147762917,16.7428136405592,-0.1520232,0.817095999385251,78.5559610790581,5.868500233,12.7772,63.5,441.046700924692,26.9273522787623,57.6365899646619,29.6714387318411,,7579835.0,2.88761258125305,,21887626.90982221,ASIA,,,
LKA,2010,62491407972.6572,,20879089.0,2993.01410960302,,0.814446067583227,,17.2486209380693,-0.2305758,1.09351514330917,83.1420949448513,6.912399769,13.5184,61.9,467.337028685651,27.4118544218331,53.0103501848071,27.7831982979266,,7696142.0,2.88461208343506,,22200384.20903207,ASIA,,,
LKA,2011,67909089970.56,,21009048.0,3232.37349786435,,1.41088360151362,,17.7881192817964,-0.2864777,1.70878756619529,87.1978920701214,7.956399918,15.908,56.4,472.049545062096,28.5251295739551,53.3645298044492,29.0731497644916,,7591404.0,2.88435196876526,,21896281.07309247,ASIA,,,
LKA,2012,73771125788.2825,,21169458.0,3484.79048392653,,1.33591734742632,,18.2617686748284,-0.1436392,1.67222042245956,91.3242275735165,9.00039959,17.8941,52.9,481.969963365297,26.2507762201174,54.204493062591,30.9698538095878,,8118363.0,2.88409209251404,,23414106.53245856,ASIA,,,
LKA,2013,76760144670.2947,,20585000.0,3728.93585962083,,1.21148000059153,,18.4323136480916,-0.3561281,1.98679918143445,95.1136033828075,10.04440022,14.837,56.9,456.611626872059,26.1631531368051,54.515555670243,30.7956807276274,,7459691.0,2.88383173942566,,21512493.672107942,ASIA,,,
LKA,2014,81655890498.5574,,20778000.0,3929.92061307909,,1.08277813405104,,18.6153877203724,-0.3605151,2.63419031926553,102.671053139637,10.5000026214106,17.8805,54.2,485.888973391929,25.0108396744448,54.6273859148658,30.5178954291897,,7484600.0,2.88357162475586,,21582380.18264771,ASIA,,,
LKA,2015,85090300895.6546,24045347756.0975,20970000.0,4057.71582716521,46.9179708088698,0.798746316666859,8.91065634733373,18.796256612131,-0.110513199999999,2.88043182386208,109.984693490847,15.26249981,19.7111,51.3,501.51829450226,22.6801672806893,54.2106196151911,29.5354178731659,381899115782.2207,7830976.0,2.88331174850464,,22579145.103057873,ASIA,4.826881866596645,,
LKA,2016,89390445520.6344,27256260230.7289,21209000.0,4214.74117217382,46.4715370250761,1.01937184801285,8.17028444051707,18.9747679368162,-0.1066651,4.07189669081491,117.737517418373,22.19,23.486,45.1,542.577379685228,24.6700049853186,53.4181636949792,30.48271772947,390060420223.83856,7947683.0,2.88305163383484,125.0,22913580.458351385,ASIA,4.859224807528355,5.893724362299024,1.930611485035284
LKA,2017,95165677292.2796,30544838808.9266,21453000.0,4436.00789131029,47.1404098001494,1.45462805110061,7.8532279542594,19.1507693078088,-0.111659899999999,5.5257624644358,127.669744935625,25.07550049,23.4107,45.8,514.23622858293,24.3181666680079,52.2395328654736,31.1282786463629,401102238021.5732,8208179.0,2.89582014083862,179.0,23769410.067808602,ASIA,4.8882249013556525,8.343821376963595,2.23471530956792
LKA,2018,97364084619.6196,30739157993.054,21670000.0,4493.03574617534,49.8093967520437,1.70888696252064,8.60915689735112,19.3241083384127,-0.0575940999999999,6.93976008216017,136.084228735946,28.33620071,21.9829,47.9,508.543364517116,28.6882456623859,53.6373194381874,30.0568195253216,411786284113.5485,8015166.0,2.90864515304565,249.0,23313273.736756288,ASIA,4.914456886192225,11.490539916935855,2.5249715511404043
LKA,2019,97149412501.4789,27495866912.3166,21803000.0,4455.78188788143,49.4255238852768,0.835367460265196,8.97254856467492,19.4946326418437,-0.0781005999999999,7.43541256815093,126.514451763616,32.02090073,23.973,46.1,523.467212401339,24.0032412073756,55.7458586317871,29.1910098708421,418692836820.1877,8180693.0,2.90680932998657,290.0,23779714.738155823,ASIA,4.893551530195159,13.300921891482822,2.660324003123755
LKA,2020,92656723311.8673,25134696446.5161,21919000.0,4227.23314530167,37.0891188568192,0.514700553944402,10.397908337341,19.6621898312161,-0.1909487,7.8962203692284,131.773421339878,36.18473435,22.6144,49.3,511.109950825019,22.4205185814566,57.8323873796436,28.2358328750276,422892891425.6944,7999093.0,2.94188475608826,419.0,23532409.75923231,ASIA,4.849504724578901,19.11583557644053,3.001507344506206
LKA,2021,96555233166.2537,26874503505.4647,22156000.0,4357.97224978578,41.2288463294978,0.668825708548416,9.45146674036704,19.8266275195269,-0.2315397,10.5401488574725,135.522602889503,44.45308724,22.8196,48.8,527.156696517111,21.4624506663055,55.874385350147,29.9540097665519,428622750359.8744,8113507.0,2.925217628479,566.0,23733773.705187764,ASIA,4.880469728598149,25.546127459830295,3.2788838786627728
LKA,2022,89459202621.6389,20324046273.2521,22181000.0,4033.14560306744,46.6826080179359,1.19249322162632,7.23003958912127,19.9877933196367,-0.3299184,9.63609972688813,151.72675762805,48.3,20.7971,,463.726722097872,24.0274945850207,57.0665321872281,29.8058315779478,427515659115.13275,8147731.0,2.93261384963989,555.0,23894148.77374027,ASIA,4.8006649499811545,25.0214147243136,3.258919842256352
LKA,2023,87644138317.9669,18844929235.3184,22037000.0,3977.13564995085,43.3476681195134,0.848017076796717,6.74813796228811,20.1455348442463,-0.31553,8.76545173115153,142.277402587724,51.2,21.5803,,466.718993611413,22.6820308390395,60.0610214917243,25.6710307504815,424984805394.6945,8009916.0,2.92950534820557,589.0,23465091.760677367,ASIA,4.794022959914431,26.72777601306893,3.3224346549353188
MAR,2008,84721870674.8237,26470750030.1181,31606767.0,2648.58569335938,77.8344716425602,2.42213508852785,15.2331473156845,57.1254169272616,-0.467205899999999,1.56051392412264,72.1861049565747,33.1,49.4716,14.4,507.932323340328,19.5978316103739,46.5404621172017,24.3155822554726,421787610397.74603,10189321.0,1.71884727478027,,17513886.632711377,AFRICA,4.952892892725025,,
MAR,2009,87895356582.8232,25771319865.6648,32030778.0,2710.66650390625,62.3709560152269,1.94782744330848,16.7508457194611,57.7306189138977,-0.413999299999999,1.49700703492122,79.0201255804651,41.3,48.9551,14.2,504.85859762712,20.6913110754172,47.3016732715882,22.25957486397,426469549743.5235,10474525.0,1.73449659347534,,18168027.930772286,AFRICA,4.961967397047394,,
MAR,2010,90971304769.4422,25398210183.6425,32467016.0,2767.04223632813,69.541979610144,1.2299824583835,16.5869372261684,58.3287516486646,-0.3848819,1.55388163790599,98.5069862903323,52.0,52.0418,13.9,526.098528303577,21.062623306006,47.166110243688,23.7119126900355,430544282439.9898,10408911.0,1.75028824806213,,18218594.598424632,AFRICA,4.991229702497723,,
MAR,2011,95997146621.9656,27377918173.5444,32912588.0,2879.53930664063,76.8258714906247,2.29046840496639,17.2210400602812,58.902576690412,-0.381967699999999,1.80844788018493,111.063715196143,46.107482597,56.2785,11.8,559.353279063147,20.0117884593084,48.2264357061115,24.5065191885483,436394986491.53467,10509305.0,1.76998937129974,,18601358.149747215,AFRICA,5.026765193773553,,
MAR,2012,98936909179.3524,28368371622.9078,33355241.0,2927.45043945313,78.2221018956072,2.65758712641507,18.2279591190152,59.4348555979895,-0.3317303,2.06726433186317,116.972130406733,55.4160531914894,58.5497,10.9,559.656539214197,18.1645611167978,49.1349653712344,24.2659773507632,442943608789.86566,10510503.0,1.78991222381592,,18812877.7981539,AFRICA,5.044366377510524,,
MAR,2013,103015299181.348,28222008522.0943,33787571.0,3008.185546875,73.8577565315318,2.9038626404404,18.3285750203973,59.9083499302469,-0.4333613,2.49778239459711,125.560354723339,56.0,58.4924,11.6,554.322076671451,17.287814021809,47.6140626235819,24.1531288845084,449018436872.4667,10624597.0,1.81005918979645,,19231149.43773379,AFRICA,5.065700697008499,,
MAR,2014,105816536606.04,27867314482.1522,34204780.0,3051.458984375,71.8935667539398,2.95925435484489,19.1051211538423,60.3030486171654,-0.372493199999999,2.90442154576056,128.971839608382,56.7746379160074,59.4626,11.1,555.591040302721,17.5128798204876,54.7549862499925,25.8132675090419,454434829510.99554,10697116.0,1.83043313026428,,19580355.524680115,AFRICA,5.0766362428886325,,
MAR,2015,110413823841.592,28563811941.1557,34607588.0,3146.24780273438,67.2886759253849,2.94611108390154,18.1564372764046,60.6417124737154,-0.3687701,3.31584217888863,124.480492544005,57.0799993486116,61.1459,11.2,563.603106638362,19.8670944049653,52.2029571874719,25.6226817262287,460276899976.60144,10731174.0,1.85103631019592,,19863792.725030392,AFRICA,5.105352281860643,,
MAR,2016,110989284688.174,32161287165.8921,35023457.0,3124.42504882813,71.1226603816864,1.93000540251056,18.3617257132517,60.9657656537179,-0.2935249,3.58453478764246,118.531797132419,58.271236420398,61.011,11.1,558.062023900473,18.9602475540145,53.3932404781727,25.685104578574,469424342143.66345,10694796.0,1.87187135219574,486.0,20019282.249977592,AFRICA,5.098594745589338,13.876414312841819,2.6997770267668026
MAR,2017,116603009678.139,32843614280.0605,35446392.0,3242.64428710938,74.1733578786573,2.26092196120538,17.9819739836974,61.2761057031842,-0.3713857,3.89000663311516,123.894319060738,61.7622120123071,63.8616,10.4,577.582098917111,21.3269600699193,53.0987601129781,25.405454806575,478796739316.5408,10710324.2,1.89294099807739,593.0,20274011.78088042,AFRICA,5.132798451943785,16.729488293194972,2.8752292585977144
MAR,2018,120177639735.159,33646194688.1753,35839760.0,3304.7119140625,77.2548875243989,2.78337936840164,17.9957615100603,61.5695822753314,-0.3248223,4.33205746913484,124.827523956634,64.8038651924043,65.197,10.9,577.178572918036,18.4571548078596,53.070813570865,25.2413538068182,488503097038.889,10725852.4,1.91424775123596,657.0,20531938.836788826,AFRICA,5.147752793909385,18.331595970508733,2.961740854245959
MAR,2019,123651944968.713,34212057363.9327,36210898.0,3364.73950195313,75.9981158798422,1.33479789567415,18.1789365690301,61.8430450233765,-0.3198643,4.83650253578356,128.874798962456,84.1203630467602,71.8694,10.7,614.502733565635,17.1600688643338,53.4781212999139,25.2499524130611,498289999550.8772,10741380.6,1.93579435348511,715.0,20793103.9141145,AFRICA,5.161093969284625,19.745436857158307,3.0323263119944532
MAR,2020,114775951852.213,30791308264.9522,36584208.0,3090.89428710938,68.8438033904364,1.16907334587558,19.4049859563358,62.0933436005366,-0.314662899999999,5.74683480916137,135.088404811169,84.12036305,67.5867,11.1,575.699296767116,17.6745548244128,53.1903022793513,26.0436433872433,504166807838.2855,10756908.8,1.95758354663849,918.0,21057547.679570787,AFRICA,5.0742870151550115,25.092794136748843,3.2616591894950906
MAR,2021,124135631043.727,33113556352.3356,36954442.0,3309.130859375,75.5234171756506,1.59422321445366,18.9738383456202,62.3173276600289,-0.4447944,6.14617858388986,138.911268095998,88.13031937,73.1296,10.9,616.051393306028,18.8808973994063,51.7882000339975,25.9539090511005,512072023798.7068,10772437.0,1.98165833950043,1006.0,21347289.617792994,AFRICA,5.138351739542156,27.22270843651218,3.340126917599308
MAR,2022,126385828220.594,31804833630.4023,37329064.0,3334.91162109375,100.906310201651,1.74814323662076,18.9405784157794,62.5118468550703,-0.4491939,6.47150166958379,141.870002419562,89.9,72.3256,,602.994477750907,21.3232528983588,54.4992684878357,26.0855513037114,518273256239.1737,10748623.0,2.00658464431763,1039.0,21568021.859359298,AFRICA,5.145416733199445,27.833540106979374,3.361539296584335
MAR,2023,131006044306.041,32536112093.9342,37712505.0,3421.21704101563,93.1178844179777,0.725864122672683,18.150541674579,62.673750838878,-0.3934002,7.02184328513844,148.155101338402,91.0,70.0459,,600.64391286941,18.7206508843713,53.7147502674415,25.3229740167851,524895705521.14923,10748623.0,2.03239965438843,1333.0,21845497.670351528,AFRICA,5.168567889247589,35.34636588049508,3.5930942232043153
MEX,2008,1084575522159.75,259406332218.791,110374288.0,9826.3421836048,56.3652818862573,2.56307995916969,10.2592375010335,76.5090428271033,-0.689283549785614,6.82463,68.2256,21.71,472.3027,9.8,1678.23287321257,17.3102933965365,59.6814143877222,34.8480623925215,4698510330092.927,44943527.0,2.57141518592834,,115568467.83698036,LATAM,5.4323235745591365,,
MEX,2009,1016298775551.17,228470336545.8,111999721.0,9074.1188145564,54.5917421313503,2.08311648626813,11.3834438576777,76.5143930040295,-0.56286883354187,8.60821,74.2802,26.34,461.5756,9.2,1616.79369985205,17.0732009766688,60.9462035455162,31.9993138894743,4692055150134.08,45435340.0,2.58525681495667,,117462022.37487338,LATAM,5.35721970546663,,
MEX,2010,1066822388048.98,242705611858.876,113623895.0,9389.06722084275,59.2733845293851,2.76223720216686,11.2739649249476,76.5244441414713,-0.552031338214874,9.31394,80.4263,31.05,476.9429,9.4,1581.82622504404,15.8530567795693,60.4783490503534,32.539487048306,4700158004486.252,46121621.0,2.59917283058167,,119878064.20558499,LATAM,5.391898906352958,,
MEX,2011,1103564231781.62,263792121386.175,115243504.0,9575.93437788582,62.1623872764498,1.9442261568419,11.3282462816794,76.5667802279537,-0.549887716770172,10.0362,82.0725,37.1763,486.535,9.1,1632.53833582198,17.9603910904213,59.8866488342752,33.8231022149217,4728942225648.114,46359442.0,2.61836075782776,,121385743.68759209,LATAM,5.415498738265059,,
MEX,2012,1142776194808.08,273641900287.031,116818208.0,9782.51776305354,64.2579318900113,1.45258915052409,11.4486765368681,76.6585199140734,-0.53518009185791,11.1946,86.2256,39.75,506.2322,9.0,1652.16322037583,16.8850710128223,59.9372072773832,34.0963424723894,4766137014652.739,47886308.0,2.63769030570984,,126309250.38783556,LATAM,5.421828154690642,,
MEX,2013,1152513808584.62,262779379443.118,118343573.0,9738.71059803658,62.6916747735807,3.83670268161454,11.7127320792546,76.7955768077952,-0.549416422843933,10.7719,90.2012,43.46,494.0171,9.2,1633.00512016612,17.5678665877887,61.0665777215901,32.1682751258816,4790609543363.221,48411866.0,2.6571626663208,,128638202.94212528,LATAM,5.416644666905103,,
MEX,2014,1181370028689.69,269081304153.479,119784261.0,9862.48125444199,64.0984090351215,2.08415748550878,11.7538929143727,76.9741367091766,-0.406688004732132,10.88,87.6145,44.3857,480.9122,9.8,1582.66666115179,15.9348225773224,60.078270567972,31.9175541331636,4820160370348.539,48617093.0,2.67677879333496,,130137203.53599353,LATAM,5.431691100436668,,
MEX,2015,1213294467716.88,281049750802.406,121072306.0,10021.2386118827,70.412974676264,2.98783786595647,11.901246126141,77.1903854182753,-0.454765856266022,12.1892,88.9454,57.431,490.4272,9.2,1539.13826670827,17.0032678302327,60.5061359736518,30.8402536092133,4860202102633.519,49828505.0,2.69653964042664,,134364538.95569703,LATAM,5.434681460317025,,
MEX,2016,1234800030119.7,282626231215.759,122251351.0,10100.5021214015,75.6903034088551,3.49768027047347,11.5736804911904,77.4405087351486,-0.579800665378571,13.0256,91.3942,59.5404,496.4682,9.2,1525.3837445098,16.5326816284491,60.0750683879945,30.6167913981452,4899818228717.602,50863634.0,2.71644639968872,949.0,138168335.45438474,LATAM,5.431264266285352,7.762695399578856,2.1705035516360556
MEX,2017,1257912134612.3,281086482970.96,123400057.0,10193.7727193457,76.9521260407254,2.78307493352174,11.2156675514112,77.7206924598541,-0.584648728370667,13.7767,92.6494,53.0318,500.6875,10.1,1478.43896510686,16.8285883947461,59.3653310273766,31.9586846731805,4935913800252.682,51680279.0,2.73650026321411,909.0,141423097.08647865,LATAM,5.432105479370861,7.366285090127632,2.1242099496719553
MEX,2018,1282719194577.95,282861872979.039,124573711.0,10296.8690928534,80.2126616568975,3.01417850463095,11.256296772473,78.0271223924494,-0.641221523284912,14.7374,96.4612,56.6596,478.1534,10.3,1493.47882156246,16.3313895424634,59.2695792093443,32.0438654533728,4971979983219.086,53161791.0,2.75670194625855,1147.0,146551212.71629027,LATAM,5.425933993932265,9.207400107073955,2.3231129579353422
MEX,2019,1277682078094.17,270329674204.339,125762982.0,10159.4448364319,77.4619722571128,2.29651449578107,11.1079031013032,78.355984332992,-0.657918453216553,15.3885,97.0359,69.6321,493.673,10.3,1469.65350320528,17.0845735836968,59.1556030063002,31.8382961395485,4993710658262.471,54614549.0,2.7770528793335,1318.0,151667490.55395052,LATAM,5.39816781857348,10.480031397474338,2.4406091258593126
MEX,2020,1170944075446.26,223928227796.761,126799054.0,9234.64362317923,76.8545557056016,2.81338849125769,12.1968302781894,78.677960602824,-0.642182171344757,17.7521,96.9237,71.4902,439.0381,12.3,1366.42722558757,16.7237606198387,59.1896498577258,30.9999803907609,4967953353146.107,51420181.0,2.79755401611328,1344.0,143850733.86582178,LATAM,5.347134879380528,10.599448163075412,2.4509575248320568
MEX,2021,1241768434200.36,247412238552.482,127648148.0,9728.05680032556,83.0692976357895,2.70547578986932,11.4047335559142,78.9324007418057,-0.807996511459351,19.2797,99.0948,75.6265,452.7201,13.0,1417.70559078908,16.8243083628705,58.3256995124848,31.9695289853652,4966967924041.284,54172811.0,2.81556797027588,1448.0,152527231.51140887,LATAM,5.367861984703374,11.343682009393508,2.5131443539864593
MEX,2022,1287835026749.81,265916924961.647,128613117.0,10013.2479236143,88.7984855867186,2.6714140927358,11.1310457406985,79.199683215791,-0.869425058364868,20.2861,105.713,78.6322,452.9546,,1441.98382794786,16.6329908517605,58.1306222617617,33.1638305245733,4984536452800.867,58314144.0,2.83388257026672,1232.0,165255436.28162363,LATAM,5.350955209514073,9.579116257636459,2.3588818934174043
MEX,2023,1331023107619.63,310210602418.206,129739759.0,10259.1766616403,73.5788616365245,1.70739186154278,11.1313196484459,79.4734935748046,-0.806393921375275,20.0882,111.562,81.1832,475.5955,,1467.10931902847,16.6099613756465,57.5637379012085,32.6059323521063,5045520232579.029,59810052.0,2.85250401496887,1360.0,170608413.4654969,LATAM,5.358963376616066,10.482522940404106,2.4408261350737828
MYS,2008,219902039818.778,48458057521.0204,27570059.0,7976.11785374773,176.668324785148,3.28081949125174,11.5047879794636,69.5438130147565,0.2195174,4.82153483966066,100.518464614095,55.8,216.128,3.0,2681.00003448113,17.0460725732727,43.9481056537511,45.1050654004356,391934621309.65717,10659600.0,2.82072591781616,,30067809.99355314,ASIA,5.581093983102546,,
MYS,2009,216573759299.08,47252741599.3982,28124778.0,7700.46111294033,162.558970452699,0.056692316075743,13.0484795688336,70.2462628363839,0.2116536,5.52395471352698,107.179512670287,55.9,197.9123,2.3,2485.91667427986,19.7507467604015,48.836021810826,40.9678238412473,419590631843.5725,10897300.0,2.85190463066101,,31078060.33170222,ASIA,5.520497893375861,,
MYS,2010,232654030399.227,52467885291.8478,28655776.0,8118.92270511981,157.944764886771,4.26864663854031,12.581169028796,70.8625314831025,0.2255439,7.32068815724969,118.156632715164,56.3,215.5014,2.0,2531.67710637413,14.6011865757654,48.4774187579282,40.4989323548818,451078985543.24164,11776800.0,2.88342761993408,,33957550.39443967,ASIA,5.509196275516384,,
MYS,2011,244970531973.676,55800011112.5507,29162039.0,8400.32248683558,154.937684607226,5.07446032143377,13.2706614765507,71.4245166681964,0.1386142,8.59576382844835,125.715832147402,61.0,218.2727,2.2,2593.27310292824,18.2222758028205,47.766725565489,39.8242687277964,484325047378.63025,12351500.0,2.90448880195618,,35874793.437361754,ASIA,5.500191468068985,,
MYS,2012,258378881826.473,66392834504.4186,29662831.0,8710.52671359902,147.841754766013,2.82905738174529,13.842133658412,71.9680127926087,0.2392426,9.84700347717991,139.314753874976,65.8,219.7969,2.5,2589.31990369775,18.5246158481105,49.0223958354783,40.1350010090069,526501629514.1173,12820600.0,2.92570376396179,,37509277.67624853,ASIA,5.4952965243323675,,
MYS,2013,270506469604.101,71790456956.2775,30174265.0,8964.80724896203,142.720991464873,3.49431175959971,13.7154015161779,72.4882717118078,0.1917656,9.73942530166021,142.522112800428,57.05751226,237.1554,2.8,2871.7567101939,19.6810432882376,49.9447288177857,39.8853736547897,571967004994.689,13545400.0,2.94707369804382,,39919292.06948276,ASIA,5.471699672984192,,
MYS,2014,286755041078.03,75229629875.2475,30696137.0,9341.73055971278,138.312231176843,3.14122940365348,13.3287480692634,72.9802206910773,0.2420724,9.97193881432051,146.3656485505,63.6654258813225,251.3897,3.0,2883.13550906147,20.3905475120468,50.1226904594272,39.9244244845871,618598284620.2019,13852700.0,2.96859955787659,,41123119.09539704,ASIA,5.483288830061072,,
MYS,2015,301355266964.947,77947479115.3181,31232798.0,9648.6797937523,131.37007244526,3.27094402931735,13.0865607985559,73.4387869957006,0.1141708,9.80955980953099,141.210531313909,71.0640678111957,252.8595,3.4,2708.66289491905,25.1876546150456,52.0138720406596,38.4497222119902,665615849504.5099,14067700.0,2.99028301239014,,42066404.33340077,ASIA,5.49256921702375,,
MYS,2016,314764917575.088,79936132279.2968,31789685.0,9901.47960179812,126.8990100257,4.47130958598651,12.5648977951943,73.8588978909614,0.098701,8.55245970508987,136.725167298764,78.7883099275229,247.4841,4.4,2760.83197397162,16.2387171304782,52.531571127313,37.6832749440922,712271189308.5812,14163700.0,3.01212477684021,1526.0,42662831.70173168,ASIA,5.503243187178182,48.00299216554049,3.8918813608491267
MYS,2017,333061328477.268,84776097978.8984,32355644.0,10293.7629205362,133.155173371956,2.9358203805856,12.1925918694431,74.2354806421432,0.1306432,8.30705146836206,130.853522804244,80.1404790103961,237.8324,5.2,2619.44252695383,14.5249238687121,51.8821117066805,38.114672270307,761433727822.0505,14476800.0,3.03412580490112,1623.0,43924432.45239253,ASIA,5.517440511383313,50.16126398225917,3.93498268286086
MYS,2018,349191778300.005,85928301771.8117,32910967.0,10610.1950240479,130.402625502126,2.31458721219734,11.9694462955517,74.5634625145296,0.2863954,8.19179819298533,128.873150399987,81.2010486181174,254.2848,5.3,2841.11800656893,16.1560428708823,52.9909917677737,38.2914253580498,809290343202.7598,14776000.0,3.05628776550293,1964.0,45159708.0230713,ASIA,5.5253735721710875,59.67615597560533,4.105550803357102
MYS,2019,364602265936.14,84121424844.0786,33440596.0,10902.9834855856,123.028562027943,2.50697705748044,11.653100184343,74.8377707734042,0.3389272,8.86497357882019,133.372921941941,84.1871450078281,255.1651,5.7,2879.89449600209,20.8986497768105,54.1548750822015,37.4765336887335,852947250886.7003,15073400.0,3.07861137390137,2200.0,46405140.683364905,ASIA,5.532487152903601,65.78830114152272,4.201527932593158
MYS,2020,344706479641.244,71994732036.4594,33889558.0,10171.4657842762,116.788182437638,1.20275464255821,12.9622736088155,75.0511895575672,0.3499706,9.91101742902637,129.017911652905,89.55501192,253.08,7.0,2719.43378264705,13.6599055069719,54.7885939890947,35.9347266201835,882294620378.8246,14956800.0,3.10109806060791,2263.0,46382503.47290039,ASIA,5.464850589604312,66.77573074278513,4.216204177219414
MYS,2021,356134704342.139,71499896555.9799,34282399.0,10388.2667120857,134.035994690727,5.41626377085161,12.6368812579757,75.5088628191907,0.3016338,10.8921782282506,137.684938559871,96.7514278,257.9155,7.5,2781.735038205,14.1005683018031,51.651935586827,37.6826861838931,909679785915.8632,15064200.0,3.13224864006043,3228.0,47184819.96359833,ASIA,5.475620595263539,94.1591047931039,4.555550278004041
MYS,2022,388299855024.742,76389737380.2136,34695493.0,11191.6511756943,146.424604753908,3.68486215546291,11.6132678517006,75.9741357073003,0.2952941,12.1753566089982,138.208441079076,97.3986404,276.9845,,3035.37257619634,15.3331668435575,51.0158173538955,38.974240550053,940585534000.2836,15391800.0,3.16371178627014,3342.0,48695219.071912736,ASIA,5.529915333000266,96.32375017700426,4.5780430516673825
MYS,2023,402034268648.217,80516549762.9749,35126298.0,11445.3925275079,132.593461641599,1.97990062716743,11.9697728310015,76.4434752105739,0.3016843,13.0287000355119,142.7320920639,97.69272633,282.3786,,3008.82419919301,15.8650142432827,53.5466505609237,37.5648573322214,974072807063.2443,15391800.0,3.20573282241821,3907.0,49341998.456096604,ASIA,5.543853994584069,111.22720646508209,4.720525445558097
NIC,2008,9684631534.27819,2457363063.81238,5576593.0,1736.65740610408,96.7939847302055,7.38263377911966,13.8379880801305,56.4638124507513,-0.808183550834656,0.774882,55.733,5.3,4.6481,53.8,533.812640193905,21.7927408124447,52.8963553347955,21.9642332178631,23347431115.973656,2096500.0,2.04600286483765,,4289445.006132133,LATAM,4.7114084649274535,,
NIC,2009,9365749046.00831,1853373750.71629,5656601.0,1655.72028962416,86.9936104453444,5.22852820149836,14.4977920453949,56.651098305894,-0.786913633346558,1.39091,59.1267,7.3,4.5454,54.6,523.407935260916,19.9791596149986,54.2005121911789,21.0756591800109,24033433310.891262,2096500.0,2.06829762458801,,4336185.969948763,LATAM,4.660747327715944,,
NIC,2010,9778787862.00226,1991181428.89759,5737450.0,1704.37875049059,100.364058423919,5.59335824334059,14.0971885412328,56.842311091973,-0.837366938591003,1.27721,69.0594,10.0,4.6711,54.4,529.008203293034,21.4832012982569,51.7336180965215,21.9687134501788,24822943074.24429,2591700.0,2.09083533287048,,5418817.9322004225,LATAM,4.547717041214941,,
NIC,2011,10396483140.3717,2430276234.98521,5819051.0,1786.62863418308,111.827453935999,9.5791738556055,13.5986900703289,57.0362425004184,-0.725575923919678,1.4623,82.8921,10.6,4.8816,53.3,531.362815684315,21.7376057725567,48.451431344224,23.1571014574195,26012072155.517284,2754427.5,2.11170601844788,,5816541.129128348,LATAM,4.546553505054286,,
NIC,2012,11071852873.3639,2931710812.13728,5901287.0,1876.1759720149,115.177288474198,7.36516075625111,13.5686638804069,57.2316842226606,-0.733911514282227,1.71678,99.1601,13.5,4.8471,53.3,566.819598589113,19.8316265447103,48.0435097123832,24.5476946484698,27643179359.8787,2917155.0,2.1327850818634,,6221664.665483227,LATAM,4.5444400086990075,,
NIC,2013,11617373486.8649,3088093282.78406,5983845.0,1941.45628552626,110.984207880382,8.78722600899979,13.7621211200531,57.4274279501299,-0.674326598644257,2.20071,113.789,15.5,4.6389,54.3,576.474133611862,21.0739297029074,48.3652118048254,25.3876146457155,29349113674.668827,3059406.0,2.1540744304657,,6590188.237013346,LATAM,4.534172558916817,,
NIC,2014,12173318263.9174,3190705500.11381,6066492.0,2006.64869646533,106.698200190796,9.06363827053251,14.2795824550978,57.6222653742564,-0.714166402816772,1.83646,116.507,17.6,4.9091,53.0,586.817955989046,19.0966063692655,48.5497818405039,25.0984490191451,31072363491.049194,2668628.0,2.17557644844055,,5805804.226449008,LATAM,4.643318089050743,,
NIC,2015,12756696261.0676,3733060220.28595,6149417.0,2074.45620634731,98.194164594236,7.58033255797744,14.0522981904084,57.8149881864705,-0.754737794399261,1.89137,118.127,19.7043,5.4971,50.0,611.876331871945,20.8272949678995,48.5741100477068,25.7346979136282,33251805536.782684,2668628.0,2.1972930431366,,5863757.739119538,LATAM,4.659945165587111,,
NIC,2016,13338803114.2245,3785877947.74066,6232666.0,2140.14405941606,93.8137278130087,7.44462628012218,14.4608322130013,58.0043880782023,-0.656879246234894,2.84026,124.273,24.5718,5.7223,49.5,626.823007449197,19.9336354891463,49.4649749753047,25.7948753609806,35375093207.68421,2668628.0,2.21922636032105,2.0,5922289.6034908425,LATAM,4.676445413989978,0.32088996907583367,0.2783057284116039
NIC,2017,13956550774.5717,3863646644.883,6316231.0,2209.63273423213,96.3805864351182,7.51057620596971,14.4104462520195,58.1892567408822,-0.660670220851898,3.32673,129.506,30.4,5.6825,48.9,632.373947264069,20.1452148940178,50.2780347158336,24.8173354804008,37469985192.183,2668628.0,2.24137854576111,1.0,5981405.54581738,LATAM,4.69512471484979,0.15832226528763751,0.14697263515563175
NIC,2018,13487142194.6088,3013885959.53833,6400080.0,2107.3396261623,93.9847404925404,6.43060058137235,14.8026116933585,58.3683858659405,-1.07846295833588,3.00642,116.272,33.913,5.1803,51.3,616.516996174416,21.1687703840053,51.0117529210468,24.9956784644064,38610371892.112175,2668628.0,2.26375198364258,,6041111.928604131,LATAM,4.643963145175237,,
NIC,2019,13096437236.4148,2186093662.68163,6483657.0,2019.91518620044,94.0422159246213,3.96093444094211,15.2130925728858,58.5405671448072,-1.20158541202545,3.35641,89.2773,37.8319,5.3239,50.5,616.151129278106,20.2131179025699,50.4678293597465,24.2809201178084,38865946960.188194,2668628.0,2.28634881973267,2.0,6101414.478105555,LATAM,4.605801287283748,0.3084678908831852,0.26885690381283844
NIC,2020,12803529948.2066,2393188297.76413,6565267.0,1950.19181218473,88.6381231228968,5.86574902695673,15.0817033768448,58.7045922689128,-1.19874393939972,4.42253,90.8141,42.2037,4.7462,52.2,584.320998473115,21.6853479304391,48.6126906364813,25.7903211218917,39315837909.94291,2668628.0,2.30917096138001,3.0,6162318.284325614,LATAM,4.572697754624873,0.45695018953532274,0.3763453396247823
NIC,2021,14142060836.745,3222077976.63052,6644741.0,2128.30881395452,106.20739081994,7.36996621393819,15.4655261086513,58.8592529296875,-1.36633682250977,4.5138,93.8165,47.0806,5.1925,50.4,602.731073978591,20.0656114146273,46.1739508361433,27.2859620403811,40572123991.07628,2668628.0,2.34018325805664,3.0,6245078.567581176,LATAM,4.652449975161035,0.4514848660015492,0.37258707797386803
NIC,2022,14644146345.7189,3095023796.38029,6730654.0,2175.73899144405,115.454678712865,8.23239650343154,13.933777682316,58.9954376220703,-1.3109118938446,5.00782,104.278,49.1307,5.2612,,603.83815029018,20.8229199248067,46.3607342274576,25.9436105960329,41638541587.90275,2668628.0,2.37221097946167,2.0,6330548.641698837,LATAM,4.6694209548432895,0.2971479443156638,0.2601679653794545
NIC,2023,15292551634.5755,3498411246.19779,6823613.0,2241.12235476653,105.003097611103,6.25581189724963,12.8951938413098,59.1250953674316,-1.27818691730499,5.43031,105.843,58.2314,5.5369,,632.813009843745,20.4180839334698,46.4982498786618,27.201340643823,43055025754.7054,2668628.0,2.40529561042786,1.0,6418839.214264879,LATAM,4.692034940871213,0.146549928901302,0.1367573713438703
PAK,2008,238399717138.761,41924718740.4853,189499113.0,1258.05188934452,34.3489608135242,2.68936656124595,10.5820952940762,34.4460387735948,-0.9724115,0.0886980405021738,46.448630078812,7.0,156.377,46.6,437.835189001934,52.6632557320634,56.2192386662406,21.1955484525846,766078951530.6859,46408687.0,1.79340529441834,,83229584.9728036,ASIA,4.765497980417601,,
PAK,2009,246678267936.347,40190909163.1755,194376534.0,1269.07432116444,33.3268872863988,1.24801305527951,11.5288210154985,34.6280259603331,-0.8926248,0.201479567487298,48.5357095625545,7.5,160.0753,46.4,433.272314472197,50.9234369923513,53.4051714905599,20.3372467582902,767965913117.3271,48211270.0,1.79130387306213,,86361034.67624408,ASIA,4.774766206814899,,
PAK,2010,250382678707.751,37098421232.4275,199239047.0,1256.69482201323,31.9890020462315,1.02791108080423,10.9187548907222,34.8159187475539,-0.8136536,0.396251142478111,49.7823320746962,8.0,155.6566,47.4,429.327792495327,57.0932237695287,52.5995937357421,20.9650197800876,766666038693.8883,49391180.0,1.78920495510101,,88370943.99428591,ASIA,4.7753103426798,,
PAK,2011,257093227079.837,33900931233.0754,203746065.0,1261.83161907857,32.3626382751438,0.575055145839944,10.2265876334272,35.0113675889897,-1.15049009999999,0.572428723960877,53.4461944087116,8.0,155.2393,46.8,422.842537376111,55.1733849833434,51.8065797217263,21.1864809532945,762233667992.2693,51382154.0,1.81359827518463,,93186585.86967103,ASIA,4.769298637000805,,
PAK,2012,264876940258.885,35149637007.0677,207667125.0,1275.48806898966,31.3189732760076,0.343453048660945,10.0992931187824,35.2160229383731,-1.0639182,0.730404005930164,57.8576108279055,8.100000381,157.11,47.2,419.546153206932,55.9102316841118,51.5898687341456,21.9583720724829,759271621599.7235,36940734.0,1.82945501804352,,67581411.18651088,ASIA,5.0093139938920785,,
PAK,2013,276443758787.987,36009168394.6759,211073978.0,1309.70080446386,30.8902743401844,0.515353849332245,10.2598043429356,35.4315352494366,-1.04881279999999,0.77134330599483,60.5177801689984,9.0,160.7989,48.1,421.580013785875,54.2579257569488,51.878053333919,20.8910295084645,757317208914.4132,53672737.0,1.84366619586945,,98954610.84669147,ASIA,4.805094732965573,,
PAK,2014,287823367553.405,37214127062.5449,214264647.0,1343.30778121043,29.4698256903998,0.695308116834202,10.0273769948874,35.6595549759128,-0.970695,0.93747803388209,63.3618438229803,10.0,169.2027,47.2,433.449973838963,54.726513458073,51.5633070162566,20.8659912298838,756665475531.2374,54340801.0,1.87967920303345,,102143273.5158793,ASIA,4.825120774045702,,
PAK,2015,299963590534.773,42297657562.5954,217290883.0,1380.47020838317,26.6881860172247,0.557734356032139,9.78896217919677,35.9017325715342,-0.914828299999999,0.825252755772547,57.9405984557576,11.0,178.2841,45.9,437.198223010365,57.7003410851012,52.6865814332807,19.602614668814,761129859317.271,55277594.0,1.87725651264191,,103770223.33967537,ASIA,4.854104247024974,,
PAK,2016,319682711890.74,46267151398.6052,220138869.0,1452.18658269177,24.7015780480573,0.821349998064174,10.6089550735279,36.1597184900333,-0.9129583,1.13034740811719,62.0013242640944,12.385446763381,196.7976,43.7,446.915365965869,56.6204998946239,52.747401539414,18.1501179723214,769340517750.0127,47573084.0,1.87483704090118,651.0,89191780.03310327,ASIA,5.012420348700923,2.957224241939755,1.3755428304816635
PAK,2017,333853050597.697,49843920125.2706,223273967.0,1495.26187528032,25.472035002344,0.735837049658425,10.7537396159781,36.4351548223399,-0.865480199999999,1.03818686573522,64.7301783284032,13.77999973,213.2958,42.1,456.107326373589,56.6781961188465,53.249254299638,18.0993270885214,780717411987.7827,53683438.5,1.87242066860199,843.0,100517979.80902381,ASIA,4.972948419861542,3.7756305015174476,1.563526007418496
PAK,2018,354390697428.203,54974552065.2187,226928892.0,1561.68169819559,27.6260570796337,0.487745750658143,10.9936267499128,36.7478511550359,-0.8396216,0.952870734503035,67.8567658982797,15.34000015,202.3124,43.4,453.603126548778,61.4979947410089,52.9323158239348,18.5890515927482,796656093453.6123,59793793.0,1.81014931201935,1136.0,108235693.26197742,ASIA,4.977490545122963,5.00597341302843,1.7927545428161473
PAK,2019,363242090361.647,48892483121.8632,230800899.0,1573.8330826937,28.9055769867032,0.696146480411465,10.7497525398245,37.1091631735769,-0.8122676,0.881514330669917,71.6660323753765,17.070901719916,198.8407,45.9,431.604754942186,53.4624424408059,53.6204826290348,19.5638945814483,805715771902.7948,59034305.0,1.77026915550232,1636.0,104506609.2580164,ASIA,5.020991889581824,7.088360604695912,2.090426065874617
PAK,2020,358614068499.253,45628207460.0158,235001746.0,1526.00597486307,26.7162807328814,0.684695289874347,11.7888005549132,37.5080192948099,-0.812966099999999,1.03954036154268,74.7332166629945,18.935,222.5997,42.7,454.338436216576,54.8397942743298,53.680280706041,18.5894635445816,811058190767.6708,50322515.0,1.76825952529907,1908.0,88983266.48575534,ASIA,5.110377374501381,8.119088613069284,2.2103698663151365
PAK,2021,381973779235.3,47300765945.3851,239477801.0,1595.02792175422,27.0304204125548,0.616039439073827,10.9295676776143,37.9333395514173,-0.8231206,1.23144065449307,78.8012296805749,,229.1366,41.6,465.115862856144,58.590150324952,52.0255067386808,18.8964082009484,817806047174.6724,61652464.0,1.76625752449036,2719.0,108894128.44337104,ASIA,5.039329603529618,11.353870749798642,2.513969435004201
PAK,2022,400224894618.857,49463634477.3067,243700667.0,1642.28066974826,33.031353478032,0.389980753542853,10.4918852190112,38.3740439760816,-0.9108794,1.28371909626329,79.1050539061512,,235.3725,,418.447652844549,57.8617671689119,52.2312939861803,20.4125955543613,826379379293.2454,61652464.0,1.76426291465759,3217.0,108771155.83246215,ASIA,5.083088647397526,13.200620415207972,2.653285654864611
PAK,2023,398564217461.774,41520799501.1863,247504495.0,1610.33122837537,28.4676925469837,0.608281270820624,10.3442770582193,38.8191861872791,-1.0042887,1.35622425766449,76.5397606213172,,208.8895,,414.952130205765,58.3745179541935,50.9693352713894,20.718694602313,826581209829.7693,61652464.0,1.76227569580078,3484.0,108648638.89343253,ASIA,5.0795777385972,14.076512024559392,2.7131380377201366
PAN,2008,36015209145.404,9667980780.33089,3500648.0,10288.1549774225,164.586286421944,9.29189971900206,11.7831272369364,64.8088713516952,-0.203979909420013,5.60439,111.843,33.82,7.2579,23.4,806.672089232316,15.213541235427,72.2966272671966,19.4422776642603,55938820492.08444,1421921.0,2.71809124946594,,3864911.027531859,LATAM,5.7867316159010596,,
PAN,2009,36595725399.5183,9426464707.82024,3564381.0,10267.0633132424,137.046021377188,3.9059104779012,11.6407466758273,64.9730405510737,-0.0972685068845749,6.57564,170.203,39.08,8.6753,20.4,871.526813807763,15.5308100056666,73.4568445385886,18.8451292858244,62568344175.30046,1440801.0,2.73455381393433,,3939947.8696703967,LATAM,5.751022689512407,,
PAN,2010,38818327773.9434,10572055904.517,3628535.0,10698.0717490512,145.448718647896,8.43207037866722,12.2425044918398,65.0926097647906,-0.0802930667996407,7.11835,183.169,40.1,9.1798,20.6,948.304837724795,15.5801236218237,73.3921339140751,18.7740620895039,70011982871.05244,1455304.0,2.7511157989502,,4003709.826675422,LATAM,5.7602062856228695,,
PAN,2011,43441154768.9962,12601291810.9981,3693505.0,11761.4988389067,158.20839556043,12.3168354603605,11.4328553723706,65.1896678664818,0.0258786492049694,7.65785,182.359,42.7,9.9976,19.7,1037.63156478608,15.1716286040201,73.0752392207841,19.3755839924897,79112675538.49792,1538014.0,2.76602506637573,,4254185.276436802,LATAM,5.790505476518838,,
PAN,2012,47623362260.1488,15731708634.1228,3759256.0,12668.2945402358,153.208620289839,8.13045858557062,10.4225540806429,65.2829468288151,-0.222083896398544,7.84035,165.287,40.3019,10.4475,21.2,1052.69925949498,16.0341321648034,71.8565162443201,20.9812468831741,90888750395.69583,1616904.0,2.78101539611816,,4496634.918045037,LATAM,5.797827634849245,,
PAN,2013,50635232150.0252,18965654926.8512,3825329.0,13236.8306490828,133.071568994167,8.09167357453305,10.2656853883718,65.3709770103365,-0.253414422273636,8.03241,162.199,44.03,10.2623,20.7,1002.33596439162,15.3686441543945,68.7099758655638,24.4155078532725,105309967802.76224,1672352.0,2.79608678817749,,4676041.332382201,LATAM,5.782177002566508,,
PAN,2014,52977523729.7984,20596106277.1658,3892101.0,13611.5490656071,114.970604967371,9.6921652724572,9.61762053561465,65.4531164770096,-0.0646798387169838,7.96652,177.439,44.9238,10.7719,19.8,1035.01293838968,15.9619986030478,67.3055611033205,25.7779037541134,120640575689.78992,1695206.0,2.81123995780945,,4765630.843918326,LATAM,5.767493740015949,,
PAN,2015,55767806073.1781,21881039000.0,3960035.0,14082.6548434996,96.5791573893461,9.17966898909828,9.86027277598914,65.5287232947981,-0.140977621078491,7.98397,144.997,51.2054,10.6313,22.0,1024.97759926054,16.9783062456346,66.6521554590568,26.578949117256,136489585905.30042,1733529.0,2.82647514343262,,4899776.628919606,LATAM,5.7575775190452365,,
PAN,2016,58317491742.8782,22335291410.6831,4029086.0,14474.124340577,84.3959718486228,8.78226076869208,10.5122480412502,65.5971555296656,0.0336839631199837,10.6707,127.616,54.0,10.6644,22.1,1045.76582937315,15.5946159096021,65.8250969681256,27.4158212440648,152000398020.71848,1770784.0,2.84179306030273,8.0,5032201.68249511,LATAM,5.747276471721447,1.985561986018665,1.093787999146992
PAN,2017,61667283149.9355,24107037496.6688,4098707.0,15045.545619615,84.0475372059131,6.34573158684694,10.901052607274,65.6577712475758,0.0075527080334723,10.7635,128.826,59.9506,10.1483,23.6,1035.95086028489,14.7627345637305,65.500949853439,28.2545621203247,168507415616.35135,1785750.0,2.8571937084198,13.0,5102233.6648106575,LATAM,5.758060578007688,3.1717319632752474,1.4283312884963058
PAN,2018,64083529457.2571,24379391409.0966,4167860.0,15375.6434854475,86.1309615270001,6.3940456399755,10.9797047197199,65.7099285144924,-0.159112378954887,12.9616,137.298,61.8055,9.9261,24.5,1026.38990550231,14.8426450709261,65.8116974779352,28.3264605966594,184461436244.63037,1867483.0,2.87267804145813,19.0,5364677.406896353,LATAM,5.7322306038012965,4.558694389926725,1.7153632587318737
PAN,2019,66072084910.0035,24041884899.6551,4234700.0,15602.5420714581,80.4286505707227,6.7135041995988,11.1248445479389,65.752985396379,-0.191898912191391,12.6486,137.57,63.6284,13.1641,19.0,1162.83608429865,15.3498636744005,66.0060430048636,28.4159326937794,199280249332.05392,1919877.0,2.8882462978363,19.0,5545077.637551063,LATAM,5.714246125875123,4.486740501098071,1.7023343635555306
PAN,2020,54297226728.12,12556486257.6966,4293261.0,12647.0826553801,68.7004234799646,-2.85980025111741,14.7376302795166,65.7862999591993,-0.284955024719238,13.8347,142.283,70.0097,9.7127,28.5,936.065449427601,15.1907401233296,71.0034450721902,23.4387808011432,201872723123.14783,1631691.0,2.90389895439148,19.0,4738265.7887899885,LATAM,5.615654707562557,4.425540399244304,1.6911175072294284
PAN,2021,63238418849.185,16469302509.9766,4345405.0,14552.9401400295,80.1334636057057,2.71982266254139,13.7437085434751,65.8092302689169,-0.269385784864426,14.8381,147.9,77.031,10.7711,28.0,1033.31759264066,14.7545659474275,68.1569842481713,26.3633166905784,208248389476.967,1743272.0,2.92414712905884,21.0,5097583.813968662,LATAM,5.709698566810973,4.832691084030142,1.7634784863193746
PAN,2022,70219021768.6549,19855676783.9705,4400773.0,15956.0653932059,93.4752688168442,3.2250848191713,12.7631580189509,65.8211343914956,-0.359851568937302,16.3861,152.062,77.7041,11.4431,,1062.69925631817,15.213921782961,68.1508944718056,26.4074796224087,217691646787.08914,1966558.0,2.94474864006043,39.0,5791018.996099959,LATAM,5.71598193747065,8.862079457404414,2.288697044695498
PAN,2023,75251148212.8876,23459524396.7392,4458759.0,16877.1508423953,88.3489105288611,2.84826789984183,12.2638661007732,65.8601271176084,-0.3459812104702,18.1341,156.587,68.5485,12.7389,,1019.98442115491,15.1210531361735,67.7573455294967,27.1584907122297,230266588844.47388,1937367.0,2.96571135520935,26.0,5745671.311107873,LATAM,5.770648500323155,5.831218955767738,1.9215031284885047
PER,2008,137234696225.05,30744922236.4345,28719041.0,4778.52642172313,58.4337673899053,5.74335697642786,10.3708617908307,76.2744879116779,-0.730335593223572,2.52642,72.9545,30.57,38.9946,33.7,581.639950576616,27.6546505016066,48.3634281113294,36.3269344719167,228987895458.81546,15313359.0,2.71918773651123,,41639897.99759387,LATAM,5.086061086055665,,
PER,2009,138738546494.974,29698331442.0123,28896811.0,4801.17153740507,48.1119296153519,5.32237544034606,11.466355995307,76.822147540745,-0.624266803264618,2.8642,85.4778,31.4,41.9747,32.9,583.179748347996,28.7916453582175,50.7365164325183,33.551682543695,247236832127.88696,15615260.0,2.70047473907471,,42168615.17408376,LATAM,5.061921235394699,,
PER,2010,150298879148.001,36194347326.0972,29086019.0,5167.39259325937,51.6728089370033,5.73087732837535,10.5258359246036,77.4020936833934,-0.566099524497986,3.20602,100.1,34.77,45.8483,32.2,603.514556773827,31.373011396184,48.9435774885792,35.7720066029406,271069337847.5898,16061267.0,2.68189072608948,,43074563.01654701,LATAM,5.09592942958529,,
PER,2011,159808578409.161,39788144348.9586,29304086.0,5453.45718713631,55.9882802838607,4.47262658184166,10.3623514688753,78.0118164985462,-0.580825686454773,4.13515,110.774,36.01,49.1793,30.6,688.136449869059,29.706354612961,47.7582660570047,37.2361002771383,297304015304.1689,16234738.0,2.69885945320129,,43815276.1215462,LATAM,5.113864670646558,,
PER,2012,169620385179.423,45712300011.1992,29550366.0,5740.04346272472,52.6198952632294,7.36173683394684,10.8712123448481,78.6488061451268,-0.58197021484375,4.88246,99.4508,38.2,49.1215,30.8,732.071792113932,28.7081917720721,49.129259974298,35.5335533553355,328151114550.15967,16657437.999999998,2.71593523025513,,45240522.709990546,LATAM,5.11809228355507,,
PER,2013,179547449111.361,48171035435.0739,29817919.0,6021.46142765232,49.7871424471444,4.75734900182415,11.5009309068431,79.3105527820586,-0.574419617652893,5.40887,99.9174,39.2,50.3235,28.4,698.171569630996,29.7497268642073,50.5158622110693,33.8594367461678,359914594257.7256,16781663.0,2.73311901092529,,45866282.18024153,LATAM,5.133702411828541,,
PER,2014,183824551906.256,47201997771.4613,30115826.0,6103.91864749969,46.8531210912899,2.12302965027806,12.4020903759554,79.9945465682649,-0.522552609443665,5.86754,105.858,40.2447,53.2525,28.6,728.772878760832,27.1057918484588,52.3928980547013,31.701403934103,389120862316.3006,16889904.0,2.75041174888611,,46454190.39915851,LATAM,5.121657875117794,,
PER,2015,189802976285.619,43822789508.6073,30457600.0,6231.71150338894,45.1627686891148,3.86551316954964,12.9655733799238,80.698277662669,-0.499649614095688,6.56473,112.405,40.8526,54.9014,27.4,743.166479123214,29.2744836705899,54.0425799449386,30.3378798708175,413487608709.09283,16927856.0,2.76781368255615,,46853151.45314022,LATAM,5.126845979406159,,
PER,2016,197306492869.139,41866267077.4518,30866494.0,6392.25474941014,45.3888411964154,3.54628188735842,13.1636888035228,81.4192362241943,-0.496036291122437,6.87076,119.655,45.4617,57.5009,27.2,764.235827890262,30.5613699272767,54.3063730182748,30.5565505783828,434679495351.08997,17304333.0,2.78532600402832,87.0,48198208.68726539,LATAM,5.12972690737695,2.818590281098981,1.339881318146285
PER,2017,202276318741.548,42405374278.0319,31324637.0,6457.41940254721,47.5135503619971,3.5133314939664,13.2122751962604,82.1931650502403,-0.523281574249268,7.37508,124.233,50.4504,55.2172,27.6,762.24633988882,31.2625158525163,53.9283331564894,31.2978841231473,455350894861.5674,17479817.0,2.80294895172119,122.0,48995034.73642824,LATAM,5.127684372135535,3.8946979656939043,1.5881525714626306
PER,2018,210305376512.78,44421755679.0842,31897584.0,6593.14437459526,48.631470171736,2.63824619479376,13.0774424949562,82.6854929960921,-0.56674337387085,8.09511,132.157,55.0543,55.3468,27.9,784.027983193931,31.1151867646505,53.5381936281076,31.6240835005495,477005105797.57324,17792099.0,2.82068347930908,158.0,50185879.7115316,LATAM,5.134740152241438,4.953353206938808,1.783954625006274
PER,2019,215017545590.315,45685570534.0754,32449303.0,6626.26083494969,46.9435053754409,2.09128983397663,13.2443725852511,83.1033003087105,-0.520058035850525,7.38779,122.79,59.9505,58.1719,27.1,798.59712052539,30.672466480308,54.3915620275491,30.4491957836385,498840421041.76996,18049074.0,2.83853006362915,217.0,51232839.16966724,LATAM,5.127812911341318,6.687354733012293,2.0395767364353685
PER,2020,191509018299.917,38377882077.0501,32838579.0,5831.83024758521,44.245967197744,0.329387076302566,15.8181030380089,83.5267437189637,-0.382843524217606,8.41187,119.854,65.2518,47.5328,31.6,678.51171228291,29.8567440111987,54.1910600001421,30.3192857092121,512276282066.73157,15736870.0,2.85648965835571,289.0,44952206.409888215,LATAM,5.087733499651584,8.800624411915022,2.282446099148313
PER,2021,217099648514.382,50914759791.0989,33155882.0,6547.84718181776,55.427249365522,3.15570902335973,13.7498135562536,83.9480118272361,-0.532514691352844,9.05771,129.994,71.1078,59.6288,30.6,775.289508844919,28.9466302805559,48.7058242179895,35.7383343144165,537577227754.49384,17758723.0,2.83546948432922,355.0,50354317.14715546,LATAM,5.122517206138264,10.706999138192131,2.4601868798827837
PER,2022,223198050485.251,51338290238.482,33475438.0,6667.51695632036,57.2969759649721,4.55221582089149,13.3949556323686,84.3663554951194,-0.552831411361694,9.45024,124.119,74.675,63.74,,826.458777086818,32.4787651622913,49.6995886430732,34.9314299156729,562036656605.2511,17716658.0,2.81483864784241,369.0,49869533.64900641,LATAM,5.140935277539693,11.023007376333657,2.486822095511145
PER,2023,222298021864.381,48507224492.4189,33845617.0,6568.0002779793,50.7851842068664,1.62534746680837,13.5642010031547,84.7810255849745,-0.538132667541504,10.4364,121.975,79.4848,65.0789,,823.371374235583,31.0938536450575,51.2061169826914,33.9694851252743,582442048267.4075,17604655.0,2.79458904266357,536.0,49197775.96287244,LATAM,5.13322798937954,15.836614826670173,2.823555968813061
PHL,2008,209958471374.167,37441048271.5889,92699095.0,2264.9462907288,67.6810707730401,0.737800589215242,8.81443285008608,43.1547492407016,-0.550235599999999,1.12807573795623,73.4820194307183,6.22,77.7622,33.9,439.082917578862,24.338678115473,52.7186368304904,32.765288410954,300737865738.61847,34088523.0,2.56856727600098,,87558664.66500676,ASIA,4.932766170243294,,
PHL,2009,212999348337.291,38228456231.6814,94384250.0,2256.72554835463,60.8865907869758,1.17324821246427,9.82659857784527,44.3356772609527,-0.632443499999999,1.82488815665749,80.083961042229,9.0,78.6456,34.1,420.718047255526,25.9744172434092,53.9372440034219,31.5225426812628,323929428683.36896,35062400.0,2.57997512817383,,90460119.93408209,ASIA,4.8999551413994435,,
PHL,2010,228621785456.625,45851125189.9636,96337125.0,2373.14312064664,66.1042785137797,0.513698049517659,9.72039517748043,45.5208176726647,-0.651172899999999,,86.3116249317177,25.0,84.9688,32.7,431.461435820742,22.5911329120977,53.9115789019179,32.3395560456604,353584082439.1641,36034644.0,2.59143400192261,,93381401.70877656,ASIA,4.919417587558845,,
PHL,2011,237442546234.973,43945048628.7165,98248614.0,2416.75212064542,60.7958366999075,0.856963002985963,9.71363218007827,46.6833632464759,-0.5225183,1.82292647914606,95.8688282360909,29.0,84.5875,33.8,428.330759054984,24.6822130997902,54.5655820660708,31.3386827828469,379849926945.92236,37192043.0,2.60486817359924,,96880369.1218344,ASIA,4.908284937924368,,
PHL,2012,253818843989.004,49579458070.2297,100175512.0,2533.74141964959,57.8420055133082,1.22763000703119,10.7921471088194,47.9182784810426,-0.4882631,2.14283906030847,101.799674355545,30.79999924,89.5021,34.1,437.467121529591,22.5654937983005,55.5046996251733,31.3994933632444,410436888668.8559,37600201.0,2.61837196350098,,98451312.12040152,ASIA,4.9374185838796745,,
PHL,2013,270952964501.391,55448776837.0665,102076336.0,2654.41506933978,55.8247812320298,1.31642638378197,10.816955018461,49.1313688766206,-0.4699791,2.52046664370868,100.732033524401,32.70000076,97.4869,33.1,443.270655295728,22.5685454716242,56.7511282641544,30.7754466314331,445363821072.4796,38117714.0,2.63194608688355,,100323768.2032463,ASIA,4.961912426467848,,
PHL,2014,288153024771.696,59876321050.0103,103767130.0,2776.92005909479,57.4681720875945,1.92937522802216,10.5611726821726,50.2392400212368,-0.3610228,2.79471929116667,107.284498472686,34.70000076,104.0134,32.4,465.627497665949,22.6948139010066,56.6808739042732,31.0474444753394,482971951068.8659,38093066.0,2.64559030532837,,100778646.10983375,ASIA,4.992144885622052,,
PHL,2015,306445871242.322,68127953250.8301,105312992.0,2909.85818010301,59.1415921053094,1.84018010717942,10.9116416620787,51.1549047745227,-0.4299627,2.75369633406674,111.893197374926,36.90000153,113.1874,30.8,499.072363832856,22.5811049721656,58.5215498609238,30.4819509834967,526951306766.2527,39143055.0,2.65930533409119,,104093334.95412482,ASIA,5.002157050484218,,
PHL,2016,328355086268.976,82360736821.555,106735719.0,3076.3374186759,61.7760657653871,2.59850803494211,11.2579676044704,51.9114748151175,-0.4729561,2.79705053563184,112.517998777897,39.20000076,121.2972,28.6,520.982417182237,21.8003003003794,59.508957300169,30.2859171672694,582964478249.495,40997968.0,2.67309141159058,111.0,109591316.15346543,ASIA,5.002399554427795,1.039951770971815,0.7129261658961732
PHL,2017,351113338965.581,91055119582.5255,108119693.0,3247.4503878362,68.1683697426727,3.12238778404896,11.3233663056554,52.6010482354344,-0.5912855,3.14400726239576,110.962137119646,41.59999847,135.646,27.8,544.477187986696,22.8372345468098,59.6904952918166,30.1265505767725,644871373919.5458,40333992.0,2.6869490146637,185.0,108375380.06185356,ASIA,5.0413415865920825,1.711066641670912,0.997342152166043
PHL,2018,373379140695.818,102845777745.859,109465287.0,3410.93647976109,72.1633982990273,2.86833826070497,12.0427836518839,53.2088897464754,-0.6398018,3.46090446005956,122.960456861544,44.09999847,141.3358,27.6,554.501992818921,22.1392871673127,59.7861194870255,30.5637401548214,715473582969.4275,41156535.0,2.70087862014771,326.0,111158805.46086092,ASIA,5.0499807525414955,2.978113052405371,1.380807599436044
PHL,2019,396224439236.642,106811834107.887,110804683.0,3575.88170922922,68.8418422595678,2.30117498598294,12.4677544303537,53.7157859948017,-0.647098,5.69730703529922,151.006642923206,43.0266118680279,147.9244,26.9,551.879483141713,23.1871442405274,60.8521683732324,30.3275078794624,786511737928.843,42428367.0,2.7148802280426,457.0,115187934.67643511,ASIA,5.053091815572749,4.124374418362805,1.6340084528642724
PHL,2020,358510629276.391,77635450941.6657,112081264.0,3198.66690008413,58.1695603022281,1.88586363211171,15.2614545873485,54.1077719895977,-0.6331335,7.08108894988907,133.45620905917,53.76490021,136.3845,29.1,518.170627326086,21.7674946627007,61.4147713831863,28.3999175850521,824821601974.0665,39377842.0,2.72895431518555,442.0,107460331.84859478,ASIA,4.981561594507447,3.943567231718586,1.5980871822865594
PHL,2021,378998554988.857,85278713364.9908,113100950.0,3350.97587587776,63.4846098136712,3.04078855310045,15.5791947083897,54.4504102510776,-0.6736731,8.50897715713263,144.424289981649,66.90779877,145.6114,28.0,531.045421495391,22.7416729471695,61.0410268609665,28.8898091185459,868859235240.354,41060149.0,2.83230948448181,533.0,116295049.44693631,ASIA,4.96757510964515,4.712604093953234,1.7426749781905355
PHL,2022,407730367707.393,93596483827.7433,113964338.0,3577.70136573244,72.4296836107599,2.3475097233369,15.0436742203408,54.7902343568327,-0.6321996,7.63946525096298,147.428926406785,75.21114422,151.7004,,551.042784448026,24.241932485757,61.2269920189689,29.2212399364338,919012757306.0796,45837520.0,2.93957924842834,741.0,134743022.59141898,ASIA,4.925301894185909,6.502033995933009,2.015174183232074
PHL,2023,430232801525.374,101280183623.152,114891199.0,3744.69763802686,67.4199693171606,2.04210354820336,14.2212747883643,55.1242716168851,-0.601158699999999,6.5393085505183,117.275521687262,77.86699677,162.4527,,580.1360554135,22.2053003753671,62.4020109620137,28.1976225091314,974342303063.9275,46938519.0,2.95599770545959,986.0,138750154.46167135,ASIA,4.939511790760928,8.582032467082183,2.2598897267960565
PRY,2008,26881515165.6831,5528009546.17748,5613574.0,4788.66318778074,80.7775746572591,1.83503669212255,7.43006745155427,59.2442256780564,-0.910835206508636,0.228019,103.156,14.27,4.5677,65.8,795.13978096029,17.4839434218426,43.3334831236237,36.7688484491586,59836250420.0637,2595572.0,2.33523559570313,,6061272.125610365,LATAM,5.178167923262409,,
PRY,2009,26811317495.2224,5169601795.59243,5671236.0,4727.59685811389,70.8419818624334,0.860674450934396,9.13708153042123,59.3666109432844,-0.857977032661438,1.3654,99.0726,18.9,4.7128,65.4,803.842403165747,14.8562116250567,46.4438315436931,37.38083932116,62014039694.65294,2825414.0,2.3530433177948,,6648321.5327038765,LATAM,5.102951868064677,,
PRY,2010,29786095177.4612,6597772048.40205,5737971.0,5191.05014254362,81.2575233746789,2.76173378510708,9.06137526685847,59.5122792618786,-0.830411493778229,1.55966,103.187,19.8,5.2439,63.6,845.813455856112,16.6098846295014,45.3490217664919,34.6039155110683,65511109758.32234,2808089.0,2.37098670005798,,6657941.671579112,LATAM,5.188028955160869,,
PRY,2011,31062837784.856,6772077823.18076,5814626.0,5342.19015717538,78.4921238489902,1.95875255092925,10.0606239849801,59.693499539898,-0.800011336803436,2.0655,112.287,24.7635,5.451,62.5,846.378069858717,14.3574917202928,44.8644751127154,34.0345623930043,69007632093.58698,2951445.0,2.40594434738159,,7101012.414357657,LATAM,5.169922832666705,,
PRY,2012,30842899501.4341,6207248719.61095,5897008.0,5230.26244858989,74.7649574561086,2.61172771954696,11.7254484481284,59.9212909454702,-0.810820519924164,2.30883,115.206,29.34,5.4123,63.4,838.725851852828,14.1010144483119,48.1424560989953,34.5140981436728,71764499208.51857,3152261.0,2.44141745567322,,7695985.030237921,LATAM,5.096806823998429,,
PRY,2013,33400724748.6301,6697985472.34416,5982445.0,5583.12274473566,73.369871384133,1.13236628162524,11.2997503996582,60.2375315600901,-0.767023622989655,2.61726,117.9,36.9,5.641,62.5,834.864412287503,12.2220620384449,46.9815144205427,33.232924993924,74874259720.4368,3194421.0,2.47741341590881,,7913901.441460837,LATAM,5.143481392842155,,
PRY,2014,35171376876.6336,7172002080.86516,6069811.0,5794.47644689985,69.0837249630891,2.5135375460501,11.548845761159,60.7101965948157,-0.604350566864014,3.04993,120.354,43.0074,5.9499,62.5,859.864131506698,14.1013413972108,47.115446711112,33.6080758464952,78302548815.2801,3178940.0,2.51394009590149,,7991664.728465083,LATAM,5.173111063979222,,
PRY,2015,36211447840.1027,7024945999.97744,6159103.0,5879.33792308762,66.9150655259457,2.22350808882639,11.8031750486302,61.3302768533263,-0.644359648227692,3.49296,120.342,49.7163,6.661,60.5,925.193411629783,15.0240132610652,48.642300967187,34.582253753407,81412367374.49353,3253185.0,2.55100560188293,,8298893.15896152,LATAM,5.164102322149434,,
PRY,2016,37756961788.4736,7167403259.53482,6249126.0,6041.95879367349,67.7593152322119,2.27032682691763,11.3629906714715,62.0827613208606,-0.689654231071472,3.94711,119.848,53.4041,7.5122,62.5,1072.60628446376,14.0940444745212,47.6296883780607,34.4967803217785,84509152265.30367,3122747.0,2.57922601699829,21.0,8054270.3069033595,LATAM,5.2122782891063455,3.3604699281147474,1.4725798332306097
PRY,2017,39573101423.9484,7589400415.21451,6338660.0,6243.1336313903,71.0801344038459,1.9468132140751,11.1076787786842,62.9526389826574,-0.667961835861206,4.57926,117.821,61.0758,8.4688,60.1,1116.33946333541,14.305664925717,47.9606996049648,34.3937589134318,87873095067.25299,3214181.0,2.60476756095886,13.0,8372194.40385031,LATAM,5.22043236030825,2.05090665850511,1.1154388115284521
PRY,2018,40841122661.1912,8111360201.22671,6427382.0,6354.2392005316,72.0692236259495,0.787454987833137,11.5202342967927,63.9248988239553,-0.602268278598785,4.98959,115.75,64.9935,8.7429,59.2,1130.48367815286,13.0344251532456,48.8792744653751,33.556175213621,91590800515.11705,3311781.0,2.63056206703186,22.0,8711845.47291684,LATAM,5.211620249726687,3.4228555265580916,1.4867855342238543
PRY,2019,40677000526.5933,7616078018.95591,6515058.0,6243.53620897823,71.2221617342433,1.28022785728015,11.9462687058863,64.9845298299929,-0.567496180534363,6.32667,119.137,68.5176,8.5218,60.1,1105.56253694542,16.398596736735,49.5586095739776,33.4893114330734,94627338508.31711,3385793.0,2.65661215782166,20.0,8994738.847667472,LATAM,5.175406625671885,3.0698115043641976,1.4035966849579737
PRY,2020,40343536418.8014,8019263709.83589,6603739.0,6109.19608100826,62.7602174748575,0.816723740272366,12.6444728382554,66.116520986009,-0.427826523780823,8.51592,119.1,73.9575,7.8549,61.5,1056.5406299527,19.6466878417044,48.1546300468662,34.2042992219391,97915235292.73714,3306925.0,2.68292021751404,27.0,8872215.940302616,LATAM,5.16413538686551,4.088592841116222,1.6270013367651635
PRY,2021,41964030301.4411,9482695932.28311,6684182.0,6278.11006663809,69.74227302112,1.46195175389463,12.0136316874781,67.3058612772421,-0.575897037982941,10.8119,119.313,77.0184,7.9771,58.8,1094.06594460795,15.7732462771943,46.9922462915553,34.6796897271552,102502169460.38339,3454727.0,2.69997620582581,40.0,9327680.697623983,LATAM,5.154953214931094,5.984277507704009,1.9436615525279657
PRY,2022,42037903094.7542,9310494512.60105,6760464.0,6218.19790694162,73.7379050218566,2.03844719825164,11.859126961468,68.6396537819458,-0.591498374938965,11.1528,128.088,76.2592,8.0051,,1044.98506765929,14.3967643392135,47.7418134980514,34.2539657600776,106687555499.96526,3477822.0,2.71732521057129,21.0,9450373.398479465,LATAM,5.134210750059056,3.1062956625462395,1.412521323443746
PRY,2023,44139473679.5817,9052565525.7618,6844146.0,6449.23028812969,82.4052107741573,2.57834141880415,12.1267410499793,69.3466081733694,-0.582174599170685,12.8836,126.605,78.0948,7.7424,,1043.9548570783,15.327993717276,48.1394663805307,32.8917641916625,110405743250.72879,3235233.0,2.73497366905212,24.0,8848277.068248497,LATAM,5.213793861033361,3.5066464099392385,1.5055532871006387
SEN,2008,13719774159.3291,2386659988.70818,12048959.0,1138.66883930214,62.7617698176319,2.70404739796078,12.788197053837,42.867747101036,-0.218077499999999,0.393046403427881,44.7269593995631,7.119999886,6.4443,39.8,259.2346121475,42.074190631529,53.5524725330782,22.0817260947223,21593074338.07133,4059458.0,1.42420256137848,,5781490.481408361,AFRICA,4.893018685208954,,
SEN,2009,14097356679.2382,2385379883.20642,12337389.0,1142.65317233964,52.3072908773365,2.05299535843601,13.5676551477361,43.23773199459,-0.2903716,0.475951597213965,55.9396481702895,7.5,6.593,51.3,304.736226945897,37.5470981358044,52.3709526949588,22.0007291744608,22898800504.374184,4059458.0,1.43882930278778,,5840867.123836276,AFRICA,4.892977133424434,,
SEN,2010,14575382431.8826,2332476135.78685,12635413.0,1153.53431121583,52.4578551962948,1.68778336701059,14.1628239594365,43.6371785059692,-0.3419317,0.62243315671597,66.0343828887904,8.0,6.9781,49.5,313.396782040786,40.6020418218403,52.4270621171615,21.7761763055679,24086336614.94232,4059458.0,1.45360636711121,,5900853.995820538,AFRICA,4.9019861395559765,,
SEN,2011,14769831308.7257,2608122330.21306,12958897.0,1139.74447892639,57.5768785989578,1.90106996405963,14.8307179076936,44.0689668509475,-0.3452903,0.715438976017789,72.1733338879073,9.800000191,7.479,48.0,317.49118236804,40.7000713653305,53.7636944684195,23.3061329625455,25490142114.408264,4059458.0,1.4709677696228,,5971331.880137432,AFRICA,4.887694980105923,,
SEN,2012,15361066998.8901,2753295206.97164,13310495.0,1154.05677992367,61.9753040040375,1.56368019565039,14.5744556263971,44.5359772452989,-0.2019456,0.717937236744388,86.1774562103062,10.80000019,7.3641,49.6,302.418621518753,47.6952217115786,53.7359773167972,23.1117975253125,26968930215.659492,3899066.75,1.48853659629822,,5803903.548784562,AFRICA,4.925692242055401,,
SEN,2013,15731635117.4164,3274020151.82488,13710849.0,1147.3859217191,60.6267663596737,1.64581763022307,14.5997172827542,45.0398750539456,-0.2085281,0.77845653467557,95.7910921489982,13.10000038,7.8409,42.7,271.06546719919,36.1326172852972,52.6932478038648,24.294212523467,28894503856.701397,3738675.5,1.50631523132324,,5631623.85062503,AFRICA,4.944978013631122,,
SEN,2014,16710783797.4248,3864010399.64607,14152102.0,1180.7987108505,58.4425289760992,2.03613121185767,14.7346215191571,45.6020905341588,-0.1359198,0.730365001608948,101.608432443463,17.70000076,8.3827,42.5,284.845981855555,38.8137391761983,53.6085329173623,23.1526032786161,31313789063.512394,3578284.25,1.52430617809296,,5454400.7892477345,AFRICA,4.997999889127167,,
SEN,2015,17774766696.1759,4091277300.80875,14593331.0,1218.00613555438,58.1103376742017,2.30194934655844,14.2992772620651,46.2747669629858,-0.1373394,0.689431357378244,102.508995376039,21.70000076,9.2184,39.1,296.775621300382,47.635468588898,51.4368734328387,23.586664319394,33839376911.145523,3417893.0,1.54251205921173,,5272141.169595358,AFRICA,5.054668215777163,,
SEN,2016,18904543055.9123,4715560117.65135,15034521.0,1257.40906916238,54.1081692072139,2.48110320660753,14.0312810079519,47.0553579909929,-0.0666168,0.654181134204409,101.010767153806,25.66480064,10.2971,36.7,287.042022425235,41.9387343120495,51.9681042834976,23.3440535101312,36862968183.23959,3722649.0,1.56093537807465,10.0,5810814.524254218,AFRICA,5.023102091194776,0.665135922853811,0.5099067554480576
SEN,2017,20304894471.2858,5443379922.40312,15475002.0,1312.10932775878,57.8165678119905,2.80606270309874,13.6544522859596,47.9338349639053,-0.129583199999999,0.722423169961464,101.831108002442,29.64310074,10.2029,36.8,278.019674604295,45.1130669066908,52.1227287660287,23.3126616353809,40463199696.480736,3665726.0,1.57957863807678,18.0,5790302.482642642,AFRICA,5.064245430127253,1.1631662470867532,0.7715730035119513
SEN,2018,21565674310.6847,6189498395.16857,15914498.0,1355.09610863533,61.7898394793183,3.6676580901097,13.7846307930863,48.9001692274485,-0.1376841,0.815734181499159,104.055698143919,35.29999924,10.7355,34.2,274.379032674082,41.0132503890827,52.1727885084918,24.0134453886227,44629538106.82527,4143130.5,1.59844470024109,30.0,6622564.990132217,AFRICA,5.002891463310814,1.885073597671758,1.059550410092825
SEN,2019,22560634320.1241,6823925444.29769,16352922.0,1379.60875249843,64.2362506061005,4.55247618583033,14.0076479696607,49.9443321273477,-0.111789,0.929784903272944,109.341890091569,43.37969971,11.0288,36.2,298.559525125339,39.8433750730602,50.9547929398667,23.5728096206578,49221986645.7817,4620535.0,1.61753606796265,30.0,7473882.015783804,AFRICA,4.935108878007307,1.8345345253894074,1.0418777351241308
SEN,2020,22863414676.3243,7315119540.64337,16789219.0,1361.7914374888,60.0468716137065,7.52395708111684,14.2802395565824,51.0562950093282,-0.0993883,1.05641006886622,113.638091206029,53.30879974,10.8149,38.7,280.607903309744,40.6552283701407,50.524794927837,23.2090411645804,54076006854.13599,4595326.0,1.63685536384583,45.0,7521884.011720203,AFRICA,4.911361428992201,2.680291441787733,1.302991945182962
SEN,2021,24359596784.0565,8468733707.85671,17220867.0,1414.53951093499,69.3759939883832,9.40426405095026,15.1624726863083,52.2260292191155,-0.1485159,1.20966034985347,115.325093678501,55.04040146,13.1241,35.4,294.173427358174,42.371884937796,50.5239032603048,23.9124863648596,59840940219.2859,4570117.0,1.66321587562561,39.0,7601091.147866486,AFRICA,4.932485629748825,2.264694338560306,1.1831661407534384
SEN,2022,25297546478.4826,9403611595.24431,17651103.0,1433.19918752288,79.3974220189679,10.5411241953817,15.1460090617937,53.4435061024348,-0.1356248,1.40365165848276,118.150293497239,56.82830048,14.5438,,315.965932815121,39.328601950874,49.7964440298548,24.8999790711237,66252504803.56591,4544908.0,1.69087636470795,42.0,7684877.51697208,AFRICA,4.9275173145528655,2.3794547003663173,1.217714365227072
SEN,2023,26374572022.2517,10275801503.2851,18077573.0,1458.9664233275,71.5942815846823,15.6044600024418,15.8069141188045,54.6992276190794,-0.170334799999999,1.97393200956788,123.911572643075,59.18740082,13.717,,291.050601075038,41.6483649398667,49.5867335830147,22.888647826957,73215681066.67271,5033242.0,1.71726036071777,74.0,8643386.97249983,AFRICA,4.857831493413141,4.093469847971296,1.6279592973232466
SLV,2008,20622904543.8145,4149329813.79221,6029297.0,3420.44927357444,80.6659739399085,5.0206011155903,14.7107143035844,63.6372503452723,-0.694341421127319,2.04782,115.282,10.08,7.0905,31.5,702.300695812568,29.2333664186625,58.7199343521865,25.8812946540508,75819572052.02129,2349050.0,1.9901887178421,,4675052.807646985,LATAM,4.999062199508982,,
SLV,2009,20188015254.5251,3467275827.17364,6048279.0,3337.81150878211,66.0711911744487,2.09486399547314,16.1016997299112,64.5299047495248,-0.783321619033813,2.47022,125.097,12.11,6.8985,32.2,689.42246753204,29.7754879941207,60.9827390887884,24.9700311675857,75495869276.59386,2364579.0,2.00436854362488,,4739487.766515976,LATAM,4.970348883897524,,
SLV,2010,20622904543.8145,3098399167.08556,6068249.0,3398.49346060363,73.5372876725398,-0.613406192808089,15.7115815766764,65.4327927543162,-0.865749895572662,2.88838,126.896,15.9,6.7247,32.6,697.036927315506,31.1495485852809,59.5027515297118,25.2759118643186,74819474979.84972,2398240.0,2.01864957809448,,4841206.164169306,LATAM,4.981009353246652,,
SLV,2011,21401127375.9033,3431681069.17965,6090127.0,3514.069144355,79.2766437025052,0.603930846788838,15.7558896813119,66.334413642034,-0.751709401607513,3.38252,136.551,18.9,7.0233,29.5,692.505312990967,31.7764794212371,57.8388249133051,26.1954132809565,74510182300.03688,2466234.0,2.04879355430603,,5052804.322610377,LATAM,4.99169379580195,,
SLV,2012,22019127752.9422,3527565478.26544,6113975.0,3601.44222914588,77.6485716222883,2.01123945886672,15.7574411476586,67.2232666950659,-0.728603363037109,3.95978,141.463,20.3214,6.9977,30.3,701.457404594185,28.8449690841345,58.3439749557541,26.589358065851,74312238663.30048,2559315.0,2.07938742637634,,5321807.431136363,LATAM,4.987377527636998,,
SLV,2013,22499794814.169,3731052538.32338,6138839.0,3665.1547327058,80.4511944908271,1.11490857279595,16.3058820533528,68.0878511957995,-0.637214183807373,4.63325,146.476,23.1093,6.635,27.5,660.094150213557,31.2482942113546,59.546422711878,26.1216427113687,74327679268.45883,2629507.0,2.11043810844421,,5549411.779220809,LATAM,4.981678166780755,,
SLV,2014,22888906230.2134,3373977562.86062,6162955.0,3713.94992016222,78.1044257477935,2.2408951362935,15.9541672881589,68.9166664266223,-0.469334870576859,5.17471,149.171,24.7617,6.8145,24.0,649.043175650273,28.6814966208416,59.4191153461598,26.0135339989829,73985272867.89651,2644082.0,2.14195251464844,,5663498.088836677,LATAM,4.987213030253567,,
SLV,2015,23438240000.0,3677970000.0,6183676.0,3790.34089108162,76.5602707370519,2.10997804482034,16.497441787438,69.6982116699219,-0.616807520389557,5.70859,150.948,26.8026,7.2649,21.0,674.353996656659,28.9006916656434,60.0130385216637,25.2889295441979,73963979224.50168,2667032.0,2.17393755912781,,5797961.036195761,LATAM,4.995778333623111,,
SLV,2016,24033351541.724,3810875912.22004,6200800.0,3875.84691357954,72.8190933731491,1.98198031581358,16.3164393340948,70.3990173339844,-0.757978737354279,6.3751,155.42,28.9971,7.3283,20.7,686.997805008996,28.3272714755679,60.3324813787362,24.8348278708617,74076656175.49664,2727017.0,2.20640015602112,2.0,6016890.734272246,LATAM,4.996227372865869,0.3225390272222939,0.2795533945018901
SLV,2017,24573529736.8617,3949555327.13838,6213533.0,3954.84014277572,74.3046511916519,2.01688451540263,16.1331092000982,71.0856704711914,-0.873291909694672,7.26258,152.539,33.8207,6.6321,25.0,674.665441622059,29.3256740475719,60.1160806255127,25.1714727339037,74322378693.86018,2752094.0,2.23934745788574,3.0,6162894.702762597,LATAM,5.001711251761224,0.48281710260491095,0.3939437262209852
SLV,2018,25166352435.5773,4234362895.93657,6219807.0,4046.16291720583,75.6336168879956,1.58620478716365,16.1096582163919,71.7577209472656,-0.930314421653748,7.91447,151.669,43.8,7.1022,23.2,694.567755248769,29.9494969253266,60.111372226503,25.0755067570813,74840622655.10374,2814266.0,2.27278709411621,7.0,6396227.44421005,LATAM,4.9989620948582285,1.1254368503717238,0.7539773578939142
SLV,2019,25779775126.5993,4499100020.44211,6222318.0,4143.11437097867,76.0420130991468,2.59024369040438,16.0320209633966,72.4148941040039,-0.866013646125793,8.43878,167.089,50.4912,8.1068,19.4,734.799369844364,30.6138770514804,59.9656859790917,25.3481437171191,75597691542.79066,2908119.0,2.30672574043274,4.0,6708232.95354152,LATAM,4.988564073176132,0.6428472476012959,0.49643086309654033
SLV,2020,23744951345.511,4174765732.55788,6234673.0,3808.53195436409,66.4595069497083,1.55101998611342,19.6968523573714,73.0570220947266,-0.777085423469543,9.39905,159.575,54.6014,6.6535,23.7,669.906894097857,31.1858574816377,61.4622335450273,23.7247499015898,75992572698.209,2735955.0,2.34117126464844,8.0,6405339.227371223,LATAM,4.93455266859679,1.2831466862817023,0.825554617030573
SLV,2021,26571731219.3539,5230381838.92518,6255782.0,4247.54750394978,81.8450759800765,2.7560499827498,19.3467717333594,73.6838531494141,-0.866383194923401,9.80538,176.973,61.7527,7.532,21.9,722.144578885879,28.6065883877576,60.1847458642557,24.1049005031825,77423325902.22374,2765217.0,2.35296654701233,7.0,6506463.096229794,LATAM,5.030320606201631,1.1189648232627032,0.7509276785172719
SLV,2022,27356823619.6966,5390175650.92008,6280319.0,4355.96083888359,88.7011093776867,0.0823187568481088,18.8109426635356,74.1465021298679,-0.742217719554901,11.1497,183.249,65.5298,8.4658,,768.672020235867,29.793836814941,60.4550594726346,23.7319470400488,78942335258.03262,2860461.0,2.36482119560242,19.0,6764478.801994095,LATAM,5.027360353236357,3.025324032107286,1.3926054125015588
SLV,2023,28325024473.7907,5897252244.41724,6309624.0,4489.17787712717,81.7147723425988,1.89928827474734,19.0636599462278,74.6080675149903,-0.369357317686081,11.6272,179.706,67.6558,9.2365,,793.53801922306,29.5862475987305,60.761908362808,23.184509690748,80892470739.54822,2946700.0,2.37673568725586,14.0,7003527.049636842,LATAM,5.031025313281834,2.2188326911397573,1.169018775551102
THA,2008,324964940636.733,84356380381.6349,67619830.0,4805.76393990836,140.437011540931,2.93824905393328,14.3419509919152,41.8954507430475,-0.2254443,3.06537150418746,91.4482689471417,18.2,238.9694,22.6,1596.82835450256,26.6273476038881,50.4479532095063,39.4796129651304,1078308828699.2042,37893800.0,2.48721981048584,,94250210.05458832,ASIA,4.874786529408944,,
THA,2009,322720673508.111,75186237387.3571,68121080.0,4737.45679763314,119.269418854589,2.27590224065624,15.9800519057133,42.9991311200422,-0.2840722,3.8523728631431,96.8163056134753,20.1,232.0176,22.8,1578.76107269732,25.5792468018629,51.6043673521408,38.6085988884387,1099579624651.601,37706322.0,2.51977038383484,,95011273.45894007,ASIA,4.855791854140845,,
THA,2010,346967938038.265,83907277347.2961,68579447.0,5059.35747831657,127.250522638251,4.32320928209171,15.8008150334771,44.0018736622496,-0.257822999999999,4.74172823236676,104.588624052335,22.4,246.3596,22.8,1718.62118368043,25.8042171209315,49.5560986644794,39.9217256985357,1128507920766.3171,38037342.0,2.55274677276611,,97099702.03510082,ASIA,4.905015344830403,,
THA,2011,349882927003.633,87993043074.8572,69007208.0,5070.23740191942,139.675407224576,0.667087644548593,16.1417809611223,44.8048723557374,-0.127405,5.64433790742555,112.233203232914,23.669925618731,246.7462,23.0,1704.82334080525,27.0474933399381,50.4268099513695,37.9813982711097,1160075567802.8584,39317236.0,2.5733745098114,,101177972.91863912,ASIA,4.876982688002071,,
THA,2012,375224234353.836,97431743486.835,69436098.0,5403.87846036273,137.67493851024,3.24456444314608,16.3529827045331,45.373565813715,-0.115414099999999,6.50814220580194,122.431994954555,26.46,264.8041,23.6,1818.19204308684,25.20956576309,51.1522057089623,37.343694137461,1199503532899.5503,39578344.0,2.59177112579346,,102578009.18592083,ASIA,4.92627735390154,,
THA,2013,385308369004.167,96446237415.6777,69845114.0,5516.61164164135,132.462274174269,3.79126450872817,16.3634854486488,45.8321343847773,-0.223368999999999,7.43359084502317,134.367308785551,28.94,275.9576,23.2,1943.92303978228,27.2432017118297,51.7791961972126,36.8985884648101,1235974593670.2505,38570448.0,2.61029958724976,,100680424.49443832,ASIA,4.954451223353555,,
THA,2014,389101609925.933,94313940088.9258,70216367.0,5541.46599361845,130.905495444398,1.22145318013998,16.9163611055347,46.3138799467897,-0.397889999999999,7.74748143833759,138.28115031927,34.8860535783465,272.5228,24.4,1926.22582617648,25.7011739015786,53.1480380193834,36.7630403655124,1268489804075.6636,38077429.0,2.63583588600159,,100365853.80487764,ASIA,4.957193298342215,,
THA,2015,401296238228.084,98431904234.6677,70540795.0,5688.85335397884,124.839662152526,2.22468548959784,17.1211512659094,46.9521043776171,-0.3757008,8.83035128821556,145.932577028654,39.3161267365004,281.4677,22.6,1932.67390968815,23.6111245475447,54.9480990258654,36.1791773262667,1303497218106.548,38016169.0,2.66162204742432,,101184673.56900896,ASIA,4.973242955898817,,
THA,2016,415081396923.293,101265616257.601,70859841.0,5857.78052935926,120.57522728913,0.843364340718618,16.8651827576018,47.8801095551247,-0.3279698,10.187716904417,168.88127084564,47.5049656215909,277.7638,22.4,1985.00530928348,25.8740486993818,55.9351576320684,35.586765405076,1339587973458.8218,37692651.0,2.68766045570374,584.0,101305047.56334202,ASIA,4.996685937767243,8.241621654217372,2.2237173739577982
THA,2017,432422173710.333,103133291994.103,71160187.0,6076.74307700082,120.891427433638,1.81550260101987,16.2984037874409,49.2311973571777,-0.3190283,11.5345396717409,170.783699598766,52.8919293439676,281.081,22.2,1988.13781529099,22.881037534554,56.5748278870276,35.018759526322,1375741866779.9836,37458253.0,2.6924512386322,651.0,100854519.68684831,ASIA,5.031189953348656,9.148373935554723,2.3173134892602385
THA,2018,450682801200.339,107191925634.563,71376079.0,6314.19948412043,120.841864730984,2.71279835138662,16.1739664282364,54.5843734741211,-0.2986525,12.8740610702362,175.266001933225,56.8174809301456,276.6537,23.7,1951.8556356188,24.511740416507,57.0556910705407,34.7424896675041,1414146699075.5474,37864550.0,2.69725036621094,797.0,102130171.35391246,ASIA,5.05474482097987,11.166205977775832,2.4986621063631023
THA,2019,460212749509.626,109314718356.728,71522271.0,6434.53770518034,109.689514715166,1.01734877580041,16.1693520358071,55.9266166687012,-0.2002532,14.1338059581469,181.221874232713,66.6524194587528,286.4704,23.9,1989.81234226863,23.9611072205444,58.2775214465787,33.5939105133265,1452754082478.498,37613439.0,2.76140666007996,893.0,103866000.96311131,ASIA,5.055288021980489,12.485621436713048,2.6016240390829415
THA,2020,432171696151.217,104130396195.086,71641484.0,6032.42244606793,97.6624419371158,-0.858310188764945,17.8015437445386,57.2358779907227,-0.2036855,16.021813562656,162.327737376294,77.84374066,275.6334,20.9,1884.35073727402,25.1774583777729,57.9907303787054,33.3031649062562,1484246774549.659,37679978.0,2.78379058837891,856.0,104893168.12672438,ASIA,4.97851938963904,11.948384542118083,2.560971034581757
THA,2021,438907447802.797,107363636574.692,71727332.0,6119.11018526099,117.131472183199,3.04112326260094,18.2403956099125,58.5087776184082,-0.2575207,17.3168855632327,168.485285358167,85.26956666,268.5767,19.0,1848.06336093307,23.8087317782197,56.262862670692,35.0417417475132,1517398072396.868,37751783.0,2.80635571479797,1168.0,105944931.96586286,ASIA,4.979768531649995,16.283890219142684,2.849774866460918
THA,2022,450485133397.502,109785761535.575,71735329.0,6279.82250415973,132.813458288082,2.39157096115532,17.7158943302862,59.742374420166,-0.2682159,17.5125815621477,176.22279253783,87.97724503,284.314,,1867.46968312053,23.7248825508583,56.1571265202788,35.1269834648331,1551313930312.5994,39221052.0,2.82910394668579,1351.0,110960433.0063686,ASIA,4.9680029749495205,18.833119173399208,2.987353225845304
THA,2023,460615797952.808,111087389917.87,71702435.0,6423.99101164149,128.792359690165,1.9975474592024,16.5861964385762,60.9341926574707,-0.1956309,14.5089451983046,168.642808295144,89.53525238,275.0344,,1851.27231424167,23.4870743016258,58.5305101700382,32.9143397918669,1584835623714.8394,39912031.0,2.86166048049927,1589.0,114214681.80916175,ASIA,4.963970722764092,22.16103260649377,3.1424712374834938
TUN,2008,39641554633.3358,7321475641.92044,10542635.0,3760.11828478704,114.343660218696,5.79738619600755,16.1325922870397,66.0676053984361,-0.108620899999999,2.15627307594354,81.5940606878641,27.53,25.4277,14.6,894.304160812003,19.5661639814743,55.0762394795308,31.44941852471,62808977294.838974,3155349.0,2.14463663101196,,6767077.049026956,AFRICA,5.478039545932338,,
TUN,2009,40848025576.8668,7576542213.89311,10650681.0,3835.25011939301,93.0168787876722,3.50988118042442,16.6311616777897,66.3362197875977,-0.1372617,3.50106251421857,91.9849726040992,34.07,25.3652,16.1,859.962925384995,19.2742959049226,56.0072736940413,28.0412153272481,67245070643.990135,3198925.0,2.18095278739929,,6976704.395431275,AFRICA,5.4643042909410475,,
TUN,2010,42061674642.7812,10636240484.9451,10765980.0,3906.90625867605,100.151009836799,2.88814231758981,15.153644726139,66.6280059814453,-0.217492599999999,4.47896057767152,103.234503500842,36.8,27.731,12.6,955.707047372167,19.4646477451124,55.8976948687167,29.5235517709565,74519057596.73573,3277396.0,2.21788382530212,,7268883.577509867,AFRICA,5.4309669374712914,,
TUN,2011,41200826152.5875,9238573522.51956,10886035.0,3784.7412903401,100.106379304237,0.899077534980039,16.431096340513,66.9191886197857,-0.4029909,5.13830793305368,113.794012236779,39.1,26.2639,13.2,902.903041115908,19.2235168460425,56.8340831798214,30.54812597421,80031678239.4185,3139770.0,2.27330327033997,,7137649.409115327,AFRICA,5.397152072708996,,
TUN,2012,42938131960.3014,9832110313.56785,11009647.0,3900.04620132702,101.550723929668,3.28518933963283,16.656985085655,67.2098922729492,-0.175204,4.78950869178639,116.660316175441,41.4416008,28.2414,13.0,930.16863461378,17.8799045046228,57.0947002042078,30.1215368230456,85862204641.01543,3231597.0,2.33010721206665,,7529967.476192949,AFRICA,5.379061940815225,,
TUN,2013,43981498924.3673,9883611358.15193,11141361.0,3947.58763533174,98.9549566862038,2.1744128074392,17.302761665394,67.4999542236328,-0.2216627,4.66714973152741,114.100647129197,43.79999924,28.219,13.2,935.797099690451,17.3550040560394,58.023672140101,29.1379467288349,91452705767.11658,3315283.0,2.38833093643188,,7917992.951926692,AFRICA,5.348332768153719,,
TUN,2014,45340671513.9524,9636814273.21433,11274288.0,4021.59954703591,96.1071038558701,2.03842746868013,17.3282152950605,67.7524643379101,-0.152277399999999,5.03392320650315,126.692106854109,46.15999985,30.2046,12.9,939.769133002953,19.2788417723855,57.5059874486204,27.1288836396189,96516884751.97507,3294397.0,2.44800925254822,,8064714.337567098,AFRICA,5.347970210234342,,
TUN,2015,45779494041.9295,9605199770.59836,11402264.0,4014.94773686432,87.2485306596052,2.11999260597179,17.9055746963883,67.8807907104492,-0.1094928,5.03388625276524,128.008569175385,46.4999943435776,30.7211,12.5,952.983955126789,18.0712480880451,58.9457719298636,24.8970515198959,101296240284.97467,3386337.0,2.50917887687683,,8496925.270386454,AFRICA,5.306752102935315,,
TUN,2016,46290957182.3198,9733187515.0598,11528674.0,4015.28893802703,87.0926643641466,1.40344558640993,18.7192573165881,68.0623356528248,-0.1019524,5.55369160408213,123.883093580407,49.5999948415756,29.8618,12.4,955.176493865808,19.1640181719787,59.7022255944941,24.0076023041992,105964615785.78574,3417581.0,2.56798410415649,772.0,8776293.682667242,AFRICA,5.281065513992003,66.96346865216242,4.218970335115181
TUN,2017,47333713938.692,9781119180.31627,11650498.0,4062.80606534519,95.8091979825804,1.9233125677007,19.1245104718586,68.2877807617188,-0.0902866,6.8819804955977,123.034053994945,55.5001550633671,30.2963,11.8,973.953481456321,16.5337753021396,60.2679109708219,23.624101204276,110447504176.81271,3458104.0,2.61101174354553,694.0,9029150.154401772,AFRICA,5.270376762609654,59.56826909888315,4.103771143712863
TUN,2018,48567689496.9783,9993752205.97532,11765514.0,4127.97005697994,103.871824260635,2.32248034984414,18.3880232419204,68.5485240272509,-0.0574128,8.6185014951323,125.532926143303,64.1908102327387,30.1881,11.9,973.074341333009,18.9546097979168,59.4591341366813,23.6862252235906,114918881173.9474,3499975.0,2.65475988388062,656.0,9291593.224585073,AFRICA,5.263598617506174,55.756170108675235,4.038764374833387
TUN,2019,49320533876.2551,10051372186.5496,11875081.0,4153.27978615515,102.332614725789,1.94487649950903,18.816485090181,68.8206382576031,-0.0268576999999999,10.0541966829532,124.386924181822,66.6999983024144,30.2451,12.2,950.614263724593,16.9323513605894,59.9417090281883,23.2353115777678,119224309301.79964,3533409.0,2.69924139976501,605.0,9537523.855102286,AFRICA,5.249127065921924,50.94702090874159,3.950224370544655
TUN,2020,44893953703.8732,7792464983.50502,11974057.0,3749.26841452928,84.3333297071767,1.46634304906862,21.6353520147345,69.1043166438476,-0.0116452999999999,11.1467984493476,124.041976750236,68.55639648,28.7185,12.9,896.515593998175,17.004974740635,60.1899882930928,21.5120069019708,121055558820.21468,4487046.0,2.74446797370911,750.0,12314554.043559568,AFRICA,4.983648512232248,62.63541254229874,4.153170116369468
TUN,2021,47020147729.5282,8105040630.33715,12048622.0,3902.53322990199,93.6334140664079,1.16289301361367,20.8063272836741,69.3997523770568,-0.0151282999999999,12.4220429522978,129.846077003661,68.31552226,31.0178,11.6,964.474882954034,20.064818139673,59.5291634928382,23.3568690771039,123107821509.54108,5440683.0,2.76772165298462,777.0,15058296.146125322,AFRICA,4.8932920162601885,64.48870252548383,4.181877647237765
TUN,2022,48314277429.7123,8285549242.04771,12119334.0,3986.54558325666,116.095794384146,1.43159199894021,20.369250848904,69.707138648303,-0.236793299999999,13.9309222767522,131.875365428496,,30.3588,,956.041118887201,22.397309689228,61.0687406100635,25.9624438396638,125237979676.11172,3444619.0,2.79117250442505,791.0,9614525.841020111,AFRICA,5.206063738469744,65.26761289027928,4.193701284480779
TUN,2023,48403183212.3138,8446681223.12267,12200431.0,3967.33387634534,112.128858013354,1.46351333844229,19.4187952219205,70.0266686486584,-0.3148235,14.0829860846719,132.653682480562,,31.2092,,901.544846500177,18.874792802061,62.0931279377135,24.0937583898893,127422761915.4288,3423546.0,2.83977293968201,935.0,9722093.288556587,AFRICA,5.1946172542761655,76.63663685323904,4.352039440170927
TZA,2008,31113277454.4947,8241008304.50552,42570728.0,752.540466308594,49.0265445510865,4.94943766923668,11.317596218542,26.7851328989335,-0.3937892,0.0150854831517093,30.5533722608643,1.899999976,6.2794,90.3,415.330594456726,24.0769199631826,43.7191784966665,23.7375391938967,59835384374.43683,21031033.0,1.57619655132294,,33149041.68535894,AFRICA,4.219957592888219,,
TZA,2009,32752668789.9028,8175461576.04806,43633982.0,772.929565429688,43.5326006456317,3.24017488387777,12.3330567445648,27.498387547781,-0.364254099999999,0.0159210772924644,40.036423904653,2.400000095,6.0772,91.0,415.353590642635,22.1131685895842,44.5514742946567,21.6769086388074,65019076731.76304,21078286.0,1.58615028858185,,33433329.421710767,AFRICA,4.236677491565125,,
TZA,2010,34828049320.6343,9114982035.83352,44758488.0,801.29931640625,47.6404394295683,5.66396796617806,10.3622039008706,28.1968953939105,-0.382002299999999,0.0168772457192924,46.8823991552172,2.900000095,7.3333,89.4,421.07723472057,23.447292129681,43.3162282485783,23.5561736572068,70883104931.0084,21125539.0,1.59616684913635,,33719885.02193708,AFRICA,4.262345749474175,,
TZA,2011,37500111399.4432,11095089712.9178,46029367.0,838.999267578125,56.1661241821809,3.54720849735785,9.69687940199349,28.865726405543,-0.382105,0.0614129670738248,55.7610427273527,3.200000048,8.8864,87.6,433.147775276653,24.0450043955925,41.4050375845078,26.3820840879185,78434039397.3758,21381474.0,1.6092346906662,,34407809.6983774,AFRICA,4.2877102146980075,,
TZA,2012,39187673997.6272,11205545862.5479,47374260.0,851.910705566406,54.3689490815138,4.53878496380622,10.4270536311811,29.4878764597911,-0.435475899999999,0.0872309140026673,57.4558483868666,3.950000048,10.6021,85.2,425.199728698323,23.2717852106239,40.6114766481977,25.3994987211663,85717883290.0549,19492985.0,1.62240934371948,,31625601.000983667,AFRICA,4.355453154850425,,
TZA,2013,41845219654.6812,13161415648.9429,48824128.0,882.8115234375,48.6316275295495,4.57242839319348,10.045603308513,30.0725108782502,-0.493487099999999,0.11556786021862,56.2075025692215,4.400000095,11.5936,84.5,432.383123313066,23.0790165463582,40.2655507384318,25.4467450324696,94593404774.49506,19485413.0,1.6356920003891,,31872134.168377776,AFRICA,4.381536922079636,,
TZA,2014,44662433111.6494,14112076912.8888,50351512.0,913.811218261719,45.3560223433065,2.8329281892962,9.86779141018669,30.6443077170742,-0.464479,0.168018787598672,63.2804353521698,7.0,11.257,84.7,414.956549694307,20.3066252412462,41.2956954905769,25.1415034758525,103975811448.65909,21160465.0,1.64908337593079,,34895371.058465324,AFRICA,4.354688034704353,,
TZA,2015,47413919817.124,15111352998.8455,52020962.0,939.127319335938,40.7576808778314,3.17633492826527,9.92729404696031,31.2061566592472,-0.4023419,0.203764013437506,76.2492627491202,10.0,13.2034,82.8,420.073127390291,20.9426794551394,40.4311664337765,24.4873501095853,113888373875.07164,21974678.5,1.66258430480957,,36534755.577336304,AFRICA,4.35275859687089,,
TZA,2016,50669888784.2555,17527679861.6976,53824013.0,970.156127929688,35.4204704002636,1.73591210997565,9.06650633826612,31.7577303242916,-0.438044699999999,0.591695,74.3983656514054,13.5042328468919,14.1367,81.7,416.6573892094,20.4238282680824,39.4485885215938,24.8583993681558,125721635043.01566,22788892.0,1.67619585990906,10.0,38198646.422314696,AFRICA,4.355628127214398,0.18579068045335081,0.17040979296976758
TZA,2017,54078588995.422,20070867992.0755,55652890.0,1001.55895996094,33.1125919853124,1.76011643802415,8.50343167431648,32.2987013317296,-0.486800199999999,1.37184,71.7911684370749,14.46339989,14.1975,82.0,406.582586090679,18.6038900381073,37.961527710078,25.0421511861537,139506421282.94037,23603105.5,1.68991887569428,15.0,39887333.509453475,AFRICA,4.356202319420101,0.26952778193549337,0.23864500607870928
TZA,2018,57054358529.8858,21855710434.4169,57437145.0,1024.01525878906,32.6426099043737,1.70440979499363,8.11258642479634,32.8287423010834,-0.5520727,1.49944,75.7301934140355,15.49069977,14.9211,81.3,403.246305480236,19.7342269077772,37.2427988727653,27.0077655110967,154386810653.21027,24417319.0,1.70375418663025,4.0,41601109.47253635,AFRICA,4.3469515353988015,0.06964134446445762,0.06732340019509798
TZA,2019,60363511324.6004,23604167269.1863,59174891.0,1051.7666015625,33.0185892502311,1.99459353959393,7.78241227923226,33.3475258518752,-0.5728339,1.75692,80.5835569684446,16.59090042,17.0037,80.4,414.699802505225,22.0048939517856,36.83250438588,28.6718333565052,170271637389.73605,25231532.5,1.71559405326843,19.0,43287067.11184912,AFRICA,4.3432324354047935,0.3210821292429588,0.278451195631024
TZA,2020,61565931105.4141,24168594510.0418,60972798.0,1041.25964355469,27.9630151969884,1.42845965174632,7.69958423897104,33.8547246036273,-0.565190299999999,1.86248,84.0050558283384,19.48139954,16.677,80.8,404.414101040694,22.5094861470273,34.2374729758264,27.0844502877132,185926650030.29105,26045746.0,1.7261700630188,33.0,44959387.01419166,AFRICA,4.307532576515728,0.5412249573982155,0.4325775271231902
TZA,2021,64226431583.1539,26056896852.7172,62830412.0,1054.31726074219,29.9151840074048,1.68494347865961,8.00508198452759,34.3500111758619,-0.5650588,1.97842,86.0162814148027,22.87540054,18.9418,78.3,404.180640287945,20.59925012622,32.5519716058525,27.2961418878518,202687214381.49368,26045746.0,1.74082839488983,51.0,45341174.20288821,AFRICA,4.314133270385231,0.8117088266109094,0.5942705029926568
TZA,2022,67159014151.451,28554822430.0848,64711821.0,1070.58532714844,35.0034517101994,1.89781100350604,8.30175218114757,34.8234736377147,-0.5495819,0.110774196881278,93.0159746238635,26.86059952,20.9124,,406.559197479309,21.8389520235848,30.6423919827317,27.6848111756783,221107676092.50378,26045746.0,1.75561130046844,80.0,45726206.00673067,AFRICA,4.322840132642529,1.2362501744464895,0.8048004338492805
TZA,2023,70563656177.7408,30189670922.3556,66617606.0,1092.86413574219,38.212034806339,2.08641570922927,8.75962998482192,35.4748019434954,-0.4944742,0.10501728326893,105.40028112088,28.43190002,21.5734,,400.79903628363,20.1699588964355,28.6974346292653,28.0339433523146,240241963210.23416,26045746.0,1.76666176319122,99.0,46014023.551990665,AFRICA,4.339164813437559,1.4860936311641102,0.9107126557598474
UGA,2008,22066817213.6558,5173806852.93983,30539553.0,722.565167003452,56.2582682050634,5.04737190164171,11.2108868131021,16.5070641943955,-0.2591785,0.0157107735008433,28.0124073852685,3.880000114,3.4804,94.1,402.651273617184,32.2312691228108,46.8958814777585,25.768110035453,44431615758.81629,10653222.0,1.89503967761993,,20188278.38449355,AFRICA,4.302916576332942,,
UGA,2009,23567695614.7273,5303413605.53592,31451151.0,749.342865535423,47.0638780748379,3.3491615513943,6.58533254689826,17.6123523369348,-0.332457399999999,0.0190772032476649,29.8359001233373,4.099999905,3.8307,94.3,414.735215121393,29.0929498688488,44.6270560606876,27.2861852856713,47513448576.41139,10653222.0,1.93316149711609,,20594398.590630066,AFRICA,4.332300964436152,,
UGA,2010,24896350765.3932,5789497721.94002,32390802.0,768.624091660131,38.2692490371291,2.03900471067451,8.27345406223707,18.7990645544572,-0.349823699999999,0.043222146830449,39.6046507276973,4.300000191,3.7998,93.6,421.097969878538,33.0222698352824,44.7858823687755,27.5918336188994,50927273869.53084,10653222.0,1.97205018997192,,21008688.468913037,AFRICA,4.3499141963997285,,
UGA,2011,27234530259.5375,6551767501.94293,33354543.0,816.516366587228,39.7552255606122,3.2086060344385,15.3978037954044,20.0561028736631,-0.4625994,0.106474251498514,50.0591238800663,4.599999905,4.2628,93.3,429.225311843415,34.1383520886805,45.776796908869,27.5582956754514,54932677677.99722,12389469.0,2.01898336410522,,25014131.801097337,AFRICA,4.299752047523182,,
UGA,2012,28279643267.7641,6742393106.06577,34337438.0,823.580468285493,43.5021371397314,4.41438584859015,7.59446464218355,21.372369321253,-0.4996961,0.1118312903834,47.6342672974029,4.800000191,4.329,93.4,436.075835109515,33.2300507707354,44.4441204774638,27.1786073378959,58928436900.16313,10602541.0,2.06703329086304,,21915805.21474031,AFRICA,4.3987845878725995,,
UGA,2013,29294007439.7726,7406787903.1741,35337042.0,828.988669729986,43.1091548734687,3.79031709675384,7.09808347224892,22.7367659239271,-0.5574549,0.117440503367543,51.1323160552035,5.099999905,4.4114,93.1,449.340940009568,34.5618313817538,44.5372887962385,25.4646646803777,63388802958.32908,13895927.0,2.11622667312622,,29406931.365214814,AFRICA,4.217373604747726,,
UGA,2014,30789849487.5724,7574994505.39448,36395539.0,845.978664791099,36.0144010819085,3.24589612959273,7.42890180380585,24.1938503391826,-0.5832969,0.151661444002794,55.9572451997482,5.400000095,4.8524,92.4,455.997609512825,30.8166982571651,44.0459519330973,25.222682012996,67794357315.8071,15050052.0,2.16659092903137,,32607306.144650426,AFRICA,4.176509721006253,,
UGA,2015,32387183730.1002,7534200569.75023,37531446.0,862.934610355811,37.6892983324358,2.27760507458345,8.95453398978222,24.9777856560427,-0.610189,0.215083639463292,53.8755501186925,5.699999809,5.5954,91.7,470.526106943969,31.3216859781962,44.2988124381619,27.1098848763257,71938840019.76697,14779539.333333334,2.21815395355225,,32783293.60391432,AFRICA,4.202820623355462,,
UGA,2016,33935615078.9833,8164938902.6538,38799152.0,874.648370639216,31.2093620232119,2.1425304891559,7.3519468435187,25.6953567134098,-0.6395096,0.237414982677972,58.8633638178484,5.9,6.0018,91.4,473.577742821637,31.6549779811788,44.4324164008995,26.1664603884593,76506836921.43242,14509026.666666666,2.27094388008118,8.0,32949185.314601306,AFRICA,4.224694700378976,0.20619007343253276,0.1874666923810324
UGA,2017,34998276801.8745,8326254199.2953,40177388.0,871.093880017151,36.8370529334101,2.61088918011351,8.00943502980076,26.4139260579546,-0.6572323,,62.0968142578109,7.417900085,6.2539,91.3,468.530429181479,27.8046403871258,43.4784994061797,26.0309948147929,81007749274.6561,14238514.0,2.32499027252197,13.0,33104406.545167886,AFRICA,4.232465909175982,0.3235650859134994,0.28032891859222187
UGA,2018,37204541496.6985,9139444138.63388,41565831.0,895.07512785438,36.6384055999567,3.20512810607337,8.63607272997988,27.1280475018884,-0.693584099999999,,58.8753608703264,9.326299667,6.8571,90.5,468.498653970229,27.5743901013937,43.3388930035876,26.2360116484378,86096805949.55717,15664892.5,2.38032293319702,22.0,37287502.863816,AFRICA,4.194928611275529,0.5292808893920585,0.42479761798316895
UGA,2019,39600047064.28,10025451073.1375,42999637.0,920.939101515671,39.3610539647435,3.68569218154174,8.77456131212774,27.8369781799403,-0.728266,0.0752797052682096,59.0598078769828,11.72579956,7.0646,90.5,455.42686850579,32.5735656593236,42.9981110493193,26.6204366953482,91817416725.21681,17091271.0,2.43697237968445,21.0,41650955.36070183,AFRICA,4.1628797375646,0.4883762158271243,0.39768573767112214
UGA,2020,40768765796.4748,10018099767.7894,44457152.0,917.0350317644,37.0006923916369,3.16881317773755,9.51141446504173,28.5399752271502,-0.690221499999999,0.077818750062982,62.2824129624858,7.4,7.1198,91.6,475.329485023229,33.4244237039788,42.8380040896187,26.4905245869762,97244645656.74536,17530424.0,2.49497008323669,34.0,43737883.42645447,AFRICA,4.140087196426149,0.7647813337210625,0.568026792467206
UGA,2021,42210585952.7826,10478882289.3875,45910930.0,919.401675217265,41.7136307424781,4.06673785760736,9.93159612659213,29.2362957789022,-0.7277087,0.0838841644026815,65.6220730009172,10.0,8.1105,91.0,483.427100082329,32.2662841882816,41.8463858299692,27.149441688847,102861295663.2956,17969577.0,2.57095623016357,43.0,46198995.941553995,AFRICA,4.119605727818453,0.9365961438812065,0.660931867013515
UGA,2022,44147216889.624,11243447391.1098,47312719.0,933.094056370423,34.5053019270937,6.48067616265599,9.78726680444974,29.9251969709665,-0.729024799999999,0.0850849430150062,70.1401117953081,9.636899948,7.9541,90.9,488.210616294079,31.8919228193081,41.6521408721143,26.7661486333726,108961678271.24062,17969577.0,2.62941098213196,53.0,47249403.10806587,AFRICA,4.129686119275041,1.1202061754261048,0.7515133365146809
UGA,2023,46503341915.459,11659948119.4725,48656601.0,955.745797275462,33.3416963302219,6.13816501913594,9.56616058785446,30.6059359395495,-0.752792999999999,0.0912969650305002,76.2966796632588,9.286999702,8.1166,,497.390337772828,31.2148242708861,42.5125306078843,25.7532114394482,115173542477.15108,17969577.0,2.69167518615723,103.0,48368264.516641684,AFRICA,4.147062551480689,2.116876187056305,1.1368312781664005
URY,2008,43475921755.0631,8566889695.24176,3302177.0,13165.83628166,65.2080950071821,6.88302281006264,12.2130864916131,93.45975578621,0.613664507865906,7.40515,106.227,39.3,7.9164,44.1,1274.16949472415,13.0274665522242,57.6398268194825,22.7673513144942,72038436163.00583,1363758.0,2.5632803440094,,3495694.075385571,LATAM,5.951732493549409,,
URY,2009,45320819970.7986,8066861911.55244,3310091.0,13691.71420689,53.3944192683736,4.89964589428753,12.9437940671953,93.9337324320314,0.755774736404419,9.5914,124.213,41.8,7.8326,44.6,1254.7362886566,13.0401332622804,58.374156373453,24.0794070442123,76503376266.40797,1399869.0,2.57118535041809,,3599322.665304421,LATAM,5.95325556282442,,
URY,2010,48857389210.184,9359158986.62535,3318580.0,14722.3780081191,51.6990372012256,5.22300143125049,12.64589594908,94.3333219475319,0.786790609359741,11.5576,133.707,46.4,6.4579,53.3,1226.9840852731,11.6680820916577,58.2442690748379,24.5288557176886,82037366439.71292,1558802.0,2.57911467552185,,4020329.1144328113,LATAM,5.93204892097889,,
URY,2011,51379472633.5779,10012265251.2154,3326825.0,15443.9961926395,53.2470340109018,5.34359480768242,12.7604586461063,94.6036824756941,0.731594443321228,14.214,143.002,51.4047,7.7873,49.7,1327.77878788273,12.548000498889,58.2909901542234,22.7051202439987,87947763368.94266,1641493.0,2.6003246307373,,4268414.679082862,LATAM,5.919111977175669,,
URY,2012,53197370201.0395,11829906853.581,3335401.0,15949.3176985435,55.0611541633768,11.7901578728278,13.273834491652,94.7606597546186,0.614688694477081,17.4093,149.771,54.4538,8.8815,47.9,1407.51757319789,11.6526564712501,59.3390519472429,22.8622289256151,95380282054.0765,1562646.0,2.62170910835266,,4096803.2513308506,LATAM,5.952160206027976,,
URY,2013,55664418793.7377,12279002954.392,3345337.0,16639.4054750651,49.7178464746233,1.60901257578737,13.5224297817283,94.8844735142936,0.576609134674072,22.033,157.471,57.69,7.6589,51.9,1378.79092656473,11.7609452295288,59.1028562755059,23.6692403427945,102890270905.76468,1616764.0,2.64326930046082,,4273542.647290237,LATAM,5.943511949066135,,
URY,2014,57467273107.5946,12574402673.6136,3356334.0,17122.0364563225,49.0876240632174,6.6430584199945,13.6963930072559,94.9897821210514,0.761607766151428,25.0351,163.783,61.4625,6.7334,56.7,1397.55777562001,11.4718002560743,59.0956557074816,24.7006411459084,110320160034.09004,1653778.0,2.66500687599182,,4407329.741364,LATAM,5.930946360909809,,
URY,2015,57680327998.6689,11412766125.6205,3368017.0,17125.9016800298,45.3282408087534,4.6342339444993,13.8358099973704,95.0800002298303,0.736542940139771,26.7497,153.368,64.5708,6.8951,59.4,1491.04897158511,11.0493273798266,59.3254707453324,25.4417580545225,116216918158.00603,1648329.0,2.68692326545715,,4428933.5392277185,LATAM,5.913243428321932,,
URY,2016,58655009160.0858,11183457346.9999,3379283.0,17357.2349992841,48.4705583785623,-0.897082488190792,15.9448322857982,95.1585424955685,0.619055449962616,27.2743,151.415,66.4,6.8292,60.3,1550.98299580242,11.0080912489609,63.5189622671981,18.8673144534742,121589529597.10562,1645148.0,2.70901989936829,31.0,4456738.669405944,LATAM,5.910114891250366,9.173543618572342,2.3197905877742655
URY,2017,59675827116.7172,11289227594.1809,3388438.0,17611.6036701032,46.3780042035515,4.13270996152796,16.4943479737156,95.2288235732042,0.557142913341522,28.1333,150.44,70.3224,6.4073,60.8,1512.8381875657,10.9276038649673,65.35917582282,18.0319037217202,126799280711.43124,1643640.0,2.73129820823669,39.0,4489270.986986153,LATAM,5.907957373378769,11.509728081198476,2.5265065881273574
URY,2018,59774159517.7554,10103892395.4649,3394534.0,17608.9441195037,47.7913104806475,2.64222389301977,16.8898046110751,95.2942581176758,0.570747196674347,28.7931,131.363,80.7268,6.871,60.8,1560.97897875852,10.8748352762654,64.7307517847279,18.3333886744675,130563209071.32458,1635723.0,2.75375962257385,38.0,4504387.951115365,LATAM,5.897180454999663,11.194467340730716,2.500982352217084
URY,2019,60329073609.8215,9798904719.76854,3397206.0,17758.4384372986,49.7448341159636,2.35703341175475,17.2836793288606,95.3479309082031,0.603468060493469,29.8013,133.237,83.3515,7.1561,59.3,1540.78251179675,11.1840764177385,64.883275928797,17.5601694192064,133833953337.52689,1631690.0,2.77640581130981,48.0,4530233.598256104,LATAM,5.894042332891935,14.129257984355378,2.7166304839244924
URY,2020,55890466349.1545,9602921268.97503,3398968.0,16443.3635000843,47.7318733182088,1.81750744846519,18.0526209986761,95.3997650146484,0.647405028343201,31.2948,133.902,85.471,6.9135,61.2,1531.60055590501,11.9353074773879,64.6189887676901,16.9555909661564,136745176939.62558,1553181.0,2.79923820495605,57.0,4347723.5944118425,LATAM,5.8368189808914686,16.769796008670866,2.8775001625661094
URY,2021,59156857853.7605,11410203654.4454,3396695.0,17416.0052208869,58.3150410230338,8.50404179273101,16.8274233316562,95.4497146606445,0.698062181472778,32.5451,138.113,87.6444,8.5518,57.8,1643.32575440656,11.1461992677525,63.3790070063297,17.7321588983411,141318121747.0897,1625939.0,2.8979823589325,80.0,4711942.538700351,LATAM,5.829813555479523,23.552305991559443,3.200805780239098
URY,2022,61810768801.3209,12810668514.9725,3390913.0,18228.3558443761,61.0307951043821,12.4804063396028,16.3519256045241,95.4977416992188,0.767947494983673,33.4866,139.829,89.873,8.093,,1623.8204512773,11.789659192261,63.767241941677,17.7086542108617,147062884174.7077,1663110.0,3.00021004676819,66.0,4989679.330880644,LATAM,5.822525866010526,19.463784532366358,3.018656715674642
URY,2023,62269484309.0206,12078618489.6872,3388081.0,18378.9833563662,52.910987066463,-6.72904061401343,16.9963640196447,95.5439605712891,0.717662572860718,32.4032,141.719,89.896,8.1908,,1771.52729208681,10.8548023885457,65.6523687606962,16.7520259965349,151788358455.65952,1702831.0,3.01220703125,72.0,5129279.511230469,LATAM,5.800914526397463,21.25096773070065,3.10238550118107
VNM,2008,158086705343.275,48379682349.7863,85175788.0,1856.00519883979,154.317479627758,9.6630390545572,5.62508392392053,29.2198330128693,-0.5598863,2.40555802078403,87.903278335388,23.92,125.7916,39.3,572.099542305108,30.6944439455021,42.5091596964692,37.0776963788801,526778884442.06494,48011950.0,2.32395887374878,,111577797.24848275,ASIA,4.295241919109982,,
VNM,2009,166620063722.291,52601005790.7627,86460018.0,1927.13427057454,134.706317721758,7.16881988884276,5.77840741696787,29.7581347355675,-0.605930499999999,3.71753218927158,113.606245143275,26.55,140.8243,37.0,615.142147070174,29.2254640144522,43.4433537536156,37.3881863793419,553040946010.7244,48011950.0,2.37187123298645,,113878163.0445838,ASIA,4.317521933979325,,
VNM,2010,177322478338.404,58331475343.2686,87455152.0,2027.58184375924,113.977687539714,5.4347392933443,10.3833082456979,30.2504027258526,-0.639695999999999,4.19566019392431,127.574189111237,30.65,156.7839,34.6,670.10802910064,29.3431956285137,40.6273720032231,33.0228771360005,583720374053.4567,49493696.0,2.42077112197876,,119812909.99679567,ASIA,4.3278577601363395,,
VNM,2011,188694468366.268,55546906281.0671,88468314.0,2132.90453762087,125.260577940829,4.30487434902161,9.98091727618404,30.6996041680996,-0.5275764,4.33850926558858,143.91372373164,35.07,156.7664,36.3,663.574440140704,30.8272434335264,38.9070145300747,34.580408780539,610081261631.851,50881180.0,2.44234204292297,,124269245.10753137,ASIA,4.35081995834976,,
VNM,2012,199081239731.688,56846703888.041,89510356.0,2224.11404253256,123.224116745985,4.27832287681174,10.4451862897283,31.1222779403029,-0.576022599999999,5.33498939497012,147.104457946743,36.79999924,156.2243,37.9,664.347312614103,28.7625092173962,39.1188401087315,35.8602323946766,636423902438.2994,51422440.0,2.46410512924194,,126710298.1621359,ASIA,4.376964026963579,,
VNM,2013,210137237901.389,60172236065.4914,90573104.0,2320.08431444934,130.846354866743,4.16454517277325,10.9161669772076,31.5334201724543,-0.6167336,5.68885880294,136.614018439735,38.5,163.1599,37.4,674.678165107275,29.6144963734547,40.542010129242,35.575150437736,664774943381.8759,52208076.0,2.48606204986572,,129792516.4401053,ASIA,4.400135622854052,,
VNM,2014,223632762207.56,65756219572.3713,91679578.0,2439.28655744423,135.410521454361,3.94086189051961,10.3174617549851,31.9480269945454,-0.4910245,6.54510757019409,148.504309214861,41.0,178.9422,36.7,745.633531778112,28.8284052890005,40.9236092881482,35.2985684880333,697292415785.1533,52754397.0,2.50821471214294,,132319354.68562937,ASIA,4.433132552897135,,
VNM,2015,239258328381.741,72200329090.4614,92823254.0,2577.56885340113,144.914228195237,4.93190773329022,10.6549127142472,32.3810945365679,-0.372697,8.24967739226207,129.627056599416,45.0,200.8183,27.8,679.445923972947,26.4370995849985,42.1930087721287,34.2665466382117,734628124086.357,52839427.0,2.53056478500366,,133713593.22597158,ASIA,4.475602128742576,,
VNM,2016,255264731908.124,79420361999.5088,94000117.0,2715.57887431272,145.409507973118,4.90089302916746,10.3983766667541,32.8476189285136,-0.2605867,9.679017739946,128.297962650408,53.0,223.8051,26.8,738.879533385899,27.4655146787653,42.8544900073075,34.1152288612372,777317079881.548,53302755.0,2.55311393737793,551.0,136088006.69114116,ASIA,4.509149020144571,5.861694831720262,1.9259544712410244
VNM,2017,272980590259.187,87759500009.4585,95176977.0,2868.13680013379,160.98008365887,5.01148721749681,10.1349272840895,33.3625963003742,-0.309361,11.8410316814328,126.097912313395,58.1400000036297,229.2539,28.3,757.479979941312,27.3673512418731,42.5807243141144,35.3903640729728,826210725896.9291,53703362.0,2.57066369056702,524.0,138053282.75477666,ASIA,4.545578359653986,5.505533129088561,1.8726530654222662
VNM,2018,293358610036.841,94990882810.2352,96237319.0,3048.28327602145,164.663936775893,4.99828319622328,9.74588913320742,33.9410227821412,-0.2854719,13.5025072757898,146.137840768403,69.8479286837965,282.0973,24.3,885.646841787765,26.284246279735,42.1709178908888,36.5424334086447,879891072412.3179,54249737.0,2.58606362342834,682.0,140293271.43625447,ASIA,4.585079607636926,7.086647956184232,2.0902143011003815
VNM,2019,314947640805.601,102285258075.639,97173776.0,3241.07648966529,164.704215031408,4.821074861051,9.5788363682709,34.6239134999511,-0.2953357,15.2328957557438,140.192561828615,68.6615802057338,336.5288,20.4,987.27147244039,27.225760121213,42.4687227777403,36.8031368977554,938181776867.341,54574308.0,2.60155558586121,1064.0,141978095.8219101,ASIA,4.625879719810229,10.949456157801256,2.480685767534491
VNM,2020,323972192107.065,106478953656.739,98079191.0,3303.16949807493,163.245862814935,4.55836196782424,9.47881328344632,35.5706676299742,-0.3016754,17.0262915402718,141.655558720912,70.30000012,348.3315,18.9,991.281232485165,25.2817623512854,41.8311604395691,36.7437132938801,997751641680.7129,53326092.0,2.63281893730164,1425.0,140397944.8698895,ASIA,4.639859525385004,14.529075795496723,2.7427141244751807
VNM,2021,332245562394.77,109460856010.31,98935098.0,3358.21734764714,186.675832836814,4.27314566190187,9.58508554643739,36.6540656426603,-0.310641599999999,19.5362327330994,136.806313165021,74.20999985,336.1703,24.2,962.199524881189,25.2349538086608,41.2574400803721,37.3915192469302,1057324915606.9873,53435443.0,2.66445779800415,1724.0,142376482.79115626,ASIA,4.635682562487274,17.425565192243507,2.913739112896294
VNM,2022,360611028653.678,115882048952.64,99680655.0,3617.66311280437,183.153619147836,4.32947308910883,8.81892224803344,37.5478515625,-0.3368491,21.3681380805533,137.852422819653,78.58999918,343.9999,,1023.0571362687,25.5235044035632,41.1356424803034,38.482361279715,1120340718779.2778,55018096.0,2.69647669792175,1732.0,148355013.82802182,ASIA,4.670609686641452,17.37548775135958,2.9110175890382846
VNM,2023,378564624231.768,121273136593.738,100352192.0,3772.36029116103,164.995585455876,4.26458856546888,8.81255291297319,38.1298904418945,-0.340198899999999,22.6806675035061,130.991428667547,78.08,390.7253,,1018.06940422163,24.7845479100313,42.280320467255,37.5932883534337,1185596819434.0518,54956134.0,2.74444723129272,1997.0,150824209.79885173,ASIA,4.688652436889637,19.899914094552116,3.0397450486538067
ZAF,2008,307184409060.741,60778837546.1739,51114599.0,6009.71963138635,65.9745237996233,3.12686614310453,17.0724538163321,61.7692983894896,0.0771777999999999,0.833421387107038,88.0374704690533,8.43,487.9246,9.7,2738.08467369962,27.9743331767888,61.5371405407045,26.9415561091344,1078407890774.6515,14747263.0,2.41447234153748,,35606858.626879044,AFRICA,5.451204929248968,,
ZAF,2009,302459639039.778,56720786443.0972,51728516.0,5847.05811084505,49.5875353278801,2.31217470344994,17.7936331368919,62.2592839131287,0.0334806,0.929854627958011,89.7686684071896,10.0,456.9459,9.2,2735.00618529644,28.4011348902112,63.6360883195073,25.7430761887593,1081208282679.016,14335199.0,2.45900702476501,,35250355.042404346,AFRICA,5.441337568126476,,
ZAF,2010,311653604140.269,54501726336.5933,52344051.0,5953.94506512821,50.4060871625999,0.884904611686012,17.996063602882,62.6299120560569,0.065012,1.41945452406807,96.2325212467793,24.0,464.3532,9.4,2518.44190314477,32.7959268519115,64.2752626096743,25.3034630993363,1081649594881.6584,13942444.0,2.50436329841614,,34916945.04382232,AFRICA,5.477316406341966,,
ZAF,2011,321528523981.702,58231557255.6801,52995205.0,6067.12482726885,54.6363504358971,0.903381424332556,18.1951431854763,62.850627754452,0.0107579,1.71147559482032,120.765642853915,33.97,443.9719,9.0,2536.41417638413,28.534440032251,64.3421981264186,24.8394911507999,1085798672393.2555,14197560.0,2.50843787193298,,35613697.193040796,AFRICA,5.4943276023634695,,
ZAF,2012,329233094599.263,59254941038.5312,53782567.0,6121.55783860713,55.5826171933345,1.06492249485696,18.8205452606488,62.9616560303263,0.0103319,2.0586596396561,127.16760060932,41.0,461.2756,8.3,2394.39798705356,28.6474883538018,64.3045111542673,24.4686002355753,1090763679812.1239,14550586.0,2.55785465240479,,37218284.09531601,AFRICA,5.487765155205546,,
ZAF,2013,337416077838.151,62429743057.2439,54678791.0,6170.87670863373,58.875027630051,2.05358095229684,19.0813745546722,63.0524024097034,0.0246889,2.95399728205402,140.576037974212,46.5,475.0891,7.8,2341.17923180198,28.4064236630432,64.0537426456394,24.5517417673484,1098655238878.7616,15026582.0,2.57399797439575,,38678391.63009164,AFRICA,5.484780274807072,,
ZAF,2014,342186555600.731,61607362615.3858,55594838.0,6155.00589462516,59.4995740550593,1.51932743753979,19.3140625940978,63.1352327065742,0.0704603,3.06919322257941,142.60448245213,49.0,486.6007,7.6,2438.67891656885,26.7492908595649,64.0117818477066,24.3052820058227,1105329839550.2092,15316848.0,2.5895402431488,,39663594.294193216,AFRICA,5.4803503951928985,,
ZAF,2015,346709790458.563,62438804198.9852,56723537.0,6112.27382485974,56.7266761447156,0.438735792056356,18.9850713286308,63.2096349937231,0.0440534,2.48458942184794,155.137526067883,51.91910172,462.2677,7.6,2257.19467617813,28.496468461495,64.1025757790295,23.7323079746326,1112502151771.6838,15928353.0,2.60090255737305,,41428094.052440695,AFRICA,5.462927077606045,,
ZAF,2016,349013858372.625,61232507956.4259,57259551.0,6095.295060428,55.8612575048782,0.684612553455795,19.3075616545523,63.2750973439347,0.0701133,2.00974331775672,143.92861725374,54.0,460.1959,7.8,2311.76901865151,26.1436457596968,63.913401523834,23.7825372977493,1118109552139.5254,15967578.0,2.59450531005859,351.0,41427965.90977472,AFRICA,5.467792935548681,6.129981703838369,1.9643086683413369
ZAF,2017,353055253707.071,59987567553.1539,57635162.0,6125.6920507497,53.5359318293741,0.539673956759456,19.2360771279531,63.3311078299936,0.0143383,1.94879126044618,153.547950468153,56.16740036,469.5833,7.9,2283.45815447669,28.757630595136,64.3304256202533,23.6105564955695,1122191642085.703,16363797.0,2.58812355995178,323.0,42351528.54596826,AFRICA,5.463698961827543,5.604217786357571,1.8877085034604524
ZAF,2018,358551560868.533,59259014218.8272,58613001.0,6117.2701406047,54.4855451276341,1.3742911715346,19.352226142463,63.3771545246841,-0.0683312,1.88868165955195,157.691905248121,62.40000153,473.4182,8.0,2184.87777550689,27.7734234336948,64.2531759654529,23.5370608392744,1125341074200.2449,16609765.0,2.67671513557434,403.0,44459609.373832926,AFRICA,5.446591169308213,6.87560768301217,2.0637703478313303
ZAF,2019,359483563936.676,58225808402.6759,59587885.0,6032.82972598668,53.8979964081406,1.31407752293306,19.5800800398681,63.4127255007908,-0.0749162,2.09833928490665,162.73854828041,69.69689941,477.5446,8.7,2231.91074710296,28.8697691230442,64.3473048295753,23.6220152843652,1127299828892.9084,16570981.0,2.76833891868591,505.0,45874091.62310476,AFRICA,5.428220877850142,8.47487706603448,2.248643776323315
ZAF,2020,337307318679.639,49624461315.8493,60562381.0,5569.58483319272,50.7596590804177,0.933073684352391,20.6203398698938,63.4373088310982,-0.0613794,2.15159473337087,158.447269436121,72.1128006,450.8617,9.8,2037.46194166103,28.3262173044747,64.6102537818073,23.3394384079582,1120559298764.1123,15253870.0,2.64752745628357,727.0,40385039.63958026,AFRICA,5.4494826294829135,12.004151554081071,2.5652686567940073
ZAF,2021,353695896167.047,49459730995.161,61502603.0,5750.90937479584,56.1647136277546,9.68098022663018,19.1219841764515,63.4503925883909,0.1210745,2.75540858002384,163.12806305125,74.96859741,448.5635,9.7,2124.62297436572,27.7225927797214,62.7445288151422,24.9006017482132,1113991064821.0676,14883567.0,2.80493950843811,831.0,41747505.10478567,AFRICA,5.477416085522169,13.511623239751332,2.674949931056114
ZAF,2022,360975440918.611,52367222913.2518,62378410.0,5786.86505344736,64.94713440234,2.26670277731613,18.775567058988,63.4766699210327,0.0341024,3.12297476001713,160.728511675754,78.29319763,429.3281,,1938.30644693274,28.5062817047988,62.2719610043357,24.9820287872223,1110658734493.2659,15736073.0,2.85314345359802,846.0,44897273.66529055,AFRICA,5.451557758896687,13.562384805896784,2.6784418209699483
ZAF,2023,363885280375.697,53953459637.5101,63212384.0,5756.55049453121,65.6798759740707,1.0127377916456,19.1795974311491,63.5823705163545,0.039525,3.4056617766544,171.508619260428,78.33670044,427.2669,,1938.50916018053,27.7247110277789,62.7205686343674,24.5639655120651,1109079257406.1125,16737448.0,2.90350246429443,1113.0,48597221.51399988,AFRICA,5.408611544004014,17.60730935254712,2.923554479467726
